fecha;receta;litros_past;kg_cuba;est_cuba;mg_cuba;mp_cuba;lactosa_cuba;ph_cuajado;ph_inicio_moldeo_cuba;ph_final_moldeo_cuba;formato;ph_inicio_moldeo_queso;ph_inicio_desmoldeo_queso;ph_fin_desmoldeo_queso;mg_salida_salmuera;ph_salida_salmuera;est_salida_salmuera;peso_queso_total;sal_queso;est_kg_entrada;mg_kg_entrada;coef_recup_mp;coef_recup_mg;mp_kg_recuperado;mg_kg_recuperado;est_kg_recuperado;kg_queso_por_mg;kg_queso_por_est;kg_queso_estimado
2022-02-22;iqm  pequeño;9020;9404,95;13,389999999999999;5,18;4,06;4,15;6,56;6,47;6,39;1 kg;6,33;5,66;5,3;31,03;5,66;56,85;8760,12;1,32;1207,7779999999998;467,236;;;;;;;;
2022-02-22;oveja do 3 kg;9830;10241,07;14,92;6,19;4,88;3,85;6,6;6,5;6,46;3 kg;6,45;5,86;5,48;29,8;5,42;56,36;6052,3;1,52;1466,636;608,4770000000001;0,8947727160191319;0,8945393106493903;447,175384919492;567,0683573131422;526,031623919492;1902,9139507152424;933,3421290267778;933,3421290267778
2022-02-22;tierno 3 kg;14330;15059,58;13,03;4,84;3,78;4,41;6,59;6,38;6,28;3 kg;6,3;5,26;5,11;30,95;5,45;57,84;12532,0;1,64;1867,1989999999998;693,572;0,8969542336718844;0,8966883731637033;510,5931026485125;653,5815140712663;643,4185982485126;2111,7334864984373;1112,4111311350493;1112,4111311350493
2022-02-22;oveja do pequeño;6780;7506,26;14,93;6,18;4,89;3,86;6,6;6,5;6,46;1 kg;6,39;5,82;5,66;;;;4437,5;;1012,2539999999999;419,004;0,9003721486248656;0,9012459973178115;330,48710202807365;418,0761829932959;388,43542922807364;;;
2022-02-22;madurado pequeño;9520;10067,49;12,5;4,6;3,62;4,28;6,57;6,41;6,31;1 kg;6,2;5,64;5,16;31,54;5,4;57,47;14215,5;1,47;1190,0;437,92;0,9034544957634388;0,9034821926035763;329,2577914762354;418,4067052038706;415,4355058762354;1326,5906950027602;722,8736834456855;722,8736834456855
2022-02-22;wasabi 3 kg;12530;13081,65;13,830000000000002;5,42;4,04;4,37;6,57;6,47;;3 kg;6,46;5,93;5,65;;;;8158,0;;1732,8990000000003;679,1260000000001;0,9060543085948709;0,9056777464926518;478,84848797961575;642,1485536483833;593,1821089796158;;;
2022-02-23;cabra barra 4,2 kg;11520;11993,7;12,66;4,81;3,45;4,4;6,6;6,45;6,3;barra;6,15;5,25;;32,78;5,51;57,59;11501,0;1,24;1458,432;554,112;0,9083731834499255;0,9099952812501079;375,86906303684634;524,9735204674851;481,41362303684633;1601,5055535920835;835,9326671936903;835,9326671936903
2022-02-23;light barra 4,2 kg;11630;12157,65;10,5;2,51;3,44;4,55;6,59;6,5;6,46;barra;6,42;5,5;5,27;20,81;5,77;50,38;2797,3;1,53;1221,15;291,913;0,9124988854531719;0,9114283549447969;381,6281673707036;278,12875618131466;492,2627823707036;1336,514926387865;977,0996077227145;977,0996077227145
2022-02-23;light 3 kg;12330;12860,51;10,280000000000001;2,46;3,38;4,44;6,6;6,5;6,46;3 kg;6,44;5,42;5,23;20,34;5,44;50,85;1419,3;1,47;1267,5240000000001;303,318;0,9159431014101803;0,9145431059647301;398,1469450309424;289,33267268838557;512,3482738309424;1422,4811833253962;1007,5678934728463;1007,5678934728463
2022-02-23;tierno barra 4,2 kg;11030;11678,22;12,370000000000001;4,66;3,66;4,05;6,58;6,42;6,3;barra;6,29;5,3;5,1;31,48;5,49;56,86;5128,7;1,3;1364,411;513,998;0,9182786487241976;0,9178565697245823;392,4932789684027;499,50218225550793;487,0868609684027;1586,7286602779793;856,6423865079189;856,6423865079189
2022-02-23;madurado 3 kg;13530;13903,16;12,870000000000001;4,76;3,75;4,36;6,58;6,41;6,26;3 kg;6,3;5,34;5,16;30,71;5,35;56,03;17554,6;1,31;1741,3110000000001;644,0279999999999;0,9216823006074008;0,9214359038066192;480,5361185442297;609,7974500975184;601,7716737442297;1985,6641162406984;1074,0169083423696;1074,0169083423696
2022-02-23;iqm+ barra 4,2 kg;10730;11308,08;13,260000000000002;5,08;4,04;4,14;6,57;6,41;;barra;6,27;5,2;5,05;31,85;5,55;58,23;5098,1;1,3;1422,7980000000002;545,0840000000001;0,924979960618438;0,9240567460039711;422,5737946800339;530,8248265043114;516,204697080034;1666,6399576273514;886,4926963421501;886,4926963421501
2022-02-23;wasabi barra 4,2 kg;11750;12548,0;13,56;5,35;3,98;4,23;6,57;6,33;6,2;barra;6,34;5,8;5,59;32,86;5,7;56,85;6424,5;1,67;1593,3;628,6249999999999;0,9272788506462468;0,9268449659921943;463,09270171278234;622,2077088799479;569,2487817127824;1893,5109825926593;1001,3171182282891;1001,3171182282891
2022-02-23;oveja do barra 4,2 kg;9890;10572,32;15,320000000000002;6,37;4,98;3,97;6,58;6,48;6,42;barra;6,4;5,5;5,04;33,48;5,39;59,42;5527,0;1,3;1515,1480000000001;629,993;0,9300265512977488;0,9278546783317161;489,66040777904766;624,870027688632;573,6046285790477;1866,3979321643728;965,339327800484;965,339327800484
2022-02-24;iqm  pequeño;9120;9768,79;13,21;5,06;3,99;4,16;6,55;6,45;6,37;1 kg;6,35;5,66;5,39;29,7;5,5;54,12;18381,0;1,96;1204,7520000000002;461,472;;;;;;;;
2022-02-24;iqm  pequeño;9120;9686,63;14,280000000000001;5,49;4,31;4,48;6,55;6,45;6,38;1 kg;6,33;5,69;5,4;;;;9169,0;;1302,336;500,68800000000005;;;;;;;;
2022-02-24;tierno barra 3 kg;9020;9450,37;13,48;5,03;3,89;4,56;6,59;6,41;6,36;barra;6,2;5,13;4,9;31,16;5,39;58,19;17795,0;1,38;1215,896;453,7060000000001;0,9331310974103771;0,933705209210362;343,03708761942676;443,84014280765615;429,22446201942677;1424,3907022068554;737,62581546559;737,62581546559
2022-02-24;iqm  barra 3 kg;7900;8866,72;13,73;5,29;4,16;4,28;6,58;6,44;6,35;barra;6,28;5,5;5,17;33,13;5,47;58,96;2566,0;1,56;1084,67;417,91;;;;;;;;
2022-02-24;iqm  barra 3 kg;7500;7500,0;12,8;4,9;3,89;4,01;6,61;6,44;6,35;barra;6,27;5,37;5,2;32,13;5,4;57,42;1062,4;1,31;960,0;367,5;;;;;;;;
2022-02-25;tierno mini;8510;9141,13;12,760000000000002;4,82;3,74;4,2;6,63;6,47;6,4;500 g;6,35;5,7;5,42;31,06;5,61;57,24;3808,0;1,63;1085,8760000000002;410,182;0,9384636170266858;0,9385664474675725;320,8403103393169;413,53469125907185;397,6258023393169;1331,405960267456;694,6642249114551;694,6642249114551
2022-02-25;light mini;9020;9261,41;10,4;2,52;3,48;4,4;6,63;6,5;6,43;500 g;6,38;5,8;5,48;19,81;;;3428,0;;938,08;227,304;0,941403367887025;0,9424050804215636;303,41154527531353;219,94559586385023;384,9119532753135;1110,275597495458;;
2022-02-25;oveja do 3 kg;11700;12311,0;15,72;6,19;4,87;4,66;6,62;6,5;6,46;500 g;6,37;5,76;5,4;30,74;5,69;48,48;4929,0;1,93;1839,24;724,23;0,8938062305953924;0,8936047535235596;535,877682186676;680,9723066669069;650,616202186676;2215,264497940491;1342,0301200220215;1342,0301200220215
2022-02-25;wasabi 3 kg;12530;12995,0;13,71;5,28;3,99;4,44;6,59;6,48;6,42;3 kg;6,39;5,8;5,43;30,88;5,54;57,0;13009,0;1,95;1717,8630000000003;661,5840000000001;0,9065310087800815;0,9058991442071684;470,03678131797665;621,5700152097298;585,4323813179767;2012,856266870887;1027,074353189433;1027,074353189433
2022-02-25;cabra mini;8520;8835,0;12,03;4,52;3,17;4,34;6,59;6,45;6,4;500 g;6,32;5,55;5,34;30,68;5,29;56,32;4436,0;1,24;1024,956;385,1039999999999;0,9448131535792446;0,9448068770654198;264,61334751636224;377,30106790105884;341,3011475163622;1229,7948758183143;606,0034579480863;606,0034579480863
2022-02-25;iqm  mini;8820;9189,41;13,05;5,02;4,0;4,03;6,6;6,51;6,45;500 g;6,37;5,8;5,54;31,43;5,41;57,11;12240,0;1,27;1151,01;442,76399999999995;;;;;;;;
2022-02-25;wasabi mini;7500;7800,0;;5,13;3,88;;6,58;6,49;6,42;500 g;6,34;5,77;5,4;30,58;5,41;55,14;4029,0;1,87;;384,75;0,9512309665631046;0,9495987296872732;287,88053972065796;379,97243569706546;;1242,5521115011952;;
2022-02-26;cabra barra 4,2 kg;11030;11485,57;12,83;4,93;3,42;4,48;6,6;6,47;6,37;barra;6,28;5,42;5,27;0,0;0,0;0,0;7548,0;0,0;1415,149;543,779;0,9091207586867428;0,9104277746047902;357,1085378423594;515,5193494037597;460,0192450423594;inf;inf;inf
2022-02-26;tierno barra 4,2 kg;13030;13265,39;13,16;4,92;3,89;4,35;6,58;6,49;6,39;barra;6,29;5,64;6,38;31,72;5,42;58,46;15044,0;1,73;1714,7479999999998;641,076;0,9176274257053281;0,9185599661536975;473,51747282274306;599,5047645192473;588,926365822743;1889,9897998715237;1007,4005573430431;1007,4005573430431
2022-02-26;oveja normal 3 kg;14030;15085,08;15,379999999999999;6,32;4,88;4,18;6,6;6,5;6,49;3 kg;6,44;5,6;5,28;;;;5390,0;;2157,814;886,696;0,9542114598136445;0,9549061785380298;702,4445829604339;910,3856412507973;828,5558517604338;;;
2022-02-26;madurado 3 kg;13530;13790,46;13,010000000000002;4,82;3,82;4,37;6,58;6,38;6,24;3 kg;6,3;5,16;5,0;31,33;5,24;57,53;10250,0;1,86;1760,2530000000002;652,1460000000001;0,9205479656116877;0,9207340128349873;484,94059209784535;612,0120566976664;605,4692124978453;1953,4377807139049;1052,4408352126634;1052,4408352126634
2022-02-26;iqm sin lactosa;12030;12803,6;13,7;5,3;4,14;4,26;6,56;6,47;6,45;barra;6,35;5,95;5,53;30,5;5,4;56,48;6240,0;2,44;1648,11;637,59;0,9568634292976227;0,956661104185027;507,2036793788987;649,1814240178009;616,2903513788987;2128,4636853042653;1091,1656362940842;1091,1656362940842
2022-02-26;iqm+ barra 4,2 kg;12030;12710,42;13,63;5,23;4,14;4,26;6,57;6,5;6,46;barra;;5,65;5,31;31,34;5,44;57,56;14558,0;2,03;1639,6890000000003;629,1690000000001;0,9236818996228734;0,9250440170269719;486,05193447102886;614,9276040872682;594,3447128710288;1962,1174348668414;1032,565519233893;1032,565519233893
2022-02-26;madurado barra 4,2 kg;13030;13640,36;12,84;4,75;3,77;4,32;6,58;6,35;6,22;barra;;5,25;5,1;;;;3591,0;;1673,0520000000001;618,925;0,960156154355975;0,9601412787872212;493,75221018149125;622,091952942108;611,6049205814912;;;
2022-02-26;oveja do barra 4,2 kg;11530;12261,51;14,969999999999999;6,14;4,89;3,94;6,63;6,48;6,41;barra;;5,7;5,4;30,62;5,52;58,09;6155,0;1,69;1726,0409999999997;707,942;0,9303190040675094;0,930233793412676;557,8079612294702;700,332756960422;654,4286600294702;2287,174255259379;1126,5771389730935;1126,5771389730935
;tierno pequeño;8830;9237,41;12,530000000000001;4,65;3,65;4,23;6,57;6,41;6,35;1 kg;6,31;5,48;5,28;30,47;5,43;57,6;3673,0;1,68;1106,3990000000001;410,595;0,9648151349107507;0,9627142065764361;325,30234360122097;413,5238415121625;403,450832201221;1357,1507762132017;700,4354725715641;700,4354725715641
;tierno barra 3 kg;8830;9277,82;13,23;4,93;3,85;4,45;6,57;6,4;6,33;barra;6,27;5,34;5,05;32,46;5,51;58,49;10503,0;1,75;1168,209;435,31899999999996;0,9333076619068046;0,9331113584025206;333,3738289339993;426,8018937044538;415,9464269339993;1314,854878941632;711,1410958009905;711,1410958009905
;tierno barra 3 kg;8830;9174,15;12,16;4,5;3,55;4,11;6,57;6,42;6,35;barra;6,25;5,28;5,04;31,06;5,62;56,19;30,0;1,73;1073,728;397,35;0,9340168140619091;0,9312129612277099;304,1927675927752;384,43893247112374;379,60428059277524;1237,7299821993681;675,5726652300681;675,5726652300681
;oveja do 3 kg;9160;9217,12;15,96;6,55;5,18;4,23;6,55;6,48;6,4;3 kg;6,4;5,55;5,36;29,54;5,31;56,86;14211,0;1,83;1461,9360000000001;599,98;0,8939690282647247;0,894697143993823;426,8226661476068;540,1477765600666;504,79950134760685;1828,530049289325;887,7937062040219;887,7937062040219
;madurado pequeño;8630;9197,32;12,399999999999999;4,57;3,61;4,22;6,53;6,38;;1 kg;6,22;5,25;508,0;32,64;5,29;59,04;5140,0;1,16;1070,12;394,3910000000001;0,9024699204199912;0,904049700352093;299,6409978100267;379,9879316249337;377,2663786100267;1164,1787120861939;639,0013187839205;639,0013187839205
;tierno 3 kg;12000;12000,0;12,89;4,78;3,72;4,39;6,59;6,35;6,22;3 kg;6,31;5,23;5,06;31,51;5,42;57,17;15964,0;1,18;1546,8;573,6;0,8969336548203888;0,8967612172077672;400,3911835118215;514,3822341903754;505,7511835118215;1632,4412383064912;884,6443650722783;884,6443650722783
;wasabi 3 kg;11530;11945,0;13,73;5,44;4,05;4,24;6,51;6,39;6,3;3 kg;6,37;5,76;5,38;31,97;5,39;57,31;8107,7;1,63;1583,069;627,2320000000001;0,905685225517945;0,9054501088205873;438,14560576188;588,3687243124882;539,43920576188;1840,3776174929253;941,265408762659;941,265408762659
2022-03-01;tierno barra 4,2 kg;9620;10313,67;12,579999999999998;4,64;3,67;4,27;6,55;6,42;6,35;barra;6,3;5,37;5,2;31,73;5,46;58,44;10312,0;1,26;1210,1959999999997;446,36799999999994;0,9182173939517183;0,917760170028511;347,55601665384324;439,1980647227529;435,63475845384323;1384,172911196826;745,4393539593484;745,4393539593484
2022-03-01;light 3 kg;13030;13867,37;10,41;2,47;3,43;4,51;6,6;6,48;6,4;barra;6,33;5,49;5,3;21,15;5,34;53,32;1536,0;1,17;1356,4229999999998;321,841;0,9146928901134992;0,9151010501521241;435,074396704562;313,4441077912472;560,158074104562;1482,0052377836746;1050,5590287032296;1050,5590287032296
2022-03-01;light barra 4,2 kg;13030;13721,55;11,149999999999999;2,63;3,64;4,88;6,58;6,48;6,4;barra;6,37;5,7;5,49;19,91;5,52;49,71;16234,6;1,55;1452,8449999999998;342,689;0,9117828464876188;0,9128886676743906;455,4030905868875;329,4403091954941;589,3254185868875;1654,647459545425;1185,5268931540686;1185,5268931540686
2022-03-01;oveja do 3 kg;8530;9171,78;15,020000000000001;6,18;4,94;3,9;6,62;6,47;6,41;3 kg;6,4;5,44;5,35;32,08;5,44;59,51;3033,0;1,02;1281,2060000000001;527,154;0,8939062165598817;0,8943978755838551;405,01633125062796;506,9590298245299;476,556215250628;1580,2962276325748;800,8002272737826;800,8002272737826
2022-03-01;madurado 3 kg;12530;13083,23;13,17;4,84;3,84;4,49;6,57;6,36;6,2;3 kg;6,25;5,13;4,95;32,11;5,25;58,84;21863,0;1,32;1650,201;606,452;0,920791908112125;0,9210195432790486;462,60220093324017;583,2156691299937;580,0896063332402;1816,3054161631694;985,8762854065944;985,8762854065944
2022-03-01;cabra barra 4,2 kg;14030;14532,38;12,419999999999998;4,68;3,35;4,39;6,59;6,43;6,33;barra;6,35;5,3;5,1;32,05;5,47;57,99;5628,0;1,5;1742,5259999999998;656,6039999999999;0,9089454532173044;0,9084982073455531;442,506214301774;617,8836071521324;570,1005107017739;1927,8739692734243;983,1014152470667;983,1014152470667
2022-03-01;iqm+ barra 4,2 kg;14030;14763,67;13,27;5,06;4,04;4,17;6,58;6,42;;barra;6,24;5,3;507,0;31,27;5,36;58,21;10314,7;1,14;1861,781;709,9179999999999;0,923841085582999;0,9250844740971286;551,0271107675619;691,0766800232939;674,1561185675619;2210,0309562625325;1158,1448523751276;1158,1448523751276
2022-03-01;vaca barra 4,2 kg;14820;15810,99;12,85;5,03;3,97;3,85;6,56;6,44;6,38;barra;6,38;5,5;5,24;30,76;5,41;56,94;2351,0;1,55;1904,37;745,446;0,9701249876219508;0,9698525812580794;608,9438681782193;771,3167720264076;730,6884911782194;2507,5317686164094;1283,2604341029494;1283,2604341029494
2022-03-02;iqm+ 3 kg;8530;8971,6;13,16;5,07;4,01;4,08;6,55;6,42;6,35;500 g;6,33;5,65;5,28;30,5;5,72;56,22;5253,0;0,67;1122,548;432,47100000000006;0,9724314173691228;0,9715984050428202;349,84305473315976;441,9413671095859;423,05131073315977;1448,9880888838882;752,492548440341;752,492548440341
2022-03-02;tierno barra 3 kg;7430;7811,01;13,2;5,08;4,03;4,09;6,56;6,43;6,37;500 g;6,32;5,64;5,31;31,36;5,48;57,86;18109,0;1,1;980,76;377,444;0,9323047176537531;0,9322046872933057;293,4743313474179;369,8981748323401;357,3683931474179;1179,522241174554;617,6432650318319;617,6432650318319
2022-03-02;madurado mini;9520;9749,66;12,42;4,67;3,67;4,08;6,54;6,38;6,26;500 g;6,31;5,7;5,28;31,98;5,37;58,42;4282,0;1,1;1182,384;444,584;0,9759056529352395;0,9729308552611334;349,19126291081466;442,98429347565576;428,7484885108147;1385,1916619001117;733,9070327127947;733,9070327127947
2022-03-02;iqm  mini;9740;10226,81;13,59;5,16;4,12;4,31;6,55;6,43;6,36;500 g;6,35;5,72;5,37;;;;10070,0;;1323,6660000000002;502,584;;;;;;;;
2022-03-02;cabra mini;9520;9791,85;13,21;5,08;3,5;4,63;6,5;6,42;;500 g;6,41;567,0;540,0;30,89;5,79;56,05;8007,5;1,44;1257,592;483,616;0,9446085046584457;0,9460550424285511;323,731267521893;470,59235661396366;414,403798521893;1523,4456348784838;739,3466521354023;739,3466521354023
2022-03-02;iqm  barra 3 kg;8220;8850,29;13,85;5,27;4,18;4,4;6,52;6,4;6,28;barra;6,24;5,33;4,93;32,87;5,49;58,85;4489,0;1,12;1138,47;433,19399999999996;;;;;;;;
2022-03-04;oveja do barra 4,2 kg;11030;11572,57;15,930000000000001;6,65;5,13;4,15;6,53;6,46;6,41;barra;6,41;5,98;5,62;31,13;5,44;57,79;4654,0;1,55;1757,0790000000002;733,495;0,9302137430278445;0,9311804539404597;552,2426355605844;716,6140405595401;648,2949665605844;2302,0046275603604;1121,811674269916;1121,811674269916
2022-03-04;tierno barra 4,2 kg;13530;14495,5;12,68;4,68;3,68;4,32;6,56;6,25;6,27;barra;5,9;5,21;5,1;32,3;5,64;59,01;12182,0;0,68;1715,604;633,204;0,9178342526608709;0,9172346629672713;489,60436386760006;622,2422726695694;614,8454838676;1926,4466646116703;1041,9343905568549;1041,9343905568549
2022-03-04;oveja normal barra 4,2 kg;11890;12344,19;14,370000000000001;5,86;4,55;3,96;6,53;6,47;6,42;barra;6,39;5,8;5,51;;;;2051,0;;1708,593;696,7540000000001;0,978226887990108;0,9787065175771285;549,4315448648669;707,9664775425304;647,1975296648668;;;
2022-03-04;vaca barra 4,2 kg;14020;14989,74;12,5;4,87;3,95;3,68;6,58;6,49;6,41;barra;;5,72;5,57;31,36;5,88;55,18;2266,0;1,77;1752,5;682,7740000000001;0,9693860596808838;0,9674152245280664;573,9683772725168;706,2134408918344;684,2928636725169;2251,9561252928393;1240,110300240154;1240,110300240154
2022-03-04;oveja do 3 kg;11530;12045,97;16,05;6,57;5,25;4,23;6,53;6,47;6,38;3 kg;6,42;5,7;5,34;30,76;5,33;56,91;9165,0;1,79;1850,565;757,5210000000001;0,8941295239678995;0,8931958771651228;565,4595146461588;706,8932856478773;667,3684208461589;2298,092606137442;1172,6733805063416;1172,6733805063416
2022-03-04;iqm+ 3 kg;13530;14131,77;13,61;5,2;4,11;4,3;6,56;6,4;6,31;3 kg;6,3;5,14;5,01;30,82;5,44;57,22;2397,0;1,02;1841,433;703,56;0,9722952462133302;0,9695751097893469;564,7243897339443;712,4942473619255;686,2576117339444;2311,791847378084;1199,3317227087457;1199,3317227087457
2022-03-04;iqm+ 3 kg;10300;13619,0;13,55;5,18;4,08;4,29;6,53;6,36;6,22;3 kg;6,28;5,12;4,9;;;;4077,4;;1395,65;533,54;0,9721621400741584;0,9709206444426103;540,1869483753345;684,9497556951906;657,0379683753345;;;
2022-03-04;wasabi 3 kg;12030;12535,41;13,64;5,37;3,99;4,28;6,48;6,38;6,33;3 kg;6,24;5,36;4,96;31,41;5,31;57,2;13619,0;1,48;1640,892;646,011;0,9055589687017309;0,9046916104211455;452,9269627789493;608,9945299721671;560,2300723789493;1938,8555554669442;979,4232034597015;979,4232034597015
2022-03-04;iqm+ barra 4,2 kg;13310;14157,95;13,82;5,32;4,19;4,31;6,54;6,38;6,28;barra;6,35;5,65;5,37;31,55;5,4;58,62;16906,0;1,19;1839,442;708,092;0,9237033167512071;0,9232602897976975;547,9575311453658;695,4023646608779;669,9990601453658;2204,1279387032578;1142,9530196952676;1142,9530196952676
2022-03-04;madurado barra 4,2 kg;14030;15275,38;12,68;4,7;3,72;4,26;6,53;6,3;6,2;barra;6,13;5,23;5,16;31,88;5,33;58,13;3911,0;1,28;1779,004;659,41;0,9602394042094894;0,9602354592339105;545,6504105981761;689,394191875807;675,7966481981762;2162,4660974774374;1162,5608948876245;1162,5608948876245
2022-03-07;iqm  barra 3 kg;9280;10207,33;13,31;5,04;4,04;4,23;6,52;6,46;6,35;barra;;;;;;;12975,0;;1235,1680000000001;467,712;;;;;;;;
2022-03-07;oveja do 3 kg;11030;11611,01;15,41;6,42;4,91;4,08;6,56;6,46;6,4;;;5,48;5,15;30,89;5,44;57,96;8705,0;1,9;1699,723;708,1260000000001;0,8928861694789914;0,8941574433095684;509,03493291569913;666,5289592170457;603,7807745156991;2157,7499489059423;1041,719762794512;1041,719762794512
2022-03-07;tierno 3 kg;12730;13143,61;12,829999999999998;4,81;3,72;4,3;6,53;6,33;6,18;3 kg;6,16;5,1;4,93;31,48;5,38;58,13;12124,0;1,43;1633,2589999999996;612,313;0,8976387922222123;0,89742500228527;438,8935684572403;567,3589436691901;551,9286144572403;1802,283810893234;949,4729304270434;949,4729304270434
2022-03-07;iqm  pequeño;7440;7928,12;13,05;4,95;3,96;4,14;6,56;6,45;6,38;1 kg;6,35;5,66;;30,18;5,58;55,25;18746,0;1,85;970,92;368,28;;;;;;;;
2022-03-07;wasabi pequeño;8020;8556,05;13,069999999999999;5,13;3,84;4,1;6,52;6,42;6,36;1 kg;6,42;5,79;5,51;;;;2673,0;;1048,214;411,426;0,9822877409052992;0,9814529035669546;322,73291618199494;430,7845739284353;392,8925261819949;;;
2022-03-07;oveja do pequeño;7020;7512,81;14,79;6,05;4,78;3,96;6,56;6,45;6,42;1 kg;6,48;5,8;5,5;;;;2660,0;;1038,2579999999998;424,71;0,9004425497272616;0,9003865247474683;323,3600112583872;409,24818966277564;382,8614664583872;;;
2022-03-07;wasabi 3 kg;12330;12909,94;14,37;5,64;4,24;4,49;6,5;6,42;6,37;3 kg;6,24;5,76;5,45;;;;8024,0;;1771,8209999999997;695,4119999999999;0,9064106346237557;0,9055246816323224;496,15237291423546;659,3311889933304;612,0836341142355;;;
2022-03-08;light barra 4,2 kg;14330;14928,18;10,61;2,5;3,45;4,66;6,54;6,45;6,39;barra;6,42;5,73;5,38;20,35;5,53;50,5;19932,5;1,89;1520,4129999999998;358,25;0,9112292642210713;0,9122723443135479;469,3033094758102;340,4641441233655;608,4339470758102;1673,0424772646952;1204,8196971798222;1204,8196971798222
2022-03-08;madurado 3 kg;12530;13057,67;12,709999999999999;4,53;3,76;4,42;6,5;6,4;6,31;3 kg;6,35;5,38;5,22;30,06;5,44;57,5;20669,0;1,75;1592,5629999999999;567,609;0,9201731645318956;0,9224752075544417;451,77593895177614;545,6555710072615;567,2057417517761;1815,2214604366652;986,4447682639586;986,4447682639586
2022-03-08;tierno barra 4,2 kg;12530;13092,33;12,45;4,59;3,68;4,18;6,49;6,38;6,25;barra;6,3;5,45;5,2;30,95;5,43;57,32;10586,0;1,43;1559,985;575,127;0,9178615784777643;0,9172021186449748;442,2236378148658;551,1815581625616;551,6755166148658;1780,8774092489873;962,448563529075;962,448563529075
2022-03-08;light 3 kg;10660;11638,92;9,98;2,36;3,28;4,34;6,59;6,5;6,47;3 kg;6,44;5,34;5,15;19,97;5,34;50,26;1210,5;1,95;1063,868;251,576;0,9144417909786358;0,914722299454279;349,09416707531165;251,25456010731972;450,11999267531166;1258,1600405974948;895,582953989876;895,582953989876
2022-03-08;cabra barra 4,2 kg;11230;11857,9;11,95;4,51;3,2;4,24;6,55;6,45;6,38;barra;6,33;5,47;5,2;;;;7678,0;;1341,985;506,47299999999996;0,9084542065847332;0,9084457622072787;344,7154923603554;485,8288810658637;445,27048436035545;;;
2022-03-08;iqm+ 3 kg;12030;12187,49;13,6;5,17;4,1;4,33;6,52;6,4;6,25;3 kg;6,38;5,27;5,07;30,17;5,33;56,15;3842,0;1,62;1636,08;621,951;0,9731275040466373;0,9702877661275812;486,2592506960274;611,3717554996755;591,8029140960274;2026,4227891934884;1053,967790019639;1053,967790019639
2022-03-08;oveja do 3 kg;12330;12985,08;15,870000000000001;6,51;5,13;4,23;6,54;6,5;6,45;;;5,55;5,24;31,68;5,35;59,99;4661,0;1,39;1956,771;802,683;0,8942073730852997;0,8928219399130511;595,6624743640564;754,728016940753;705,5162511640564;2382,348538323084;1176,0564280114293;1176,0564280114293
2022-03-08;oveja do 3 kg;13780;14231,66;15,439999999999998;6,26;4,87;4,31;6,52;6,5;6,46;3 kg;6,44;5,23;5,0;29,7;5,3;56,67;3126,9;1,95;2127,6319999999996;862,628;0,8938897728249598;0,8940327061445933;619,5387702944847;796,495450870883;742,2156794944847;2681,802864885128;1309,7153335000612;1309,7153335000612
2022-03-08;iqm+ barra 4,2 kg;9030;9608,68;13,08;4,96;3,94;4,18;6,53;6,4;6,28;barra;6,18;5,52;5,33;;;;3675,0;;1181,124;447,88800000000003;0,9228221200722755;0,92408426118261;349,3638364786253;440,40980595350993;429,69240127862525;;;
2022-03-08;oveja normal barra 4,2 kg;13750;14268,52;15,04;6,1;4,74;4,2;6,55;6,46;6,4;barra;6,4;5,82;5,45;31,99;5,42;59,78;2656,0;1,32;2068,0;838,75;0,9786098438924276;0,977350417010544;661,8610897513817;850,6659822995205;781,7166577513817;2659,162182868148;1307,6558343114448;1307,6558343114448
2022-03-10;tierno mini;9020;9236,88;12,38;4,54;3,61;4,23;6,54;6,37;6,29;500 g;6,2;5,43;5,19;31,33;5,37;58,31;6765,0;0,68;1116,6760000000002;409,50800000000004;0,9392891432199417;0,9398901873439046;313,20724975423747;394,14704046476174;391,35125455423747;1258,0499216877172;671,1563274811137;671,1563274811137
2022-03-10;tierno barra 3 kg;8820;9166,9;12,74;4,67;3,73;4,34;6,52;6,37;6,28;barra;6,28;5,58;5,22;32,49;5,6;59,56;14288,0;1,41;1123,6680000000001;411,894;0,9325986457477884;0,9342803488665722;318,8791370088115;399,96002655216654;398,4478290088115;1231,0250124720421;668,9856094842369;668,9856094842369
2022-03-10;light barra 3 kg;9520;10129,97;10,13;2,47;3,34;4,32;6,61;6,45;6,33;;;5,32;5,11;21,91;5,52;52,18;4144,0;1,81;964,3760000000001;235,144;;;;;;;;
2022-03-10;tierno 3 kg;9520;9867,21;12,870000000000001;4,73;3,75;4,39;6,54;6,33;6,19;3 kg;6,3;5,15;4,92;31,15;5,74;56,86;7573,0;1,89;1225,2240000000002;450,29600000000005;0,8973294073281564;0,897121726479233;332,0301637980922;418,70378466567814;418,6642675980922;1344,1534018159812;736,3071888816254;736,3071888816254
2022-03-10;iqm sin lactosa;9490;10153,85;12,41;4,76;3,78;3,87;6,54;6,4;6,36;500 g;6,37;;;29,92;5,98;54,97;1439,0;1,79;1177,7089999999998;451,724;0,9561008990045902;0,9576773947039717;366,9663732849233;462,86776043663036;445,5571722849233;1547,0179158978287;810,5460656447577;810,5460656447577
2022-03-10;cabra mini;9520;9749,66;12,22;4,69;3,24;4,29;6,56;6,45;6,35;500 g;6,32;5,47;5,2;30,46;5,58;55,5;4347,0;1,6;1163,344;446,48800000000006;0,9439476122625621;0,9459488475150719;298,18265218684667;432,5436751471321;381,8347349868467;1420,0383294390417;687,9905134898138;687,9905134898138
2022-03-10;iqm  barra 3 kg;10020;10403,67;13,600000000000001;5,23;4,16;4,21;6,54;6,4;6,15;barra;6,42;5,25;4,82;31,28;5,53;57,72;4632,0;1,37;1362,72;524,046;;;;;;;;
2022-03-10;cabra mini;8720;9359,2;13,189999999999998;5,06;3,5;4,63;6,53;6,38;6,2;500 g;6,2;5,45;;31,52;5,47;57,5;4814,0;1,47;1150,1679999999997;441,23199999999997;0,9439356000211873;0,945289846190387;309,2068723701404;447,66613046033257;395,8730643701404;1420,2605661812581;688,474894556766;688,474894556766
2022-03-10;madurado mini;8520;8673,36;11,83;4,37;3,46;4,0;6,61;6,4;6,22;500 g;6,29;5,42;5,08;;;;3695,0;;1007,916;372,324;0,9761721994823888;0,9760749209042991;292,947574620349;369,9576089900862;362,334454620349;;;
2022-03-11;oveja do barra 4,2 kg;11030;11901,93;16,44;6,81;5,26;4,37;6,5;6,42;6,36;barra;6,4;5,9;5,47;32,54;5,25;60,31;4468,0;1,12;1813,332;751,143;0,9309298873291761;0,9297279334561599;582,8007598151264;753,5644169250154;686,8236280151265;2315,809517286464;1138,8221323414466;1138,8221323414466
2022-03-11;oveja do 3 kg;12030;12574,71;16,41;6,79;5,26;4,36;6,51;6,46;6,4;3 kg;6,4;5,6;5,17;33,47;5,22;60,8;9256,0;1,25;1974,1229999999998;816,837;0,8937527579844513;0,8925740458570688;591,154659700455;762,1000790741773;700,806130900455;2276,964682026224;1152,641662665222;1152,641662665222
2022-03-11;oveja normal barra 4,2 kg;9530;10096,48;15,329999999999998;6,18;4,86;4,29;6,54;6,46;6,4;barra;6,4;5,85;5,49;30,57;5,21;57,75;3296,0;1,55;1460,9489999999998;588,954;0,9782963240053018;0,9780301627529928;480,03917449250224;610,2541102176784;566,6669728925023;1996,2515872348001;981,2415115021684;981,2415115021684
2022-03-11;tierno barra 4,2 kg;13530;14050,05;12,75;4,68;3,7;4,37;6,55;6,34;6,22;barra;6,25;5,35;5,09;30,86;5,32;58,1;9286,0;1,22;1725,075;633,204;0,917956800378855;0,9168869150511316;477,20154089702845;602,8919676381023;599,9989778970285;1953,6356695985169;1032,7004783081386;1032,7004783081386
2022-03-11;iqm+ 3 kg;12530;13061,1;13,61;5,14;4,13;4,34;6,53;6,43;6,37;3 kg;6,3;5,4;5,18;30,02;5,37;56,08;4491,0;1,39;1705,3329999999999;644,0419999999999;0,9711411787238426;0,9713280866869631;523,8563056414582;652,0919222335926;637,2266536414583;2172,1916130366176;1136,281479389191;1136,281479389191
2022-03-11;iqm+ 3 kg;12030;12599,03;14,0;5,3;4,24;4,46;6,53;6,42;6,35;3 kg;6,29;;;30,89;5,36;57,99;1282,0;1,0;1684,2;637,59;0,972778734965683;0,9709162746611012;519,6573029242549;648,327973413003;632,0406505242548;2098,8280136387275;1089,913175589334;1089,913175589334
2022-03-11;iqm+ barra 4,2 kg;13090;13774,38;14,029999999999998;5,3;4,26;4,47;6,52;6,44;6,35;barra;6,35;5,65;5,38;;;;4877,0;;1836,5269999999998;693,77;0,9247660407616207;0,9250988184106689;542,6421592888618;675,361121103996;665,7851164888618;;;
2022-03-11;wasabi 3 kg;13530;14030,82;13,72;5,35;4,04;4,33;6,51;6,41;6,36;3 kg;6,35;5,68;5,28;29,87;5,31;55,45;18177,0;1,57;1856,316;723,855;0,9060317058885089;0,9056344830980445;513,5796582964301;679,8135013705811;635,0865594964301;2275,907269402682;1145,3319377753473;1145,3319377753473
2022-03-11;cabra barra 4,2 kg;10830;11626,83;12,31;4,61;3,37;4,33;6,53;6,45;6,35;barra;6,32;5,5;5,2;30,59;5,39;56,36;4615,0;1,39;1333,1730000000002;499,26300000000003;0,9084650929897852;0,9097274886992738;355,9585819431605;487,61108012767863;456,6469297431605;1594,0211838106525;810,2323096933295;810,2323096933295
2022-03-11;iqm+ barra 4,2 kg;12530;12770,78;13,799999999999999;5,27;4,18;4,35;6,54;6,41;6,25;barra;1815,0;5,57;5,3;30,18;5,34;56,16;13643,0;1,27;1729,14;660,3309999999999;0,922616623134371;0,9238282357735516;492,509917788784;621,7549771661086;603,615703788784;2060,155656614011;1074,8142873731908;1074,8142873731908
2022-03-11;madurado barra 4,2 kg;11530;11697,68;12,43;4,63;3,64;4,16;6,52;6,36;6,26;barra;6,26;5,3;5,17;31,62;5,37;57,42;3360,0;1,16;1433,1789999999999;533,839;0,9588905135090849;0,9619419616011479;408,2913155071643;520,9902520612104;505,61601310716435;1647,6605062024362;880,5573199358487;880,5573199358487
2022-03-14;light mini;10020;10853,14;10,940000000000001;2,6;3,55;4,79;6,54;6,4;6,3;500 g;6,35;5,64;5,31;;;;7382,0;;1096,188;260,52;0,9427443907170954;0,9431989258014715;363,2266584116904;266,1534197288976;467,1997396116904;;;
2022-03-14;iqm  mini;9020;9417,42;13,030000000000001;4,98;3,94;4,11;6,54;6,4;6,34;500 g;6,4;5,58;5,24;30,56;5,61;56,36;4547,0;1,34;1175,306;449,1960000000001;;;;;;;;
2022-03-14;tierno barra 3 kg;8520;8968,17;13,23;4,91;3,82;4,5;6,53;6,33;6,21;barra;6,28;5,35;5,13;31,82;5,4;57,62;18426,0;1,56;1127,1960000000001;418,33200000000005;0,9329186460164998;0,9319818217289405;319,60308912126925;410,3862164359843;400,31661912126924;1289,7115538528733;694,7528967741571;694,7528967741571
2022-03-14;tierno pequeño;8520;8921,97;12,829999999999998;4,76;3,68;4,39;6,53;6,32;;1 kg;6,16;5,41;5,12;;;;4549,0;;1093,116;405,55199999999996;0,9623665588851406;0,9642313482422149;315,97236487945366;409,4953345148458;394,30726147945364;;;
2022-03-14;oveja do 3 kg;12530;13352,99;15,96;6,59;5,09;4,28;6,5;6,45;;3 kg;6,42;5,7;5,17;;;;15778,0;;1999,7880000000002;825,727;0,8939982482428406;0,894050358530969;607,6212781421322;786,7303782496932;721,9228725421322;;;
2022-03-14;iqm  pequeño;9700;10421,12;13,43;5,14;4,07;4,22;6,51;6,47;6,41;1 kg;6,36;5,65;5,45;30,45;5,62;55,0;10681,0;1,88;1302,71;498,58;;;;;;;;
2022-03-14;tierno 3 kg;12030;13247,23;13,329999999999998;4,95;3,82;4,56;6,51;6,35;6,26;3 kg;6,24;5,15;5,05;31,74;5,29;57,77;6900,0;0,82;1603,5989999999997;595,485;0,8968443901488216;0,8969390765680106;453,8428893815268;588,1569330425604;574,6576269815268;1853,046417903467;994,7336454587621;994,7336454587621
2022-03-14;wasabi 3 kg;13030;13832,65;13,51;5,35;3,99;4,17;6,5;6,45;6,38;3 kg;6,39;5,43;5,2;30,48;5,44;56,41;6887,0;1,2;1760,3529999999998;697,105;0,9061162836726253;0,9067176721795164;500,1061775126312;671,0134891319582;615,4704785126312;2201,487825236083;1091,0662622099474;1091,0662622099474
2022-03-15;light barra 4,2 kg;15030;16431,8;10,940000000000001;2,55;3,53;4,86;6,53;6,45;6,39;barra;6,35;5,51;5,21;;;;11734,0;;1644,2820000000002;383,265;0,9120272672798813;0,9111272496656525;529,0146126622811;381,77224889692974;688,7317086622811;;;
2022-03-15;oveja do 3 kg;10830;11415,4;16,23;6,62;5,2;4,41;6,55;6,5;6,46;3 kg;6,45;5,58;5,28;;;;6242,0;;1757,7089999999998;716,946;0,8947056129802394;0,8933131859627815;531,0979676295606;675,0763101092173;631,7817956295605;;;
2022-03-15;tierno barra 4,2 kg;14030;14546,27;12,280000000000001;4,51;3,56;4,21;6,58;6,42;6,08;barra;6,2;5,19;5,12;31,67;5,44;58,54;9904,0;1,06;1722,8840000000002;632,7529999999999;0,9180798986961807;0,9177042464137539;475,4251159330596;602,0477360564929;597,9047093330596;1901,0032714129866;1021,3609657209764;1021,3609657209764
2022-03-15;iqm + barra 4,2 sin lactosa;15030;15397,16;13,469999999999999;5,12;4,05;4,3;6,55;6,36;;barra;6,3;5,46;5,32;30,63;5,41;57,81;2414,3;1,13;2024,5409999999997;769,5360000000001;;;;;;;;
2022-03-15;iqm+ barra 4,2 kg;10750;11295,61;13,39;5,06;4,04;4,29;6,54;6,36;6,23;barra;6,35;5,61;5,34;29,76;5,37;56,03;3425,3;1,26;1439,425;543,9499999999999;0,9248072594593099;0,9244878294034843;422,02898997205546;528,3982909168275;518,9453237720554;1775,5318915215976;926,1919039301364;926,1919039301364
2022-03-15;madurado 3 kg;9910;10383,15;13,1;4,74;3,76;4,6;6,48;6,3;6,12;3 kg;6,34;5,09;4,8;31,33;5,16;58,84;23469,0;1,16;1298,21;469,73400000000004;0,9217339852294585;0,9225800311870354;359,8508838004454;454,0581967288522;455,37586380044536;1449,2760827604604;773,922270225094;773,922270225094
2022-03-15;madurado barra 4,2 kg;10030;11037,33;13,09;4,74;3,75;4,6;6,51;6,41;6,35;barra;6,3;5,45;5,31;30,34;5,3;56,64;2864,0;1,39;1312,9270000000001;475,422;0,9585906056794503;0,9607941378502611;396,76053186689876;502,6581329759922;498,30396786689874;1656,7506030850107;879,7739545672647;879,7739545672647
2022-03-15;iqm+ 3 kg;13530;14172,37;12,950000000000001;4,89;3,91;4,15;6,52;6,45;6,37;3 kg;6,37;5,62;5,35;29,49;5,32;55,8;8297,0;1,46;1752,135;661,617;0,9718060569126129;0,9715585112751605;538,5162847661384;673,3181195537524;656,1469557661384;2283,2082724779666;1175,890601731431;1175,890601731431
2022-03-15;wasabi barra 4,2 kg;12010;12495,36;13,54;5,34;3,98;4,22;6,51;6,43;6,35;barra;6,38;5,85;5,58;;;;6183,0;;1626,154;641,3340000000001;0,926476483666777;0,9272957635088234;460,7509563590299;618,7401605070404;566,2117947590299;;;
2022-03-15;oveja normal barra 4,2 kg;13830;14279,2;15,23;6,08;4,84;4,31;6,57;6,5;6,46;barra;6,37;5,76;5,27;30,82;5,41;58,02;2540,0;1,44;2106,3089999999997;840,8639999999999;0,9774742608071008;0,9782281688228124;675,5454425019709;849,273592629886;798,632146501971;2755,5924485070927;1376,47732937258;1376,47732937258
2022-03-17;tierno mini;9020;8915,32;13,04;4,75;3,75;4,54;6,55;6,35;6,2;500 g;6,27;5,38;5,12;;;;7285,0;;1176,2079999999999;428,45;0,9389800771376948;0,9387565194705865;313,9240447990212;397,54245172540914;394,8751503990212;;;
2022-03-17;tierno barra 3 kg;9020;9102,43;12,69;4,63;3,64;4,42;6,57;6,35;6,2;barra;6,3;5,46;5,12;30,08;5,48;57,07;21674,0;1,18;1144,638;417,626;0,9329335597986228;0,9332636070067218;309,10743218692716;393,3169560953028;389,57291338692715;1307,5696678700228;682,6229426790383;682,6229426790383
2022-03-17;cabra mini;9620;9227,8;12,2;4,56;3,29;4,35;6,53;6,4;;500 g;6,24;5,14;5,0;30,48;5,43;57,47;9021,0;1,14;1173,64;438,67199999999997;0,9461734252017877;0,9440361783760585;287,2531614782352;397,2387933349278;367,5350214782352;1303,2768810201042;639,5250069222816;639,5250069222816
2022-03-17;tierno barra 3 kg;9520;9633,75;12,549999999999999;4,58;3,62;4,35;6,51;6,37;6,24;barra;6,28;5,28;5,01;29,58;5,35;56,87;1171,0;1,93;1194,7599999999998;436,01599999999996;0,9319545770065578;0,9331164324765165;325,01147010577677;411,71499775677535;408,82509510577677;1391,8694988396733;718,8765519707698;718,8765519707698
2022-03-17;iqm  mini;9910;10040,77;13,17;5,13;4,03;4,01;6,54;6,44;;500 g;6,21;5,33;5,21;30,44;5,46;56,56;7376,0;1,46;1305,147;508,383;;;;;;;;
2022-03-18;tierno barra 4,2 kg;13530;13522,32;12,39;4,53;3,58;4,28;6,54;6,38;6,2;barra;6,1;5,22;5,0;29,65;5,41;56,2;13656,0;0,93;1676,3670000000002;612,909;0,9169901586137413;0,9187068361901554;443,9140701462024;562,764066479334;559,6651293462024;1898,0238329825768;995,8454258829224;995,8454258829224
2022-03-18;oveja do 3 kg;11530;12009,75;15,629999999999999;6,31;5,1;4,22;6,56;6,46;6,4;3 kg;6,42;5,8;5,21;;;;17830,0;;1802,139;727,5429999999999;0,8933437565833663;0,8945995995183464;547,1705942119812;677,9411967939055;648,5328842119812;;;
2022-03-18;light barra 4,2 kg;13830;14552,68;11,059999999999999;2,62;3,55;4,89;6,55;6,47;6,43;barra;;5,63;5,28;19,84;5,53;51,1;13045,0;1,72;1529,598;362,346;0,9122929713947864;0,9126507529453876;471,30892260299055;347,97567621558;613,6341330029906;1753,9096583446574;1200,849575348318;1200,849575348318
2022-03-18;tierno 3 kg;12530;12976,7;12,56;4,68;3,65;4,23;6,55;6,36;6,25;3 kg;6,3;5,09;5,0;31,95;5,47;58,28;15442,0;1,5;1573,7680000000003;586,404;0,897919412143842;0,8964551876439918;425,29912549819534;544,4258055677901;535,0820074981954;1703,9931316675747;918,1228680476928;918,1228680476928
2022-03-18;iqm + barra 4,2 sin lactosa;14530;14642,42;12,989999999999998;5,1;3,87;4,02;6,57;6,47;6,42;barra;6,36;5,36;5,25;;;;2250,0;;1887,447;741,03;;;;;;;;
2022-03-18;iqm+ barra 4,2 kg;13030;13692,17;13,870000000000001;5,4;4,17;4,3;6,58;6,42;;barra;6,24;5,24;5,12;31,73;5,36;57,94;8074,0;1,01;1807,261;703,62;0,9245443359218949;0,9244663823300902;527,8810597731531;683,5293467720239;645,6337217731531;2154,2053160164637;1114,314328224289;1114,314328224289
2022-03-18;wasabi 3 kg;12530;12888,82;13,739999999999998;5,35;4,0;4,39;6,52;6,42;6,35;3 kg;6,44;5,77;5,54;30,99;5,71;56,06;12255,0;1,48;1721,6219999999998;670,355;0,9053752702505975;0,906973579011371;466,7687556284522;625,4053274478836;579,9325952284522;2018,087536133861;1034,4855426836466;1034,4855426836466
2022-03-18;oveja normal barra 4,2 kg;7710;7854,5;14,530000000000001;6,16;4,5;3,87;6,58;6,48;6,42;barra;6,44;5,7;5,3;31,11;5,43;55,39;2933,0;1,71;1120,263;474,936;0,9789376162598628;0,9784325572088445;346,00794781108914;473,4020688687671;406,80177781108915;1521,7038536443818;734,4318068443566;734,4318068443566
2022-03-21;tierno pequeño;9030;9440,2;12,0;4,42;3,46;4,12;6,54;6,46;6,35;1 kg;6,29;5,64;5,18;31,29;5,57;58,46;3749,0;1,58;1083,6;399,126;0,9626745462754771;0,9628849686747829;314,4392727105417;401,77033931273894;392,2265207105417;1284,021538231828;670,9314415164928;670,9314415164928
2022-03-21;oveja do 3 kg;12000;12000,0;15,48;6,28;4,95;4,25;6,54;6,41;6,36;3 kg;6,45;5,32;5,2;29,59;5,6;56,57;15627,0;2,06;1857,6;753,6;0,8939220770725399;0,8931167898208625;530,9897137810887;673,052812809002;632,9897137810887;2274,5955147313352;1118,9494675288822;1118,9494675288822
2022-03-21;iqm  pequeño;9000;9000,0;12,899999999999999;4,93;3,88;4,09;6,51;6,41;6,3;1 kg;6,32;5,5;5,26;29,93;5,4;55,43;8585,0;1,82;1160,9999999999998;443,7;;;;;;;;
2022-03-21;wasabi 3 kg;13030;13150,55;13,72;5,32;3,98;4,42;6,5;6,41;6,36;3 kg;6,36;5,75;5,48;31,11;5,32;57,28;26638,0;1,58;1787,7160000000001;693,196;0,9058720049857182;0,9061740859753039;474,1260607875644;633,9677817203589;590,3769227875644;2037,8263636141398;1030,6859685537088;1030,6859685537088
2022-03-21;tierno barra 3 kg;8520;8628,62;12,100000000000001;4,45;3,49;4,16;6,55;6,38;6,23;barra;6,2;5,27;4,99;31,45;5,56;57,27;10728,0;2,02;1030,92;379,14;0,9337548276736924;0,9332932254395151;281,189843782546;358,35995029469;352,97996218254605;1139,4593014139587;616,3435693775905;616,3435693775905
2022-03-22;tierno mini;8030;7777,44;12,62;4,76;3,6;4,26;6,51;6,37;6,28;500 g;6,3;5,62;5,23;31,74;5,52;57,24;4559,0;0,69;1013,386;382,22799999999995;0,9387496101368642;0,9383926835810565;262,83847564306274;347,39873694635503;329,1022644430627;1094,5139790370356;574,9515451486071;574,9515451486071
2022-03-22;tierno barra 3 kg;8530;8801,06;12,509999999999998;4,59;3,61;4,31;6,53;6,37;6,25;barra;6,3;5,4;5,02;30,14;5,44;56,75;10976,0;0,91;1067,1029999999998;391,527;0,9331315528999928;0,9337619998908219;296,47293893727294;377,2105782522434;372,33807613727294;1251,5281295694872;656,1023368057673;656,1023368057673
2022-03-22;light mini;10520;10314,78;10,120000000000001;2,47;3,36;4,29;6,6;6,47;6,41;500 g;6,38;5,69;5,37;;;;5088,0;;1064,624;259,844;0,9429674958399233;0,9427759757562153;326,81047616245473;240,1958114465042;415,31128856245476;;;
2022-03-22;cabra mini;10020;9910,97;12,0;4,51;3,17;4,32;6,55;6,38;6,2;500 g;6,29;5,3;5,19;29,94;5,47;56,5;7592,0;1,16;1202,4;451,902;0,9459062852291811;0,9444981700970556;297,182707458256;422,1762756027953;382,81348825825603;1410,0744008109396;677,5459969172674;677,5459969172674
2022-03-22;iqm  barra 3 kg;8220;8532,78;12,959999999999999;4,88;3,9;4,18;6,5;6,44;6,37;barra;6,38;5,73;5,43;31,05;5,45;56,71;12215,0;1,35;1065,312;401,13599999999997;;;;;;;;
2022-03-22;iqm  mini;8520;8293,58;12,759999999999998;4,8;3,83;4,13;6,52;6,47;6,38;500 g;6,45;5,7;5,4;30,45;5,32;56,62;7983,0;1,41;1087,1519999999998;408,96;;;;;;;;
2022-03-22;wasabi mini;8020;8169,43;12,580000000000002;4,9;3,79;3,89;6,53;6,45;;500 g;6,42;5,8;5,34;28,73;5,56;54,89;5206,0;1,37;1008,9160000000002;392,98;0,9518068861377393;0,9501336171908414;294,6997777601868;380,3404537380814;358,2579431601868;1323,8442524820098;652,6834453637945;652,6834453637945
2022-03-23;oveja do 3 kg;12530;12786,8;15,59;6,36;4,97;4,26;6,53;6,44;6,39;3 kg;6,4;5,6;5,32;;;;7051,0;;1953,4270000000001;796,908;0,8931872820634631;0,8936530565064882;567,6240547729677;726,7548406268036;676,5675907729677;;;
2022-03-23;iqm+ barra 4,2 kg;12530;12923,67;13,32;5,08;3,99;4,25;6,51;6,39;6,29;barra;6,31;5,72;5,5;31,77;5,32;57,53;10021,0;1,02;1668,996;636,524;0,9240695967442791;0,9238340466846371;476,50058396170994;606,5177787891356;586,3517789617099;1909,0896405071944;1019,2104623009036;1019,2104623009036
2022-03-23;madurado 3 kg;12530;12573,14;12,330000000000002;4,49;3,54;4,3;6,46;6,37;6,2;3 kg;6,35;5,15;4,98;31,89;5,29;57,36;25000,0;1,2;1544,9490000000003;562,5970000000001;0,9219815349095324;0,9210791586670666;410,3639832204683;519,9804888638456;518,4929872204683;1630,5440227778163;903,9278019882642;903,9278019882642
2022-03-23;madurado barra 4,2 kg;10820;11517,97;12,29;4,48;3,53;4,28;6,47;6,3;6,15;barra;6,3;5,4;5,24;32,13;5,2;58,58;2786,0;1,36;1329,7779999999998;484,73600000000005;0,9589621783802735;0,961702824239485;389,89900534066794;496,2435196770537;488,4928285406679;1544,4865224931643;833,8901135893956;833,8901135893956
2022-03-23;cabra barra 4,2 kg;10830;10988,78;11,29;4,18;3,04;4,07;6,55;6,44;6,37;barra;6,44;5,62;5,3;32,27;5,48;58,22;5575,0;1,18;1222,7069999999999;452,69399999999996;0,908409978444028;0,9094211069656967;303,46244904895553;417,7253101213449;392,9111182489556;1294,4695076583353;674,8730990191611;674,8730990191611
2022-03-23;wasabi barra 4,2 kg;11530;11658,28;13,23;5,13;3,91;4,19;6,51;6,4;;barra;6,45;5,75;5,43;;;;11519,0;;1525,4189999999999;591,489;0,9269128366560128;0,9273837271056239;422,5227869664054;554,6401668075008;520,2191733664055;;;
2022-03-23;oveja normal barra 4,2 kg;10530;10775,91;14,04;5,46;4,42;4,16;6,5;6,44;6,39;barra;6,52;5,9;5,54;;;;3876,0;;1478,4119999999998;574,938;0,9773022294654344;0,9780663035551543;465,484382344334;575,459673578409;555,139953544334;;;
2022-03-25;tierno barra 4,2 kg;12030;12575,13;12,57;4,6;3,66;4,31;6,52;6,42;6,38;barra;6,35;5,72;5,43;30,73;5,37;57,11;12289,0;1,27;1512,171;553,3799999999999;0,9183927433239845;0,919033045089445;422,69003786381995;531,6201607495991;531,0876584638199;1729,9712357617932;929,9381167288041;929,9381167288041
2022-03-25;oveja do 3 kg;12530;13002,59;15,55;6,41;4,95;4,19;6,51;6,44;6,4;3 kg;6,4;5,9;5,45;;;;15020,0;;1948,415;803,173;0,8944072512849367;0,8942100121625054;575,6657336835077;745,293658987025;684,6274378835077;;;
2022-03-25;vaca barra 4,2 kg;13230;13011,79;12,370000000000001;4,83;3,84;3,7;6,57;6,47;6,42;barra;6,37;5,8;5,51;31,63;5,48;57,1;1867,0;1,32;1636,5510000000002;639,009;0,9694563730336764;0,9673111690184175;484,39152921891304;607,9255251430401;580,6787752189131;1921,990278669112;1016,9505695602679;1016,9505695602679
2022-03-25;iqm+ barra 4,2 kg;12030;12296,98;13,33;5,12;4,04;4,17;6,52;6,42;6,36;barra;6,35;5,62;5,35;30,62;5,3;56,21;21684,0;1,02;1603,599;615,936;0,924046269695844;0,9253434930794078;459,0643312999858;582,6012378894139;561,6211444999858;1902,682030990901;999,148095534577;999,148095534577
2022-03-25;iqm+ 3 kg;11030;11386,76;13,46;5,18;4,07;4,21;6,52;6,39;6,33;3 kg;6,31;5,6;5,4;;;;8382,0;;1484,6380000000001;571,3539999999999;0,9712533727611062;0,9718913079061892;450,1187625312251;573,2547009852789;545,9952817312251;;;
2022-03-25;cabra barra 4,2 kg;12530;12883,23;12,32;4,52;3,32;4,48;6,53;6,42;6,35;barra;6,32;5,64;5,4;30,95;5,43;56,88;6598,0;1,08;1543,6960000000001;566,3559999999999;0,9089993891874557;0,9092259717272735;388,80016026528193;529,4622826712654;504,23390106528194;1710,7020441721013;886,4871678362904;886,4871678362904
2022-03-25;wasabi 3 kg;13030;13442,58;14,33;5,55;4,21;4,57;6,48;6,38;6,31;3 kg;6,37;5,75;5,4;;;;19235,0;;1867,1989999999998;723,165;0,906494786093077;0,9062787965249658;513,014967497005;676,141249964777;635,8801486970051;;;
2022-03-28;iqm  pequeño;8520;9098,29;13,04;4,92;3,92;4,2;6,56;6,46;6,38;1 kg;6,4;5,74;5,5;30,16;5,44;55,53;12872,0;1,55;1111,0079999999998;419,184;;;;;;;;
2022-03-28;oveja do 3 kg;13030;13281,42;15,43;6,3;4,95;4,18;6,57;6,48;6,43;3 kg;6,41;5,85;5,39;;;;18335,0;;2010,529;820,89;0,8942323408728645;0,8943882631382772;587,8954271874263;748,3610084460287;698,9280983874263;;;
2022-03-28;tierno 3 kg;15030;14912,16;12,459999999999999;4,57;3,63;4,26;6,56;6,4;6,35;3 kg;6,3;5,21;5,07;31,53;5,43;57,15;18731,0;1,67;1872,7379999999998;686,8710000000001;0,8964583061557504;0,8975094064673729;485,26310791846436;611,639836893115;612,3147111184644;1939,8662762230097;1071,4168173551434;1071,4168173551434
2022-03-28;tierno barra 3 kg;8720;9000,57;12,4;4,57;3,6;4,23;6,56;6,41;6,3;barra;6,3;5,54;5,12;30,92;5,53;57,19;10552,0;1,98;1081,28;398,504;0,9338353661153073;0,9335513463315145;302,5818209230722;383,9939868251725;378,7266431230722;1241,8951708446716;662,2252896014552;662,2252896014552
2022-03-28;wasabi 3 kg;12530;12664,26;13,41;5,21;3,97;4,23;6,54;6,42;6,26;3 kg;6,42;5,17;5,08;32,72;5,22;59,04;9790,0;0,96;1680,273;652,813;0,9058148737759133;0,9059762328262377;455,41756041260436;597,7703173058976;562,5572000126044;1826,9263976341615;952,840785929208;952,840785929208
2022-03-29;cabra barra 4,2 kg;12030;12288,88;12,72;4,65;3,41;4,66;6,57;6,48;6,42;barra;6,32;5,55;5,32;31,95;5,48;58,3;6526,0;1,34;1530,2160000000001;559,3950000000001;0,9080957008684232;0,9092057498898644;380,538237190239;519,5500965403548;495,070598790239;1626,1348874502498;849,1776994686776;849,1776994686776
2022-03-29;oveja do 3 kg;9000;9642,2;15,719999999999999;6,45;5,0;4,27;6,57;6,49;6,45;3 kg;6,42;5,81;5,52;30,66;5,38;56,86;5602,0;1,56;1414,8;580,5;0,8942778353487916;0,8938586294973262;431,1402872000059;555,9102571883732;513,4846752000059;1813,1450006143941;903,0683700316671;903,0683700316671
2022-03-29;light 3 kg;12630;13011,79;10,219999999999999;2,44;3,33;4,45;6,58;6,48;6,42;3 kg;6,4;5,4;5,19;20,1;5,39;;1385,0;1,8;1290,7859999999998;308,172;0,9154757903145782;0,914876002321734;396,668891830789;290,46185580529794;512,473822830789;1445,0838597278503;;
2022-03-29;light barra 4,2 kg;15080;15286,06;10,54;2,46;3,42;4,66;6,6;6,5;6,46;barra;6,28;5,5;5,2;;;;19305,0;;1589,4319999999998;370,968;0,9125824901305856;0,9114597798038128;477,08284190872536;342,7426704890296;619,5489211087254;;;
2022-03-29;iqm + barra 4,2 sin lactosa;11030;11505,43;14,04;5,52;4,22;4,3;6,55;6,41;6,35;barra;6,36;5,68;5,4;31,58;5,38;57,49;5945,0;1,77;1548,6119999999999;608,856;;;;;;;;
2022-03-29;madurado 3 kg;14860;15455,38;12,25;4,45;3,55;4,25;6,56;6,44;6,37;3 kg;6,36;5,3;5,15;31,01;5,29;56,78;23587,0;1,4;1820,35;661,27;0,9211590597499825;0,9210342327616333;505,40864746519327;633,4545656851075;636,7793774651932;2042,7428754759992;1121,4853424888927;1121,4853424888927
2022-03-29;tierno barra 4,2 kg;15160;15816,85;12,690000000000001;4,69;3,7;4,3;6,57;6,44;6,36;barra;6,36;5,42;5,18;31,14;5,42;56,69;8047,0;1,58;1923,8040000000003;711,0040000000001;0,9179547909549768;0,9181364583808153;537,2086697067002;681,0830494976341;673,2335797067002;2187,164577705954;1187,5702587876174;1187,5702587876174
2022-03-29;iqm+ 3 kg;10440;10617,97;13,400000000000002;5,24;4,04;4,12;6,54;6,43;6,38;3 kg;;5,65;5,31;32,39;5,42;58,21;5530,0;1,09;1398,9600000000003;547,056;0,9728306710671831;0,9746281362658473;417,31126997103723;542,2651891501979;504,80334277103725;1674,1747117943744;867,2106902096499;867,2106902096499
2022-03-29;oveja normal barra 4,2 kg;12600;12974,28;15,399999999999999;6,29;4,81;4,3;6,59;6,46;6,4;barra;6,44;5,75;5,41;31,98;5,32;58,54;7557,0;1,29;1940,3999999999996;792,54;0,9780958813311305;0,9778979174011355;610,393320882493;798,045095542912;721,9721288824929;2495,450580184215;1233,2971111761067;1233,2971111761067
2022-03-30;tierno mini;9020;8895,03;12,0;4,38;3,48;4,14;6,59;6,46;6,37;500 g;6,34;5,58;5,3;29,51;5,52;55,57;6357,0;0,99;1082,4;395,07599999999996;0,9387019219837965;0,9392959229214067;290,57240514720286;365,9518651009457;364,2232535472029;1240,0944259605074;655,4314442094708;655,4314442094708
2022-03-30;tierno barra 3 kg;8520;8803,73;12,420000000000002;4,54;3,6;4,28;6,57;6,38;6,28;barra;6,35;5,47;5,18;31,18;5,52;57,33;10920,0;1,87;1058,1840000000002;386,80800000000005;0,9322664867077313;0,9325115611999661;295,4672077328444;372,7149323034072;370,82713653284435;1195,365401871094;646,829123552842;646,829123552842
2022-03-30;light mini;7520;7596,52;9,45;2,32;3,25;3,88;6,63;6,49;6,42;500 g;6,38;5,51;5,3;19,96;5,45;50,97;1653,0;1,87;710,64;174,46399999999997;0,9424786005108505;0,9425142903268371;232,68561999646232;166,10802483668408;291,63461519646233;832,2045332499202;572,1691489041834;572,1691489041834
2022-03-30;cabra mini;9320;9054,74;11,59;4,3;3,1;4,19;6,59;6,45;6,43;500 g;6,34;5,53;5,25;30,52;5,4;56,9;11118,0;1,12;1080,188;400,76;0,9453220871665479;0,9453113821497614;265,3490171820632;368,0605977294894;341,2277383820632;1205,9652612368593;599,6972555045048;599,6972555045048
2022-03-30;iqm  mini;9020;9164,24;13,2;5,02;3,94;4,24;6,6;;;500 g;6,43;5,7;5,24;;;;6180,0;;1190,64;452,8039999999999;;;;;;;;
2022-03-30;iqm  barra 3 kg;8460;8839,61;13,370000000000001;5,09;4,0;4,28;6,63;6,46;6,39;barra;6,38;5,49;5,1;31,99;5,48;57,69;11509,0;1,06;1131,102;430,61400000000003;;;;;;;;
2022-03-30;madurado mini;9520;9923,98;11,67;4,3;3,43;3,94;6,54;3,39;6,21;500 g;6,35;5,12;5,04;32,44;5,35;58,9;2618,0;1,11;1110,984;409,36;0,9742467159122572;0,9762442057867871;331,62628888561704;416,5938028537902;409,827251285617;1284,1979126195754;695,8017848652241;695,8017848652241
2022-04-01;tierno barra 4,2 kg;14030;13892,48;12,469999999999999;4,57;3,59;4,31;6,59;6,49;6,41;barra;6,35;5,68;5,28;30,38;5,51;56,49;16034,0;0,75;1749,5409999999997;641,171;0,9175924783798438;0,9183386991793095;457,6401020301226;583,040691928958;577,3932796301226;1919,159617936004;1022,1159136663525;1022,1159136663525
2022-04-01;oveja do 3 kg;12500;12500,0;15,420000000000002;6,32;4,91;4,19;6,57;6,52;6,46;3 kg;6,42;5,96;5,6;30,53;5,14;57,44;15603,0;1,73;1927,5000000000002;790,0;0,8947874375671079;0,8947505568254024;549,1757898068124;706,8529398920679;653,9257898068124;2315,2733045924265;1138,450191167849;1138,450191167849
2022-04-01;vaca barra 4,2 kg;15340;15946,8;12,6;4,92;3,84;3,84;6,61;6,5;6,48;barra;6,38;5,67;5,45;32,51;5,36;59,02;2261,0;1,36;1932,84;754,7280000000001;0,9682183320471228;0,968767832432382;592,8953893435797;760,0783460154493;715,3668133435797;2337,983223671022;1212,0752513445943;1212,0752513445943
2022-04-01;iqm+ barra 4,2 kg;14030;15135,96;13,529999999999998;5,17;4,05;4,31;6,57;6,42;6,25;barra;5,26;5,43;5,23;31,83;5,24;58,49;14063,0;1,31;1898,2589999999996;725,3510000000001;0,9236730040201705;0,9236422970762388;566,2174444981301;722,7770050095553;696,6894196981301;2270,7414546325963;1191,1256961841855;1191,1256961841855
2022-04-01;wasabi 3 kg;13430;13311,33;13,36;5,16;3,89;4,31;6,57;6,45;6,38;3 kg;6,4;5,57;5,25;31,44;5,14;57,81;22016,0;1,69;1794,2479999999998;692,988;0,9065132725155083;0,9055211677120794;469,4023057415372;621,9704600066831;584,1459703415371;1978,2775445505185;1010,4583468976597;1010,4583468976597
2022-04-01;oveja normal barra 4,2 kg;9030;9368,23;14,19;5,53;4,4;4,26;6,53;6,45;6,41;barra;6,4;5,78;5,3;;;;3133,0;;1281,357;499,35900000000004;0,9782830091992937;0,9774327369475849;403,2503303519283;506,3718523157724;483,0676499519283;;;
2022-04-01;cabra barra 4,2 kg;11530;11876,97;11,950000000000001;4,28;3,27;4,4;6,57;6,45;6,4;barra;6,35;5,59;5,24;;;;6938,0;;1377,835;493,48400000000004;0,909560364769483;0,9090923804555622;353,2522521136879;462,12285339969003;457,7695881136879;;;
2022-04-04;tierno barra 3 kg;8630;8682,5;12,58;4,62;3,64;4,32;6,57;6,4;6,36;barra;6,41;5,58;5,36;29,91;5,38;56,7;11872,0;1,58;1085,654;398,70599999999996;0,9321189298109432;0,9327136728662844;294,5896629342399;374,14083466736196;369,6064629342399;1250,888781903584;651,863250324938;651,863250324938
2022-04-04;tierno pequeño;9030;9151,42;12,44;4,57;3,6;4,27;6,59;6,47;6,32;1 kg;6,32;5,6;5,32;29,83;5,48;56,48;5016,0;1,63;1123,3319999999999;412,67100000000005;0,9631817402516307;0,9639014237735812;317,3213030894488;403,1227512770363;395,4744298894488;1351,4004400839299;700,202602495483;700,202602495483
2022-04-04;iqm  pequeño;9530;10034,36;13,15;4,98;3,93;4,24;6,58;6,49;6,4;1 kg;6,38;5,9;5,5;;;;19987,0;;1253,195;474,594;;;;;;;;
2022-04-04;oveja do 3 kg;12530;12779,32;15,670000000000002;6,41;5,03;4,23;6,55;6,48;6,42;3 kg;6,46;5,76;5,35;31,06;5,37;57,59;14614,0;1,9;1963,4510000000002;803,173;0,894174783834635;0,8939439131501347;574,7753686372475;732,2781005374776;682,8884158372475;2357,624277326071;1185,7760302782556;1185,7760302782556
2022-04-04;tierno 3 kg;13730;13856,69;12,540000000000001;4,57;3,62;4,35;6,56;6,47;6,35;3 kg;6,46;5,32;5,22;30,64;5,49;56,0;18320,0;1,64;1721,7420000000002;627,461;0,8967866149628727;0,8978641855684188;449,83908713277407;568,5731536456493;570,3922901327741;1855,656506676401;1018,5576609513822;1018,5576609513822
2022-04-04;wasabi 3 kg;12530;12711,95;13,19;5,03;3,92;4,24;6,54;6,45;6,39;3 kg;6,48;5,76;5,44;;;;13067,0;;1652,7069999999999;630,259;0,9052034187536975;0,9059437402785449;451,07050348182173;579,2704699204626;558,8678394818218;;;
2022-04-05;oveja do 3 kg;10030;10368,86;16,0;6,58;5,13;4,29;6,61;6,45;6,4;3 kg;6,35;5,4;5,27;32,7;5,34;60,84;3965,0;1,05;1604,8;659,9739999999999;0,8943846533794056;0,8929793513782129;475,74333688613075;609,2539043284125;564,7081556861308;1863,1617869370414;928,1856602336139;928,1856602336139
2022-04-05;light barra 4,2 kg;14530;14785,57;10,39;2,42;3,37;4,6;6,58;6,46;;barra;6,28;5,3;;21,19;5,28;53,43;12641,0;0,97;1509,6670000000001;351,626;0,9119888921928309;0,9121089136806181;454,420087879723;326,36241461853933;590,4473318797229;1540,17184812902;1105,0857792995002;1105,0857792995002
2022-04-05;oveja do barra 4,2 kg;15730;16416,01;17,12;7,03;5,47;4,62;6,62;;;barra;6,38;5,7;5,27;32,29;5,32;59,8;3166,0;0,97;2692,9760000000006;1105,8190000000002;0,9304908031487531;0,9301667740712901;835,5395642180684;1073,4547826569892;987,2234966180685;3324,4186517714134;1650,8754124047969;1650,8754124047969
2022-04-05;light 3 kg;14530;14508,35;10,260000000000002;2,4;3,33;4,53;6,57;6,46;;3 kg;6,45;5,54;5,35;20,98;5,22;52,04;1633,0;1,49;1490,7780000000002;348,72;0,9145544725656891;0,9145855817754065;441,84692352221225;318,45906540842924;573,2925745222122;1517,917375635983;1101,6383061533672;1101,6383061533672
2022-04-05;iqm+ 3 kg;12030;12401,51;13,600000000000001;5,15;4,11;4,34;6,53;6,5;;3 kg;6,4;5,94;5,68;29,97;5,37;55,72;7824,0;1,59;1636,0800000000004;619,5450000000001;0,9716566297853124;0,972673411399334;495,25538678588777;621,2248804674522;602,9004935858877;2072,822423982156;1082,0181148346871;1082,0181148346871
2022-04-05;madurado 3 kg;12530;12956,86;12,760000000000002;4,59;3,72;4,45;6,57;6,42;6,33;3 kg;6,39;5,31;5,17;31,42;5,32;58,64;25399,0;0,9;1598,8280000000002;575,127;0,9213615281992517;0,9224920166608173;444,0918266858117;548,6243359145271;559,4078806858117;1746,0990958450893;953,969782888492;953,969782888492
2022-04-05;iqm+ barra 4,2 kg;13890;14210,57;13,290000000000001;5,03;4,02;4,24;6,55;6,43;6,35;barra;6,33;5,46;5,29;31,85;5,47;57,89;13236,0;0,93;1845,981;698,6669999999999;0,9245777564379655;0,9236628419608427;528,1788325178471;660,2265062457998;648,6844661178471;2072,924666391836;1120,546668021847;1120,546668021847
2022-04-05;iqm + barra 4,2 sin lactosa;12030;12550,37;12,89;4,85;3,89;4,15;6,55;6,44;6,37;barra;6,39;5,85;5,52;30,0;5,94;55,65;3822,0;2,07;1550,6670000000001;583,4549999999999;;;;;;;;
2022-04-05;wasabi barra 4,2 kg;11730;12233,61;13,07;5,05;3,86;4,16;6,56;6,46;6,4;barra;6,38;5,78;5,66;30,63;5,4;56,48;5785,0;1,9;1533,111;592,365;0,9273768816850315;0,9255447460479042;437,92344981106163;571,7990497653045;539,7070850110616;1866,7941552899265;955,572034368027;955,572034368027
2022-04-05;madurado barra 4,2 kg;12940;13089,47;11,63;4,15;3,37;4,11;6,56;6,48;6,43;barra;6,44;5,45;5,24;30,31;5,29;56,02;5320,0;1,4;1504,922;537,0100000000001;0,9614007949749378;0,9601537831253103;424,0884453100802;521,5680217936182;531,6838887100802;1720,7786928195917;949,0965524992505;949,0965524992505
2022-04-07;tierno mini;9030;9599,36;12,3;4,47;3,6;4,23;6,52;6,4;6,32;500 g;6,22;5,48;5,27;30,16;5,5;56,91;5291,0;0,77;1110,69;403,64099999999996;0,9385598099412948;0,9389449828102948;324,3446458976905;402,8932096854855;405,55523149769056;1335,8528172595672;712,6256044591295;712,6256044591295
2022-04-07;tierno barra 3 kg;9030;9366,42;12,91;4,7;3,79;4,42;6,51;6,39;6,29;barra;6,31;6,6;5,4;30,92;5,41;57,61;4648,0;0,89;1165,7730000000001;424,41;0,933420493501512;0,9324210208234266;331,35243755433817;410,4720041994651;414,15159035433817;1327,5291209555792;718,8883706897035;718,8883706897035
2022-04-07;light mini;10020;9412,08;10,309999999999999;2,46;3,4;4,45;6,59;6,45;6,35;500 g;6,38;5,39;5,15;19,12;5,29;49,88;3396,0;1,79;1033,062;246,49200000000002;0,9419693901499225;0,9414767231433969;301,4403027598376;217,98685421454215;385,2078147598376;1140,098609908693;772,2690753003961;772,2690753003961
2022-04-07;cabra mini;8520;9051,53;12,100000000000001;4,37;3,37;4,36;6,57;6,39;6,28;500 g;6,34;5,4;5,14;30,07;5,34;57,43;11193,0;1,36;1030,92;372,324;0,9439431563008495;0,9454557932786697;287,9371741774967;373,9767985246092;366,8665157774967;1243,6873911693021;638,8064004483662;638,8064004483662
2022-04-07;iqm  barra 3 kg;8520;8661,43;12,600000000000001;4,8;3,84;3,96;6,54;6,45;6,41;barra;6,39;5,8;5,6;0,0;0,0;0,0;15869,0;0,0;1073,5200000000002;408,96;;;;;;;;
2022-04-07;iqm  mini;9220;9164,77;13,170000000000002;5,01;3,97;4,19;6,54;6,44;6,33;500 g;6,31;5,85;5,52;;;;9123,0;;1214,2740000000001;461,92199999999997;;;;;;;;
2022-04-08;oveja do barra 4,2 kg;10850;10994,12;14,85;6,08;4,8;3,97;6,55;6,47;6,42;barra;6,4;5,85;5,6;31,0;5,38;57,45;1951,0;1,56;1611,225;659,68;0,9301440392078227;0,9294586646094571;490,85352884810436;621,2896697003725;578,1468416481043;2004,1602248399115;1006,3478531733757;1006,3478531733757
2022-04-08;tierno barra 4,2 kg;14530;15172,42;13,05;4,9;3,69;4,46;6,54;6,45;6,38;barra;6,36;5,46;5,15;31,38;5,46;56,62;17384,0;1,0;1896,165;711,97;0,9179208828363019;0,9176171763324479;513,9092948469207;682,2011867279681;649,2472812469207;2173,9999577054436;1146,6748167554235;1146,6748167554235
2022-04-08;oveja do 3 kg;12030;12223,74;16,85;6,86;5,44;4,55;6,56;6,48;;3 kg;6,48;5,9;5,69;31,77;5,22;59,07;14314,0;1,42;2027,0550000000003;825,258;0,8935502259801509;0,8939563978856049;594,18539477915;749,6258537255867;705,42142877915;2359,539986545756;1194,212677804554;1194,212677804554
2022-04-08;light barra 4,2 kg;15030;15344,82;10,42;2,51;3,42;4,49;6,58;6,48;6,4;barra;6,3;5,2;5,15;21,05;5,45;52,89;3321,0;1,15;1566,126;377,25299999999993;0,9112654661481;0,9112416698100789;478,2255956188471;350,96926893335086;616,0220792188471;1667,3124414886024;1164,7231598011856;1164,7231598011856
2022-04-08;oveja normal 3 kg;11530;11746,15;14,65;5,65;4,6;4,4;6,54;;;3 kg;6,48;5,85;5,5;;;;4248,0;;1689,145;651,445;0,9535977984111512;0,9545744942520389;515,2507278711286;633,5104985547101;618,6168478711286;;;
2022-04-08;iqm+ 3 kg;11030;11149,76;13,25;5,14;4,06;4,05;6,53;6,4;6,32;3 kg;6,39;5,7;5,51;30,99;5,3;56,97;5587,0;1,43;1461,475;566,942;0,9721150545375978;0,9715973034982572;440,0572917495337;556,8201449835502;530,3703477495337;1796,7736204696682;930,9642754950565;930,9642754950565
2022-04-08;vaca barra 4,2 kg;15830;16452,76;12,67;4,85;3,85;3,97;6,6;6,48;6,41;barra;6,42;5,65;5,29;31,01;5,31;56,63;2346,0;1,9;2005,661;767,755;0,968835322448066;0,9709123591337578;613,6905790307846;774,7481192542839;744,3254934307847;2498,38155193255;1314,3660487917793;1314,3660487917793
2022-04-08;iqm+ barra 4,2 kg;13030;13234,95;13,5;5,25;4,13;4,12;6,53;6,25;6,14;3 kg;6,08;5,42;5,16;31,83;5,23;58,23;14200,0;1,33;1759,05;684,075;0,9244595528625681;0,9233060624062938;505,3127671132438;641,5452524588193;614,3687551132439;2015,5364513315092;1055,0725658822669;1055,0725658822669
2022-04-08;wasabi 3 kg;12030;12427,07;13,7;5,27;4,0;4,43;6,57;6,44;6,37;3 kg;6,39;5,79;5,5;30,73;5,38;57,23;22286,0;2,61;1648,11;633,9809999999999;0,9066511562785429;0,90494685936992;450,6806953861756;592,655660896217;560,7845355861756;1928,5898499714187;979,878622376683;979,878622376683
2022-04-08;oveja normal barra 4,2 kg;10530;10693,51;14,76;5,72;4,62;4,42;6,53;6,46;6,42;barra;6,42;6,06;5,72;;;;3585,0;;1554,2279999999998;602,316;0,9771786404504891;0,9787494447891754;482,76549383109943;598,6704709898767;577,2961222310994;;;
2022-04-11;oveja do 3 kg;13030;13574,13;15,780000000000001;6,46;5,07;4,25;6,6;6,47;6,44;3 kg;6,48;5,78;5,5;31,73;5,28;58,22;13308,0;1,38;2056,134;841,738;0,8936630581826072;0,8939513957040557;615,0264153679915;783,8959648493517;730,4065203679916;2470,5199018258795;1254,5628999793742;1254,5628999793742
2022-04-11;iqm  pequeño;8030;9518,01;13,66;5,16;4,09;4,41;6,58;6,5;6,44;1 kg;6,32;5,73;5,4;28,92;5,54;54,09;23044,0;1,69;1096,8980000000001;414,348;;;;;;;;
2022-04-11;tierno 3 kg;13810;14314,45;12,7;4,66;3,67;4,37;6,56;6,46;6,36;3 kg;6,31;5,44;5,15;31,24;5,47;57,55;17534,0;1,58;1753,87;643,5459999999999;0,896592275834798;0,8974696926678979;471,01606861361967;598,6601829669855;596,1243616136196;1916,3258097534747;1035,837292117497;1035,837292117497
2022-04-11;wasabi 3 kg;13530;13644,63;13,59;5,22;3,98;4,39;6,54;6,44;6,38;3 kg;6,44;5,54;5,25;32,08;5,24;58,51;18006,0;1,17;1838,727;706,266;0,9058415791631418;0,9056571569890892;491,92295281461185;645,0540256891314;611,7228042146119;2010,7669129960457;1045,501289035399;1045,501289035399
2022-04-11;oveja do pequeño;8530;8696,55;14,979999999999999;6,14;4,83;4,01;6,54;6,48;6,4;1 kg;6,49;6,26;6,16;;;;4904,0;;1277,7939999999999;523,742;0,8998415497038383;0,8996255928913913;377,972472504415;480,3714315213812;447,718803504415;;;
2022-04-12;light barra 4,2 kg;14530;14863,52;10,39;2,47;3,39;4,53;6,59;6,49;6,4;barra;6,36;5,31;5,1;;;;16420,0;;1509,6670000000001;358,8910000000001;0,9121601018526647;0,9120511872307879;459,6131461893211;334,8403892419855;594,2766373893212;;;
2022-04-12;oveja do 3 kg;12530;12932,54;15,35;6,27;4,99;4,09;6,56;6,46;6,41;3 kg;6,44;5,48;5,2;32,26;5,41;58,8;4751,0;1,29;1923,355;785,6309999999999;0,8941308765667059;0,8933409133641536;577,0128279890561;724,3835769015469;682,801005189056;2245,4543611331273;1161,2261993011157;1161,2261993011157
2022-04-12;light 3 kg;14530;14665,92;10,77;2,55;3,49;4,73;6,58;6,48;;3 kg;6,38;5,3;5,19;20,27;5,43;52,48;1465,0;1,74;1564,881;370,515;0,9151539386638471;0,9145009633407754;468,41294837929826;342,00594819110796;607,1525515792982;1687,2518411006806;1156,9217827349435;1156,9217827349435
2022-04-12;madurado 3 kg;12530;13336,36;12,66;4,71;3,6;4,35;6,55;6,41;;3 kg;6,36;5,36;5,2;32,35;5,53;58,26;10340,0;1,26;1586,2979999999998;590,163;0,9201404422817676;0,9209297641660825;441,7676707978395;578,4751759597603;557,7940027978395;1788,1767417612375;957,4219066217637;957,4219066217637
2022-04-12;tierno barra 4,2 kg;14140;14715,06;11,96;4,43;3,46;4,07;6,53;6,43;;barra;6,34;5,5;5,22;31,6;5,49;57,02;8234,0;1,3;1691,1440000000002;626,4019999999999;0,9170024859690388;0,9172560556522155;466,8836324009512;597,938270716856;586,6642208009513;1892,209717458405;1028,8744665046497;1028,8744665046497
2022-04-12;iqm + barra 4,2 sin lactosa;12130;12051,28;13,719999999999999;5,23;4,06;4,43;6,55;6,45;;barra;6,35;5,69;5,44;30,97;5,45;57,78;3854,0;1,4;1664,2359999999999;634,3990000000001;;;;;;;;
2022-04-12;madurado barra 4,2 kg;12010;12067,31;12,690000000000001;4,73;3,6;4,36;6,56;6,43;6,35;barra;6,2;5,25;5,15;;;;3419,0;;1524,0690000000002;568,073;0,9585403969387908;0,957944157893209;416,41214822580383;546,778971186152;521,6390914258038;;;
2022-04-12;iqm+ 3 kg;12530;13355,23;13,760000000000002;5,22;4,08;4,46;6,53;6,35;6,2;3 kg;6,3;5,4;5,2;31,76;5,43;58,17;13499,0;1,33;1724,1280000000002;654,066;0,9729950157742835;0,9726039065419165;530,1785467603827;678,0440110539747;649,3071983603827;2134,8992791372;1116,2234800762983;1116,2234800762983
2022-04-12;iqm+ barra 4,2 kg;12530;12361,62;12,5;4,73;3,71;4,06;6,51;6,35;;barra;6,2;5,4;5,18;30,32;5,54;56,43;11902,0;1,63;1566,25;592,6690000000001;0,9244524894667457;0,9226361154553389;423,968797203435;539,4696048214068;524,3451516034349;1779,2533140547719;929,1957320635033;929,1957320635033
2022-04-13;tierno mini;9530;9824,49;12,7;4,64;3,67;4,39;6,54;6,44;6,33;500 g;6,25;5,46;5,18;30,88;5,54;57,59;5430,0;0,76;1210,31;442,19199999999995;0,9384769957687763;0,9407605184817238;338,3761234678861;428,8516430085389;424,6351456678861;1388,7682739913826;737,3418052923877;737,3418052923877
2022-04-13;tierno barra 3 kg;8530;8857,52;13,149999999999999;4,81;3,8;4,54;6,54;6,44;6,37;barra;6,3;5,65;5,5;31,56;5,42;58,15;14045,0;1,66;1121,695;410,29299999999995;0,9337201132965578;0,9323012791261263;314,27689396120803;397,2038945650803;394,703175561208;1258,567473273385;678,767283854184;678,767283854184
2022-04-13;light mini;11020;10811,0;10,05;2,42;3,27;4,36;6,59;6,49;6,42;500 g;6,35;5,58;5,22;20,22;5,56;50,01;3916,0;1,73;1107,5100000000002;266,68399999999997;0,9416597154557231;0,9405645665144472;332,8952601099926;246,07633339182206;427,1671801099926;1216,9947249842833;854,1635275144823;854,1635275144823
2022-04-13;cabra mini;9530;9649,77;11,65;4,45;3,04;4,16;6,54;6,46;6,39;500 g;6,33;5,83;5,32;31,69;5,6;56,95;13489,0;1,4;1110,245;424,085;0,9465424783272732;0,9455488654290911;277,6710832170804;406,03264384424983;357,9571696170804;1281,2642595274529;628,5463908991754;628,5463908991754
2022-04-13;iqm + mini sin lactosa;9020;9227,15;13,170000000000002;5,07;3,91;4,19;6,55;6,48;6,39;500 g;6,42;5,88;5,65;29,43;5,74;55,37;832,0;1,61;1187,9340000000002;457,314;;;;;;;;
2022-04-13;iqm  barra 3 kg;8520;8703,01;13,83;5,29;4,13;4,41;6,55;6,4;6,28;barra;6,3;5,74;5,28;31,67;5,38;57,93;8693,0;1,2;1178,316;450,708;;;;;;;;
2022-04-13;iqm  mini;8520;9971,33;12,299999999999999;4,68;3,68;3,94;6,58;6,44;6,25;500 g;6,22;5,46;5,3;32,1;5,54;58,92;3816,0;1,28;1047,9599999999998;398,736;;;;;;;;
2022-04-14;iqm  barra 3 kg;8530;9082,96;13,080000000000002;4,97;3,92;4,19;6,56;6,47;6,39;barra;6,4;5,7;5,43;31,12;5,46;56,0;10933,0;2,13;1115,7240000000002;423,941;;;;;;;;
2022-04-14;oveja do 3 kg;13030;13282,49;15,68;6,47;5,04;4,17;6,55;6,48;6,44;3 kg;6,45;5,82;5,5;32,2;5,25;58,21;12912,0;1,46;2043,104;843,0409999999999;0,8936479679204726;0,8939364547599643;598,2414579501695;768,2285207577086;709,0174245501696;2385,802859495989;1218,0337133656924;1218,0337133656924
2022-04-14;madurado 3 kg;13030;13330,2;12,399999999999999;4,47;3,55;4,38;;6,41;6,3;3 kg;6,25;5,23;5,09;32,09;5,37;57,21;16632,0;1,76;1615,7199999999998;582,441;0,9199070515617208;0,9212245473288696;435,32034674484584;548,9208034979074;552,0928987448458;1710,5665425300947;965,0286641231354;965,0286641231354
2022-04-14;iqm  mini;8020;8286,81;13,25;5,03;3,98;4,24;6,51;6,45;;500 g;6,36;5,65;5,32;30,93;5,62;56,97;5107,0;1,18;1062,65;403,406;;;;;;;;
2022-04-14;wasabi 3 kg;12330;12035,26;12,45;4,8;3,61;4,04;6,53;6,42;;3 kg;6,34;5,52;5,23;30,17;5,31;56,07;14445,0;1,65;1535,085;591,84;0,9066882306098416;0,9056435385337792;393,93145225529145;523,1834617715546;491,17635305529143;1734,1182027562297;876,0056234265943;876,0056234265943
2022-04-14;wasabi mini;8720;9031,76;13,610000000000001;5,26;3,95;4,4;6,51;6,38;;500 g;6,32;5,58;5,32;;;;6856,0;;1186,7920000000001;458,67199999999997;0,9500727418962983;0,9496788890104164;338,94274500029786;451,1644968172186;418,42223300029787;;;
2022-04-14;madurado mini;9320;9306,32;12,11;4,36;3,47;4,28;6,53;6,42;6,33;500 g;6,2;5,35;5,14;31,29;5,37;57,61;3807,0;1,27;1128,652;406,35200000000003;0,9759019989489267;0,9757461594567804;315,1473532927856;395,914421542266;394,8094524927856;1265,3065565428763;685,3140991022143;685,3140991022143
2022-04-15;tierno barra 4,2 kg;13530;14100,32;12,7;4,67;3,64;4,39;6,57;6,43;6,3;barra;6,3;5,22;5,1;31,29;5,29;58,09;13145,0;0,56;1718,31;631,851;0,9188626373507068;0,9178586401110188;471,6077629058766;604,3960952334203;595,4085725058766;1931,59506306622;1024,9760242827965;1024,9760242827965
2022-04-15;light barra 4,2 kg;14530;15121,29;10,65;2,54;3,44;4,67;6,59;6,47;6,33;barra;6,34;5,28;5,08;20,96;5,36;52,73;14511,0;0,95;1547,445;369,06199999999995;0,9109587051689043;0,9118280110345159;473,85555410559243;350,2156009383933;615,0884027055924;1670,8759586755407;1166,4866351329272;1166,4866351329272
2022-04-15;oveja do 3 kg;10530;10660,41;14,91;6,09;4,78;4,04;6,6;6,46;6,41;3 kg;6,39;5,41;5,23;31,66;5,2;59,23;5774,0;1,34;1570,023;641,2769999999999;0,8934461633477515;0,8941836681615217;455,27121539942937;580,5209991404613;541,4073281994293;1833,6102310185133;914,0761914560685;914,0761914560685
2022-04-15;oveja normal 3 kg;10310;10452,03;14,380000000000003;5,78;4,41;4,19;6,54;6,42;6,38;3 kg;6,34;5,35;5,23;31,94;5,23;59,08;3816,0;1,06;1482,5780000000002;595,918;0,9540580294412113;0,9534688601151033;439,75828271480475;576,0166005133564;527,3462941148048;1803,4333140681163;892,5969771746865;892,5969771746865
2022-04-15;wasabi 3 kg;12530;12706,32;13,54;5,22;3,95;4,37;6,51;6,48;6,39;3 kg;6,35;5,47;5,22;30,69;5,16;58,3;16756,0;1,29;1696,562;654,066;0,906042134701171;0,9064857023792106;454,7422212313492;601,2446847944316;565,7954580313492;1959,089882028125;970,4896364174086;970,4896364174086
2022-04-15;iqm + barra 4,2 sin lactosa;12030;12431,59;13,209999999999999;5,28;4,1;3,83;6,56;6,45;6,39;barra;6,37;5,58;5,36;30,69;5,32;57,75;3843,0;1,33;1589,1629999999998;635,184;;;;;;;;
2022-04-15;vaca barra 4,2 kg;14050;14584,98;12,64;4,64;3,95;4,05;6,56;6,47;6,4;barra;6,36;5,62;5,39;31,31;5,43;58,68;2155,0;1,17;1775,92;651,92;0,9685658064991652;0,9688779055533286;557,9972602007307;655,6814101970855;676,1355982007307;2094,1597259568366;1152,2419873904748;1152,2419873904748
2022-04-15;iqm+ barra 4,2 kg;11530;12226,54;12,91;5,08;4,04;3,79;6,5;6,38;6,18;barra;6,14;5,4;5,22;30,69;5,34;57,95;9486,0;1,22;1488,523;585,724;0,9250648181434148;0,9236047221416663;456,93781686557674;573,6584960362617;549,6149900655768;1869,2033106427555;948,4296636161807;948,4296636161807
2022-04-18;tierno pequeño;10020;10132,06;12,41;4,58;3,58;4,25;6,58;6,4;6,31;1 kg;6,32;5,5;5,33;31,77;5,51;58,05;4202,0;1,13;1243,482;458,916;0,9637831289573805;0,963175734660018;349,59088392710424;446,9601085026677;435,7133939271042;1406,8621608519602;750,5829352749427;750,5829352749427
2022-04-18;oveja do 3 kg;11830;12116,43;14,98;6,18;4,77;4,03;6,52;6,48;6,42;3 kg;6,42;5,69;5,39;30,98;5,4;57,65;11673,0;1,46;1772,134;731,0939999999999;0,8945536094131084;0,8934184553095669;517,0105782487504;668,9876063820294;614,6690040487505;2159,417709431986;1066,2081596682576;1066,2081596682576
2022-04-18;iqm  pequeño;8520;8819,65;12,96;4,92;3,89;4,15;6,54;6,36;6,29;1 kg;6,2;5,32;5,18;31,86;5,62;58,02;17813,0;1,2;1104,192;419,184;;;;;;;;
2022-04-18;tierno 3 kg;13530;14061,27;12,49;4,61;3,61;4,27;6,6;6,43;;3 kg;6,3;5,28;5,14;30,98;5,42;57,17;17522,0;1,9;1689,8970000000002;623,7330000000001;0,8972991802420309;0,8970522662762289;455,47969419424317;581,491298942232;575,5629399942432;1876,9893445520722;1006,7569354455889;1006,7569354455889
2022-04-18;wasabi 3 kg;13030;13006,87;13,5;5,26;3,95;4,29;6,55;;;3 kg;6,35;5,57;5,2;30,14;5,26;56,31;19468,0;1,24;1759,05;685,378;0,9053098900255111;0,9056543589039445;465,1222979464068;619,6137196889596;576,7212425464068;2055,7854004278684;1024,1897399154798;1024,1897399154798
2022-04-18;oveja do pequeño;11020;11285,32;15,620000000000001;6,31;5,01;4,3;6,54;6,43;6,3;1 kg;6,38;5,67;5,22;30,43;5,53;56,97;4140,0;1,67;1721,3240000000003;695,362;0,9001469920485141;0,9005733600225292;508,9381873004773;641,3016145888882;605,9919393004773;2107,4650495855676;1063,703597157236;1063,703597157236
2022-04-19;light barra 4,2 kg;12030;11912,85;9,969999999999999;2,48;3,45;4,04;6,57;6,49;6,41;barra;6,37;5,72;5,41;20,37;5,58;50,37;2718,0;1,46;1199,3909999999998;298,344;0,9117426966591067;0,9113121047527389;374,72016244439266;269,23684529617094;470,97599044439266;1321,7321811299505;935,0327386229754;935,0327386229754
2022-04-19;oveja do barra 4,2 kg;11940;12114,63;15,180000000000001;6,12;4,91;4,15;6,54;6,44;6,39;barra;6,42;6,1;5,69;31,37;5,46;58,34;2244,0;0,96;1812,4920000000002;730,7280000000001;0,9299546007390912;0,9298892675177984;553,1633449233141;689,4341823172878;653,714773923314;2197,7500233257497;1120,5258380584744;1120,5258380584744
2022-04-19;tierno barra 4,2 kg;12730;13011,79;12,64;4,66;3,7;4,28;6,56;6,42;6,38;barra;6,33;5,62;5,47;31,48;5,51;58,07;10803,0;1,04;1609,0720000000001;593,2180000000001;0,9184264112920313;0,9186523311014944;442,16374898486504;557,0243026331251;553,5446713848651;1769,4545826973476;953,2369061216895;953,2369061216895
2022-04-19;light 3 kg;12780;12877,99;9,63;2,4;3,33;3,9;6,62;6,47;;3 kg;6,34;5,36;5,27;20,17;5,44;52,14;1354,0;1,16;1230,7140000000002;306,72;0,9148007445386712;0,916175770657217;392,3004681773801;283,1640579063824;492,7487901773801;1403,8872479245533;945,0494633244729;945,0494633244729
2022-04-19;oveja do 3 kg;11330;11544,92;15,400000000000002;6,23;4,96;4,21;6,55;6,48;6,4;3 kg;6,41;5,56;5,41;;;;4461,0;;1744,8200000000004;705,859;0,8941229211362897;0,895176583349384;511,99984869636484;643,8544291319948;609,2080750963648;;;
2022-04-19;iqm+ barra 4,2 kg;12530;13327,72;13,510000000000002;5,28;4,02;4,21;6,53;6,4;6,28;barra;6,24;5,28;5,11;31,45;5,41;57,37;3915,0;1,23;1692,803;661,5840000000001;0,9237386554519291;0,9248874945855236;494,9154721521993;650,8466743330133;607,1348745521993;2069,4647832528244;1058,2793699707154;1058,2793699707154
2022-04-19;iqm+ 3 kg;13030;12887,75;13,39;5,22;3,98;4,19;6,53;6,43;6,35;3 kg;6,28;5,47;5,26;;;;12407,0;;1744,717;680,1659999999999;0,9714369222853286;0,9702470745630893;498,2815205682732;652,7245505774637;606,2808655682733;;;
2022-04-19;cabra barra 4,2 kg;10730;11054,87;11,43;4,07;3,12;4,24;6,56;6,45;6,37;barra;6,3;5,35;5,1;;;;5483,0;;1226,4389999999999;436,71100000000007;0,9092249930345965;0,9096730362145884;313,6025598809491;409,292108324803;407,34785748094913;;;
2022-04-19;wasabi barra 4,2 kg;11530;11675,45;13,28;5,14;3,9;4,24;6,53;6,45;6,4;barra;6,4;5,75;5,63;30,87;5,41;56,39;13115,0;1,4;1531,184;592,6419999999999;0,9277346287087761;0,9272453953092966;422,4370515595574;556,4567726841259;521,4448675595575;1802,5810582576153;924,7115934732354;924,7115934732354
2022-04-19;madurado barra 4,2 kg;10030;10437,18;12,18;4,46;3,54;4,18;6,56;6,4;6,32;barra;6,06;5,0;4,96;;;;4070,0;;1221,654;447,338;0,9592500141284687;0,9618784626916312;354,42002321113256;447,7527199343185;441,67484801113255;;;
2022-04-20;tierno mini;9220;9016,81;12,81;4,69;3,71;4,41;6,55;6,44;6,36;500 g;6,32;5,6;5,28;30,85;5,45;57,17;5205,0;0,73;1181,082;432,418;0,9382311425265251;0,9379516520187668;313,8605072798745;396,6488630821049;393,38877147987455;1285,7337539128198;688,1035009268402;688,1035009268402
2022-04-20;tierno barra 3 kg;9220;8966,62;12,649999999999999;4,63;3,66;4,36;6,52;6,43;6,3;barra;6,35;5,6;5,25;30,63;5,42;57,27;12607,0;1,59;1166,33;426,88599999999997;0,9322598490852272;0,9333148144279587;305,9474449729677;387,4698507263209;384,1363713729677;1265,0011450418572;670,746239519762;670,746239519762
2022-04-20;light mini;11020;10860,14;9,96;2,41;3,36;4,19;6,59;6,48;6,4;500 g;6,35;5,58;5,26;20,36;5,57;50,86;3587,0;1,61;1097,592;265,582;0,9421769238817924;0,9427079209719541;343,80102281702045;246,73435402083103;434,8089960170205;1211,85832033807;854,9134801750306;854,9134801750306
2022-04-20;cabra mini;9520;9478,85;11,14;3,96;3,05;4,13;6,6;6,47;6,38;500 g;6,34;5,32;5,11;30,48;5,49;57,39;10285,0;1,07;1060,528;376,99199999999996;0,944113288925347;0,9453475227196186;272,94780158626577;354,84797168294193;351,24310258626576;1164,199382161883;612,0284066671297;612,0284066671297
2022-04-20;iqm  barra 3 kg;8020;8288,34;13,129999999999999;5,02;3,97;4,14;6,57;6,44;;barra;6,31;5,36;5,12;30,93;5,51;57,26;8951,0;1,51;1053,0259999999998;402,6039999999999;;;;;;;;
2022-04-20;iqm  mini;8090;8556,91;13,799999999999999;5,28;4,17;4,35;6,57;;;500 g;6,36;5,44;5,22;;;;3520,0;;1116,4199999999998;427,15200000000004;;;;;;;;
2022-04-20;madurado mini;10100;10245,88;12,07;4,43;3,53;4,11;6,56;6,46;6,42;500 g;6,2;5,29;5,08;29,84;5,45;55,76;4208,0;1,52;1219,07;447,43;0,9748736727806551;0,9746964093812143;352,59188492638594;442,40737439992023;436,8130185263859;1482,5984396780168;783,3805927661153;783,3805927661153
2022-04-21;oveja do 3 kg;10830;11011,31;14,240000000000002;5,67;4,45;4,12;6,55;6,5;6,43;3 kg;6,43;;;30,11;5,19;56,33;10252,0;1,65;1542,192;614,061;0,8942485994860431;0,8929584319765662;438,1847602972964;557,5108077281669;528,9179546972964;1851,5802315781034;938,9631718396882;938,9631718396882
2022-04-21;iqm  pequeño;8820;8947,93;13,48;5,15;4,03;4,3;6,52;6,48;6,36;1 kg;6,32;5,6;5,37;30,77;5,49;57,27;25679,0;1,16;1188,9360000000001;454,23;;;;;;;;
2022-04-21;madurado 3 kg;8520;8890,99;13,969999999999999;5,33;4,18;4,46;6,53;6,39;6,3;3 kg;6,37;5,27;5,01;31,14;5,19;57,34;26722,0;1,23;1190,244;454,116;0,9218289836702587;0,9208569042771527;342,5916411168377;436,3846638082412;421,89927191683773;1401,3637244965998;735,7852666844049;735,7852666844049
2022-04-21;wasabi 3 kg;13530;13400,53;13,23;5,12;3,89;4,22;6,51;6,47;6,42;3 kg;6,39;5,57;5,24;;;;13542,0;;1790,019;692,7360000000001;0,9072280264252558;0,9056255709106479;472,92038537464964;621,3561667458696;586,0208585746497;;;
2022-04-22;cabra barra 4,2 kg;12030;12110,82;11,379999999999999;4,26;3,03;4,09;6,58;6,46;6,38;barra;6,35;5,5;5,27;32,38;5,34;58,05;7540,0;1,17;1369,014;512,478;0,909492771844402;0,9084581793704832;333,74550850859123;468,6925905838429;432,81201610859125;1447,4755731434307;745,5848684041192;745,5848684041192
2022-04-22;tierno barra 4,2 kg;13230;13637,5;12,71;4,7;3,69;4,32;6,54;6,44;;barra;6,33;5,54;5,3;30,92;5,34;57,01;21401,0;0,57;1681,5330000000001;621,81;0,9173080821647318;0,918742376428763;461,61121301224443;588,879410451721;579,4392130122444;1904,525907023677;1016,3817102477539;1016,3817102477539
2022-04-22;oveja do 3 kg;10030;10204,18;14,71;6,03;4,77;3,91;6,58;6,5;6,45;3 kg;6,44;5,62;5,31;31,83;5,28;57,77;3840,0;1,35;1475,4130000000002;604,809;0,8940984336203304;0,894728429617476;435,1929226039213;550,5371878001237;514,9896102039213;1729,617303801834;891,4481741456142;891,4481741456142
2022-04-22;wasabi 3 kg;12530;12694,02;13,25;5,18;4,0;4,07;6,53;6,45;6,4;3 kg;6,4;5,71;5,39;;;;17980,0;;1660,225;649,054;0,9063768890031207;0,9057888417848745;460,2226542617358;595,6016666818109;563,5519770617358;;;
2022-04-22;vaca barra 4,2 kg;13910;14382,29;12,76;4,97;3,93;3,86;6,6;6,48;;barra;6,4;5,69;5,33;30,34;5,46;55,13;2228,0;1,59;1774,9160000000002;691,327;0,9687994720603111;0,9691272981279545;547,588709889419;692,7320114750571;658,619988689419;2283,2300971491663;1194,6671298556485;1194,6671298556485
2022-04-22;iqm+ barra 4,2 kg;11530;11906,63;13,350000000000001;5,07;3,99;4,29;6,53;6,38;6,27;3 kg;6,21;5,44;5,28;32,68;5,47;58,78;10571,0;0,7;1539,2550000000003;584,571;0,9240749942138023;0,923566990043024;439,0045000293998;557,5261208342578;541,1633854293998;1706,016281622576;920,6590429217417;920,6590429217417
2022-04-22;oveja normal barra 4,2 kg;11530;12507,85;14,61;5,76;4,52;4,33;6,55;6,48;6,42;barra;6,42;5,88;5,49;30,38;5,51;56,23;4488,0;1,71;1684,533;664,128;0,9781995857521031;0,976730009059907;553,0298507269548;703,6872447640296;661,3478317269548;2316,284544977056;1176,1476644619506;1176,1476644619506
2022-04-25;oveja do 3 kg;12530;12837,56;14,8;5,75;4,94;4,11;6,55;6,49;6,43;3 kg;6,42;5,8;5,54;32,24;5,22;58,43;15240,0;1,31;1854,44;720,475;0,8933603469382395;0,8945731175911076;566,547212538759;660,3378241091167;672,071955738759;2048,1942435146298;1150,2172783480387;1150,2172783480387
2022-04-25;tierno pequeño;9000;9000,0;12,41;4,52;3,6;4,29;6,55;6,4;6,34;1 kg;6,28;5,55;5,26;30,89;5,56;56,86;5077,0;1,72;1116,9;406,79999999999995;0,9623450801502239;0,9629878193313322;311,79980596867256;391,7434449039859;389,0198059686726;1268,1885558562185;684,1713084218653;684,1713084218653
2022-04-25;iqm  pequeño;8520;8825,38;13,16;4,98;3,97;4,21;6,55;;;1 kg;6,18;5,5;5,27;29,9;5,53;55,93;18161,0;1,42;1121,232;424,29600000000005;;;;;;;;
2022-04-25;tierno 3 kg;15030;15286,59;12,59;4,59;3,65;4,35;6,57;6,4;;3 kg;6,3;5,23;5,08;30,5;5,34;57,27;14004,0;1,59;1892,277;689,877;0,8963613298107349;0,8976182190248855;500,13424713450917;629,8178456060502;633,1275801345091;2064,9765429706567;1105,5134977030018;1105,5134977030018
2022-04-25;wasabi 3 kg;13030;12879,74;13,41;5,21;3,92;4,28;6,56;6,46;6,4;3 kg;6,39;5,54;5,3;30,87;5,25;56,32;16816,0;1,68;1747,3229999999999;678,863;0,9067146190792738;0,9066402681857764;457,7873430792513;608,386857336456;568,0379174792513;1970,8029068236347;1008,5900523424206;1008,5900523424206
2022-04-26;oveja do barra 4,2 kg;11530;12298,46;15,74;6,38;5,1;4,26;6,53;6,49;6,44;barra;6,41;6,19;5,84;30,31;5,12;56,69;6709,0;1,97;1814,8220000000001;735,6139999999999;0,929952492476529;0,9301743390246136;583,2861600617675;729,8536193170173;688,0690392617676;2407,9631122303444;1213,7397058771699;1213,7397058771699
2022-04-26;light barra 4,2 kg;15030;14915,36;10,290000000000001;2,5;3,31;4,48;6,56;6,46;6,4;barra;6,36;5,5;5,37;20,77;5,38;50,92;14523,0;1,65;1546,5870000000002;375,75;0,9127699087409639;0,9113828168498117;450,6330581178784;339,8400702782252;584,2746837178785;1636,2064048060915;1147,4365351882925;1147,4365351882925
2022-04-26;iqm+ 3 kg;12030;12407,23;13,239999999999998;5,06;4,0;4,18;6,54;6,38;6,29;3 kg;6,26;5,56;5,27;31,26;5,32;57,52;11441,0;1,14;1592,772;608,718;0,970416989350901;0,9721884191228137;481,6074713113672;610,3455651612932;585,3319141113672;1952,481014591469;1017,6145933785937;1017,6145933785937
2022-04-26;wasabi 3 kg;12530;13035,57;13,75;5,34;4,02;4,39;6,51;6,42;6,34;3 kg;6,33;5,49;5,26;31,29;5,29;57,72;14390,0;1,48;1722,875;669,102;0,9058921074870402;0,9060552918695985;474,7145631797124;630,7045794673535;589,1668677797124;2015,6745908192825;1020,7326191609711;1020,7326191609711
2022-04-26;iqm + barra 4,2 sin lactosa;13030;13321,68;13,04;5,04;3,9;4,1;6,62;6,46;6,4;barra;6,44;5,88;5,45;30,09;5,39;56,18;4286,9;1,95;1699,1119999999999;656,712;;;;;;;;
2022-04-26;iqm+ barra 4,2 kg;13030;13006,87;13,540000000000001;5,24;4,06;4,24;6,55;6,42;6,26;barra;6,26;5,6;5,4;30,62;5,3;57,24;9437,1;1,08;1764,2620000000002;682,7719999999999;0,9246389661454999;0,9239032539229581;488,28234848131;629,6954906568923;598,5806060813101;2056,484293458172;1045,7383055229036;1045,7383055229036
2022-04-26;oveja normal barra 4,2 kg;10420;11816,7;14,06;5,73;4,34;3,99;6,6;6,48;6,43;barra;6,48;5,7;5,29;30,99;5,34;56,4;5861,0;1,32;1465,0520000000001;597,066;0,9798494349684158;0,9782250157617942;502,51066790950154;662,3531354570123;596,8079339095016;2137,312473239794;1058,1700955842227;1058,1700955842227
2022-04-28;tierno mini;9030;8969,27;12,57;4,64;3,62;4,31;6,58;6,46;6,38;500 g;6,34;5,58;5,33;30,52;5,68;57,46;8499,0;0,67;1135,0710000000001;418,99199999999996;0,9388986239860133;0,9392724248724139;304,8487164539569;390,90088237572235;382,1638238539569;1280,8023668929304;665,0954122066776;665,0954122066776
2022-04-28;tierno barra 3 kg;8030;8311,23;12,65;4,67;3,64;4,34;6,56;6,45;6,37;barra;6,36;5,36;5,08;31,05;5,37;57,82;12789,0;0,31;1015,795;375,001;0,9307678988202646;0,9321007738867955;281,58406944711487;361,78041282821874;353,72554584711486;1165,1543086255033;611,770228030292;611,770228030292
2022-04-28;light mini;9520;9274,8;10,280000000000001;2,53;3,35;4,4;6,63;6,5;6,43;500 g;6,37;5,6;5,44;;;;4431,0;;978,6560000000001;240,856;0,942617107964397;0,9414033397251631;292,8766026237643;220,9025906906584;374,4948426237643;;;
2022-04-28;cabra mini;9020;9127,38;10,92;3,98;2,92;4,02;6,62;6,49;6,39;500 g;6,35;5,59;5,28;30,9;5,51;56,34;7107,0;1,4;984,9839999999999;358,996;0,9462489793081357;0,9443964136769845;252,1938010557187;343,070624543028;325,57793625571867;1110,2609208512233;577,8806110325145;577,8806110325145
2022-04-28;madurado mini;9020;9164,24;11,940000000000001;4,36;3,46;4,12;6,55;6,38;6,23;500 g;6,1;5,28;5,1;30,76;5,25;57,59;3693,0;1,31;1076,9880000000003;393,27200000000005;0,97517436369468;0,9745938528012772;309,21092411178853;389,4095618743671;384,72426171178853;1265,9608643509982;668,0400446462728;668,0400446462728
2022-04-28;iqm  barra 3 kg;8020;8550,46;13,100000000000001;4,9;3,95;4,25;6,58;;;barra;6,33;5,54;5,28;;;;8811,0;;1050,6200000000001;392,98;;;;;;;;
2022-04-28;wasabi mini;8020;7733,8;12,580000000000002;4,9;3,72;3,96;6,55;6,43;6,22;3 kg;6,15;4,89;4,82;32,34;5,31;58,18;3737,0;1,15;1008,9160000000002;392,98;0,9516861681220155;0,9513106681436517;273,79759811722;360,50507581917935;335,04929411722003;1114,7343098923295;575,8839706380544;575,8839706380544
2022-04-29;oveja do barra 4,2 kg;11530;11728,48;15,21;6,12;4,94;4,15;6,56;6,49;6,44;barra;6,41;5,87;5,45;31,1;5,21;58,35;4404,0;1,37;1753,7130000000002;705,6360000000001;0,9303224902821072;0,9303735666673993;539,0166748087001;667,8063074742604;636,3630588087001;2147,2871622966572;1090,596501814396;1090,596501814396
2022-04-29;tierno barra 4,2 kg;14530;15043,02;12,64;4,64;3,66;4,34;6,58;6,45;6,37;barra;;5,52;5,33;29,25;5,39;56,01;16275,0;0,98;1836,592;674,192;0,9181846098307046;0,9176539982259561;505,5290618471429;640,5189376054362;636,1024754471429;2189,8083336937993;1135,6944749993625;1135,6944749993625
2022-04-29;oveja do 3 kg;11530;11793,81;16,04;6,32;5,27;4,45;6,55;6,49;6,41;3 kg;6,42;5,78;5,41;32,87;5,24;60,22;13575,0;1,18;1849,4119999999998;728,696;0,8944312623691981;0,893953481784151;555,9192497115183;666,3250268216466;660,8841587115184;2027,1525002179696;1097,4496159274634;1097,4496159274634
2022-04-29;light barra 4,2 kg;13030;13159,93;10,61;2,58;3,4;4,63;6,55;6,47;6,42;barra;6,33;5,42;5,29;21,76;5,37;51,05;16089,0;1,55;1382,483;336,17400000000004;0,9121365257359273;0,9119537789906237;408,1241961903521;309,63219568460363;529,9851479903521;1422,9420757564503;1038,168752184823;1038,168752184823
2022-04-29;light 3 kg;15350;15663,47;10,16;2,48;3,27;4,41;6,59;6,45;6,4;3 kg;6,34;5,28;5,03;21,36;5,41;50,48;1967,0;1,45;1559,56;380,68;0,9151364001205642;0,914696169879066;468,728717658724;355,3174371971882;606,8805230587241;1663,4711479269113;1202,21973664565;1202,21973664565
2022-04-29;wasabi 3 kg;12530;13086,42;13,31;5,13;3,92;4,26;6,53;6,44;6,39;3 kg;6,36;5,4;5,07;31,19;5,16;57,43;3987,0;1,51;1667,7430000000002;642,789;0,9064608315277295;0,9053532351180836;465,0032244729075;607,7938166437478;576,4995228729075;1948,6816820896051;1003,8299196811901;1003,8299196811901
2022-04-29;madurado 3 kg;12530;12705,08;12,370000000000001;4,59;3,67;4,11;6,55;6,42;6,35;3 kg;6,31;5,22;4,92;31,07;5,22;58,57;25624,0;1,26;1549,961;575,127;0,9219122534361721;0,9211827256907403;429,865959836947;537,1998403054181;534,301717436947;1728,9985204551597;912,2446942751358;912,2446942751358
2022-04-29;madurado barra 4,2 kg;15440;15709,1;12,45;4,54;3,6;4,31;;;;barra;6,25;5,3;5,22;30,59;5,2;57,45;2108,0;1,44;1922,28;700,9760000000001;0,9597785493953148;0,9588366853012659;542,7812595710138;683,8357463372016;678,1937015710139;2235,4878925701264;1180,49382344824;1180,49382344824
2022-04-29;wasabi barra 4,2 kg;13030;13129,0;13,57;5,25;3,98;4,34;;;;barra;6,39;5,96;5,51;30,08;5,95;55,15;4825,0;2,0;1768,171;684,075;0,9278029406991195;0,9281647582453558;484,8087673758618;639,758443327672;598,7684873758618;2126,8565270201866;1085,708952630756;1085,708952630756
2022-05-02;oveja do 3 kg;11530;11795,28;14,77;5,87;4,85;4,05;6,6;;;3 kg;6,45;5,72;5,47;30,97;5,4;58,08;15858,0;1,32;1702,981;676,811;0,8941615312118932;0,8945302179316639;511,5239528548415;619,3574586322453;607,0657208548415;1999,8626368493553;1045,2233485792726;1045,2233485792726
2022-05-02;tierno pequeño;9030;9328,65;12,579999999999998;4,64;3,63;4,31;6,59;6,48;6,4;1 kg;6,4;5,67;5,35;31,23;5,77;57,55;2566,0;1,43;1135,9739999999997;418,99199999999996;0,9629570104779104;0,9633328304348315;326,08612764334976;416,9779991207053;406,49909064334975;1335,1841150198695;706,3407309180708;706,3407309180708
2022-05-02;iqm  pequeño;8530;9071,17;12,98;4,93;3,89;4,16;6,57;6,46;6,37;1 kg;6,35;5,58;5,36;29,79;5,52;55,64;10608,0;1,57;1107,1940000000002;420,52899999999994;;;;;;;;
2022-05-02;tierno 3 kg;14530;14764,2;12,719999999999999;4,77;3,63;4,32;6,6;6,45;;3 kg;6,3;5,36;5,13;31,33;5,4;56,21;12809,0;1,63;1848,2159999999997;693,0809999999999;0,8970796206027093;0,8969675838477124;480,7812645224415;631,6915198288976;608,3439525224416;2016,2512602262934;1082,2699742438026;1082,2699742438026
2022-05-02;tierno barra 3 kg;8020;8291,01;12,54;4,63;3,62;4,29;6,58;6,46;6,32;barra;6,28;5,45;5,29;31,47;5,46;57,41;11728,0;1,81;1005,7079999999999;371,32599999999996;0,9324742891804915;0,9338245480178013;279,86776235944814;358,47074322936766;351,00462815944815;1139,0872044148957;611,3998051897721;611,3998051897721
2022-05-02;wasabi 3 kg;13030;13240,82;13,370000000000001;5,17;3,91;4,29;6,6;6,5;6,47;3 kg;6,37;5,44;5,1;;;;25321,0;;1742,111;673,6510000000001;0,9061834321621766;0,9059297975819094;469,14571794864617;620,1545998710363;582,7519535486462;;;
2022-05-03;oveja do barra 4,2 kg;12530;12758,49;16,19;6,57;5,25;4,37;6,56;6,49;6,44;barra;6,38;5,73;5,5;31,3;5,36;59,4;7481,0;1,33;2028,6070000000002;823,221;0,9302772954362019;0,9292688593490119;623,1190124801159;778,9436314200466;734,6282150801159;2488,6378000640466;1236,747836835212;1236,747836835212
2022-05-03;iqm+ 3 kg;13030;13591,22;13,21;5,04;3,99;4,18;6,59;6,35;6,22;3 kg;6,15;5,14;5,1;31,09;5,35;57,81;10978,0;1,15;1721,2630000000001;656,712;0,9716205993300988;0,9711675538677014;526,8998219488863;665,2473348264801;640,5224211488862;2139,74697596166;1107,9785870072412;1107,9785870072412
2022-05-03;iqm+ barra 4,2 kg;13030;13426,6;13,950000000000001;5,34;4,21;4,4;6,56;6,42;6,3;barra;6,25;5,26;5,05;;;;26942,0;;1817,685;695,802;0,9241163522288862;0,9233018315387128;522,3658798846109;661,9893534294321;640,5199598846109;;;
2022-05-03;wasabi 3 kg;12030;12208,86;13,620000000000001;5,26;3,95;4,41;6,6;6,45;6,38;3 kg;6,35;5,53;5,2;30,53;5,29;56,1;21949,0;1,71;1638,486;632,7779999999999;0,9062340498310502;0,9060025639209076;437,03134334400244;581,8221951302044;544,7134885440024;1905,7392568955268;970,9687852834267;970,9687852834267
2022-05-03;cabra barra 4,2 kg;11530;11941,85;12,11;4,49;3,19;4,43;6,56;6,45;6,35;barra;6,22;5,24;5,12;33,16;5,43;58,12;5932,0;1,33;1396,283;517,697;0,9088702047348134;0,9089331000000905;346,2295737757566;487,35998903660004;452,0343647757566;1469,7225242358265;777,7604349204347;777,7604349204347
2022-05-03;vaca barra 4,2 kg;13790;14315,49;12,719999999999999;4,93;3,92;3,87;6,61;6,45;6,39;barra;6,38;5,52;5,17;33,15;5,35;57,77;2168,0;1,25;1754,088;679,847;0,9678238955176419;0,9675996516238892;543,1110332833188;682,8869926454857;653,9129258833187;2059,9909280406814;1131,9247462061949;1131,9247462061949
2022-05-04;tierno barra 3 kg;8030;8314,66;12,709999999999999;4,64;3,65;4,42;6,59;6,45;6,33;barra;6,26;5,5;5,28;31,45;5,38;58,01;9347,0;1,84;1020,6129999999998;372,592;0,9334417836119709;0,9320605572163556;283,2856637092395;359,58917175563477;356,7872581092395;1143,3677957253888;615,044402877503;615,044402877503
2022-05-04;tierno mini;9030;8905,71;12,29;4,48;3,53;4,28;6,6;6,46;6,35;500 g;6,28;5,5;5,23;30,34;5,51;57,14;8656,0;0,81;1109,787;404,54400000000004;0,9400653613767997;0,9388193356884124;295,5298169781843;374,5662030223076;371,76269457818427;1234,5623039627806;650,6172463741411;650,6172463741411
2022-05-04;light mini;11020;10798,18;10,0;2,43;3,32;4,25;6,63;6,45;6,38;500 g;6,3;5,27;5,05;21,15;5,4;51,44;2382,0;1,61;1102,0;267,786;0,9429538835963864;0,9415386733212248;338,0485674568579;247,05576893705594;429,8330974568579;1168,1123826811156;835,6008893018234;835,6008893018234
2022-05-04;iqm  barra 3 kg;8120;8465,64;13,34;5,04;3,99;4,31;6,61;6,47;6,41;barra;6,34;5,55;5,25;32,23;5,39;58,41;13519,0;1,2;1083,208;409,24800000000005;;;;;;;;
2022-05-04;cabra mini;10020;10462,74;10,540000000000001;3,81;2,83;3,9;6,61;6,45;6,42;500 g;6,35;5,37;5,17;29,46;5,45;55,84;3483,0;1,47;1056,108;381,76199999999994;0,9462330789128354;0,9452162481608727;280,1753963590247;376,7919254195705;361,7847683590247;1278,9949946353374;647,8953588091417;647,8953588091417
2022-05-04;wasabi mini;8520;8662,67;13,2;5,16;3,82;4,22;6,58;6,52;6,42;500 g;6,4;5,95;5,77;;;;6940,0;;1124,64;439,63200000000006;0,9523984216772599;0,950188127594945;315,16196559651826;424,7281752632818;388,27490039651826;;;
2022-05-04;madurado mini;9020;9415,68;13,01;4,76;3,76;4,49;;6,38;6,22;500 g;6,3;5,17;5,0;31,08;5,42;56,42;6497,0;1,3;1173,502;429,352;0,973600136298952;0,9727803841184931;344,6832356586591;435,9869072197123;429,2360420586591;1402,7892767687013;760,7870295261594;760,7870295261594
2022-05-06;tierno barra 4,2 kg;14530;14520,63;12,600000000000001;4,64;3,66;4,3;6,58;;;barra;6,3;5,22;5,05;30,41;5,36;56,63;12682,0;0,81;1830,7800000000002;674,192;0,9186088870468926;0,9173179644020891;488,19933934482174;618,049612559426;613,0767573448218;2032,3893869103126;1082,6006663337837;1082,6006663337837
2022-05-06;oveja do 3 kg;11530;11922,37;15,7;6,34;5,13;4,23;;;;3 kg;6,4;5,87;5,57;31,17;5,24;57,82;16085,0;1,26;1810,21;731,002;0,8939336747732416;0,8940910394361674;546,7455517392508;675,8239773824196;647,6088019392508;2168,1872870786638;1120,042895086909;1120,042895086909
2022-05-06;light barra 4,2 kg;13030;13012,21;10,24;2,38;3,37;4,49;6,61;6,46;6,39;barra;6,33;5,34;5,17;19,76;5,29;51,35;7247,0;1,41;1334,2720000000002;310,114;0,9114488813193834;0,9118925010287225;399,68079515736054;282,4045339553007;516,5304409573605;1429,1727426887685;1005,901540325921;1005,901540325921
2022-05-06;light 3 kg;15130;16025,31;10,42;2,41;3,42;4,59;6,62;6,45;6,39;3 kg;6,42;5,31;5,16;19,7;5,44;50,26;1714,0;1,77;1576,546;364,63300000000004;0,9142943185361405;0,91416846194519;501,09326609368964;353,0609751769664;648,2056118936896;1792,1876912536368;1289,7047590403695;1289,7047590403695
2022-05-06;oveja normal barra 4,2 kg;11780;12171,48;13,61;5,36;4,34;3,91;6,58;6,47;6,43;barra;6,39;5,8;5,52;30,25;5,24;56,12;2002,0;1,67;1603,2579999999998;631,408;0,9772701521049841;0,9799195642035025;516,2353664149163;639,2910258239043;611,4163400149163;2113,3587630542293;1089,4802922575132;1089,4802922575132
2022-05-06;cabra barra 4,2 kg;11020;11192,23;11,11;4,03;3,05;4,03;6,61;6,45;6,39;barra;6,39;5,54;5,31;;;;5743,0;;1224,322;444,10600000000005;0,908678682782891;0,908981504856678;310,1892948209962;409,9932617445129;400,3986686209962;;;
2022-05-06;wasabi barra 4,2 kg;12030;12213,35;13,41;5,26;3,9;4,25;6,58;6,47;6,42;barra;6,35;5,55;5,33;30,43;5,39;56,03;5783,0;1,71;1613,223;632,7779999999999;0,9263597723970818;0,9261893902864426;441,2442889220301;595,004634986369;545,0577639220301;1955,3224942043014;972,7962947028914;972,7962947028914
2022-05-06;madurado barra 4,2 kg;14720;15275,91;12,100000000000001;4,28;3,54;4,28;6,55;;;3 kg;6,37;5,41;5,25;;;;5729,0;;1781,1200000000003;630,0160000000001;0,9606035461055128;0,9605916500991363;519,4629033859986;628,0434162089003;650,2246929859987;;;
2022-05-06;wasabi 3 kg;11530;11918,46;13,979999999999999;5,52;4,06;4,4;6,58;6,46;6,4;3 kg;6,34;5,29;5,12;31,56;5,28;58,09;3520,0;1,15;1611,894;636,456;0,9049685826184847;0,9049802872481192;437,9047732397212;595,385618760408;542,7872212397212;1886,5197045640305;934,3901209153403;934,3901209153403
2022-05-09;oveja do 3 kg;13530;14132,28;15,780000000000001;6,38;5,17;4,23;6,59;6,47;6,42;3 kg;6,42;5,72;5,38;32,1;5,31;59,28;18159,0;1,34;2135,034;863,2139999999999;0,8942156226156959;0,8941789682671025;653,3486974095722;806,2270456684233;772,9077862095722;2511,610734169543;1303,8255502860532;1303,8255502860532
2022-05-09;tierno pequeño;9020;9163,47;12,2;4,48;3,5;4,22;6,61;6,45;6,34;1 kg;6,2;5,38;5,13;31,02;5,34;56,74;2497,0;1,53;1100,44;404,09600000000006;0,9624213167548583;0,9647663902994297;308,66916022052743;396,0592327783668;386,0088470205274;1276,7866949657216;680,3116796272953;680,3116796272953
2022-05-09;iqm  pequeño;8520;8913,58;13,0;4,92;3,91;4,17;6,59;6,45;6,38;1 kg;6,28;5,4;5,16;29,68;5,55;56,33;21556,0;1,55;1107,6;419,184;;;;;;;;
2022-05-09;tierno 3 kg;13530;14026,55;12,940000000000001;4,74;3,72;4,48;6,62;6,48;;3 kg;6,36;5,38;5,15;31,45;5,38;57,75;11656,0;1,34;1750,7820000000002;641,322;0,8969287909407162;0,8977135139542142;468,0063750115856;596,8524333859224;593,6842630115856;1897,7819821491967;1028,0246978555595;1028,0246978555595
2022-05-09;wasabi 3 kg;14530;15064,92;13,889999999999999;5,49;4,05;4,35;6,58;6,48;6,42;3 kg;6,34;5,25;5,01;31,53;5,15;57,47;7282,0;1,33;2018,2169999999999;797,697;0,9057807772597815;0,9058778251982061;552,6433553517353;749,2190354545343;683,7081593517353;2376,2100712164106;1189,6783701961638;1189,6783701961638
2022-05-09;tierno barra 3 kg;8020;8148,72;12,22;4,49;3,5;4,23;6,63;6,45;6,31;barra;6,2;5,33;5,1;31,89;5,43;57,13;12589,0;1,53;980,0440000000001;360,098;0,9326296143667071;0,9332080057133006;265,99081569137957;341,43983824019233;334,92898689137957;1070,6799568522806;586,2576350277955;586,2576350277955
2022-05-09;wasabi pequeño;8020;8353,7;13,66;5,32;4,04;4,3;6,57;6,47;6,41;1 kg;6,36;5,8;5,36;;;;4229,0;;1095,532;426,664;0,9809857976236421;0,9798644855996814;331,0723867273882;435,46827831843603;402,9142067273882;;;
2022-05-10;iqm + barra 4,2 sin lactosa;13910;14047,38;13,4;5,07;4,07;4,26;6,66;6,49;6,4;barra;6,35;5,5;5,38;29,97;5,44;56,72;2157,0;1,76;1863,94;705,237;;;;;;;;
2022-05-10;tierno barra 4,2 kg;13680;13755,74;12,27;4,53;3,62;4,12;6,6;6,44;6,36;barra;6,33;5,38;5,1;32,02;5,36;57,98;3880,0;1,24;1678,536;619,7040000000001;0,9186226928420065;0,9177529977496723;457,435324134209;571,8840344433081;570,782621734209;1786,021344295153;984,447433139374;984,447433139374
2022-05-10;iqm+ barra 4,2 kg;12530;12945,42;13,49;5,15;4,08;4,26;6,61;;;barra;6,34;5,62;5,13;30,91;5,42;56,39;23290,0;1,47;1690,297;645,2950000000001;0,9236557970330651;0,923925236342833;487,8501789035335;615,9709120024477;598,1451573035336;1992,7884568180127;1060,7291315898806;1060,7291315898806
2022-05-10;iqm+ 3 kg;14840;14707,58;13,32;5,09;4,01;4,22;6,59;6,48;6,4;3 kg;6,37;5,4;5,27;30,28;5,36;56,95;2300,0;1,2;1976,688;755,3559999999999;0,9713813885731757;0,9718218384633306;572,8954462663378;727,5212044387775;697,0274214663377;2402,6459855970197;1223,9287470875113;1223,9287470875113
2022-05-10;wasabi 3 kg;12530;12717,76;13,629999999999999;5,3;3,98;4,35;6,56;6,47;;3 kg;6,29;5,35;5,12;32,83;5,14;58,93;25217,0;1,16;1707,839;664,09;0,9059940154190368;0,9057704054107578;458,5841350915173;610,526643449186;569,2286470915172;1859,6608085567655;965,9403480256528;965,9403480256528
2022-05-10;cabra barra 4,2 kg;11530;11888,41;12,149999999999999;4,52;3,27;4,36;6,56;6,44;6,4;barra;6,3;5,36;5,11;32,56;5,45;58,14;11718,0;1,14;1400,8949999999998;521,156;0,909206867821468;0,9088860150764984;353,4550854369116;488,3954734904007;457,1220206369116;1499,9860979434911;786,2435855468035;786,2435855468035
2022-05-10;oveja normal 3 kg;9030;9031,77;14,65;5,84;4,89;3,92;6,63;6,48;6,45;3 kg;6,41;5,7;5,39;30,89;5,41;57,4;3324,0;1,25;1322,895;527,352;0,9546659311133852;0,953391885095285;421,6316004042797;502,8716676011473;492,4406772042797;1627,9432424770064;857,9105874639021;857,9105874639021
2022-05-12;tierno mini;9030;9138,06;11,9;4,25;3,49;4,16;6,61;6,46;6,4;500 g;6,31;5,5;5,2;29,83;5,66;56,05;6183,0;0,56;1074,57;383,775;0,9388880796158455;0,9399600753633667;299,42858460802165;365,04999156668606;375,45724380802164;1223,767990501797;669,86127352011;669,86127352011
2022-05-12;tierno barra 3 kg;8030;8222,72;12,97;4,69;3,78;4,5;6,57;6,43;6,35;barra;6,3;5,46;5,2;30,56;5,43;56,7;6988,0;1,58;1041,491;376,607;0,932377038966875;0,9318771435261993;289,80032731726993;359,3742903213786;363,80480731726993;1175,9629918893281;641,6310534696119;641,6310534696119
2022-05-12;light mini;11020;11469,34;10,05;2,33;3,34;4,38;6,6;6,51;6,44;500 g;6,33;5,5;5,17;20,38;5,44;50,5;4968,6;2,14;1107,5100000000002;256,766;0,940478911737819;0,943445935447607;360,27485821180466;252,12236138271308;460,74627661180466;1237,1067781291124;912,368864577831;912,368864577831
2022-05-12;cabra mini;9330;9623,56;10,81;3,94;2,93;3,94;6,57;6,2;6,08;500 g;6,15;5,27;5,11;32,08;5,51;58,22;2093,89;1,24;1008,573;367,602;0,9451785589839631;0,9451438769007585;266,5122893917042;358,3685630346903;342,3459421917042;1117,1089870158676;588,0211992299969;588,0211992299969
2022-05-12;iqm  barra 3 kg;8020;8562,25;14,060000000000002;5,29;4,24;4,53;6,61;6,46;6,37;barra;6,35;5,69;5,32;30,77;5,51;56,82;14119,0;1,63;1127,612;424,25800000000004;;;;;;;;
2022-05-12;oveja do 3 kg;13030;13369,08;15,459999999999999;6,29;5,09;4,08;6,52;6,46;6,4;3 kg;6,39;5,68;5,4;31,1;5,24;56,91;10775,8;1,57;2014,4379999999999;819,587;0,8938698428326112;0,8931413640526386;608,2660676154052;751,0560880469845;717,3577604154052;2414,9713442025227;1260,512669856625;1260,512669856625
2022-05-12;tierno 3 kg;15030;15133,29;12,389999999999999;4,47;3,65;4,27;6,55;6,3;6,09;3 kg;6,05;5,18;5,02;30,65;5,46;57,38;8548,0;1,56;1862,2169999999999;671,8409999999999;0,8972492355834233;0,8969101759084606;495,60915027922266;606,7221202800264;624,8474468792226;1979,5175213051432;1088,9638321352782;1088,9638321352782
2022-05-12;madurado 3 kg;14530;14554,82;12,419999999999998;4,5;3,61;4,31;6,5;6,32;6,13;3 kg;6,15;5,21;5,07;;;;9935,0;;1804,6259999999997;653,85;0,9207675758150555;0,9194640546054905;483,79798843446395;602,2185215063888;609,2605368344639;;;
2022-05-13;oveja do barra 4,2 kg;11030;11446,94;15,629999999999999;6,42;5,02;4,19;6,56;6,48;6,4;barra;6,39;6,0;5,7;32,28;5,18;58,92;4434,0;1,43;1723,989;708,1260000000001;0,9294751544707791;0,9274650834037413;534,1102455008306;681,5881057886915;630,0356027008306;2111,487316569676;1069,3068613388164;1069,3068613388164
2022-05-13;light barra 4,2 kg;14530;14816,12;10,41;2,59;3,54;4,28;6,6;6,45;6,37;barra;6,35;5,43;5,22;21,52;5,21;51,63;20272,0;1,63;1512,5729999999999;376,327;0,911787784023185;0,9118830796793563;478,22416568080433;349,92374058352164;605,0501528808044;1626,0396867264017;1171,8964804973937;1171,8964804973937
2022-05-13;oveja do 3 kg;11530;11921,98;15,81;6,48;5,07;4,26;6,56;;;3 kg;6,42;5,57;5,32;32,41;5,13;58,41;4570,0;1,35;1822,8930000000003;747,1440000000001;0,8940025796868248;0,8941219184556353;540,374840361219;690,7487951844535;641,9501099612189;2131,282922506799;1099,041448315732;1099,041448315732
2022-05-13;iqm+ 3 kg;12530;13335,58;12,989999999999998;5,0;4,04;3,95;6,54;6,43;6,33;3 kg;6,31;5,32;5,25;31,44;5,49;57,95;8068,0;1,36;1627,647;626,5;0,9723585719205514;0,9738936231714382;523,8654071911036;649,3718161646284;629,2164891911036;2065,4319852564518;1085,7920434704117;1085,7920434704117
2022-05-13;vaca barra 4,2 kg;13390;13742,96;12,56;4,83;3,91;3,82;6,56;6,48;6,41;barra;6,36;5,7;5,52;30,89;5,4;56,85;2097,0;1,25;1681,7839999999999;646,7370000000001;0,9695843954571292;0,9693638338953311;521,0059189286079;643,4491414625696;626,0021333286079;2083,0338020801864;1101,1471122754756;1101,1471122754756
2022-05-13;tierno barra 4,2 kg;14030;14225,25;12,46;4,55;3,6;4,31;6,54;6,46;6,41;barra;6,3;5,57;5,29;31,51;5,3;57,65;12681,0;1,3;1748,1380000000001;638,365;0,917028629242046;0,9185032208261215;469,61861429251496;594,5001763635837;592,240269292515;1886,7031937911258;1027,3031557545794;1027,3031557545794
2022-05-13;oveja normal barra 4,2 kg;10530;11028,69;14,85;6,18;4,6;4,07;6,5;6,44;6,42;barra;6,36;5,78;5,48;;;;6001,0;;1563,705;650,7539999999999;0,9776653486542313;0,9788597003759533;495,988930486274;667,164383676447;585,762467086274;;;
2022-05-16;tierno pequeño;9030;9132,95;12,07;4,32;3,53;4,22;6,53;6,43;6,32;3 kg;6,4;5,62;5,34;31,94;5,25;58,33;2452,0;1,23;1089,921;390,09600000000006;0,9640847422893541;0,962364223693931;310,814302472332;379,6944913491331;387,89640047233195;1188,7742371607171;665,0032581387485;665,0032581387485
2022-05-16;oveja do 3 kg;12820;13201,3;15,739999999999998;6,35;5,21;4,18;6,52;6,44;;;;5,6;5,2;31,07;5,46;57,86;12600,0;1,21;2017,868;814,07;0,8940344444352325;0,8939401706578145;614,9059210799197;749,3744458064679;725,2687890799198;2411,8907171112583;1253,4890927755268;1253,4890927755268
2022-05-16;tierno 3 kg;13030;13547,42;12,62;4,56;3,66;4,4;6,54;;;3 kg;6,28;5,3;5,1;30,88;5,32;56,81;23331,0;1,42;1644,3859999999997;594,168;0,8971976920156987;0,8973415708663703;444,86253081768376;554,3438393657835;564,0798268176837;1795,1549202259832;992,9234761796931;992,9234761796931
2022-05-16;iqm  pequeño;8520;9090,43;12,96;4,92;3,98;4,06;6,54;6,46;6,4;1 kg;6,35;5,72;5,4;30,05;5,41;56,39;7932,0;1,5;1104,192;419,184;;;;;;;;
2022-05-16;oveja do pequeño;8520;8684,61;15,49;6,19;5,15;4,15;6,53;6,45;6,4;1 kg;6,4;5,76;5,35;30,84;5,36;57,24;2592,0;1,57;1319,7479999999998;527,388;0,9006412195110932;0,8997364636708585;402,81846368097916;483,6779519361796;474,9007266809792;1568,346147652982;829,6658397641145;829,6658397641145
2022-05-16;tierno barra 3 kg;8020;8280,71;12,67;4,6;3,64;4,43;6,52;6,35;6,23;barra;6,2;5,32;5,08;30,96;5,47;56,77;11838,0;1,76;1016,1339999999999;368,92;0,9334861498364393;0,9336311587087387;281,36938268756046;355,6319281226278;354,73647328756044;1148,6819383805807;624,8660794214558;624,8660794214558
2022-05-16;wasabi 3 kg;13530;14109,34;13,64;5,24;4,02;4,38;6,52;6,42;6,34;3 kg;6,28;5,4;5,14;31,01;5,32;56,62;15241,0;1,98;1845,4920000000002;708,972;0,9058724588783967;0,9070936674375976;513,806753261843;670,6410314039373;637,4045716618431;2162,6605333890266;1125,7586924440889;1125,7586924440889
2022-05-17;oveja do barra 4,2 kg;10530;10877,86;15,89;6,55;5,15;4,19;6,53;6,45;6,41;barra;6,4;5,8;5,4;30,57;5,4;57,29;6100,0;1,28;1673,217;689,715;0,9298463859161232;0,928681649984447;520,9090485863304;661,6855177380381;612,0655153863304;2164,493024985404;1068,3636156158675;1068,3636156158675
2022-05-17;tierno barra 4,2 kg;12030;12189,69;12,200000000000001;4,45;3,6;4,15;6,54;6,39;6,32;barra;6,25;5,25;5,13;31,18;5,53;57,08;6680,0;0,68;1467,66;535,335;0,918553937318038;0,9175037686997334;403,0879587907074;497,69184988552473;504,2623857907074;1596,189383853511;883,4309491778337;883,4309491778337
2022-05-17;iqm+ barra 4,2 kg;13030;12998,32;13,149999999999999;4,88;3,97;4,3;6,54;6,4;6,33;3 kg;6,28;5,33;5,21;30,68;5,27;56,88;26810,0;1,47;1713,4449999999997;635,864;0,9229653658849023;0,9241970367763646;476,2808672351551;586,2348307610625;588,0664192351551;1910,8045331194996;1033,8720450688381;1033,8720450688381
2022-05-17;iqm+ 3 kg;13530;13657,45;13,61;5,09;4,09;4,43;6,54;6,35;6,29;3 kg;6,27;5,25;5,06;30,27;5,38;57,29;4909,0;1,16;1841,433;688,677;0,9721583791422396;0,9713804166431288;543,0376622183418;675,2688950882895;664,0426692183418;2230,8189464429784;1159,0900143451593;1159,0900143451593
2022-05-17;wasabi 3 kg;12030;12438,8;13,760000000000002;5,23;4,09;4,44;6,53;6,42;6,39;3 kg;6,32;5,54;5,38;;;;16423,0;;1655,3280000000002;629,1690000000001;0,9070037915281037;0,905856311603103;461,4353853682448;589,3041350626017;571,8919293682447;;;
2022-05-17;iqm + barra 4,2 sin lactosa;12530;12698,69;13,33;5,0;3,99;4,34;6,54;6,41;6,41;barra;6,35;;;30,27;5,45;56,74;1909,0;1,48;1670,249;626,5;;;;;;;;
2022-05-17;oveja normal barra 4,2 kg;11130;11253,11;14,05;5,65;4,56;3,84;6,54;6,49;6,43;barra;6,37;5,47;5,18;31,6;5,5;57,95;1857,0;1,35;1563,765;628,845;0,9778793978557225;0,9783172712966118;501,7908100446719;622,0148205872349;588,2146948446718;1968,4013309722623;1015,0382999908055;1015,0382999908055
2022-05-18;iqm + mini sin lactosa;9090;9390,36;12,8;4,9;3,76;4,14;6,56;6,45;6,39;500 g;6,3;5,7;5,4;31,75;5,6;57,37;398,35;1,6;1163,52;445,41;;;;;;;;
2022-05-18;tierno mini;9020;9201,05;12,129999999999999;4,39;3,52;4,22;6,57;6,41;6,28;500 g;6,35;5,51;5,22;31,08;5,65;57,48;6406,0;0,76;1094,126;395,97799999999995;0,9378665515834387;0,9382081069344147;303,75336761252726;378,96673693136046;381,41022961252725;1219,326695403348;663,5529394789967;663,5529394789967
2022-05-18;tierno barra 3 kg;8020;8288,34;12,860000000000001;4,8;3,66;4,4;6,52;6,37;6,3;barra;6,25;5,37;5,06;34,67;5,45;59,72;9611,0;1,41;1031,372;384,96;0,9327251522421672;0,9337638520906132;282,9452006930553;371,4889097201622;355,88259269305536;1071,499595385527;595,9186079923901;595,9186079923901
2022-05-18;cabra mini;9520;9913,11;10,83;4,0;2,93;3,9;6,55;6,32;6,17;500 g;6,28;5,35;5,06;29,8;5,57;55,33;3385,0;1,36;1031,016;380,8;0,9436413474640175;0,9449406071039688;274,08452000419953;374,69200726753695;351,4067780041995;1257,3557290856945;635,1107500527734;635,1107500527734
2022-05-18;madurado mini;9520;9451,07;12,139999999999999;4,39;3,57;4,18;6,57;6,4;6,3;500 g;6,28;5,35;5,14;29,99;5,32;56,54;5158,0;1,33;1155,7279999999998;417,92799999999994;0,9753077763421731;0,9759931877555964;329,0719637474257;404,94149923435634;408,08290894742566;1350,2550824753462;721,7596550184394;721,7596550184394
2022-05-18;iqm  barra 3 kg;8320;8467,93;13,46;5,1;3,98;4,38;6,53;6,39;6,3;barra;6,31;5,55;5,22;;;;12628,0;;1119,872;424,32;;;;;;;;
2022-05-18;wasabi mini;8520;8801,55;12,94;5,03;3,81;4,1;6,57;6,47;6,39;500 g;6,31;5,45;5,11;;;;4094,0;;1102,488;428,556;0,9514886721725727;0,9506437199344676;319,07131216955537;420,8670531294174;391,24402216955536;;;
2022-05-19;iqm  pequeño;9030;9164,24;12,85;4,78;3,89;4,18;6,55;6,46;6,39;1 kg;6,3;5,65;5,26;30,05;5,49;55,03;25151,0;1,42;1160,355;431,634;;;;;;;;
2022-05-19;iqm  barra 3 kg;8030;8566,17;13,260000000000002;4,95;4,01;4,3;6,53;6,46;6,38;barra;6,29;5,69;5,16;31,09;5,44;57,11;23572,0;1,16;1064,7780000000002;397,485;;;;;;;;
2022-05-20;oveja do 3 kg;13030;13342,45;15,370000000000001;6,26;4,99;4,12;6,56;6,47;6,42;3 kg;6,38;5,52;5,24;;;;14397,0;;2002,711;815,678;0,8941310866016383;0,8937101182515519;595,3019758897588;746,4600887108153;705,2437638897588;;;
2022-05-20;oveja do barra 4,2 kg;11030;11287,58;16,26;6,61;5,26;4,39;6,54;6,48;6,42;barra;6,41;6,0;5,6;31,59;5,37;58,44;2193,0;1,34;1793,478;729,0830000000001;0,9294629127000054;0,9296307071309003;551,8469553654656;693,6058725926958;650,9519077654656;2195,650119001886;1113,8807456630143;1113,8807456630143
2022-05-20;light barra 4,2 kg;14530;14826,16;10,33;2,38;3,37;4,58;6,57;6,46;6,36;barra;6,3;5,59;5,25;21,07;5,42;51,38;12611,0;1,93;1500,9489999999998;345,814;0,9117805093296368;0,9123620772046754;455,5634652360306;321,9384620027391;591,3710908360306;1527,9471381240583;1150,9752643753027;1150,9752643753027
2022-05-20;oveja normal 3 kg;9020;9213,08;14,350000000000001;5,85;4,47;4,03;6,57;6,48;6,41;3 kg;6,44;5,48;5,35;32,7;5,18;57,46;3335,0;1,64;1294,3700000000001;527,67;0,954492967427414;0,9542266258389182;393,08375705507325;514,2949251560651;467,3411818550733;1572,7673552173244;813,3330697094906;813,3330697094906
2022-05-20;light 3 kg;9420;9550,42;10,32;2,37;3,37;4,58;6,55;6,47;6,4;3 kg;6,38;5,37;5,2;20,32;5,4;51,43;2248,0;1,37;972,1440000000001;223,25400000000002;0,915033964167806;0,9154493247470997;294,50290724867466;207,20733529921336;381,98475444867466;1019,7211382835303;742,7275023306916;742,7275023306916
2022-05-20;tierno barra 4,2 kg;12530;12682,57;12,530000000000001;4,58;3,59;4,36;6,55;6,46;;barra;6,28;5,43;5,17;33,35;5,36;59,48;13283,0;1,23;1570,0090000000002;573,874;0,9175794575513468;0,917659954039205;417,7778386643557;533,0335264310942;528,3698490643558;1598,301428578993;888,3151463758503;888,3151463758503
2022-05-20;tierno 3 kg;14030;14642,42;13,21;4,81;3,79;4,61;6,53;6,41;;3 kg;6,28;5,3;5,16;32,37;5,3;57,79;6090,0;1,31;1853,3630000000003;674,8429999999998;0,8971882894036598;0,8964291922265333;497,8925938208846;631,3554404496825;632,8957062208847;1950,4338599001624;1095,16474514775;1095,16474514775
2022-05-20;iqm+ 3 kg;14530;14688,35;13,36;5,04;4,03;4,29;6,52;6,37;6,27;3 kg;6,3;5,43;5,25;;;;8826,0;;1941,2079999999999;732,312;0,9729707024049573;0,9710580231559992;575,9407689317952;718,8673017669404;701,9668119317953;;;
2022-05-20;cabra barra 4,2 kg;12530;12726,18;11,71;4,34;3,14;4,23;6,52;6,42;6,28;barra;6,18;5,36;5,12;32,9;5,35;58,02;7868,0;1,26;1467,2630000000001;543,802;0,908522226540536;0,9096950990108432;363,04734601320706;502,4393511606339;470,71082881320706;1527,1712801235076;811,2906391127318;811,2906391127318
2022-05-20;madurado 3 kg;12530;12973,22;12,379999999999999;4,54;3,71;4,13;6,59;6,42;6,35;3 kg;6,25;5,18;5,0;;;;14448,0;;1551,214;568,862;0,9209685688882516;0,9216215152001996;443,26812350480765;542,8204997735193;550,4269207048076;;;
2022-05-20;madurado barra 4,2 kg;14090;14550,54;11,78;4,3;3,54;3,94;6,57;6,41;6,34;3 kg;6,2;5,1;4,98;32,52;5,2;58,39;1732,0;1,29;1659,802;605,87;0,9604387429372266;0,9611277171945716;494,7115430716874;601,351873648377;609,3697982716874;1849,1755032237913;1043,62013747506;1043,62013747506
2022-05-20;oveja normal barra 4,2 kg;11450;11275,17;14,16;5,77;4,41;3,98;6,58;6,43;6,38;barra;6,38;5,51;5,24;32,87;5,39;57,25;1925,0;1,4;1621,32;660,665;0,9778102211197628;0,9799911153838742;486,2014623650546;637,5599826903492;575,9518155650546;1939,6409573786104;1006,0293721660342;1006,0293721660342
2022-05-23;oveja do 3 kg;12030;12547,83;15,95;6,47;5,17;4,31;6,56;6,47;6,4;3 kg;6,4;5,65;5,25;31,39;5,26;57,09;14272,0;1,67;1918,785;778,3409999999999;0,8935618215152291;0,8939001763608889;579,6739366556396;725,7080320115355;687,8362312556396;2311,9083530154044;1204,827870477561;1204,827870477561
2022-05-23;tierno pequeño;10030;10195,67;12,2;4,38;3,54;4,28;6,57;6,4;6,24;1 kg;6,28;5,22;5,12;30,39;5,43;56,95;2628,0;1,5;1223,66;439,314;0,9627564938728203;0,9631220712965547;347,4845415667042;430,10175661913905;434,7594767667042;1415,273960576305;763,4055781680495;763,4055781680495
2022-05-23;iqm  pequeño;8520;8664,87;13,059999999999999;4,89;3,88;4,29;6,53;6,44;6,33;1 kg;6,25;5,7;5,26;30,2;5,42;56,4;17074,0;1,54;1112,7119999999998;416,62799999999993;;;;;;;;
2022-05-23;tierno 3 kg;13530;14063,57;13,18;4,79;3,81;4,58;6,58;6,42;6,35;3 kg;6,3;5,28;5,12;31,18;5,51;57,17;18342,0;1,44;1783,254;648,087;0,8966246605926511;0,8966144238118294;480,4312341306947;603,999826218563;609,2535353306947;1937,1386344405485;1065,687485273211;1065,687485273211
2022-05-23;wasabi 3 kg;13530;14135,51;13,77;5,32;3,99;4,46;6,54;6,44;6,38;3 kg;6,4;5,21;5,02;30,69;5,4;56,46;20089,0;1,96;1863,0810000000001;719,796;0,9062790265693234;0,9067534081176136;511,14757809015146;681,8868433765685;637,2363272901515;2221,85351377181;1128,6509516297406;1128,6509516297406
2022-05-23;madurado pequeño;9530;9664,26;11,39;4,12;3,37;3,9;6,54;6,42;6,29;1 kg;6,2;5,36;5,17;30,78;5,42;56,04;2520,0;1,52;1085,467;392,63599999999997;0,9037642199592506;0,9018460879316452;294,34295789292014;359,0858130386764;369,72418589292016;1166,620575174387;659,7505101586727;659,7505101586727
2022-05-23;oveja do pequeño;7530;7647,44;14,87;6,06;4,81;4,0;6,56;6,47;6,42;1 kg;6,36;;;30,92;5,81;56,32;2908,0;1,78;1119,711;456,318;0,9006255007016665;0,9000014749855172;331,2877629440343;417,0920611597125;392,4672829440343;1348,9393957299885;696,8524200000609;696,8524200000609
2022-05-24;oveja do barra 4,2 kg;12030;12253,78;15,82;6,4;5,13;4,29;6,59;6,48;6,42;barra;6,41;5,9;5,32;32,1;5,27;59,52;4738,0;1,43;1903,146;769,92;0,9305316910620671;0,9312649626392334;584,9498210780201;730,3370223289207;690,0872534780201;2275,1932159779462;1159,4207887735552;1159,4207887735552
2022-05-24;iqm+ barra 4,2 kg;13030;13311,56;13,07;5,1;3,93;4,04;6,55;6,44;6,31;barra;6,37;5,53;5,25;30,88;5,34;56,76;28264,0;1,69;1703,021;664,53;0,9238479600456737;0,9233085552038869;483,30580175530565;626,8245387866025;590,8632065553056;2029,872211096511;1040,9852123948301;1040,9852123948301
2022-05-24;iqm+ 3 kg;12580;12608,28;13,419999999999998;5,06;4,05;4,31;6,53;6,39;6,32;3 kg;6,35;5,42;5,25;31,68;5,28;58,4;3472,0;0,88;1688,2359999999999;636,548;0,9717411209946514;0,9737049338426962;496,2053577110849;621,2032688294715;604,8887313110849;1960,868904133433;1035,7683755326798;1035,7683755326798
2022-05-24;madurado 3 kg;12530;13067,16;12,47;4,43;3,62;4,42;6,53;6,42;6,36;3 kg;6,3;5,44;5,3;;;;13053,0;;1562,491;555,079;0,9217046176326955;0,921135717813346;435,9950339506982;533,2226118227156;551,5087283506982;;;
2022-05-24;iqm + barra 4,2 sin lactosa;13030;13592,29;13,379999999999999;5,1;4,0;4,28;6,56;6,46;6,4;barra;6,39;5,7;5,31;30,02;5,46;56,76;2028,0;1,57;1743,414;664,53;;;;;;;;
2022-05-24;wasabi 3 kg;9530;9868,86;13,61;5,35;4,0;4,26;6,52;6,42;6,36;3 kg;6,44;5,55;5,3;30,94;5,4;56,85;3191,0;1,52;1297,033;509,855;0,9069303792883328;0,905437521303806;358,01475771773823;478,0565333024439;442,09744491773824;1545,1083817144274;777,6560156864349;777,6560156864349
2022-05-24;oveja normal barra 4,2 kg;10030;10185,49;13,42;5,46;4,21;3,75;6,59;6,5;6,42;barra;6,4;5,8;5,51;31,62;5,41;56,07;3485,0;1,79;1346,026;547,638;0,9792423661518349;0,9770587737847871;419,90806610946737;543,3695013909277;496,2992411094674;1718,4361207809222;885,142217067001;885,142217067001
2022-05-25;iqm + mini sin lactosa;9910;10046,51;12,36;4,66;3,68;4,02;6,55;6,47;6,38;500 g;6,41;5,8;5,5;29,56;5,54;54,4;1438,0;1,77;1224,876;461,806;;;;;;;;
2022-05-25;tierno mini;9030;9221,82;12,42;4,55;3,6;4,27;6,56;6,44;6,32;500 g;6,32;5,52;5,28;;;;6281,0;;1121,526;410,865;0,9392389503917439;0,937975831907382;311,8137313500573;393,567915022106;390,5680741500573;;;
2022-05-25;tierno barra 3 kg;8030;8202,12;13,08;4,81;3,78;4,49;6,53;6,45;6,35;barra;6,34;5,65;5,3;31,65;5,44;57,52;18840,0;1,66;1050,3239999999998;386,24299999999994;0,9328934174184166;0,9322188899649946;289,23440200991064;367,7808348046407;362,88943960991065;1162,024754517032;630,8926279727236;630,8926279727236
2022-05-25;light mini;12320;13021,82;9,95;2,45;3,34;4,16;6,62;6,47;;500 g;6,36;5,53;5,24;21,26;5,58;52,67;1322,0;1,76;1225,84;301,84000000000003;0,9421644769612364;0,9420710892732503;409,77445406140447;300,55326371714483;518,1159964614045;1413,7030278322898;983,7022906045272;983,7022906045272
2022-05-25;cabra mini;8020;8187,29;11,309999999999999;4,17;3,05;4,09;6,5;6,38;;500 g;6,35;5,4;5,26;;;;5837,0;;907,0619999999998;334,434;0,945230048536188;0,9455646859946871;236,03561198443532;322,82523282649333;303,0076441844353;;;
2022-05-25;iqm  mini;9520;9665,8;13,05;4,92;3,89;4,24;6,56;6,46;6,41;500 g;6,37;5,71;5,31;30,03;5,63;55,32;10400,0;1,55;1242,36;468,384;;;;;;;;
2022-05-25;iqm  barra 3 kg;8220;8432,57;13,95;5,24;4,16;4,55;6,54;6,45;6,38;barra;6,33;5,31;5,2;;;;4084,0;;1146,69;430,728;;;;;;;;
2022-05-25;wasabi mini;8020;7754,63;12,920000000000002;4,98;3,82;4,12;6,55;6,44;6,38;500 g;6,36;5,5;5,32;;;;3887,0;;1036,1840000000002;399,3960000000001;0,9522141075023374;0,9518928264538307;282,0714008264045;367,60251810642274;345,9695520264045;;;
2022-05-27;tierno barra 4,2 kg;12830;13011,79;12,280000000000001;4,43;3,57;4,28;6,53;6,44;6,3;barra;6,26;5,45;5,18;31,04;5,31;56,93;14438,0;0,77;1575,5240000000003;568,3689999999999;0,9186040134233486;0,9187191659802347;426,71076581483806;529,5702119522513;538,0916882148381;1706,0896003616342;945,1812545491622;945,1812545491622
2022-05-27;oveja do barra 4,2 kg;11680;12425,0;15,100000000000001;6,1;4,95;4,05;6,58;6,5;6,44;barra;6,47;6,1;5,8;32,06;5,39;58,99;2195,0;1,2;1763,6800000000003;712,48;0,9300192202360498;0,9312796261605523;571,9966961659295;705,8401106577365;672,6391961659295;2201,622303985454;1140,2596985352257;1140,2596985352257
2022-05-27;oveja do 3 kg;12530;12945,89;15,9;6,49;5,16;4,25;6,54;6,49;6,42;3 kg;6,45;6,14;5,85;31,73;5,2;59,47;14432,0;1,23;1992,27;813,197;0,8937096399639092;0,8941152805293181;597,0051212510784;751,2251626814549;707,0451862510785;2367,5548776598007;1188,910688163912;1188,910688163912
2022-05-27;light barra 4,2 kg;14030;14342,65;10,52;2,47;3,46;4,59;6,59;6,45;;barra;6,36;5,45;5,24;24,37;5,29;52,47;14458,0;1,28;1475,9560000000001;346,54100000000005;0,9119880115134543;0,9113682344322867;452,57923992533716;322,86445950723186;584,2447669253372;1324,8439044203194;1113,483451353797;1113,483451353797
2022-05-27;oveja normal 3 kg;10030;10400,27;14,92;5,97;4,69;4,26;6,57;6,48;6,44;3 kg;6,43;5,8;5,61;31,5;5,34;57,54;3707,0;1,41;1496,476;598,7909999999999;0,9529096101237301;0,9547939594373883;464,8032581283436;592,8278638593179;553,4135585283436;1881,993218601009;961,7892918462697;961,7892918462697
2022-05-27;iqm+ 3 kg;10030;10191,85;12,63;4,73;3,82;4,08;6,55;6,38;6,3;3 kg;6,25;5,28;5,13;29,27;5,38;56,16;6628,0;1,48;1266,789;474,41900000000004;0,972334644670488;0,9741614533012719;378,5577540044837;469,6184003902913;461,7232500044837;1604,4359425701787;822,156784196018;822,156784196018
2022-05-27;madurado 3 kg;10030;10426,23;11,99;4,51;3,65;3,83;6,57;6,45;;3 kg;6,29;5,15;5,05;31,06;5,23;57,28;6160,0;1,34;1202,597;452,35299999999995;0,9212691819119097;0,9202319500813755;350,59579996217747;432,71420341685194;430,46072176217746;1393,1558384315904;751,502656707712;751,502656707712
2022-05-27;madurado barra 4,2 kg;14530;14637,61;12,379999999999999;4,67;3,76;3,95;6,58;6,44;6,4;barra;6,35;5,57;5,33;30,24;5,28;56,22;4290,0;1,3;1798,8139999999999;678,551;0,9594713278598617;0,9574581626185519;528,0682030876441;654,4957915064481;643,705322087644;2164,3379348758203;1144,9756707357596;1144,9756707357596
2022-05-27;oveja normal barra 4,2 kg;10030;10414,38;14,99;5,91;4,76;4,32;6,58;6,5;6,42;barra;6,45;5,72;5,5;;;;5569,0;;1503,497;592,773;0,9781268251131756;0,9771464517305634;484,8814195782944;601,4237308208482;574,8616627782944;;;
2022-05-30;iqm + barra 4,2 sin lactosa;13270;13127,05;13,11;4,97;3,94;4,2;6,58;6,49;6,45;barra;6,38;5,8;5,49;30,58;5,53;57,76;4102,0;1,39;1739,697;659,5189999999999;;;;;;;;
2022-05-30;oveja do 3 kg;12030;12430,89;15,44;6,19;5,08;4,17;6,57;6,5;6,45;3 kg;6,42;;;30,73;5,5;56,64;15865,0;1,55;1857,4319999999998;744,6570000000002;0,8943323106269394;0,8944758247507848;564,7612061039451;688,274183219936;668,4348287039452;2239,7467725998567;1180,1462371185473;1180,1462371185473
2022-05-30;iqm+ barra 4,2 kg;14030;14574,05;13,57;5,13;4,1;4,34;6,58;6,42;6,35;barra;6,31;5,57;5,3;29,82;5,49;56,25;21627,0;1,09;1903,871;719,7389999999999;0,9233851754617222;0,9243961438593917;551,7559303739544;691,1236353272366;678,2586843739543;2317,651359246266;1205,7932166648077;1205,7932166648077
2022-05-30;oveja normal 3 kg;11030;11727,44;14,85;5,82;4,77;4,26;6,57;6,49;;3 kg;6,39;;;0,0;0,0;0,0;8323,0;0,0;1637,955;641,946;0,9525221184723508;0,9534726625428349;532,8398138688374;650,7803783017803;632,7576026688374;inf;inf;inf
2022-05-30;iqm+ 3 kg;12080;12550,32;12,93;4,97;3,92;4,04;6,57;6,44;6,36;3 kg;6,35;5,49;5,33;31,03;5,41;57,14;2234,0;1,26;1561,944;600,376;0,9720979579643519;0,9722906626402699;478,2455053969273;606,4671797726273;579,6520909969273;1954,4543337822342;1014,4418813386897;1014,4418813386897
2022-05-30;tierno 3 kg;15030;14902,54;12,540000000000001;4,63;3,67;4,24;6,58;6,47;6,31;3 kg;6,3;5,2;5,15;30,76;5,33;57,73;14971,0;0,48;1884,7620000000002;695,8889999999999;0,8978179554235616;0,897413139470048;491,0374853584349;619,20394010623;617,4110245584349;2013,0167103583547;1069,4803820516802;1069,4803820516802
2022-05-30;cabra barra 4,2 kg;11530;12225,36;11,45;4,28;3,01;4,16;6,59;6,4;6,32;barra;6,25;5,36;5,13;;;;8137,0;;1320,185;493,48400000000004;0,9094803432490686;0,9087487378940013;334,6736107352173;475,4986041288318;436,38860593521736;;;
2022-05-30;wasabi 3 kg;13030;13116,9;13,34;5,08;3,93;4,33;6,54;6,48;6,4;3 kg;6,42;5,9;5,3;31,76;5,46;57,58;16785,0;1,13;1738,2020000000002;661,924;0,9062133489904733;0,9068028318878223;467,14769818076445;604,2376569319404;580,7400521807645;1902,5115142693337;1008,5794584591255;1008,5794584591255
