timestamp;n_envase;subgrupo;pos_subgrupo;peso_g
2024-06-15 08:00:00;1;1;1;152,25
2024-06-15 08:00:03;2;1;2;151,29
2024-06-15 08:00:06;3;1;3;152,47
2024-06-15 08:00:09;4;1;4;153,78
2024-06-15 08:00:12;5;1;5;151,15
2024-06-15 08:00:15;6;2;1;151,15
2024-06-15 08:00:18;7;2;2;153,87
2024-06-15 08:00:21;8;2;3;152,65
2024-06-15 08:00:24;9;2;4;150,8
2024-06-15 08:00:27;10;2;5;152,31
2024-06-15 08:00:30;11;3;1;150,8
2024-06-15 08:00:33;12;3;2;150,8
2024-06-15 08:00:36;13;3;3;151,86
2024-06-15 08:00:39;14;3;4;148,63
2024-06-15 08:00:42;15;3;5;148,91
2024-06-15 08:00:45;16;4;1;150,66
2024-06-15 08:00:48;17;4;2;149,98
2024-06-15 08:00:51;18;4;3;151,97
2024-06-15 08:00:54;19;4;4;150,14
2024-06-15 08:00:57;20;4;5;149,38
2024-06-15 08:01:00;21;5;1;153,7
2024-06-15 08:01:03;22;5;2;151,16
2024-06-15 08:01:06;23;5;3;151,6
2024-06-15 08:01:09;24;5;4;149,36
2024-06-15 08:01:12;25;5;5;150,68
2024-06-15 08:01:15;26;6;1;151,67
2024-06-15 08:01:18;27;6;2;149,77
2024-06-15 08:01:21;28;6;3;152,06
2024-06-15 08:01:24;29;6;4;150,6
2024-06-15 08:01:27;30;6;5;151,06
2024-06-15 08:01:30;31;7;1;150,6
2024-06-15 08:01:33;32;7;2;154,28
2024-06-15 08:01:36;33;7;3;151,48
2024-06-15 08:01:39;34;7;4;149,91
2024-06-15 08:01:42;35;7;5;152,73
2024-06-15 08:01:45;36;8;1;149,67
2024-06-15 08:01:48;37;8;2;151,81
2024-06-15 08:01:51;38;8;3;148,56
2024-06-15 08:01:54;39;8;4;149,51
2024-06-15 08:01:57;40;8;5;151,8
2024-06-15 08:02:00;41;9;1;152,61
2024-06-15 08:02:03;42;9;2;151,76
2024-06-15 08:02:06;43;9;3;151,33
2024-06-15 08:02:09;44;9;4;151,05
2024-06-15 08:02:12;45;9;5;149,28
2024-06-15 08:02:15;46;10;1;150,42
2024-06-15 08:02:18;47;10;2;150,81
2024-06-15 08:02:21;48;10;3;153,09
2024-06-15 08:02:24;49;10;4;152,02
2024-06-15 08:02:27;50;10;5;148,86
2024-06-15 08:02:30;51;11;1;151,99
2024-06-15 08:02:33;52;11;2;150,92
2024-06-15 08:02:36;53;11;3;150,48
2024-06-15 08:02:39;54;11;4;152,42
2024-06-15 08:02:42;55;11;5;153,05
2024-06-15 08:02:45;56;12;1;152,9
2024-06-15 08:02:48;57;12;2;150,24
2024-06-15 08:02:51;58;12;3;151,04
2024-06-15 08:02:54;59;12;4;152,0
2024-06-15 08:02:57;60;12;5;152,96
2024-06-15 08:03:00;61;13;1;150,78
2024-06-15 08:03:03;62;13;2;151,22
2024-06-15 08:03:06;63;13;3;149,84
2024-06-15 08:03:09;64;13;4;149,71
2024-06-15 08:03:12;65;13;5;152,72
2024-06-15 08:03:15;66;14;1;153,53
2024-06-15 08:03:18;67;14;2;151,39
2024-06-15 08:03:21;68;14;3;153,01
2024-06-15 08:03:24;69;14;4;152,04
2024-06-15 08:03:27;70;14;5;150,53
2024-06-15 08:03:30;71;15;1;152,04
2024-06-15 08:03:33;72;15;2;153,81
2024-06-15 08:03:36;73;15;3;151,45
2024-06-15 08:03:39;74;15;4;153,85
2024-06-15 08:03:42;75;15;5;147,57
2024-06-15 08:03:45;76;16;1;152,73
2024-06-15 08:03:48;77;16;2;151,63
2024-06-15 08:03:51;78;16;3;151,05
2024-06-15 08:03:54;79;16;4;151,64
2024-06-15 08:03:57;80;16;5;148,52
2024-06-15 08:04:00;81;17;1;151,17
2024-06-15 08:04:03;82;17;2;152,04
2024-06-15 08:04:06;83;17;3;153,72
2024-06-15 08:04:09;84;17;4;150,72
2024-06-15 08:04:12;85;17;5;150,29
2024-06-15 08:04:15;86;18;1;150,75
2024-06-15 08:04:18;87;18;2;152,87
2024-06-15 08:04:21;88;18;3;151,99
2024-06-15 08:04:24;89;18;4;150,71
2024-06-15 08:04:27;90;18;5;152,27
2024-06-15 08:04:30;91;19;1;151,65
2024-06-15 08:04:33;92;19;2;152,95
2024-06-15 08:04:36;93;19;3;150,45
2024-06-15 08:04:39;94;19;4;151,01
2024-06-15 08:04:42;95;19;5;150,91
2024-06-15 08:04:45;96;20;1;149,3
2024-06-15 08:04:48;97;20;2;151,94
2024-06-15 08:04:51;98;20;3;151,89
2024-06-15 08:04:54;99;20;4;151,51
2024-06-15 08:04:57;100;20;5;151,15
2024-06-15 08:05:00;101;21;1;149,38
2024-06-15 08:05:03;102;21;2;150,87
2024-06-15 08:05:06;103;21;3;150,99
2024-06-15 08:05:09;104;21;4;150,3
2024-06-15 08:05:12;105;21;5;151,26
2024-06-15 08:05:15;106;22;1;152,11
2024-06-15 08:05:18;107;22;2;154,33
2024-06-15 08:05:21;108;22;3;151,76
2024-06-15 08:05:24;109;22;4;151,89
2024-06-15 08:05:27;110;22;5;151,39
2024-06-15 08:05:30;111;23;1;148,62
2024-06-15 08:05:33;112;23;2;151,46
2024-06-15 08:05:36;113;23;3;151,59
2024-06-15 08:05:39;114;23;4;155,19
2024-06-15 08:05:42;115;23;5;151,21
2024-06-15 08:05:45;116;24;1;151,95
2024-06-15 08:05:48;117;24;2;151,45
2024-06-15 08:05:51;118;24;3;149,75
2024-06-15 08:05:54;119;24;4;153,21
2024-06-15 08:05:57;120;24;5;152,63
2024-06-15 08:06:00;121;25;1;152,69
2024-06-15 08:06:03;122;25;2;150,14
2024-06-15 08:06:06;123;25;3;153,6
2024-06-15 08:06:09;124;25;4;149,4
2024-06-15 08:06:12;125;25;5;152,38
2024-06-15 08:06:15;126;26;1;154,79
2024-06-15 08:06:18;127;26;2;150,01
2024-06-15 08:06:21;128;26;3;150,65
2024-06-15 08:06:24;129;26;4;151,65
2024-06-15 08:06:27;130;26;5;150,74
2024-06-15 08:06:30;131;27;1;149,17
2024-06-15 08:06:33;132;27;2;151,6
2024-06-15 08:06:36;133;27;3;149,91
2024-06-15 08:06:39;134;27;4;152,21
2024-06-15 08:06:42;135;27;5;150,12
2024-06-15 08:06:45;136;28;1;153,82
2024-06-15 08:06:48;137;28;2;150,33
2024-06-15 08:06:51;138;28;3;151,02
2024-06-15 08:06:54;139;28;4;152,72
2024-06-15 08:06:57;140;28;5;149,65
2024-06-15 08:07:00;141;29;1;151,84
2024-06-15 08:07:03;142;29;2;153,46
2024-06-15 08:07:06;143;29;3;149,09
2024-06-15 08:07:09;144;29;4;151,78
2024-06-15 08:07:12;145;29;5;151,89
2024-06-15 08:07:15;146;30;1;152,67
2024-06-15 08:07:18;147;30;2;149,64
2024-06-15 08:07:21;148;30;3;149,52
2024-06-15 08:07:24;149;30;4;152,28
2024-06-15 08:07:27;150;30;5;151,95
2024-06-15 08:07:30;151;31;1;151,88
2024-06-15 08:07:33;152;31;2;152,02
2024-06-15 08:07:36;153;31;3;150,48
2024-06-15 08:07:39;154;31;4;151,85
2024-06-15 08:07:42;155;31;5;151,94
2024-06-15 08:07:45;156;32;1;150,43
2024-06-15 08:07:48;157;32;2;154,3
2024-06-15 08:07:51;158;32;3;152,21
2024-06-15 08:07:54;159;32;4;149,71
2024-06-15 08:07:57;160;32;5;152,48
2024-06-15 08:08:00;161;33;1;150,04
2024-06-15 08:08:03;162;33;2;152,68
2024-06-15 08:08:06;163;33;3;153,24
2024-06-15 08:08:09;164;33;4;150,27
2024-06-15 08:08:12;165;33;5;152,95
2024-06-15 08:08:15;166;34;1;152,12
2024-06-15 08:08:18;167;34;2;152,73
2024-06-15 08:08:21;168;34;3;154,35
2024-06-15 08:08:24;169;34;4;151,13
2024-06-15 08:08:27;170;34;5;150,37
2024-06-15 08:08:30;171;35;1;150,17
2024-06-15 08:08:33;172;35;2;150,28
2024-06-15 08:08:36;173;35;3;151,38
2024-06-15 08:08:39;174;35;4;152,01
2024-06-15 08:08:42;175;35;5;151,92
2024-06-15 08:08:45;176;36;1;152,74
2024-06-15 08:08:48;177;36;2;151,52
2024-06-15 08:08:51;178;36;3;153,68
2024-06-15 08:08:54;179;36;4;151,1
2024-06-15 08:08:57;180;36;5;155,58
2024-06-15 08:09:00;181;37;1;152,44
2024-06-15 08:09:03;182;37;2;150,21
2024-06-15 08:09:06;183;37;3;149,89
2024-06-15 08:09:09;184;37;4;152,22
2024-06-15 08:09:12;185;37;5;151,16
2024-06-15 08:09:15;186;38;1;152,57
2024-06-15 08:09:18;187;38;2;152,21
2024-06-15 08:09:21;188;38;3;151,39
2024-06-15 08:09:24;189;38;4;150,23
2024-06-15 08:09:27;190;38;5;149,23
2024-06-15 08:09:30;191;39;1;150,83
2024-06-15 08:09:33;192;39;2;152,78
2024-06-15 08:09:36;193;39;3;151,82
2024-06-15 08:09:39;194;39;4;149,63
2024-06-15 08:09:42;195;39;5;151,76
2024-06-15 08:09:45;196;40;1;152,08
2024-06-15 08:09:48;197;40;2;150,17
2024-06-15 08:09:51;198;40;3;151,73
2024-06-15 08:09:54;199;40;4;151,59
2024-06-15 08:09:57;200;40;5;149,79
2024-06-15 08:10:00;201;41;1;152,04
2024-06-15 08:10:03;202;41;2;152,34
2024-06-15 08:10:06;203;41;3;153,12
2024-06-15 08:10:09;204;41;4;153,08
2024-06-15 08:10:12;205;41;5;149,43
2024-06-15 08:10:15;206;42;1;150,09
2024-06-15 08:10:18;207;42;2;152,27
2024-06-15 08:10:21;208;42;3;152,27
2024-06-15 08:10:24;209;42;4;152,27
2024-06-15 08:10:27;210;42;5;157,28
2024-06-15 08:10:30;211;43;1;152,36
2024-06-15 08:10:33;212;43;2;153,2
2024-06-15 08:10:36;213;43;3;152,93
2024-06-15 08:10:39;214;43;4;152,48
2024-06-15 08:10:42;215;43;5;151,03
2024-06-15 08:10:45;216;44;1;152,64
2024-06-15 08:10:48;217;44;2;150,34
2024-06-15 08:10:51;218;44;3;151,14
2024-06-15 08:10:54;219;44;4;150,77
2024-06-15 08:10:57;220;44;5;151,62
2024-06-15 08:11:00;221;45;1;154,97
2024-06-15 08:11:03;222;45;2;148,7
2024-06-15 08:11:06;223;45;3;152,53
2024-06-15 08:11:09;224;45;4;149,08
2024-06-15 08:11:12;225;45;5;150,79
2024-06-15 08:11:15;226;46;1;153,13
2024-06-15 08:11:18;227;46;2;151,6
2024-06-15 08:11:21;228;46;3;149,88
2024-06-15 08:11:24;229;46;4;150,43
2024-06-15 08:11:27;230;46;5;152,52
2024-06-15 08:11:30;231;47;1;150,4
2024-06-15 08:11:33;232;47;2;151,82
2024-06-15 08:11:36;233;47;3;151,57
2024-06-15 08:11:39;234;47;4;150,52
2024-06-15 08:11:42;235;47;5;154,72
2024-06-15 08:11:45;236;48;1;152,45
2024-06-15 08:11:48;237;48;2;148,46
2024-06-15 08:11:51;238;48;3;151,78
2024-06-15 08:11:54;239;48;4;150,51
2024-06-15 08:11:57;240;48;5;152,78
2024-06-15 08:12:00;241;49;1;150,31
2024-06-15 08:12:03;242;49;2;151,33
2024-06-15 08:12:06;243;49;3;152,26
2024-06-15 08:12:09;244;49;4;152,8
2024-06-15 08:12:12;245;49;5;149,7
2024-06-15 08:12:15;246;50;1;151,0
2024-06-15 08:12:18;247;50;2;150,79
2024-06-15 08:12:21;248;50;3;150,52
2024-06-15 08:12:24;249;50;4;154,15
2024-06-15 08:12:27;250;50;5;152,11
2024-06-15 08:12:30;251;51;1;149,61
2024-06-15 08:12:33;252;51;2;152,88
2024-06-15 08:12:36;253;51;3;154,68
2024-06-15 08:12:39;254;51;4;153,05
2024-06-15 08:12:42;255;51;5;149,22
2024-06-15 08:12:45;256;52;1;150,77
2024-06-15 08:12:48;257;52;2;153,4
2024-06-15 08:12:51;258;52;3;150,44
2024-06-15 08:12:54;259;52;4;152,17
2024-06-15 08:12:57;260;52;5;152,66
2024-06-15 08:13:00;261;53;1;150,11
2024-06-15 08:13:03;262;53;2;151,41
2024-06-15 08:13:06;263;53;3;146,64
2024-06-15 08:13:09;264;53;4;149,96
2024-06-15 08:13:12;265;53;5;151,12
2024-06-15 08:13:15;266;54;1;149,63
2024-06-15 08:13:18;267;54;2;153,95
2024-06-15 08:13:21;268;54;3;149,35
2024-06-15 08:13:24;269;54;4;150,84
2024-06-15 08:13:27;270;54;5;151,7
2024-06-15 08:13:30;271;55;1;153,66
2024-06-15 08:13:33;272;55;2;149,35
2024-06-15 08:13:36;273;55;3;153,24
2024-06-15 08:13:39;274;55;4;151,52
2024-06-15 08:13:42;275;55;5;150,03
2024-06-15 08:13:45;276;56;1;152,19
2024-06-15 08:13:48;277;56;2;151,8
2024-06-15 08:13:51;278;56;3;150,6
2024-06-15 08:13:54;279;56;4;151,6
2024-06-15 08:13:57;280;56;5;150,92
2024-06-15 08:14:00;281;57;1;151,67
2024-06-15 08:14:03;282;57;2;152,49
2024-06-15 08:14:06;283;57;3;153,88
2024-06-15 08:14:09;284;57;4;149,64
2024-06-15 08:14:12;285;57;5;154,7
2024-06-15 08:14:15;286;58;1;148,57
2024-06-15 08:14:18;287;58;2;151,27
2024-06-15 08:14:21;288;58;3;152,38
2024-06-15 08:14:24;289;58;4;151,92
2024-06-15 08:14:27;290;58;5;150,57
2024-06-15 08:14:30;291;59;1;151,19
2024-06-15 08:14:33;292;59;2;150,76
2024-06-15 08:14:36;293;59;3;150,62
2024-06-15 08:14:39;294;59;4;152,77
2024-06-15 08:14:42;295;59;5;152,04
2024-06-15 08:14:45;296;60;1;150,46
2024-06-15 08:14:48;297;60;2;152,85
2024-06-15 08:14:51;298;60;3;151,96
2024-06-15 08:14:54;299;60;4;152,72
2024-06-15 08:14:57;300;60;5;152,44
2024-06-15 08:15:00;301;61;1;150,26
2024-06-15 08:15:03;302;61;2;150,66
2024-06-15 08:15:06;303;61;3;152,62
2024-06-15 08:15:09;304;61;4;152,42
2024-06-15 08:15:12;305;61;5;151,47
2024-06-15 08:15:15;306;62;1;151,68
2024-06-15 08:15:18;307;62;2;153,42
2024-06-15 08:15:21;308;62;3;150,61
2024-06-15 08:15:24;309;62;4;152,32
2024-06-15 08:15:27;310;62;5;151,2
2024-06-15 08:15:30;311;63;1;151,17
2024-06-15 08:15:33;312;63;2;153,15
2024-06-15 08:15:36;313;63;3;152,74
2024-06-15 08:15:39;314;63;4;152,72
2024-06-15 08:15:42;315;63;5;153,46
2024-06-15 08:15:45;316;64;1;151,53
2024-06-15 08:15:48;317;64;2;152,52
2024-06-15 08:15:51;318;64;3;151,03
2024-06-15 08:15:54;319;64;4;151,99
2024-06-15 08:15:57;320;64;5;151,3
2024-06-15 08:16:00;321;65;1;151,65
2024-06-15 08:16:03;322;65;2;152,39
2024-06-15 08:16:06;323;65;3;150,27
2024-06-15 08:16:09;324;65;4;154,64
2024-06-15 08:16:12;325;65;5;149,99
2024-06-15 08:16:15;326;66;1;149,68
2024-06-15 08:16:18;327;66;2;153,24
2024-06-15 08:16:21;328;66;3;152,69
2024-06-15 08:16:24;329;66;4;152,44
2024-06-15 08:16:27;330;66;5;152,44
2024-06-15 08:16:30;331;67;1;151,48
2024-06-15 08:16:33;332;67;2;150,15
2024-06-15 08:16:36;333;67;3;151,61
2024-06-15 08:16:39;334;67;4;150,48
2024-06-15 08:16:42;335;67;5;152,96
2024-06-15 08:16:45;336;68;1;151,28
2024-06-15 08:16:48;337;68;2;150,26
2024-06-15 08:16:51;338;68;3;151,02
2024-06-15 08:16:54;339;68;4;152,12
2024-06-15 08:16:57;340;68;5;150,65
2024-06-15 08:17:00;341;69;1;150,27
2024-06-15 08:17:03;342;69;2;151,87
2024-06-15 08:17:06;343;69;3;151,87
2024-06-15 08:17:09;344;69;4;150,74
2024-06-15 08:17:12;345;69;5;150,79
2024-06-15 08:17:15;346;70;1;151,85
2024-06-15 08:17:18;347;70;2;149,33
2024-06-15 08:17:21;348;70;3;149,39
2024-06-15 08:17:24;349;70;4;150,42
2024-06-15 08:17:27;350;70;5;151,18
2024-06-15 08:17:30;351;71;1;151,97
2024-06-15 08:17:33;352;71;2;153,71
2024-06-15 08:17:36;353;71;3;152,79
2024-06-15 08:17:39;354;71;4;151,26
2024-06-15 08:17:42;355;71;5;151,47
2024-06-15 08:17:45;356;72;1;150,0
2024-06-15 08:17:48;357;72;2;151,47
2024-06-15 08:17:51;358;72;3;151,07
2024-06-15 08:17:54;359;72;4;151,98
2024-06-15 08:17:57;360;72;5;150,26
2024-06-15 08:18:00;361;73;1;152,28
2024-06-15 08:18:03;362;73;2;153,8
2024-06-15 08:18:06;363;73;3;151,34
2024-06-15 08:18:09;364;73;4;152,1
2024-06-15 08:18:12;365;73;5;152,54
2024-06-15 08:18:15;366;74;1;150,9
2024-06-15 08:18:18;367;74;2;151,84
2024-06-15 08:18:21;368;74;3;151,52
2024-06-15 08:18:24;369;74;4;151,65
2024-06-15 08:18:27;370;74;5;150,34
2024-06-15 08:18:30;371;75;1;151,54
2024-06-15 08:18:33;372;75;2;152,25
2024-06-15 08:18:36;373;75;3;153,68
2024-06-15 08:18:39;374;75;4;152,94
2024-06-15 08:18:42;375;75;5;154,73
2024-06-15 08:18:45;376;76;1;150,35
2024-06-15 08:18:48;377;76;2;152,81
2024-06-15 08:18:51;378;76;3;151,78
2024-06-15 08:18:54;379;76;4;154,78
2024-06-15 08:18:57;380;76;5;150,29
2024-06-15 08:19:00;381;77;1;150,24
2024-06-15 08:19:03;382;77;2;150,6
2024-06-15 08:19:06;383;77;3;148,31
2024-06-15 08:19:09;384;77;4;150,71
2024-06-15 08:19:12;385;77;5;150,36
2024-06-15 08:19:15;386;78;1;151,73
2024-06-15 08:19:18;387;78;2;152,01
2024-06-15 08:19:21;388;78;3;154,31
2024-06-15 08:19:24;389;78;4;152,93
2024-06-15 08:19:27;390;78;5;150,63
2024-06-15 08:19:30;391;79;1;150,15
2024-06-15 08:19:33;392;79;2;152,24
2024-06-15 08:19:36;393;79;3;149,52
2024-06-15 08:19:39;394;79;4;154,25
2024-06-15 08:19:42;395;79;5;153,27
2024-06-15 08:19:45;396;80;1;150,8
2024-06-15 08:19:48;397;80;2;148,93
2024-06-15 08:19:51;398;80;3;153,53
2024-06-15 08:19:54;399;80;4;151,33
2024-06-15 08:19:57;400;80;5;153,36
2024-06-15 08:20:00;401;81;1;149,11
2024-06-15 08:20:03;402;81;2;150,6
2024-06-15 08:20:06;403;81;3;151,51
2024-06-15 08:20:09;404;81;4;151,57
2024-06-15 08:20:12;405;81;5;150,82
2024-06-15 08:20:15;406;82;1;152,43
2024-06-15 08:20:18;407;82;2;149,9
2024-06-15 08:20:21;408;82;3;151,29
2024-06-15 08:20:24;409;82;4;151,68
2024-06-15 08:20:27;410;82;5;152,27
2024-06-15 08:20:30;411;83;1;152,57
2024-06-15 08:20:33;412;83;2;149,81
2024-06-15 08:20:36;413;83;3;149,2
2024-06-15 08:20:39;414;83;4;153,42
2024-06-15 08:20:42;415;83;5;152,0
2024-06-15 08:20:45;416;84;1;150,38
2024-06-15 08:20:48;417;84;2;153,83
2024-06-15 08:20:51;418;84;3;151,67
2024-06-15 08:20:54;419;84;4;153,27
2024-06-15 08:20:57;420;84;5;151,6
2024-06-15 08:21:00;421;85;1;154,59
2024-06-15 08:21:03;422;85;2;154,13
2024-06-15 08:21:06;423;85;3;151,13
2024-06-15 08:21:09;424;85;4;152,96
2024-06-15 08:21:12;425;85;5;152,47
2024-06-15 08:21:15;426;86;1;153,55
2024-06-15 08:21:18;427;86;2;150,05
2024-06-15 08:21:21;428;86;3;152,53
2024-06-15 08:21:24;429;86;4;153,09
2024-06-15 08:21:27;430;86;5;148,86
2024-06-15 08:21:30;431;87;1;149,73
2024-06-15 08:21:33;432;87;2;148,44
2024-06-15 08:21:36;433;87;3;151,1
2024-06-15 08:21:39;434;87;4;152,58
2024-06-15 08:21:42;435;87;5;153,75
2024-06-15 08:21:45;436;88;1;151,61
2024-06-15 08:21:48;437;88;2;153,94
2024-06-15 08:21:51;438;88;3;149,43
2024-06-15 08:21:54;439;88;4;148,94
2024-06-15 08:21:57;440;88;5;151,42
2024-06-15 08:22:00;441;89;1;152,08
2024-06-15 08:22:03;442;89;2;151,45
2024-06-15 08:22:06;443;89;3;148,4
2024-06-15 08:22:09;444;89;4;151,37
2024-06-15 08:22:12;445;89;5;149,54
2024-06-15 08:22:15;446;90;1;152,5
2024-06-15 08:22:18;447;90;2;152,05
2024-06-15 08:22:21;448;90;3;150,09
2024-06-15 08:22:24;449;90;4;150,73
2024-06-15 08:22:27;450;90;5;149,91
2024-06-15 08:22:30;451;91;1;151,41
2024-06-15 08:22:33;452;91;2;152,93
2024-06-15 08:22:36;453;91;3;150,02
2024-06-15 08:22:39;454;91;4;152,26
2024-06-15 08:22:42;455;91;5;150,7
2024-06-15 08:22:45;456;92;1;150,31
2024-06-15 08:22:48;457;92;2;151,34
2024-06-15 08:22:51;458;92;3;149,95
2024-06-15 08:22:54;459;92;4;150,67
2024-06-15 08:22:57;460;92;5;149,7
2024-06-15 08:23:00;461;93;1;154,45
2024-06-15 08:23:03;462;93;2;151,55
2024-06-15 08:23:06;463;93;3;150,45
2024-06-15 08:23:09;464;93;4;151,82
2024-06-15 08:23:12;465;93;5;151,33
2024-06-15 08:23:15;466;94;1;151,17
2024-06-15 08:23:18;467;94;2;152,42
2024-06-15 08:23:21;468;94;3;152,64
2024-06-15 08:23:24;469;94;4;150,7
2024-06-15 08:23:27;470;94;5;150,64
2024-06-15 08:23:30;471;95;1;151,09
2024-06-15 08:23:33;472;95;2;148,05
2024-06-15 08:23:36;473;95;3;149,23
2024-06-15 08:23:39;474;95;4;153,55
2024-06-15 08:23:42;475;95;5;153,97
2024-06-15 08:23:45;476;96;1;151,13
2024-06-15 08:23:48;477;96;2;152,36
2024-06-15 08:23:51;478;96;3;151,97
2024-06-15 08:23:54;479;96;4;156,12
2024-06-15 08:23:57;480;96;5;153,18
2024-06-15 08:24:00;481;97;1;151,31
2024-06-15 08:24:03;482;97;2;150,07
2024-06-15 08:24:06;483;97;3;149,09
2024-06-15 08:24:09;484;97;4;151,81
2024-06-15 08:24:12;485;97;5;150,37
2024-06-15 08:24:15;486;98;1;149,37
2024-06-15 08:24:18;487;98;2;150,53
2024-06-15 08:24:21;488;98;3;149,88
2024-06-15 08:24:24;489;98;4;154,03
2024-06-15 08:24:27;490;98;5;152,82
2024-06-15 08:24:30;491;99;1;151,49
2024-06-15 08:24:33;492;99;2;153,72
2024-06-15 08:24:36;493;99;3;151,62
2024-06-15 08:24:39;494;99;4;150,21
2024-06-15 08:24:42;495;99;5;153,78
2024-06-15 08:24:45;496;100;1;152,31
2024-06-15 08:24:48;497;100;2;149,94
2024-06-15 08:24:51;498;100;3;151,21
2024-06-15 08:24:54;499;100;4;150,19
2024-06-15 08:24:57;500;100;5;149,43
2024-06-15 08:25:00;501;101;1;152,89
2024-06-15 08:25:03;502;101;2;154,36
2024-06-15 08:25:06;503;101;3;149,4
2024-06-15 08:25:09;504;101;4;152,34
2024-06-15 08:25:12;505;101;5;150,52
2024-06-15 08:25:15;506;102;1;150,77
2024-06-15 08:25:18;507;102;2;150,61
2024-06-15 08:25:21;508;102;3;150,2
2024-06-15 08:25:24;509;102;4;151,57
2024-06-15 08:25:27;510;102;5;150,25
2024-06-15 08:25:30;511;103;1;151,91
2024-06-15 08:25:33;512;103;2;151,42
2024-06-15 08:25:36;513;103;3;151,14
2024-06-15 08:25:39;514;103;4;150,14
2024-06-15 08:25:42;515;103;5;150,63
2024-06-15 08:25:45;516;104;1;152,63
2024-06-15 08:25:48;517;104;2;152,25
2024-06-15 08:25:51;518;104;3;150,03
2024-06-15 08:25:54;519;104;4;151,65
2024-06-15 08:25:57;520;104;5;152,63
2024-06-15 08:26:00;521;105;1;149,0
2024-06-15 08:26:03;522;105;2;152,32
2024-06-15 08:26:06;523;105;3;150,51
2024-06-15 08:26:09;524;105;4;152,36
2024-06-15 08:26:12;525;105;5;150,36
2024-06-15 08:26:15;526;106;1;148,79
2024-06-15 08:26:18;527;106;2;149,06
2024-06-15 08:26:21;528;106;3;151,57
2024-06-15 08:26:24;529;106;4;151,89
2024-06-15 08:26:27;530;106;5;150,14
2024-06-15 08:26:30;531;107;1;152,46
2024-06-15 08:26:33;532;107;2;149,01
2024-06-15 08:26:36;533;107;3;151,4
2024-06-15 08:26:39;534;107;4;149,68
2024-06-15 08:26:42;535;107;5;150,52
2024-06-15 08:26:45;536;108;1;151,57
2024-06-15 08:26:48;537;108;2;150,21
2024-06-15 08:26:51;538;108;3;150,92
2024-06-15 08:26:54;539;108;4;153,01
2024-06-15 08:26:57;540;108;5;150,63
2024-06-15 08:27:00;541;109;1;152,75
2024-06-15 08:27:03;542;109;2;149,81
2024-06-15 08:27:06;543;109;3;152,29
2024-06-15 08:27:09;544;109;4;153,66
2024-06-15 08:27:12;545;109;5;147,79
2024-06-15 08:27:15;546;110;1;150,3
2024-06-15 08:27:18;547;110;2;152,37
2024-06-15 08:27:21;548;110;3;151,2
2024-06-15 08:27:24;549;110;4;152,06
2024-06-15 08:27:27;550;110;5;150,59
2024-06-15 08:27:30;551;111;1;151,63
2024-06-15 08:27:33;552;111;2;151,27
2024-06-15 08:27:36;553;111;3;153,25
2024-06-15 08:27:39;554;111;4;151,88
2024-06-15 08:27:42;555;111;5;152,01
2024-06-15 08:27:45;556;112;1;150,88
2024-06-15 08:27:48;557;112;2;150,77
2024-06-15 08:27:51;558;112;3;150,85
2024-06-15 08:27:54;559;112;4;152,09
2024-06-15 08:27:57;560;112;5;150,87
2024-06-15 08:28:00;561;113;1;151,93
2024-06-15 08:28:03;562;113;2;154,61
2024-06-15 08:28:06;563;113;3;152,81
2024-06-15 08:28:09;564;113;4;151,01
2024-06-15 08:28:12;565;113;5;153,3
2024-06-15 08:28:15;566;114;1;150,89
2024-06-15 08:28:18;567;114;2;148,44
2024-06-15 08:28:21;568;114;3;149,99
2024-06-15 08:28:24;569;114;4;148,69
2024-06-15 08:28:27;570;114;5;150,97
2024-06-15 08:28:30;571;115;1;151,53
2024-06-15 08:28:33;572;115;2;154,01
2024-06-15 08:28:36;573;115;3;151,99
2024-06-15 08:28:39;574;115;4;151,17
2024-06-15 08:28:42;575;115;5;152,74
2024-06-15 08:28:45;576;116;1;148,18
2024-06-15 08:28:48;577;116;2;151,85
2024-06-15 08:28:51;578;116;3;152,66
2024-06-15 08:28:54;579;116;4;149,28
2024-06-15 08:28:57;580;116;5;153,22
2024-06-15 08:29:00;581;117;1;152,01
2024-06-15 08:29:03;582;117;2;150,88
2024-06-15 08:29:06;583;117;3;152,45
2024-06-15 08:29:09;584;117;4;154,91
2024-06-15 08:29:12;585;117;5;151,77
2024-06-15 08:29:15;586;118;1;151,87
2024-06-15 08:29:18;587;118;2;150,81
2024-06-15 08:29:21;588;118;3;150,23
2024-06-15 08:29:24;589;118;4;152,75
2024-06-15 08:29:27;590;118;5;150,22
2024-06-15 08:29:30;591;119;1;151,61
2024-06-15 08:29:33;592;119;2;150,78
2024-06-15 08:29:36;593;119;3;152,22
2024-06-15 08:29:39;594;119;4;152,0
2024-06-15 08:29:42;595;119;5;153,06
2024-06-15 08:29:45;596;120;1;150,73
2024-06-15 08:29:48;597;120;2;151,1
2024-06-15 08:29:51;598;120;3;150,03
2024-06-15 08:29:54;599;120;4;150,83
2024-06-15 08:29:57;600;120;5;152,07
2024-06-15 08:30:00;601;121;1;152,64
2024-06-15 08:30:03;602;121;2;150,12
2024-06-15 08:30:06;603;121;3;152,8
2024-06-15 08:30:09;604;121;4;153,53
2024-06-15 08:30:12;605;121;5;152,12
2024-06-15 08:30:15;606;122;1;154,32
2024-06-15 08:30:18;607;122;2;150,34
2024-06-15 08:30:21;608;122;3;149,63
2024-06-15 08:30:24;609;122;4;148,83
2024-06-15 08:30:27;610;122;5;153,74
2024-06-15 08:30:30;611;123;1;152,48
2024-06-15 08:30:33;612;123;2;151,42
2024-06-15 08:30:36;613;123;3;151,92
2024-06-15 08:30:39;614;123;4;149,81
2024-06-15 08:30:42;615;123;5;155,17
2024-06-15 08:30:45;616;124;1;151,69
2024-06-15 08:30:48;617;124;2;151,66
2024-06-15 08:30:51;618;124;3;152,59
2024-06-15 08:30:54;619;124;4;152,22
2024-06-15 08:30:57;620;124;5;151,84
2024-06-15 08:31:00;621;125;1;150,31
2024-06-15 08:31:03;622;125;2;152,21
2024-06-15 08:31:06;623;125;3;154,32
2024-06-15 08:31:09;624;125;4;153,52
2024-06-15 08:31:12;625;125;5;153,89
2024-06-15 08:31:15;626;126;1;150,73
2024-06-15 08:31:18;627;126;2;150,02
2024-06-15 08:31:21;628;126;3;151,31
2024-06-15 08:31:24;629;126;4;151,58
2024-06-15 08:31:27;630;126;5;153,14
2024-06-15 08:31:30;631;127;1;148,96
2024-06-15 08:31:33;632;127;2;153,79
2024-06-15 08:31:36;633;127;3;151,26
2024-06-15 08:31:39;634;127;4;150,86
2024-06-15 08:31:42;635;127;5;149,98
2024-06-15 08:31:45;636;128;1;149,02
2024-06-15 08:31:48;637;128;2;152,73
2024-06-15 08:31:51;638;128;3;151,61
2024-06-15 08:31:54;639;128;4;149,57
2024-06-15 08:31:57;640;128;5;149,56
2024-06-15 08:32:00;641;129;1;151,0
2024-06-15 08:32:03;642;129;2;154,0
2024-06-15 08:32:06;643;129;3;151,11
2024-06-15 08:32:09;644;129;4;149,25
2024-06-15 08:32:12;645;129;5;151,13
2024-06-15 08:32:15;646;130;1;151,09
2024-06-15 08:32:18;647;130;2;147,45
2024-06-15 08:32:21;648;130;3;151,42
2024-06-15 08:32:24;649;130;4;151,15
2024-06-15 08:32:27;650;130;5;152,54
2024-06-15 08:32:30;651;131;1;154,27
2024-06-15 08:32:33;652;131;2;153,19
2024-06-15 08:32:36;653;131;3;151,1
2024-06-15 08:32:39;654;131;4;149,84
2024-06-15 08:32:42;655;131;5;155,36
2024-06-15 08:32:45;656;132;1;151,59
2024-06-15 08:32:48;657;132;2;151,52
2024-06-15 08:32:51;658;132;3;151,46
2024-06-15 08:32:54;659;132;4;151,8
2024-06-15 08:32:57;660;132;5;151,28
2024-06-15 08:33:00;661;133;1;150,64
2024-06-15 08:33:03;662;133;2;150,68
2024-06-15 08:33:06;663;133;3;151,45
2024-06-15 08:33:09;664;133;4;150,68
2024-06-15 08:33:12;665;133;5;150,43
2024-06-15 08:33:15;666;134;1;151,66
2024-06-15 08:33:18;667;134;2;151,12
2024-06-15 08:33:21;668;134;3;153,76
2024-06-15 08:33:24;669;134;4;147,52
2024-06-15 08:33:27;670;134;5;153,14
2024-06-15 08:33:30;671;135;1;153,37
2024-06-15 08:33:33;672;135;2;148,39
2024-06-15 08:33:36;673;135;3;150,99
2024-06-15 08:33:39;674;135;4;150,94
2024-06-15 08:33:42;675;135;5;149,39
2024-06-15 08:33:45;676;136;1;150,33
2024-06-15 08:33:48;677;136;2;149,83
2024-06-15 08:33:51;678;136;3;154,13
2024-06-15 08:33:54;679;136;4;152,9
2024-06-15 08:33:57;680;136;5;153,41
2024-06-15 08:34:00;681;137;1;152,58
2024-06-15 08:34:03;682;137;2;149,81
2024-06-15 08:34:06;683;137;3;150,71
2024-06-15 08:34:09;684;137;4;152,23
2024-06-15 08:34:12;685;137;5;149,67
2024-06-15 08:34:15;686;138;1;152,57
2024-06-15 08:34:18;687;138;2;151,14
2024-06-15 08:34:21;688;138;3;150,94
2024-06-15 08:34:24;689;138;4;152,57
2024-06-15 08:34:27;690;138;5;152,17
2024-06-15 08:34:30;691;139;1;150,96
2024-06-15 08:34:33;692;139;2;153,24
2024-06-15 08:34:36;693;139;3;149,88
2024-06-15 08:34:39;694;139;4;152,42
2024-06-15 08:34:42;695;139;5;152,39
2024-06-15 08:34:45;696;140;1;151,04
2024-06-15 08:34:48;697;140;2;151,99
2024-06-15 08:34:51;698;140;3;149,62
2024-06-15 08:34:54;699;140;4;152,89
2024-06-15 08:34:57;700;140;5;151,22
2024-06-15 08:35:00;701;141;1;150,72
2024-06-15 08:35:03;702;141;2;153,07
2024-06-15 08:35:06;703;141;3;150,44
2024-06-15 08:35:09;704;141;4;149,39
2024-06-15 08:35:12;705;141;5;149,17
2024-06-15 08:35:15;706;142;1;152,41
2024-06-15 08:35:18;707;142;2;149,58
2024-06-15 08:35:21;708;142;3;154,13
2024-06-15 08:35:24;709;142;4;148,38
2024-06-15 08:35:27;710;142;5;154,04
2024-06-15 08:35:30;711;143;1;151,82
2024-06-15 08:35:33;712;143;2;151,35
2024-06-15 08:35:36;713;143;3;150,68
2024-06-15 08:35:39;714;143;4;152,1
2024-06-15 08:35:42;715;143;5;151,44
2024-06-15 08:35:45;716;144;1;153,15
2024-06-15 08:35:48;717;144;2;151,67
2024-06-15 08:35:51;718;144;3;151,73
2024-06-15 08:35:54;719;144;4;150,95
2024-06-15 08:35:57;720;144;5;151,41
2024-06-15 08:36:00;721;145;1;151,96
2024-06-15 08:36:03;722;145;2;148,93
2024-06-15 08:36:06;723;145;3;149,48
2024-06-15 08:36:09;724;145;4;152,61
2024-06-15 08:36:12;725;145;5;151,76
2024-06-15 08:36:15;726;146;1;151,22
2024-06-15 08:36:18;727;146;2;151,53
2024-06-15 08:36:21;728;146;3;152,02
2024-06-15 08:36:24;729;146;4;150,69
2024-06-15 08:36:27;730;146;5;150,33
2024-06-15 08:36:30;731;147;1;151,79
2024-06-15 08:36:33;732;147;2;150,03
2024-06-15 08:36:36;733;147;3;152,11
2024-06-15 08:36:39;734;147;4;148,95
2024-06-15 08:36:42;735;147;5;153,04
2024-06-15 08:36:45;736;148;1;152,21
2024-06-15 08:36:48;737;148;2;151,88
2024-06-15 08:36:51;738;148;3;152,97
2024-06-15 08:36:54;739;148;4;154,0
2024-06-15 08:36:57;740;148;5;153,02
2024-06-15 08:37:00;741;149;1;148,74
2024-06-15 08:37:03;742;149;2;149,58
2024-06-15 08:37:06;743;149;3;150,56
2024-06-15 08:37:09;744;149;4;151,54
2024-06-15 08:37:12;745;149;5;152,28
2024-06-15 08:37:15;746;150;1;150,41
2024-06-15 08:37:18;747;150;2;151,78
2024-06-15 08:37:21;748;150;3;150,37
2024-06-15 08:37:24;749;150;4;150,58
2024-06-15 08:37:27;750;150;5;149,39
2024-06-15 08:37:30;751;151;1;150,12
2024-06-15 08:37:33;752;151;2;149,47
2024-06-15 08:37:36;753;151;3;150,04
2024-06-15 08:37:39;754;151;4;153,08
2024-06-15 08:37:42;755;151;5;150,08
2024-06-15 08:37:45;756;152;1;155,45
2024-06-15 08:37:48;757;152;2;152,24
2024-06-15 08:37:51;758;152;3;151,78
2024-06-15 08:37:54;759;152;4;150,21
2024-06-15 08:37:57;760;152;5;152,55
2024-06-15 08:38:00;761;153;1;150,64
2024-06-15 08:38:03;762;153;2;151,68
2024-06-15 08:38:06;763;153;3;155,34
2024-06-15 08:38:09;764;153;4;151,36
2024-06-15 08:38:12;765;153;5;153,22
2024-06-15 08:38:15;766;154;1;150,45
2024-06-15 08:38:18;767;154;2;151,45
2024-06-15 08:38:21;768;154;3;154,16
2024-06-15 08:38:24;769;154;4;150,56
2024-06-15 08:38:27;770;154;5;154,22
2024-06-15 08:38:30;771;155;1;152,56
2024-06-15 08:38:33;772;155;2;150,66
2024-06-15 08:38:36;773;155;3;152,45
2024-06-15 08:38:39;774;155;4;152,96
2024-06-15 08:38:42;775;155;5;152,43
2024-06-15 08:38:45;776;156;1;149,14
2024-06-15 08:38:48;777;156;2;150,41
2024-06-15 08:38:51;778;156;3;151,13
2024-06-15 08:38:54;779;156;4;151,39
2024-06-15 08:38:57;780;156;5;152,43
2024-06-15 08:39:00;781;157;1;151,77
2024-06-15 08:39:03;782;157;2;149,5
2024-06-15 08:39:06;783;157;3;152,07
2024-06-15 08:39:09;784;157;4;152,42
2024-06-15 08:39:12;785;157;5;152,34
2024-06-15 08:39:15;786;158;1;153,12
2024-06-15 08:39:18;787;158;2;152,75
2024-06-15 08:39:21;788;158;3;152,19
2024-06-15 08:39:24;789;158;4;151,39
2024-06-15 08:39:27;790;158;5;149,01
2024-06-15 08:39:30;791;159;1;152,14
2024-06-15 08:39:33;792;159;2;151,81
2024-06-15 08:39:36;793;159;3;151,91
2024-06-15 08:39:39;794;159;4;149,58
2024-06-15 08:39:42;795;159;5;149,88
2024-06-15 08:39:45;796;160;1;153,08
2024-06-15 08:39:48;797;160;2;151,44
2024-06-15 08:39:51;798;160;3;152,52
2024-06-15 08:39:54;799;160;4;151,54
2024-06-15 08:39:57;800;160;5;151,54
2024-06-15 08:40:00;801;161;1;152,91
2024-06-15 08:40:03;802;161;2;150,73
2024-06-15 08:40:06;803;161;3;151,64
2024-06-15 08:40:09;804;161;4;150,81
2024-06-15 08:40:12;805;161;5;150,85
2024-06-15 08:40:15;806;162;1;151,04
2024-06-15 08:40:18;807;162;2;151,83
2024-06-15 08:40:21;808;162;3;150,78
2024-06-15 08:40:24;809;162;4;153,38
2024-06-15 08:40:27;810;162;5;150,16
2024-06-15 08:40:30;811;163;1;151,22
2024-06-15 08:40:33;812;163;2;150,84
2024-06-15 08:40:36;813;163;3;153,67
2024-06-15 08:40:39;814;163;4;151,79
2024-06-15 08:40:42;815;163;5;153,05
2024-06-15 08:40:45;816;164;1;149,27
2024-06-15 08:40:48;817;164;2;151,9
2024-06-15 08:40:51;818;164;3;152,83
2024-06-15 08:40:54;819;164;4;151,62
2024-06-15 08:40:57;820;164;5;153,1
2024-06-15 08:41:00;821;165;1;150,72
2024-06-15 08:41:03;822;165;2;153,61
2024-06-15 08:41:06;823;165;3;154,95
2024-06-15 08:41:09;824;165;4;150,96
2024-06-15 08:41:12;825;165;5;150,83
2024-06-15 08:41:15;826;166;1;153,68
2024-06-15 08:41:18;827;166;2;153,87
2024-06-15 08:41:21;828;166;3;150,72
2024-06-15 08:41:24;829;166;4;150,87
2024-06-15 08:41:27;830;166;5;151,08
2024-06-15 08:41:30;831;167;1;149,48
2024-06-15 08:41:33;832;167;2;150,12
2024-06-15 08:41:36;833;167;3;149,99
2024-06-15 08:41:39;834;167;4;150,35
2024-06-15 08:41:42;835;167;5;151,45
2024-06-15 08:41:45;836;168;1;151,85
2024-06-15 08:41:48;837;168;2;153,83
2024-06-15 08:41:51;838;168;3;150,0
2024-06-15 08:41:54;839;168;4;152,98
2024-06-15 08:41:57;840;168;5;151,18
2024-06-15 08:42:00;841;169;1;151,43
2024-06-15 08:42:03;842;169;2;152,51
2024-06-15 08:42:06;843;169;3;149,82
2024-06-15 08:42:09;844;169;4;152,07
2024-06-15 08:42:12;845;169;5;151,75
2024-06-15 08:42:15;846;170;1;152,24
2024-06-15 08:42:18;847;170;2;151,93
2024-06-15 08:42:21;848;170;3;155,18
2024-06-15 08:42:24;849;170;4;150,54
2024-06-15 08:42:27;850;170;5;150,7
2024-06-15 08:42:30;851;171;1;150,57
2024-06-15 08:42:33;852;171;2;150,67
2024-06-15 08:42:36;853;171;3;150,54
2024-06-15 08:42:39;854;171;4;153,28
2024-06-15 08:42:42;855;171;5;153,63
2024-06-15 08:42:45;856;172;1;150,64
2024-06-15 08:42:48;857;172;2;150,25
2024-06-15 08:42:51;858;172;3;152,21
2024-06-15 08:42:54;859;172;4;150,67
2024-06-15 08:42:57;860;172;5;152,45
2024-06-15 08:43:00;861;173;1;151,8
2024-06-15 08:43:03;862;173;2;149,23
2024-06-15 08:43:06;863;173;3;153,82
2024-06-15 08:43:09;864;173;4;154,19
2024-06-15 08:43:12;865;173;5;150,58
2024-06-15 08:43:15;866;174;1;150,92
2024-06-15 08:43:18;867;174;2;151,93
2024-06-15 08:43:21;868;174;3;152,0
2024-06-15 08:43:24;869;174;4;152,49
2024-06-15 08:43:27;870;174;5;154,52
2024-06-15 08:43:30;871;175;1;151,23
2024-06-15 08:43:33;872;175;2;150,3
2024-06-15 08:43:36;873;175;3;149,43
2024-06-15 08:43:39;874;175;4;150,4
2024-06-15 08:43:42;875;175;5;151,45
2024-06-15 08:43:45;876;176;1;154,19
2024-06-15 08:43:48;877;176;2;150,72
2024-06-15 08:43:51;878;176;3;151,84
2024-06-15 08:43:54;879;176;4;151,48
2024-06-15 08:43:57;880;176;5;153,28
2024-06-15 08:44:00;881;177;1;155,29
2024-06-15 08:44:03;882;177;2;150,7
2024-06-15 08:44:06;883;177;3;150,77
2024-06-15 08:44:09;884;177;4;153,07
2024-06-15 08:44:12;885;177;5;152,52
2024-06-15 08:44:15;886;178;1;154,27
2024-06-15 08:44:18;887;178;2;152,38
2024-06-15 08:44:21;888;178;3;150,96
2024-06-15 08:44:24;889;178;4;152,39
2024-06-15 08:44:27;890;178;5;153,16
2024-06-15 08:44:30;891;179;1;152,73
2024-06-15 08:44:33;892;179;2;152,26
2024-06-15 08:44:36;893;179;3;153,1
2024-06-15 08:44:39;894;179;4;153,25
2024-06-15 08:44:42;895;179;5;153,57
2024-06-15 08:44:45;896;180;1;152,47
2024-06-15 08:44:48;897;180;2;151,25
2024-06-15 08:44:51;898;180;3;151,72
2024-06-15 08:44:54;899;180;4;153,31
2024-06-15 08:44:57;900;180;5;150,27
2024-06-15 08:45:00;901;181;1;152,05
2024-06-15 08:45:03;902;181;2;150,91
2024-06-15 08:45:06;903;181;3;151,54
2024-06-15 08:45:09;904;181;4;153,42
2024-06-15 08:45:12;905;181;5;151,79
2024-06-15 08:45:15;906;182;1;151,57
2024-06-15 08:45:18;907;182;2;149,46
2024-06-15 08:45:21;908;182;3;152,62
2024-06-15 08:45:24;909;182;4;152,47
2024-06-15 08:45:27;910;182;5;154,74
2024-06-15 08:45:30;911;183;1;151,04
2024-06-15 08:45:33;912;183;2;151,83
2024-06-15 08:45:36;913;183;3;151,87
2024-06-15 08:45:39;914;183;4;153,87
2024-06-15 08:45:42;915;183;5;151,36
2024-06-15 08:45:45;916;184;1;151,92
2024-06-15 08:45:48;917;184;2;152,41
2024-06-15 08:45:51;918;184;3;151,78
2024-06-15 08:45:54;919;184;4;150,83
2024-06-15 08:45:57;920;184;5;151,79
2024-06-15 08:46:00;921;185;1;153,11
2024-06-15 08:46:03;922;185;2;149,96
2024-06-15 08:46:06;923;185;3;151,7
2024-06-15 08:46:09;924;185;4;150,45
2024-06-15 08:46:12;925;185;5;153,29
2024-06-15 08:46:15;926;186;1;149,22
2024-06-15 08:46:18;927;186;2;150,66
2024-06-15 08:46:21;928;186;3;152,07
2024-06-15 08:46:24;929;186;4;153,85
2024-06-15 08:46:27;930;186;5;151,4
2024-06-15 08:46:30;931;187;1;150,67
2024-06-15 08:46:33;932;187;2;154,32
2024-06-15 08:46:36;933;187;3;149,33
2024-06-15 08:46:39;934;187;4;148,2
2024-06-15 08:46:42;935;187;5;152,16
2024-06-15 08:46:45;936;188;1;150,75
2024-06-15 08:46:48;937;188;2;149,97
2024-06-15 08:46:51;938;188;3;152,56
2024-06-15 08:46:54;939;188;4;151,87
2024-06-15 08:46:57;940;188;5;150,65
2024-06-15 08:47:00;941;189;1;149,58
2024-06-15 08:47:03;942;189;2;152,81
2024-06-15 08:47:06;943;189;3;152,48
2024-06-15 08:47:09;944;189;4;151,35
2024-06-15 08:47:12;945;189;5;154,27
2024-06-15 08:47:15;946;190;1;149,89
2024-06-15 08:47:18;947;190;2;149,21
2024-06-15 08:47:21;948;190;3;150,46
2024-06-15 08:47:24;949;190;4;151,43
2024-06-15 08:47:27;950;190;5;151,87
2024-06-15 08:47:30;951;191;1;151,14
2024-06-15 08:47:33;952;191;2;152,03
2024-06-15 08:47:36;953;191;3;149,62
2024-06-15 08:47:39;954;191;4;153,67
2024-06-15 08:47:42;955;191;5;151,38
2024-06-15 08:47:45;956;192;1;153,18
2024-06-15 08:47:48;957;192;2;152,01
2024-06-15 08:47:51;958;192;3;152,19
2024-06-15 08:47:54;959;192;4;152,35
2024-06-15 08:47:57;960;192;5;152,17
2024-06-15 08:48:00;961;193;1;152,46
2024-06-15 08:48:03;962;193;2;153,49
2024-06-15 08:48:06;963;193;3;151,79
2024-06-15 08:48:09;964;193;4;152,56
2024-06-15 08:48:12;965;193;5;151,37
2024-06-15 08:48:15;966;194;1;153,66
2024-06-15 08:48:18;967;194;2;150,49
2024-06-15 08:48:21;968;194;3;154,2
2024-06-15 08:48:24;969;194;4;151,44
2024-06-15 08:48:27;970;194;5;149,35
2024-06-15 08:48:30;971;195;1;151,69
2024-06-15 08:48:33;972;195;2;150,48
2024-06-15 08:48:36;973;195;3;152,76
2024-06-15 08:48:39;974;195;4;150,52
2024-06-15 08:48:42;975;195;5;150,83
2024-06-15 08:48:45;976;196;1;148,67
2024-06-15 08:48:48;977;196;2;150,82
2024-06-15 08:48:51;978;196;3;147,86
2024-06-15 08:48:54;979;196;4;149,12
2024-06-15 08:48:57;980;196;5;152,64
2024-06-15 08:49:00;981;197;1;152,68
2024-06-15 08:49:03;982;197;2;152,14
2024-06-15 08:49:06;983;197;3;150,05
2024-06-15 08:49:09;984;197;4;151,43
2024-06-15 08:49:12;985;197;5;151,49
2024-06-15 08:49:15;986;198;1;149,76
2024-06-15 08:49:18;987;198;2;153,76
2024-06-15 08:49:21;988;198;3;152,82
2024-06-15 08:49:24;989;198;4;151,17
2024-06-15 08:49:27;990;198;5;151,54
2024-06-15 08:49:30;991;199;1;151,81
2024-06-15 08:49:33;992;199;2;148,44
2024-06-15 08:49:36;993;199;3;151,13
2024-06-15 08:49:39;994;199;4;150,48
2024-06-15 08:49:42;995;199;5;150,0
2024-06-15 08:49:45;996;200;1;151,08
2024-06-15 08:49:48;997;200;2;154,2
2024-06-15 08:49:51;998;200;3;152,46
2024-06-15 08:49:54;999;200;4;150,64
2024-06-15 08:49:57;1000;200;5;152,36
2024-06-15 08:50:00;1001;201;1;153,61
2024-06-15 08:50:03;1002;201;2;152,9
2024-06-15 08:50:06;1003;201;3;151,6
2024-06-15 08:50:09;1004;201;4;150,54
2024-06-15 08:50:12;1005;201;5;152,56
2024-06-15 08:50:15;1006;202;1;152,11
2024-06-15 08:50:18;1007;202;2;152,86
2024-06-15 08:50:21;1008;202;3;152,47
2024-06-15 08:50:24;1009;202;4;153,09
2024-06-15 08:50:27;1010;202;5;150,71
2024-06-15 08:50:30;1011;203;1;153,5
2024-06-15 08:50:33;1012;203;2;151,82
2024-06-15 08:50:36;1013;203;3;154,64
2024-06-15 08:50:39;1014;203;4;150,49
2024-06-15 08:50:42;1015;203;5;154,13
2024-06-15 08:50:45;1016;204;1;151,83
2024-06-15 08:50:48;1017;204;2;150,56
2024-06-15 08:50:51;1018;204;3;150,81
2024-06-15 08:50:54;1019;204;4;151,05
2024-06-15 08:50:57;1020;204;5;152,17
2024-06-15 08:51:00;1021;205;1;152,33
2024-06-15 08:51:03;1022;205;2;150,68
2024-06-15 08:51:06;1023;205;3;151,51
2024-06-15 08:51:09;1024;205;4;154,76
2024-06-15 08:51:12;1025;205;5;154,13
2024-06-15 08:51:15;1026;206;1;152,2
2024-06-15 08:51:18;1027;206;2;151,61
2024-06-15 08:51:21;1028;206;3;151,73
2024-06-15 08:51:24;1029;206;4;152,47
2024-06-15 08:51:27;1030;206;5;150,02
2024-06-15 08:51:30;1031;207;1;151,17
2024-06-15 08:51:33;1032;207;2;149,06
2024-06-15 08:51:36;1033;207;3;152,16
2024-06-15 08:51:39;1034;207;4;152,53
2024-06-15 08:51:42;1035;207;5;150,83
2024-06-15 08:51:45;1036;208;1;153,93
2024-06-15 08:51:48;1037;208;2;149,73
2024-06-15 08:51:51;1038;208;3;149,37
2024-06-15 08:51:54;1039;208;4;151,9
2024-06-15 08:51:57;1040;208;5;153,14
2024-06-15 08:52:00;1041;209;1;154,1
2024-06-15 08:52:03;1042;209;2;150,89
2024-06-15 08:52:06;1043;209;3;153,19
2024-06-15 08:52:09;1044;209;4;151,52
2024-06-15 08:52:12;1045;209;5;151,32
2024-06-15 08:52:15;1046;210;1;152,91
2024-06-15 08:52:18;1047;210;2;152,56
2024-06-15 08:52:21;1048;210;3;149,22
2024-06-15 08:52:24;1049;210;4;153,8
2024-06-15 08:52:27;1050;210;5;153,65
2024-06-15 08:52:30;1051;211;1;150,65
2024-06-15 08:52:33;1052;211;2;152,19
2024-06-15 08:52:36;1053;211;3;152,33
2024-06-15 08:52:39;1054;211;4;151,98
2024-06-15 08:52:42;1055;211;5;150,77
2024-06-15 08:52:45;1056;212;1;150,59
2024-06-15 08:52:48;1057;212;2;151,56
2024-06-15 08:52:51;1058;212;3;153,36
2024-06-15 08:52:54;1059;212;4;152,42
2024-06-15 08:52:57;1060;212;5;151,04
2024-06-15 08:53:00;1061;213;1;152,77
2024-06-15 08:53:03;1062;213;2;147,34
2024-06-15 08:53:06;1063;213;3;153,33
2024-06-15 08:53:09;1064;213;4;149,0
2024-06-15 08:53:12;1065;213;5;151,06
2024-06-15 08:53:15;1066;214;1;149,94
2024-06-15 08:53:18;1067;214;2;149,67
2024-06-15 08:53:21;1068;214;3;153,36
2024-06-15 08:53:24;1069;214;4;150,92
2024-06-15 08:53:27;1070;214;5;152,14
2024-06-15 08:53:30;1071;215;1;151,55
2024-06-15 08:53:33;1072;215;2;152,34
2024-06-15 08:53:36;1073;215;3;151,74
2024-06-15 08:53:39;1074;215;4;149,7
2024-06-15 08:53:42;1075;215;5;153,12
2024-06-15 08:53:45;1076;216;1;150,89
2024-06-15 08:53:48;1077;216;2;149,3
2024-06-15 08:53:51;1078;216;3;150,99
2024-06-15 08:53:54;1079;216;4;153,88
2024-06-15 08:53:57;1080;216;5;152,91
2024-06-15 08:54:00;1081;217;1;151,12
2024-06-15 08:54:03;1082;217;2;151,12
2024-06-15 08:54:06;1083;217;3;151,16
2024-06-15 08:54:09;1084;217;4;154,76
2024-06-15 08:54:12;1085;217;5;152,21
2024-06-15 08:54:15;1086;218;1;152,3
2024-06-15 08:54:18;1087;218;2;153,2
2024-06-15 08:54:21;1088;218;3;152,01
2024-06-15 08:54:24;1089;218;4;151,26
2024-06-15 08:54:27;1090;218;5;151,36
2024-06-15 08:54:30;1091;219;1;151,55
2024-06-15 08:54:33;1092;219;2;151,6
2024-06-15 08:54:36;1093;219;3;152,75
2024-06-15 08:54:39;1094;219;4;151,74
2024-06-15 08:54:42;1095;219;5;152,76
2024-06-15 08:54:45;1096;220;1;151,55
2024-06-15 08:54:48;1097;220;2;151,78
2024-06-15 08:54:51;1098;220;3;148,67
2024-06-15 08:54:54;1099;220;4;153,04
2024-06-15 08:54:57;1100;220;5;152,19
2024-06-15 08:55:00;1101;221;1;153,17
2024-06-15 08:55:03;1102;221;2;147,33
2024-06-15 08:55:06;1103;221;3;154,81
2024-06-15 08:55:09;1104;221;4;151,47
2024-06-15 08:55:12;1105;221;5;153,34
2024-06-15 08:55:15;1106;222;1;150,12
2024-06-15 08:55:18;1107;222;2;152,6
2024-06-15 08:55:21;1108;222;3;150,1
2024-06-15 08:55:24;1109;222;4;150,75
2024-06-15 08:55:27;1110;222;5;154,55
2024-06-15 08:55:30;1111;223;1;151,41
2024-06-15 08:55:33;1112;223;2;152,02
2024-06-15 08:55:36;1113;223;3;153,0
2024-06-15 08:55:39;1114;223;4;152,44
2024-06-15 08:55:42;1115;223;5;151,92
2024-06-15 08:55:45;1116;224;1;152,25
2024-06-15 08:55:48;1117;224;2;155,31
2024-06-15 08:55:51;1118;224;3;151,61
2024-06-15 08:55:54;1119;224;4;152,0
2024-06-15 08:55:57;1120;224;5;153,28
2024-06-15 08:56:00;1121;225;1;153,37
2024-06-15 08:56:03;1122;225;2;153,49
2024-06-15 08:56:06;1123;225;3;152,67
2024-06-15 08:56:09;1124;225;4;149,99
2024-06-15 08:56:12;1125;225;5;154,16
2024-06-15 08:56:15;1126;226;1;150,0
2024-06-15 08:56:18;1127;226;2;152,17
2024-06-15 08:56:21;1128;226;3;150,59
2024-06-15 08:56:24;1129;226;4;151,62
2024-06-15 08:56:27;1130;226;5;152,21
2024-06-15 08:56:30;1131;227;1;152,21
2024-06-15 08:56:33;1132;227;2;152,36
2024-06-15 08:56:36;1133;227;3;154,15
2024-06-15 08:56:39;1134;227;4;152,41
2024-06-15 08:56:42;1135;227;5;151,36
2024-06-15 08:56:45;1136;228;1;153,18
2024-06-15 08:56:48;1137;228;2;153,52
2024-06-15 08:56:51;1138;228;3;149,89
2024-06-15 08:56:54;1139;228;4;152,63
2024-06-15 08:56:57;1140;228;5;152,79
2024-06-15 08:57:00;1141;229;1;151,3
2024-06-15 08:57:03;1142;229;2;153,81
2024-06-15 08:57:06;1143;229;3;151,52
2024-06-15 08:57:09;1144;229;4;151,93
2024-06-15 08:57:12;1145;229;5;151,48
2024-06-15 08:57:15;1146;230;1;151,77
2024-06-15 08:57:18;1147;230;2;150,11
2024-06-15 08:57:21;1148;230;3;149,59
2024-06-15 08:57:24;1149;230;4;154,14
2024-06-15 08:57:27;1150;230;5;150,48
2024-06-15 08:57:30;1151;231;1;150,27
2024-06-15 08:57:33;1152;231;2;148,53
2024-06-15 08:57:36;1153;231;3;150,8
2024-06-15 08:57:39;1154;231;4;149,77
2024-06-15 08:57:42;1155;231;5;154,22
2024-06-15 08:57:45;1156;232;1;153,28
2024-06-15 08:57:48;1157;232;2;150,73
2024-06-15 08:57:51;1158;232;3;155,15
2024-06-15 08:57:54;1159;232;4;153,24
2024-06-15 08:57:57;1160;232;5;151,28
2024-06-15 08:58:00;1161;233;1;148,03
2024-06-15 08:58:03;1162;233;2;155,21
2024-06-15 08:58:06;1163;233;3;149,69
2024-06-15 08:58:09;1164;233;4;149,31
2024-06-15 08:58:12;1165;233;5;153,31
2024-06-15 08:58:15;1166;234;1;155,44
2024-06-15 08:58:18;1167;234;2;153,86
2024-06-15 08:58:21;1168;234;3;152,63
2024-06-15 08:58:24;1169;234;4;152,68
2024-06-15 08:58:27;1170;234;5;153,06
2024-06-15 08:58:30;1171;235;1;152,93
2024-06-15 08:58:33;1172;235;2;152,21
2024-06-15 08:58:36;1173;235;3;151,95
2024-06-15 08:58:39;1174;235;4;151,7
2024-06-15 08:58:42;1175;235;5;150,66
2024-06-15 08:58:45;1176;236;1;151,38
2024-06-15 08:58:48;1177;236;2;149,26
2024-06-15 08:58:51;1178;236;3;151,65
2024-06-15 08:58:54;1179;236;4;150,32
2024-06-15 08:58:57;1180;236;5;150,14
2024-06-15 08:59:00;1181;237;1;152,08
2024-06-15 08:59:03;1182;237;2;153,9
2024-06-15 08:59:06;1183;237;3;153,19
2024-06-15 08:59:09;1184;237;4;149,45
2024-06-15 08:59:12;1185;237;5;150,32
2024-06-15 08:59:15;1186;238;1;153,23
2024-06-15 08:59:18;1187;238;2;150,34
2024-06-15 08:59:21;1188;238;3;151,48
2024-06-15 08:59:24;1189;238;4;152,64
2024-06-15 08:59:27;1190;238;5;150,36
2024-06-15 08:59:30;1191;239;1;151,98
2024-06-15 08:59:33;1192;239;2;149,82
2024-06-15 08:59:36;1193;239;3;150,92
2024-06-15 08:59:39;1194;239;4;152,3
2024-06-15 08:59:42;1195;239;5;149,44
2024-06-15 08:59:45;1196;240;1;152,49
2024-06-15 08:59:48;1197;240;2;151,8
2024-06-15 08:59:51;1198;240;3;152,66
2024-06-15 08:59:54;1199;240;4;152,17
2024-06-15 08:59:57;1200;240;5;153,88
2024-06-15 09:00:00;1201;241;1;152,03
2024-06-15 09:00:03;1202;241;2;151,2
2024-06-15 09:00:06;1203;241;3;152,03
2024-06-15 09:00:09;1204;241;4;152,66
2024-06-15 09:00:12;1205;241;5;151,91
2024-06-15 09:00:15;1206;242;1;151,91
2024-06-15 09:00:18;1207;242;2;150,8
2024-06-15 09:00:21;1208;242;3;150,86
2024-06-15 09:00:24;1209;242;4;149,75
2024-06-15 09:00:27;1210;242;5;154,47
2024-06-15 09:00:30;1211;243;1;149,99
2024-06-15 09:00:33;1212;243;2;150,82
2024-06-15 09:00:36;1213;243;3;150,78
2024-06-15 09:00:39;1214;243;4;153,2
2024-06-15 09:00:42;1215;243;5;151,42
2024-06-15 09:00:45;1216;244;1;153,74
2024-06-15 09:00:48;1217;244;2;150,86
2024-06-15 09:00:51;1218;244;3;152,29
2024-06-15 09:00:54;1219;244;4;150,61
2024-06-15 09:00:57;1220;244;5;155,08
2024-06-15 09:01:00;1221;245;1;150,09
2024-06-15 09:01:03;1222;245;2;152,34
2024-06-15 09:01:06;1223;245;3;152,83
2024-06-15 09:01:09;1224;245;4;152,5
2024-06-15 09:01:12;1225;245;5;151,6
2024-06-15 09:01:15;1226;246;1;151,69
2024-06-15 09:01:18;1227;246;2;151,95
2024-06-15 09:01:21;1228;246;3;151,66
2024-06-15 09:01:24;1229;246;4;153,33
2024-06-15 09:01:27;1230;246;5;155,2
2024-06-15 09:01:30;1231;247;1;151,06
2024-06-15 09:01:33;1232;247;2;149,84
2024-06-15 09:01:36;1233;247;3;151,76
2024-06-15 09:01:39;1234;247;4;155,76
2024-06-15 09:01:42;1235;247;5;150,69
2024-06-15 09:01:45;1236;248;1;154,36
2024-06-15 09:01:48;1237;248;2;154,42
2024-06-15 09:01:51;1238;248;3;151,07
2024-06-15 09:01:54;1239;248;4;152,75
2024-06-15 09:01:57;1240;248;5;154,34
2024-06-15 09:02:00;1241;249;1;151,34
2024-06-15 09:02:03;1242;249;2;151,6
2024-06-15 09:02:06;1243;249;3;151,04
2024-06-15 09:02:09;1244;249;4;150,39
2024-06-15 09:02:12;1245;249;5;150,93
2024-06-15 09:02:15;1246;250;1;150,08
2024-06-15 09:02:18;1247;250;2;151,97
2024-06-15 09:02:21;1248;250;3;150,76
2024-06-15 09:02:24;1249;250;4;152,27
2024-06-15 09:02:27;1250;250;5;149,58
2024-06-15 09:02:30;1251;251;1;152,42
2024-06-15 09:02:33;1252;251;2;153,18
2024-06-15 09:02:36;1253;251;3;148,93
2024-06-15 09:02:39;1254;251;4;152,49
2024-06-15 09:02:42;1255;251;5;153,77
2024-06-15 09:02:45;1256;252;1;150,12
2024-06-15 09:02:48;1257;252;2;154,44
2024-06-15 09:02:51;1258;252;3;152,56
2024-06-15 09:02:54;1259;252;4;150,88
2024-06-15 09:02:57;1260;252;5;151,85
2024-06-15 09:03:00;1261;253;1;152,78
2024-06-15 09:03:03;1262;253;2;152,06
2024-06-15 09:03:06;1263;253;3;152,75
2024-06-15 09:03:09;1264;253;4;150,56
2024-06-15 09:03:12;1265;253;5;152,2
2024-06-15 09:03:15;1266;254;1;149,83
2024-06-15 09:03:18;1267;254;2;151,78
2024-06-15 09:03:21;1268;254;3;150,59
2024-06-15 09:03:24;1269;254;4;150,85
2024-06-15 09:03:27;1270;254;5;153,8
2024-06-15 09:03:30;1271;255;1;153,6
2024-06-15 09:03:33;1272;255;2;152,87
2024-06-15 09:03:36;1273;255;3;150,32
2024-06-15 09:03:39;1274;255;4;151,48
2024-06-15 09:03:42;1275;255;5;153,78
2024-06-15 09:03:45;1276;256;1;152,18
2024-06-15 09:03:48;1277;256;2;155,45
2024-06-15 09:03:51;1278;256;3;152,56
2024-06-15 09:03:54;1279;256;4;152,25
2024-06-15 09:03:57;1280;256;5;151,5
2024-06-15 09:04:00;1281;257;1;152,18
2024-06-15 09:04:03;1282;257;2;151,75
2024-06-15 09:04:06;1283;257;3;153,04
2024-06-15 09:04:09;1284;257;4;153,41
2024-06-15 09:04:12;1285;257;5;150,8
2024-06-15 09:04:15;1286;258;1;149,99
2024-06-15 09:04:18;1287;258;2;149,23
2024-06-15 09:04:21;1288;258;3;152,75
2024-06-15 09:04:24;1289;258;4;150,33
2024-06-15 09:04:27;1290;258;5;148,75
2024-06-15 09:04:30;1291;259;1;152,57
2024-06-15 09:04:33;1292;259;2;155,73
2024-06-15 09:04:36;1293;259;3;151,98
2024-06-15 09:04:39;1294;259;4;153,25
2024-06-15 09:04:42;1295;259;5;152,11
2024-06-15 09:04:45;1296;260;1;151,85
2024-06-15 09:04:48;1297;260;2;153,38
2024-06-15 09:04:51;1298;260;3;151,56
2024-06-15 09:04:54;1299;260;4;152,4
2024-06-15 09:04:57;1300;260;5;152,48
2024-06-15 09:05:00;1301;261;1;151,01
2024-06-15 09:05:03;1302;261;2;153,5
2024-06-15 09:05:06;1303;261;3;151,75
2024-06-15 09:05:09;1304;261;4;150,87
2024-06-15 09:05:12;1305;261;5;152,81
2024-06-15 09:05:15;1306;262;1;150,67
2024-06-15 09:05:18;1307;262;2;152,06
2024-06-15 09:05:21;1308;262;3;152,0
2024-06-15 09:05:24;1309;262;4;153,65
2024-06-15 09:05:27;1310;262;5;152,73
2024-06-15 09:05:30;1311;263;1;151,99
2024-06-15 09:05:33;1312;263;2;153,25
2024-06-15 09:05:36;1313;263;3;154,11
2024-06-15 09:05:39;1314;263;4;152,86
2024-06-15 09:05:42;1315;263;5;152,04
2024-06-15 09:05:45;1316;264;1;150,07
2024-06-15 09:05:48;1317;264;2;150,44
2024-06-15 09:05:51;1318;264;3;151,58
2024-06-15 09:05:54;1319;264;4;151,12
2024-06-15 09:05:57;1320;264;5;151,75
2024-06-15 09:06:00;1321;265;1;152,13
2024-06-15 09:06:03;1322;265;2;152,84
2024-06-15 09:06:06;1323;265;3;151,94
2024-06-15 09:06:09;1324;265;4;152,77
2024-06-15 09:06:12;1325;265;5;152,14
2024-06-15 09:06:15;1326;266;1;149,09
2024-06-15 09:06:18;1327;266;2;150,64
2024-06-15 09:06:21;1328;266;3;151,83
2024-06-15 09:06:24;1329;266;4;150,24
2024-06-15 09:06:27;1330;266;5;152,95
2024-06-15 09:06:30;1331;267;1;154,35
2024-06-15 09:06:33;1332;267;2;153,89
2024-06-15 09:06:36;1333;267;3;151,74
2024-06-15 09:06:39;1334;267;4;154,29
2024-06-15 09:06:42;1335;267;5;152,28
2024-06-15 09:06:45;1336;268;1;151,56
2024-06-15 09:06:48;1337;268;2;151,15
2024-06-15 09:06:51;1338;268;3;151,61
2024-06-15 09:06:54;1339;268;4;151,48
2024-06-15 09:06:57;1340;268;5;152,32
2024-06-15 09:07:00;1341;269;1;152,32
2024-06-15 09:07:03;1342;269;2;152,08
2024-06-15 09:07:06;1343;269;3;152,73
2024-06-15 09:07:09;1344;269;4;153,86
2024-06-15 09:07:12;1345;269;5;153,5
2024-06-15 09:07:15;1346;270;1;149,86
2024-06-15 09:07:18;1347;270;2;148,25
2024-06-15 09:07:21;1348;270;3;153,48
2024-06-15 09:07:24;1349;270;4;150,03
2024-06-15 09:07:27;1350;270;5;151,75
2024-06-15 09:07:30;1351;271;1;150,34
2024-06-15 09:07:33;1352;271;2;149,39
2024-06-15 09:07:36;1353;271;3;152,9
2024-06-15 09:07:39;1354;271;4;153,23
2024-06-15 09:07:42;1355;271;5;151,23
2024-06-15 09:07:45;1356;272;1;148,21
2024-06-15 09:07:48;1357;272;2;151,28
2024-06-15 09:07:51;1358;272;3;152,69
2024-06-15 09:07:54;1359;272;4;149,88
2024-06-15 09:07:57;1360;272;5;152,38
2024-06-15 09:08:00;1361;273;1;152,09
2024-06-15 09:08:03;1362;273;2;152,98
2024-06-15 09:08:06;1363;273;3;152,29
2024-06-15 09:08:09;1364;273;4;150,65
2024-06-15 09:08:12;1365;273;5;153,9
2024-06-15 09:08:15;1366;274;1;151,88
2024-06-15 09:08:18;1367;274;2;152,08
2024-06-15 09:08:21;1368;274;3;150,72
2024-06-15 09:08:24;1369;274;4;151,45
2024-06-15 09:08:27;1370;274;5;150,79
2024-06-15 09:08:30;1371;275;1;151,87
2024-06-15 09:08:33;1372;275;2;154,69
2024-06-15 09:08:36;1373;275;3;150,07
2024-06-15 09:08:39;1374;275;4;149,7
2024-06-15 09:08:42;1375;275;5;154,33
2024-06-15 09:08:45;1376;276;1;151,82
2024-06-15 09:08:48;1377;276;2;151,13
2024-06-15 09:08:51;1378;276;3;153,69
2024-06-15 09:08:54;1379;276;4;151,22
2024-06-15 09:08:57;1380;276;5;154,87
2024-06-15 09:09:00;1381;277;1;153,16
2024-06-15 09:09:03;1382;277;2;151,41
2024-06-15 09:09:06;1383;277;3;155,38
2024-06-15 09:09:09;1384;277;4;151,23
2024-06-15 09:09:12;1385;277;5;153,25
2024-06-15 09:09:15;1386;278;1;152,6
2024-06-15 09:09:18;1387;278;2;154,1
2024-06-15 09:09:21;1388;278;3;154,49
2024-06-15 09:09:24;1389;278;4;152,2
2024-06-15 09:09:27;1390;278;5;151,02
2024-06-15 09:09:30;1391;279;1;152,85
2024-06-15 09:09:33;1392;279;2;151,14
2024-06-15 09:09:36;1393;279;3;155,18
2024-06-15 09:09:39;1394;279;4;152,36
2024-06-15 09:09:42;1395;279;5;151,61
2024-06-15 09:09:45;1396;280;1;152,44
2024-06-15 09:09:48;1397;280;2;150,15
2024-06-15 09:09:51;1398;280;3;150,71
2024-06-15 09:09:54;1399;280;4;153,97
2024-06-15 09:09:57;1400;280;5;151,18
2024-06-15 09:10:00;1401;281;1;150,6
2024-06-15 09:10:03;1402;281;2;152,98
2024-06-15 09:10:06;1403;281;3;153,95
2024-06-15 09:10:09;1404;281;4;153,25
2024-06-15 09:10:12;1405;281;5;153,67
2024-06-15 09:10:15;1406;282;1;151,05
2024-06-15 09:10:18;1407;282;2;150,05
2024-06-15 09:10:21;1408;282;3;154,44
2024-06-15 09:10:24;1409;282;4;151,7
2024-06-15 09:10:27;1410;282;5;151,81
2024-06-15 09:10:30;1411;283;1;154,18
2024-06-15 09:10:33;1412;283;2;153,03
2024-06-15 09:10:36;1413;283;3;152,88
2024-06-15 09:10:39;1414;283;4;155,44
2024-06-15 09:10:42;1415;283;5;151,23
2024-06-15 09:10:45;1416;284;1;153,59
2024-06-15 09:10:48;1417;284;2;152,29
2024-06-15 09:10:51;1418;284;3;152,6
2024-06-15 09:10:54;1419;284;4;154,49
2024-06-15 09:10:57;1420;284;5;152,96
2024-06-15 09:11:00;1421;285;1;153,02
2024-06-15 09:11:03;1422;285;2;153,82
2024-06-15 09:11:06;1423;285;3;151,66
2024-06-15 09:11:09;1424;285;4;150,95
2024-06-15 09:11:12;1425;285;5;150,64
2024-06-15 09:11:15;1426;286;1;149,27
2024-06-15 09:11:18;1427;286;2;155,3
2024-06-15 09:11:21;1428;286;3;150,56
2024-06-15 09:11:24;1429;286;4;151,88
2024-06-15 09:11:27;1430;286;5;151,8
2024-06-15 09:11:30;1431;287;1;152,69
2024-06-15 09:11:33;1432;287;2;153,45
2024-06-15 09:11:36;1433;287;3;153,52
2024-06-15 09:11:39;1434;287;4;151,35
2024-06-15 09:11:42;1435;287;5;151,97
2024-06-15 09:11:45;1436;288;1;152,66
2024-06-15 09:11:48;1437;288;2;151,86
2024-06-15 09:11:51;1438;288;3;154,64
2024-06-15 09:11:54;1439;288;4;152,97
2024-06-15 09:11:57;1440;288;5;153,34
2024-06-15 09:12:00;1441;289;1;153,24
2024-06-15 09:12:03;1442;289;2;154,0
2024-06-15 09:12:06;1443;289;3;152,51
2024-06-15 09:12:09;1444;289;4;150,3
2024-06-15 09:12:12;1445;289;5;152,84
2024-06-15 09:12:15;1446;290;1;151,27
2024-06-15 09:12:18;1447;290;2;151,46
2024-06-15 09:12:21;1448;290;3;153,13
2024-06-15 09:12:24;1449;290;4;154,11
2024-06-15 09:12:27;1450;290;5;152,28
2024-06-15 09:12:30;1451;291;1;152,72
2024-06-15 09:12:33;1452;291;2;154,81
2024-06-15 09:12:36;1453;291;3;152,62
2024-06-15 09:12:39;1454;291;4;156,16
2024-06-15 09:12:42;1455;291;5;153,11
2024-06-15 09:12:45;1456;292;1;149,63
2024-06-15 09:12:48;1457;292;2;153,4
2024-06-15 09:12:51;1458;292;3;152,84
2024-06-15 09:12:54;1459;292;4;154,2
2024-06-15 09:12:57;1460;292;5;153,28
2024-06-15 09:13:00;1461;293;1;152,07
2024-06-15 09:13:03;1462;293;2;150,44
2024-06-15 09:13:06;1463;293;3;151,96
2024-06-15 09:13:09;1464;293;4;151,0
2024-06-15 09:13:12;1465;293;5;151,4
2024-06-15 09:13:15;1466;294;1;153,17
2024-06-15 09:13:18;1467;294;2;154,79
2024-06-15 09:13:21;1468;294;3;152,88
2024-06-15 09:13:24;1469;294;4;150,49
2024-06-15 09:13:27;1470;294;5;152,95
2024-06-15 09:13:30;1471;295;1;154,09
2024-06-15 09:13:33;1472;295;2;151,38
2024-06-15 09:13:36;1473;295;3;152,09
2024-06-15 09:13:39;1474;295;4;152,31
2024-06-15 09:13:42;1475;295;5;151,11
2024-06-15 09:13:45;1476;296;1;153,27
2024-06-15 09:13:48;1477;296;2;152,12
2024-06-15 09:13:51;1478;296;3;152,93
2024-06-15 09:13:54;1479;296;4;150,97
2024-06-15 09:13:57;1480;296;5;151,64
2024-06-15 09:14:00;1481;297;1;153,39
2024-06-15 09:14:03;1482;297;2;151,75
2024-06-15 09:14:06;1483;297;3;154,9
2024-06-15 09:14:09;1484;297;4;151,71
2024-06-15 09:14:12;1485;297;5;152,65
2024-06-15 09:14:15;1486;298;1;153,72
2024-06-15 09:14:18;1487;298;2;150,19
2024-06-15 09:14:21;1488;298;3;149,68
2024-06-15 09:14:24;1489;298;4;150,03
2024-06-15 09:14:27;1490;298;5;154,21
2024-06-15 09:14:30;1491;299;1;151,5
2024-06-15 09:14:33;1492;299;2;156,16
2024-06-15 09:14:36;1493;299;3;151,48
2024-06-15 09:14:39;1494;299;4;152,6
2024-06-15 09:14:42;1495;299;5;154,64
2024-06-15 09:14:45;1496;300;1;155,34
2024-06-15 09:14:48;1497;300;2;155,43
2024-06-15 09:14:51;1498;300;3;154,15
2024-06-15 09:14:54;1499;300;4;153,87
2024-06-15 09:14:57;1500;300;5;153,22
2024-06-15 09:15:00;1501;301;1;153,51
2024-06-15 09:15:03;1502;301;2;151,51
2024-06-15 09:15:06;1503;301;3;151,11
2024-06-15 09:15:09;1504;301;4;152,34
2024-06-15 09:15:12;1505;301;5;152,09
2024-06-15 09:15:15;1506;302;1;151,67
2024-06-15 09:15:18;1507;302;2;153,39
2024-06-15 09:15:21;1508;302;3;153,78
2024-06-15 09:15:24;1509;302;4;152,48
2024-06-15 09:15:27;1510;302;5;154,57
2024-06-15 09:15:30;1511;303;1;150,65
2024-06-15 09:15:33;1512;303;2;152,07
2024-06-15 09:15:36;1513;303;3;151,28
2024-06-15 09:15:39;1514;303;4;149,56
2024-06-15 09:15:42;1515;303;5;152,23
2024-06-15 09:15:45;1516;304;1;152,18
2024-06-15 09:15:48;1517;304;2;154,64
2024-06-15 09:15:51;1518;304;3;153,31
2024-06-15 09:15:54;1519;304;4;150,83
2024-06-15 09:15:57;1520;304;5;155,15
2024-06-15 09:16:00;1521;305;1;154,21
2024-06-15 09:16:03;1522;305;2;153,25
2024-06-15 09:16:06;1523;305;3;152,04
2024-06-15 09:16:09;1524;305;4;150,94
2024-06-15 09:16:12;1525;305;5;151,82
2024-06-15 09:16:15;1526;306;1;154,02
2024-06-15 09:16:18;1527;306;2;155,21
2024-06-15 09:16:21;1528;306;3;154,7
2024-06-15 09:16:24;1529;306;4;151,65
2024-06-15 09:16:27;1530;306;5;150,7
2024-06-15 09:16:30;1531;307;1;152,6
2024-06-15 09:16:33;1532;307;2;149,74
2024-06-15 09:16:36;1533;307;3;152,88
2024-06-15 09:16:39;1534;307;4;152,17
2024-06-15 09:16:42;1535;307;5;151,69
2024-06-15 09:16:45;1536;308;1;150,01
2024-06-15 09:16:48;1537;308;2;153,17
2024-06-15 09:16:51;1538;308;3;151,6
2024-06-15 09:16:54;1539;308;4;150,65
2024-06-15 09:16:57;1540;308;5;148,09
2024-06-15 09:17:00;1541;309;1;152,37
2024-06-15 09:17:03;1542;309;2;155,07
2024-06-15 09:17:06;1543;309;3;154,9
2024-06-15 09:17:09;1544;309;4;151,72
2024-06-15 09:17:12;1545;309;5;151,51
2024-06-15 09:17:15;1546;310;1;153,12
2024-06-15 09:17:18;1547;310;2;150,92
2024-06-15 09:17:21;1548;310;3;152,87
2024-06-15 09:17:24;1549;310;4;153,57
2024-06-15 09:17:27;1550;310;5;154,26
2024-06-15 09:17:30;1551;311;1;152,27
2024-06-15 09:17:33;1552;311;2;152,12
2024-06-15 09:17:36;1553;311;3;151,11
2024-06-15 09:17:39;1554;311;4;151,18
2024-06-15 09:17:42;1555;311;5;152,09
2024-06-15 09:17:45;1556;312;1;152,98
2024-06-15 09:17:48;1557;312;2;153,8
2024-06-15 09:17:51;1558;312;3;151,23
2024-06-15 09:17:54;1559;312;4;154,67
2024-06-15 09:17:57;1560;312;5;152,03
2024-06-15 09:18:00;1561;313;1;152,41
2024-06-15 09:18:03;1562;313;2;151,32
2024-06-15 09:18:06;1563;313;3;148,81
2024-06-15 09:18:09;1564;313;4;153,77
2024-06-15 09:18:12;1565;313;5;153,55
2024-06-15 09:18:15;1566;314;1;152,03
2024-06-15 09:18:18;1567;314;2;152,55
2024-06-15 09:18:21;1568;314;3;153,22
2024-06-15 09:18:24;1569;314;4;150,11
2024-06-15 09:18:27;1570;314;5;151,66
2024-06-15 09:18:30;1571;315;1;153,65
2024-06-15 09:18:33;1572;315;2;150,58
2024-06-15 09:18:36;1573;315;3;152,9
2024-06-15 09:18:39;1574;315;4;150,42
2024-06-15 09:18:42;1575;315;5;153,16
2024-06-15 09:18:45;1576;316;1;152,41
2024-06-15 09:18:48;1577;316;2;150,04
2024-06-15 09:18:51;1578;316;3;154,21
2024-06-15 09:18:54;1579;316;4;151,36
2024-06-15 09:18:57;1580;316;5;151,25
2024-06-15 09:19:00;1581;317;1;152,78
2024-06-15 09:19:03;1582;317;2;154,2
2024-06-15 09:19:06;1583;317;3;150,95
2024-06-15 09:19:09;1584;317;4;152,57
2024-06-15 09:19:12;1585;317;5;153,12
2024-06-15 09:19:15;1586;318;1;153,52
2024-06-15 09:19:18;1587;318;2;152,75
2024-06-15 09:19:21;1588;318;3;151,93
2024-06-15 09:19:24;1589;318;4;151,24
2024-06-15 09:19:27;1590;318;5;152,61
2024-06-15 09:19:30;1591;319;1;150,88
2024-06-15 09:19:33;1592;319;2;148,11
2024-06-15 09:19:36;1593;319;3;153,15
2024-06-15 09:19:39;1594;319;4;153,85
2024-06-15 09:19:42;1595;319;5;148,95
2024-06-15 09:19:45;1596;320;1;150,99
2024-06-15 09:19:48;1597;320;2;153,43
2024-06-15 09:19:51;1598;320;3;155,59
2024-06-15 09:19:54;1599;320;4;152,53
2024-06-15 09:19:57;1600;320;5;151,41
2024-06-15 09:20:00;1601;321;1;152,23
2024-06-15 09:20:03;1602;321;2;154,57
2024-06-15 09:20:06;1603;321;3;151,54
2024-06-15 09:20:09;1604;321;4;151,31
2024-06-15 09:20:12;1605;321;5;151,78
2024-06-15 09:20:15;1606;322;1;151,09
2024-06-15 09:20:18;1607;322;2;152,7
2024-06-15 09:20:21;1608;322;3;154,95
2024-06-15 09:20:24;1609;322;4;153,0
2024-06-15 09:20:27;1610;322;5;152,14
2024-06-15 09:20:30;1611;323;1;152,09
2024-06-15 09:20:33;1612;323;2;150,18
2024-06-15 09:20:36;1613;323;3;153,85
2024-06-15 09:20:39;1614;323;4;152,41
2024-06-15 09:20:42;1615;323;5;152,25
2024-06-15 09:20:45;1616;324;1;157,32
2024-06-15 09:20:48;1617;324;2;152,98
2024-06-15 09:20:51;1618;324;3;151,41
2024-06-15 09:20:54;1619;324;4;151,89
2024-06-15 09:20:57;1620;324;5;154,26
2024-06-15 09:21:00;1621;325;1;152,71
2024-06-15 09:21:03;1622;325;2;150,38
2024-06-15 09:21:06;1623;325;3;153,92
2024-06-15 09:21:09;1624;325;4;151,54
2024-06-15 09:21:12;1625;325;5;155,35
2024-06-15 09:21:15;1626;326;1;154,17
2024-06-15 09:21:18;1627;326;2;151,88
2024-06-15 09:21:21;1628;326;3;154,47
2024-06-15 09:21:24;1629;326;4;152,65
2024-06-15 09:21:27;1630;326;5;153,83
2024-06-15 09:21:30;1631;327;1;153,29
2024-06-15 09:21:33;1632;327;2;151,29
2024-06-15 09:21:36;1633;327;3;151,59
2024-06-15 09:21:39;1634;327;4;154,1
2024-06-15 09:21:42;1635;327;5;152,06
2024-06-15 09:21:45;1636;328;1;151,96
2024-06-15 09:21:48;1637;328;2;151,13
2024-06-15 09:21:51;1638;328;3;153,2
2024-06-15 09:21:54;1639;328;4;155,66
2024-06-15 09:21:57;1640;328;5;150,97
2024-06-15 09:22:00;1641;329;1;152,61
2024-06-15 09:22:03;1642;329;2;154,69
2024-06-15 09:22:06;1643;329;3;152,46
2024-06-15 09:22:09;1644;329;4;153,25
2024-06-15 09:22:12;1645;329;5;150,98
2024-06-15 09:22:15;1646;330;1;153,23
2024-06-15 09:22:18;1647;330;2;152,3
2024-06-15 09:22:21;1648;330;3;154,06
2024-06-15 09:22:24;1649;330;4;154,36
2024-06-15 09:22:27;1650;330;5;156,47
2024-06-15 09:22:30;1651;331;1;153,46
2024-06-15 09:22:33;1652;331;2;153,08
2024-06-15 09:22:36;1653;331;3;152,88
2024-06-15 09:22:39;1654;331;4;152,06
2024-06-15 09:22:42;1655;331;5;153,1
2024-06-15 09:22:45;1656;332;1;152,16
2024-06-15 09:22:48;1657;332;2;152,85
2024-06-15 09:22:51;1658;332;3;154,58
2024-06-15 09:22:54;1659;332;4;151,09
2024-06-15 09:22:57;1660;332;5;154,31
2024-06-15 09:23:00;1661;333;1;154,58
2024-06-15 09:23:03;1662;333;2;152,43
2024-06-15 09:23:06;1663;333;3;149,43
2024-06-15 09:23:09;1664;333;4;151,7
2024-06-15 09:23:12;1665;333;5;154,55
2024-06-15 09:23:15;1666;334;1;152,58
2024-06-15 09:23:18;1667;334;2;151,12
2024-06-15 09:23:21;1668;334;3;151,86
2024-06-15 09:23:24;1669;334;4;153,88
2024-06-15 09:23:27;1670;334;5;153,44
2024-06-15 09:23:30;1671;335;1;152,27
2024-06-15 09:23:33;1672;335;2;152,07
2024-06-15 09:23:36;1673;335;3;152,04
2024-06-15 09:23:39;1674;335;4;151,24
2024-06-15 09:23:42;1675;335;5;155,05
2024-06-15 09:23:45;1676;336;1;152,15
2024-06-15 09:23:48;1677;336;2;154,46
2024-06-15 09:23:51;1678;336;3;154,92
2024-06-15 09:23:54;1679;336;4;154,13
2024-06-15 09:23:57;1680;336;5;151,99
2024-06-15 09:24:00;1681;337;1;153,25
2024-06-15 09:24:03;1682;337;2;152,61
2024-06-15 09:24:06;1683;337;3;151,29
2024-06-15 09:24:09;1684;337;4;153,13
2024-06-15 09:24:12;1685;337;5;150,87
2024-06-15 09:24:15;1686;338;1;154,43
2024-06-15 09:24:18;1687;338;2;151,95
2024-06-15 09:24:21;1688;338;3;152,95
2024-06-15 09:24:24;1689;338;4;153,07
2024-06-15 09:24:27;1690;338;5;152,26
2024-06-15 09:24:30;1691;339;1;153,54
2024-06-15 09:24:33;1692;339;2;151,95
2024-06-15 09:24:36;1693;339;3;153,97
2024-06-15 09:24:39;1694;339;4;150,64
2024-06-15 09:24:42;1695;339;5;152,85
2024-06-15 09:24:45;1696;340;1;155,58
2024-06-15 09:24:48;1697;340;2;151,17
2024-06-15 09:24:51;1698;340;3;151,65
2024-06-15 09:24:54;1699;340;4;153,44
2024-06-15 09:24:57;1700;340;5;152,94
2024-06-15 09:25:00;1701;341;1;153,2
2024-06-15 09:25:03;1702;341;2;153,41
2024-06-15 09:25:06;1703;341;3;153,63
2024-06-15 09:25:09;1704;341;4;154,34
2024-06-15 09:25:12;1705;341;5;153,29
2024-06-15 09:25:15;1706;342;1;152,32
2024-06-15 09:25:18;1707;342;2;153,69
2024-06-15 09:25:21;1708;342;3;155,53
2024-06-15 09:25:24;1709;342;4;152,48
2024-06-15 09:25:27;1710;342;5;151,22
2024-06-15 09:25:30;1711;343;1;154,35
2024-06-15 09:25:33;1712;343;2;152,51
2024-06-15 09:25:36;1713;343;3;149,43
2024-06-15 09:25:39;1714;343;4;153,96
2024-06-15 09:25:42;1715;343;5;151,89
2024-06-15 09:25:45;1716;344;1;152,56
2024-06-15 09:25:48;1717;344;2;153,2
2024-06-15 09:25:51;1718;344;3;152,99
2024-06-15 09:25:54;1719;344;4;153,76
2024-06-15 09:25:57;1720;344;5;152,05
2024-06-15 09:26:00;1721;345;1;153,48
2024-06-15 09:26:03;1722;345;2;152,32
2024-06-15 09:26:06;1723;345;3;153,82
2024-06-15 09:26:09;1724;345;4;153,63
2024-06-15 09:26:12;1725;345;5;151,31
2024-06-15 09:26:15;1726;346;1;154,35
2024-06-15 09:26:18;1727;346;2;151,91
2024-06-15 09:26:21;1728;346;3;153,93
2024-06-15 09:26:24;1729;346;4;153,27
2024-06-15 09:26:27;1730;346;5;155,47
2024-06-15 09:26:30;1731;347;1;152,39
2024-06-15 09:26:33;1732;347;2;152,2
2024-06-15 09:26:36;1733;347;3;152,7
2024-06-15 09:26:39;1734;347;4;152,27
2024-06-15 09:26:42;1735;347;5;153,92
2024-06-15 09:26:45;1736;348;1;150,31
2024-06-15 09:26:48;1737;348;2;151,15
2024-06-15 09:26:51;1738;348;3;151,13
2024-06-15 09:26:54;1739;348;4;154,16
2024-06-15 09:26:57;1740;348;5;155,3
2024-06-15 09:27:00;1741;349;1;152,58
2024-06-15 09:27:03;1742;349;2;152,49
2024-06-15 09:27:06;1743;349;3;152,85
2024-06-15 09:27:09;1744;349;4;154,48
2024-06-15 09:27:12;1745;349;5;151,35
2024-06-15 09:27:15;1746;350;1;153,11
2024-06-15 09:27:18;1747;350;2;154,21
2024-06-15 09:27:21;1748;350;3;153,5
2024-06-15 09:27:24;1749;350;4;153,03
2024-06-15 09:27:27;1750;350;5;154,25
2024-06-15 09:27:30;1751;351;1;148,7
2024-06-15 09:27:33;1752;351;2;153,78
2024-06-15 09:27:36;1753;351;3;151,78
2024-06-15 09:27:39;1754;351;4;150,01
2024-06-15 09:27:42;1755;351;5;153,53
2024-06-15 09:27:45;1756;352;1;154,83
2024-06-15 09:27:48;1757;352;2;152,56
2024-06-15 09:27:51;1758;352;3;154,2
2024-06-15 09:27:54;1759;352;4;155,19
2024-06-15 09:27:57;1760;352;5;154,74
2024-06-15 09:28:00;1761;353;1;155,23
2024-06-15 09:28:03;1762;353;2;153,89
2024-06-15 09:28:06;1763;353;3;152,89
2024-06-15 09:28:09;1764;353;4;150,37
2024-06-15 09:28:12;1765;353;5;152,41
2024-06-15 09:28:15;1766;354;1;151,52
2024-06-15 09:28:18;1767;354;2;156,04
2024-06-15 09:28:21;1768;354;3;152,52
2024-06-15 09:28:24;1769;354;4;152,97
2024-06-15 09:28:27;1770;354;5;153,61
2024-06-15 09:28:30;1771;355;1;152,86
2024-06-15 09:28:33;1772;355;2;155,33
2024-06-15 09:28:36;1773;355;3;151,86
2024-06-15 09:28:39;1774;355;4;153,08
2024-06-15 09:28:42;1775;355;5;151,68
2024-06-15 09:28:45;1776;356;1;150,82
2024-06-15 09:28:48;1777;356;2;151,88
2024-06-15 09:28:51;1778;356;3;152,74
2024-06-15 09:28:54;1779;356;4;152,16
2024-06-15 09:28:57;1780;356;5;151,76
2024-06-15 09:29:00;1781;357;1;150,7
2024-06-15 09:29:03;1782;357;2;152,68
2024-06-15 09:29:06;1783;357;3;150,55
2024-06-15 09:29:09;1784;357;4;153,95
2024-06-15 09:29:12;1785;357;5;152,93
2024-06-15 09:29:15;1786;358;1;150,63
2024-06-15 09:29:18;1787;358;2;152,35
2024-06-15 09:29:21;1788;358;3;151,69
2024-06-15 09:29:24;1789;358;4;153,3
2024-06-15 09:29:27;1790;358;5;154,83
2024-06-15 09:29:30;1791;359;1;150,01
2024-06-15 09:29:33;1792;359;2;153,0
2024-06-15 09:29:36;1793;359;3;152,58
2024-06-15 09:29:39;1794;359;4;153,83
2024-06-15 09:29:42;1795;359;5;153,14
2024-06-15 09:29:45;1796;360;1;151,71
2024-06-15 09:29:48;1797;360;2;152,35
2024-06-15 09:29:51;1798;360;3;151,64
2024-06-15 09:29:54;1799;360;4;154,45
2024-06-15 09:29:57;1800;360;5;152,87
2024-06-15 09:30:00;1801;361;1;155,69
2024-06-15 09:30:03;1802;361;2;152,75
2024-06-15 09:30:06;1803;361;3;151,78
2024-06-15 09:30:09;1804;361;4;150,57
2024-06-15 09:30:12;1805;361;5;150,14
2024-06-15 09:30:15;1806;362;1;150,47
2024-06-15 09:30:18;1807;362;2;153,25
2024-06-15 09:30:21;1808;362;3;153,61
2024-06-15 09:30:24;1809;362;4;150,48
2024-06-15 09:30:27;1810;362;5;154,19
2024-06-15 09:30:30;1811;363;1;152,13
2024-06-15 09:30:33;1812;363;2;153,08
2024-06-15 09:30:36;1813;363;3;155,28
2024-06-15 09:30:39;1814;363;4;154,2
2024-06-15 09:30:42;1815;363;5;152,46
2024-06-15 09:30:45;1816;364;1;151,53
2024-06-15 09:30:48;1817;364;2;149,64
2024-06-15 09:30:51;1818;364;3;151,79
2024-06-15 09:30:54;1819;364;4;152,55
2024-06-15 09:30:57;1820;364;5;151,39
2024-06-15 09:31:00;1821;365;1;152,68
2024-06-15 09:31:03;1822;365;2;152,99
2024-06-15 09:31:06;1823;365;3;152,54
2024-06-15 09:31:09;1824;365;4;151,9
2024-06-15 09:31:12;1825;365;5;153,13
2024-06-15 09:31:15;1826;366;1;153,55
2024-06-15 09:31:18;1827;366;2;151,25
2024-06-15 09:31:21;1828;366;3;155,0
2024-06-15 09:31:24;1829;366;4;152,74
2024-06-15 09:31:27;1830;366;5;152,91
2024-06-15 09:31:30;1831;367;1;153,95
2024-06-15 09:31:33;1832;367;2;153,24
2024-06-15 09:31:36;1833;367;3;154,32
2024-06-15 09:31:39;1834;367;4;153,32
2024-06-15 09:31:42;1835;367;5;151,97
2024-06-15 09:31:45;1836;368;1;153,44
2024-06-15 09:31:48;1837;368;2;151,18
2024-06-15 09:31:51;1838;368;3;153,06
2024-06-15 09:31:54;1839;368;4;152,85
2024-06-15 09:31:57;1840;368;5;152,59
2024-06-15 09:32:00;1841;369;1;152,72
2024-06-15 09:32:03;1842;369;2;150,09
2024-06-15 09:32:06;1843;369;3;152,09
2024-06-15 09:32:09;1844;369;4;153,05
2024-06-15 09:32:12;1845;369;5;153,15
2024-06-15 09:32:15;1846;370;1;151,38
2024-06-15 09:32:18;1847;370;2;154,82
2024-06-15 09:32:21;1848;370;3;151,62
2024-06-15 09:32:24;1849;370;4;154,37
2024-06-15 09:32:27;1850;370;5;153,56
2024-06-15 09:32:30;1851;371;1;151,96
2024-06-15 09:32:33;1852;371;2;155,59
2024-06-15 09:32:36;1853;371;3;151,13
2024-06-15 09:32:39;1854;371;4;154,3
2024-06-15 09:32:42;1855;371;5;154,43
2024-06-15 09:32:45;1856;372;1;151,93
2024-06-15 09:32:48;1857;372;2;155,02
2024-06-15 09:32:51;1858;372;3;152,56
2024-06-15 09:32:54;1859;372;4;153,37
2024-06-15 09:32:57;1860;372;5;153,32
2024-06-15 09:33:00;1861;373;1;152,74
2024-06-15 09:33:03;1862;373;2;154,16
2024-06-15 09:33:06;1863;373;3;154,13
2024-06-15 09:33:09;1864;373;4;150,32
2024-06-15 09:33:12;1865;373;5;154,9
2024-06-15 09:33:15;1866;374;1;150,46
2024-06-15 09:33:18;1867;374;2;154,5
2024-06-15 09:33:21;1868;374;3;154,64
2024-06-15 09:33:24;1869;374;4;151,31
2024-06-15 09:33:27;1870;374;5;152,33
2024-06-15 09:33:30;1871;375;1;151,3
2024-06-15 09:33:33;1872;375;2;152,64
2024-06-15 09:33:36;1873;375;3;152,5
2024-06-15 09:33:39;1874;375;4;154,13
2024-06-15 09:33:42;1875;375;5;154,92
2024-06-15 09:33:45;1876;376;1;155,06
2024-06-15 09:33:48;1877;376;2;152,12
2024-06-15 09:33:51;1878;376;3;152,65
2024-06-15 09:33:54;1879;376;4;150,44
2024-06-15 09:33:57;1880;376;5;151,76
2024-06-15 09:34:00;1881;377;1;154,42
2024-06-15 09:34:03;1882;377;2;155,4
2024-06-15 09:34:06;1883;377;3;151,12
2024-06-15 09:34:09;1884;377;4;152,09
2024-06-15 09:34:12;1885;377;5;152,94
2024-06-15 09:34:15;1886;378;1;153,4
2024-06-15 09:34:18;1887;378;2;151,77
2024-06-15 09:34:21;1888;378;3;153,62
2024-06-15 09:34:24;1889;378;4;152,27
2024-06-15 09:34:27;1890;378;5;152,96
2024-06-15 09:34:30;1891;379;1;153,81
2024-06-15 09:34:33;1892;379;2;153,0
2024-06-15 09:34:36;1893;379;3;152,34
2024-06-15 09:34:39;1894;379;4;152,83
2024-06-15 09:34:42;1895;379;5;152,86
2024-06-15 09:34:45;1896;380;1;152,44
2024-06-15 09:34:48;1897;380;2;152,61
2024-06-15 09:34:51;1898;380;3;155,4
2024-06-15 09:34:54;1899;380;4;153,84
2024-06-15 09:34:57;1900;380;5;152,56
2024-06-15 09:35:00;1901;381;1;154,05
2024-06-15 09:35:03;1902;381;2;152,51
2024-06-15 09:35:06;1903;381;3;154,77
2024-06-15 09:35:09;1904;381;4;153,56
2024-06-15 09:35:12;1905;381;5;152,85
2024-06-15 09:35:15;1906;382;1;153,69
2024-06-15 09:35:18;1907;382;2;150,66
2024-06-15 09:35:21;1908;382;3;151,33
2024-06-15 09:35:24;1909;382;4;151,23
2024-06-15 09:35:27;1910;382;5;153,23
2024-06-15 09:35:30;1911;383;1;155,62
2024-06-15 09:35:33;1912;383;2;156,37
2024-06-15 09:35:36;1913;383;3;153,98
2024-06-15 09:35:39;1914;383;4;153,78
2024-06-15 09:35:42;1915;383;5;150,32
2024-06-15 09:35:45;1916;384;1;152,22
2024-06-15 09:35:48;1917;384;2;151,85
2024-06-15 09:35:51;1918;384;3;152,1
2024-06-15 09:35:54;1919;384;4;152,78
2024-06-15 09:35:57;1920;384;5;152,33
2024-06-15 09:36:00;1921;385;1;150,07
2024-06-15 09:36:03;1922;385;2;154,16
2024-06-15 09:36:06;1923;385;3;151,43
2024-06-15 09:36:09;1924;385;4;153,4
2024-06-15 09:36:12;1925;385;5;156,15
2024-06-15 09:36:15;1926;386;1;151,67
2024-06-15 09:36:18;1927;386;2;149,25
2024-06-15 09:36:21;1928;386;3;152,62
2024-06-15 09:36:24;1929;386;4;154,7
2024-06-15 09:36:27;1930;386;5;155,99
2024-06-15 09:36:30;1931;387;1;151,21
2024-06-15 09:36:33;1932;387;2;153,8
2024-06-15 09:36:36;1933;387;3;152,36
2024-06-15 09:36:39;1934;387;4;152,9
2024-06-15 09:36:42;1935;387;5;157,02
2024-06-15 09:36:45;1936;388;1;150,81
2024-06-15 09:36:48;1937;388;2;153,45
2024-06-15 09:36:51;1938;388;3;153,77
2024-06-15 09:36:54;1939;388;4;154,7
2024-06-15 09:36:57;1940;388;5;153,21
2024-06-15 09:37:00;1941;389;1;153,54
2024-06-15 09:37:03;1942;389;2;152,49
2024-06-15 09:37:06;1943;389;3;153,48
2024-06-15 09:37:09;1944;389;4;152,56
2024-06-15 09:37:12;1945;389;5;154,01
2024-06-15 09:37:15;1946;390;1;152,53
2024-06-15 09:37:18;1947;390;2;153,65
2024-06-15 09:37:21;1948;390;3;153,04
2024-06-15 09:37:24;1949;390;4;154,77
2024-06-15 09:37:27;1950;390;5;153,01
2024-06-15 09:37:30;1951;391;1;150,43
2024-06-15 09:37:33;1952;391;2;154,98
2024-06-15 09:37:36;1953;391;3;151,73
2024-06-15 09:37:39;1954;391;4;152,11
2024-06-15 09:37:42;1955;391;5;152,2
2024-06-15 09:37:45;1956;392;1;155,16
2024-06-15 09:37:48;1957;392;2;149,9
2024-06-15 09:37:51;1958;392;3;157,81
2024-06-15 09:37:54;1959;392;4;154,68
2024-06-15 09:37:57;1960;392;5;153,43
2024-06-15 09:38:00;1961;393;1;153,03
2024-06-15 09:38:03;1962;393;2;153,54
2024-06-15 09:38:06;1963;393;3;153,89
2024-06-15 09:38:09;1964;393;4;154,08
2024-06-15 09:38:12;1965;393;5;153,94
2024-06-15 09:38:15;1966;394;1;153,25
2024-06-15 09:38:18;1967;394;2;152,82
2024-06-15 09:38:21;1968;394;3;152,89
2024-06-15 09:38:24;1969;394;4;152,82
2024-06-15 09:38:27;1970;394;5;154,82
2024-06-15 09:38:30;1971;395;1;154,02
2024-06-15 09:38:33;1972;395;2;148,71
2024-06-15 09:38:36;1973;395;3;154,11
2024-06-15 09:38:39;1974;395;4;153,42
2024-06-15 09:38:42;1975;395;5;153,1
2024-06-15 09:38:45;1976;396;1;152,55
2024-06-15 09:38:48;1977;396;2;154,82
2024-06-15 09:38:51;1978;396;3;154,55
2024-06-15 09:38:54;1979;396;4;151,97
2024-06-15 09:38:57;1980;396;5;153,74
2024-06-15 09:39:00;1981;397;1;151,68
2024-06-15 09:39:03;1982;397;2;151,07
2024-06-15 09:39:06;1983;397;3;152,2
2024-06-15 09:39:09;1984;397;4;154,44
2024-06-15 09:39:12;1985;397;5;154,57
2024-06-15 09:39:15;1986;398;1;153,92
2024-06-15 09:39:18;1987;398;2;154,24
2024-06-15 09:39:21;1988;398;3;153,92
2024-06-15 09:39:24;1989;398;4;152,19
2024-06-15 09:39:27;1990;398;5;153,8
2024-06-15 09:39:30;1991;399;1;154,36
2024-06-15 09:39:33;1992;399;2;154,29
2024-06-15 09:39:36;1993;399;3;154,94
2024-06-15 09:39:39;1994;399;4;154,22
2024-06-15 09:39:42;1995;399;5;153,69
2024-06-15 09:39:45;1996;400;1;154,77
2024-06-15 09:39:48;1997;400;2;153,13
2024-06-15 09:39:51;1998;400;3;151,84
2024-06-15 09:39:54;1999;400;4;152,92
2024-06-15 09:39:57;2000;400;5;152,05
2024-06-15 09:40:00;2001;401;1;152,16
2024-06-15 09:40:03;2002;401;2;152,96
2024-06-15 09:40:06;2003;401;3;151,99
2024-06-15 09:40:09;2004;401;4;152,71
2024-06-15 09:40:12;2005;401;5;150,33
2024-06-15 09:40:15;2006;402;1;153,5
2024-06-15 09:40:18;2007;402;2;153,19
2024-06-15 09:40:21;2008;402;3;151,96
2024-06-15 09:40:24;2009;402;4;154,17
2024-06-15 09:40:27;2010;402;5;154,59
2024-06-15 09:40:30;2011;403;1;150,78
2024-06-15 09:40:33;2012;403;2;152,05
2024-06-15 09:40:36;2013;403;3;152,04
2024-06-15 09:40:39;2014;403;4;151,78
2024-06-15 09:40:42;2015;403;5;154,44
2024-06-15 09:40:45;2016;404;1;152,91
2024-06-15 09:40:48;2017;404;2;152,8
2024-06-15 09:40:51;2018;404;3;150,19
2024-06-15 09:40:54;2019;404;4;154,15
2024-06-15 09:40:57;2020;404;5;151,34
2024-06-15 09:41:00;2021;405;1;153,3
2024-06-15 09:41:03;2022;405;2;153,62
2024-06-15 09:41:06;2023;405;3;155,25
2024-06-15 09:41:09;2024;405;4;151,25
2024-06-15 09:41:12;2025;405;5;148,68
2024-06-15 09:41:15;2026;406;1;153,49
2024-06-15 09:41:18;2027;406;2;155,92
2024-06-15 09:41:21;2028;406;3;155,08
2024-06-15 09:41:24;2029;406;4;153,53
2024-06-15 09:41:27;2030;406;5;152,48
2024-06-15 09:41:30;2031;407;1;154,44
2024-06-15 09:41:33;2032;407;2;151,76
2024-06-15 09:41:36;2033;407;3;153,94
2024-06-15 09:41:39;2034;407;4;153,98
2024-06-15 09:41:42;2035;407;5;154,82
2024-06-15 09:41:45;2036;408;1;157,37
2024-06-15 09:41:48;2037;408;2;153,82
2024-06-15 09:41:51;2038;408;3;152,47
2024-06-15 09:41:54;2039;408;4;153,19
2024-06-15 09:41:57;2040;408;5;150,58
2024-06-15 09:42:00;2041;409;1;152,2
2024-06-15 09:42:03;2042;409;2;152,63
2024-06-15 09:42:06;2043;409;3;152,46
2024-06-15 09:42:09;2044;409;4;153,47
2024-06-15 09:42:12;2045;409;5;152,01
2024-06-15 09:42:15;2046;410;1;154,93
2024-06-15 09:42:18;2047;410;2;153,25
2024-06-15 09:42:21;2048;410;3;153,24
2024-06-15 09:42:24;2049;410;4;152,76
2024-06-15 09:42:27;2050;410;5;153,48
2024-06-15 09:42:30;2051;411;1;154,5
2024-06-15 09:42:33;2052;411;2;151,96
2024-06-15 09:42:36;2053;411;3;152,27
2024-06-15 09:42:39;2054;411;4;152,8
2024-06-15 09:42:42;2055;411;5;151,24
2024-06-15 09:42:45;2056;412;1;152,04
2024-06-15 09:42:48;2057;412;2;152,55
2024-06-15 09:42:51;2058;412;3;154,58
2024-06-15 09:42:54;2059;412;4;153,66
2024-06-15 09:42:57;2060;412;5;153,56
2024-06-15 09:43:00;2061;413;1;154,55
2024-06-15 09:43:03;2062;413;2;153,07
2024-06-15 09:43:06;2063;413;3;153,86
2024-06-15 09:43:09;2064;413;4;153,12
2024-06-15 09:43:12;2065;413;5;153,67
2024-06-15 09:43:15;2066;414;1;152,41
2024-06-15 09:43:18;2067;414;2;149,63
2024-06-15 09:43:21;2068;414;3;153,08
2024-06-15 09:43:24;2069;414;4;155,42
2024-06-15 09:43:27;2070;414;5;154,67
2024-06-15 09:43:30;2071;415;1;154,74
2024-06-15 09:43:33;2072;415;2;155,15
2024-06-15 09:43:36;2073;415;3;153,42
2024-06-15 09:43:39;2074;415;4;153,59
2024-06-15 09:43:42;2075;415;5;152,37
2024-06-15 09:43:45;2076;416;1;152,83
2024-06-15 09:43:48;2077;416;2;154,22
2024-06-15 09:43:51;2078;416;3;155,11
2024-06-15 09:43:54;2079;416;4;153,09
2024-06-15 09:43:57;2080;416;5;152,62
2024-06-15 09:44:00;2081;417;1;153,31
2024-06-15 09:44:03;2082;417;2;154,21
2024-06-15 09:44:06;2083;417;3;151,14
2024-06-15 09:44:09;2084;417;4;149,86
2024-06-15 09:44:12;2085;417;5;152,48
2024-06-15 09:44:15;2086;418;1;151,49
2024-06-15 09:44:18;2087;418;2;152,55
2024-06-15 09:44:21;2088;418;3;153,09
2024-06-15 09:44:24;2089;418;4;152,64
2024-06-15 09:44:27;2090;418;5;155,5
2024-06-15 09:44:30;2091;419;1;153,82
2024-06-15 09:44:33;2092;419;2;153,78
2024-06-15 09:44:36;2093;419;3;154,26
2024-06-15 09:44:39;2094;419;4;151,62
2024-06-15 09:44:42;2095;419;5;154,88
2024-06-15 09:44:45;2096;420;1;153,22
2024-06-15 09:44:48;2097;420;2;154,34
2024-06-15 09:44:51;2098;420;3;151,73
2024-06-15 09:44:54;2099;420;4;151,0
2024-06-15 09:44:57;2100;420;5;154,56
2024-06-15 09:45:00;2101;421;1;153,91
2024-06-15 09:45:03;2102;421;2;151,99
2024-06-15 09:45:06;2103;421;3;152,04
2024-06-15 09:45:09;2104;421;4;155,03
2024-06-15 09:45:12;2105;421;5;151,56
2024-06-15 09:45:15;2106;422;1;155,81
2024-06-15 09:45:18;2107;422;2;152,0
2024-06-15 09:45:21;2108;422;3;154,31
2024-06-15 09:45:24;2109;422;4;152,86
2024-06-15 09:45:27;2110;422;5;154,25
2024-06-15 09:45:30;2111;423;1;152,54
2024-06-15 09:45:33;2112;423;2;153,11
2024-06-15 09:45:36;2113;423;3;153,42
2024-06-15 09:45:39;2114;423;4;151,86
2024-06-15 09:45:42;2115;423;5;154,47
2024-06-15 09:45:45;2116;424;1;152,6
2024-06-15 09:45:48;2117;424;2;153,02
2024-06-15 09:45:51;2118;424;3;151,88
2024-06-15 09:45:54;2119;424;4;149,52
2024-06-15 09:45:57;2120;424;5;153,08
2024-06-15 09:46:00;2121;425;1;156,99
2024-06-15 09:46:03;2122;425;2;154,55
2024-06-15 09:46:06;2123;425;3;153,35
2024-06-15 09:46:09;2124;425;4;152,98
2024-06-15 09:46:12;2125;425;5;153,41
2024-06-15 09:46:15;2126;426;1;154,2
2024-06-15 09:46:18;2127;426;2;151,61
2024-06-15 09:46:21;2128;426;3;155,05
2024-06-15 09:46:24;2129;426;4;154,46
2024-06-15 09:46:27;2130;426;5;154,46
2024-06-15 09:46:30;2131;427;1;154,05
2024-06-15 09:46:33;2132;427;2;153,42
2024-06-15 09:46:36;2133;427;3;154,4
2024-06-15 09:46:39;2134;427;4;154,28
2024-06-15 09:46:42;2135;427;5;152,86
2024-06-15 09:46:45;2136;428;1;152,54
2024-06-15 09:46:48;2137;428;2;153,55
2024-06-15 09:46:51;2138;428;3;155,72
2024-06-15 09:46:54;2139;428;4;151,54
2024-06-15 09:46:57;2140;428;5;151,2
2024-06-15 09:47:00;2141;429;1;153,66
2024-06-15 09:47:03;2142;429;2;153,48
2024-06-15 09:47:06;2143;429;3;153,67
2024-06-15 09:47:09;2144;429;4;153,77
2024-06-15 09:47:12;2145;429;5;153,07
2024-06-15 09:47:15;2146;430;1;155,65
2024-06-15 09:47:18;2147;430;2;151,02
2024-06-15 09:47:21;2148;430;3;152,17
2024-06-15 09:47:24;2149;430;4;153,26
2024-06-15 09:47:27;2150;430;5;150,95
2024-06-15 09:47:30;2151;431;1;153,16
2024-06-15 09:47:33;2152;431;2;155,92
2024-06-15 09:47:36;2153;431;3;153,46
2024-06-15 09:47:39;2154;431;4;153,77
2024-06-15 09:47:42;2155;431;5;151,53
2024-06-15 09:47:45;2156;432;1;152,51
2024-06-15 09:47:48;2157;432;2;152,87
2024-06-15 09:47:51;2158;432;3;152,96
2024-06-15 09:47:54;2159;432;4;155,36
2024-06-15 09:47:57;2160;432;5;154,27
2024-06-15 09:48:00;2161;433;1;151,77
2024-06-15 09:48:03;2162;433;2;153,81
2024-06-15 09:48:06;2163;433;3;154,19
2024-06-15 09:48:09;2164;433;4;155,15
2024-06-15 09:48:12;2165;433;5;155,81
2024-06-15 09:48:15;2166;434;1;151,93
2024-06-15 09:48:18;2167;434;2;152,23
2024-06-15 09:48:21;2168;434;3;151,56
2024-06-15 09:48:24;2169;434;4;153,1
2024-06-15 09:48:27;2170;434;5;154,15
2024-06-15 09:48:30;2171;435;1;154,94
2024-06-15 09:48:33;2172;435;2;153,34
2024-06-15 09:48:36;2173;435;3;152,98
2024-06-15 09:48:39;2174;435;4;153,69
2024-06-15 09:48:42;2175;435;5;152,21
2024-06-15 09:48:45;2176;436;1;156,6
2024-06-15 09:48:48;2177;436;2;151,06
2024-06-15 09:48:51;2178;436;3;153,74
2024-06-15 09:48:54;2179;436;4;156,5
2024-06-15 09:48:57;2180;436;5;153,48
2024-06-15 09:49:00;2181;437;1;153,19
2024-06-15 09:49:03;2182;437;2;152,94
2024-06-15 09:49:06;2183;437;3;153,2
2024-06-15 09:49:09;2184;437;4;155,53
2024-06-15 09:49:12;2185;437;5;150,16
2024-06-15 09:49:15;2186;438;1;155,78
2024-06-15 09:49:18;2187;438;2;151,35
2024-06-15 09:49:21;2188;438;3;153,08
2024-06-15 09:49:24;2189;438;4;152,84
2024-06-15 09:49:27;2190;438;5;154,37
2024-06-15 09:49:30;2191;439;1;151,09
2024-06-15 09:49:33;2192;439;2;154,18
2024-06-15 09:49:36;2193;439;3;156,53
2024-06-15 09:49:39;2194;439;4;151,45
2024-06-15 09:49:42;2195;439;5;153,78
2024-06-15 09:49:45;2196;440;1;152,51
2024-06-15 09:49:48;2197;440;2;154,14
2024-06-15 09:49:51;2198;440;3;153,53
2024-06-15 09:49:54;2199;440;4;152,54
2024-06-15 09:49:57;2200;440;5;154,23
2024-06-15 09:50:00;2201;441;1;156,21
2024-06-15 09:50:03;2202;441;2;153,22
2024-06-15 09:50:06;2203;441;3;154,59
2024-06-15 09:50:09;2204;441;4;151,57
2024-06-15 09:50:12;2205;441;5;152,07
2024-06-15 09:50:15;2206;442;1;154,23
2024-06-15 09:50:18;2207;442;2;155,74
2024-06-15 09:50:21;2208;442;3;154,05
2024-06-15 09:50:24;2209;442;4;153,05
2024-06-15 09:50:27;2210;442;5;153,52
2024-06-15 09:50:30;2211;443;1;151,65
2024-06-15 09:50:33;2212;443;2;154,43
2024-06-15 09:50:36;2213;443;3;154,85
2024-06-15 09:50:39;2214;443;4;152,85
2024-06-15 09:50:42;2215;443;5;152,82
2024-06-15 09:50:45;2216;444;1;153,93
2024-06-15 09:50:48;2217;444;2;152,88
2024-06-15 09:50:51;2218;444;3;153,43
2024-06-15 09:50:54;2219;444;4;156,68
2024-06-15 09:50:57;2220;444;5;153,16
2024-06-15 09:51:00;2221;445;1;153,0
2024-06-15 09:51:03;2222;445;2;152,57
2024-06-15 09:51:06;2223;445;3;154,66
2024-06-15 09:51:09;2224;445;4;153,27
2024-06-15 09:51:12;2225;445;5;152,57
2024-06-15 09:51:15;2226;446;1;155,53
2024-06-15 09:51:18;2227;446;2;155,68
2024-06-15 09:51:21;2228;446;3;152,65
2024-06-15 09:51:24;2229;446;4;150,75
2024-06-15 09:51:27;2230;446;5;155,06
2024-06-15 09:51:30;2231;447;1;152,53
2024-06-15 09:51:33;2232;447;2;154,74
2024-06-15 09:51:36;2233;447;3;150,6
2024-06-15 09:51:39;2234;447;4;154,9
2024-06-15 09:51:42;2235;447;5;151,74
2024-06-15 09:51:45;2236;448;1;154,66
2024-06-15 09:51:48;2237;448;2;153,59
2024-06-15 09:51:51;2238;448;3;152,14
2024-06-15 09:51:54;2239;448;4;152,96
2024-06-15 09:51:57;2240;448;5;154,6
2024-06-15 09:52:00;2241;449;1;153,73
2024-06-15 09:52:03;2242;449;2;154,45
2024-06-15 09:52:06;2243;449;3;156,54
2024-06-15 09:52:09;2244;449;4;151,23
2024-06-15 09:52:12;2245;449;5;156,0
2024-06-15 09:52:15;2246;450;1;153,74
2024-06-15 09:52:18;2247;450;2;152,24
2024-06-15 09:52:21;2248;450;3;151,59
2024-06-15 09:52:24;2249;450;4;153,3
2024-06-15 09:52:27;2250;450;5;154,97
2024-06-15 09:52:30;2251;451;1;153,4
2024-06-15 09:52:33;2252;451;2;155,86
2024-06-15 09:52:36;2253;451;3;151,41
2024-06-15 09:52:39;2254;451;4;153,57
2024-06-15 09:52:42;2255;451;5;151,71
2024-06-15 09:52:45;2256;452;1;154,15
2024-06-15 09:52:48;2257;452;2;154,93
2024-06-15 09:52:51;2258;452;3;152,97
2024-06-15 09:52:54;2259;452;4;149,69
2024-06-15 09:52:57;2260;452;5;153,9
2024-06-15 09:53:00;2261;453;1;154,26
2024-06-15 09:53:03;2262;453;2;154,21
2024-06-15 09:53:06;2263;453;3;155,46
2024-06-15 09:53:09;2264;453;4;152,0
2024-06-15 09:53:12;2265;453;5;154,63
2024-06-15 09:53:15;2266;454;1;155,41
2024-06-15 09:53:18;2267;454;2;150,95
2024-06-15 09:53:21;2268;454;3;154,1
2024-06-15 09:53:24;2269;454;4;152,86
2024-06-15 09:53:27;2270;454;5;153,49
2024-06-15 09:53:30;2271;455;1;154,15
2024-06-15 09:53:33;2272;455;2;152,89
2024-06-15 09:53:36;2273;455;3;152,61
2024-06-15 09:53:39;2274;455;4;153,68
2024-06-15 09:53:42;2275;455;5;151,99
2024-06-15 09:53:45;2276;456;1;152,0
2024-06-15 09:53:48;2277;456;2;154,65
2024-06-15 09:53:51;2278;456;3;151,91
2024-06-15 09:53:54;2279;456;4;154,63
2024-06-15 09:53:57;2280;456;5;154,33
2024-06-15 09:54:00;2281;457;1;151,05
2024-06-15 09:54:03;2282;457;2;152,63
2024-06-15 09:54:06;2283;457;3;155,43
2024-06-15 09:54:09;2284;457;4;152,17
2024-06-15 09:54:12;2285;457;5;152,95
2024-06-15 09:54:15;2286;458;1;154,34
2024-06-15 09:54:18;2287;458;2;154,83
2024-06-15 09:54:21;2288;458;3;153,27
2024-06-15 09:54:24;2289;458;4;152,75
2024-06-15 09:54:27;2290;458;5;155,78
2024-06-15 09:54:30;2291;459;1;156,27
2024-06-15 09:54:33;2292;459;2;155,13
2024-06-15 09:54:36;2293;459;3;153,79
2024-06-15 09:54:39;2294;459;4;152,45
2024-06-15 09:54:42;2295;459;5;152,41
2024-06-15 09:54:45;2296;460;1;154,45
2024-06-15 09:54:48;2297;460;2;154,29
2024-06-15 09:54:51;2298;460;3;155,77
2024-06-15 09:54:54;2299;460;4;154,64
2024-06-15 09:54:57;2300;460;5;151,41
2024-06-15 09:55:00;2301;461;1;155,25
2024-06-15 09:55:03;2302;461;2;152,18
2024-06-15 09:55:06;2303;461;3;153,1
2024-06-15 09:55:09;2304;461;4;154,05
2024-06-15 09:55:12;2305;461;5;156,67
2024-06-15 09:55:15;2306;462;1;158,35
2024-06-15 09:55:18;2307;462;2;154,59
2024-06-15 09:55:21;2308;462;3;153,41
2024-06-15 09:55:24;2309;462;4;154,49
2024-06-15 09:55:27;2310;462;5;155,01
2024-06-15 09:55:30;2311;463;1;153,21
2024-06-15 09:55:33;2312;463;2;156,38
2024-06-15 09:55:36;2313;463;3;154,04
2024-06-15 09:55:39;2314;463;4;154,44
2024-06-15 09:55:42;2315;463;5;154,69
2024-06-15 09:55:45;2316;464;1;154,33
2024-06-15 09:55:48;2317;464;2;154,96
2024-06-15 09:55:51;2318;464;3;152,77
2024-06-15 09:55:54;2319;464;4;152,86
2024-06-15 09:55:57;2320;464;5;152,05
2024-06-15 09:56:00;2321;465;1;154,37
2024-06-15 09:56:03;2322;465;2;154,88
2024-06-15 09:56:06;2323;465;3;154,39
2024-06-15 09:56:09;2324;465;4;156,22
2024-06-15 09:56:12;2325;465;5;153,7
2024-06-15 09:56:15;2326;466;1;154,72
2024-06-15 09:56:18;2327;466;2;152,08
2024-06-15 09:56:21;2328;466;3;153,14
2024-06-15 09:56:24;2329;466;4;154,76
2024-06-15 09:56:27;2330;466;5;154,99
2024-06-15 09:56:30;2331;467;1;153,28
2024-06-15 09:56:33;2332;467;2;153,62
2024-06-15 09:56:36;2333;467;3;151,45
2024-06-15 09:56:39;2334;467;4;153,19
2024-06-15 09:56:42;2335;467;5;155,06
2024-06-15 09:56:45;2336;468;1;154,6
2024-06-15 09:56:48;2337;468;2;154,48
2024-06-15 09:56:51;2338;468;3;153,81
2024-06-15 09:56:54;2339;468;4;153,74
2024-06-15 09:56:57;2340;468;5;152,74
2024-06-15 09:57:00;2341;469;1;154,79
2024-06-15 09:57:03;2342;469;2;154,37
2024-06-15 09:57:06;2343;469;3;154,48
2024-06-15 09:57:09;2344;469;4;152,95
2024-06-15 09:57:12;2345;469;5;150,51
2024-06-15 09:57:15;2346;470;1;155,4
2024-06-15 09:57:18;2347;470;2;153,03
2024-06-15 09:57:21;2348;470;3;152,46
2024-06-15 09:57:24;2349;470;4;154,79
2024-06-15 09:57:27;2350;470;5;153,16
2024-06-15 09:57:30;2351;471;1;155,35
2024-06-15 09:57:33;2352;471;2;154,68
2024-06-15 09:57:36;2353;471;3;154,78
2024-06-15 09:57:39;2354;471;4;151,71
2024-06-15 09:57:42;2355;471;5;155,58
2024-06-15 09:57:45;2356;472;1;154,16
2024-06-15 09:57:48;2357;472;2;153,21
2024-06-15 09:57:51;2358;472;3;153,98
2024-06-15 09:57:54;2359;472;4;151,1
2024-06-15 09:57:57;2360;472;5;154,38
2024-06-15 09:58:00;2361;473;1;152,23
2024-06-15 09:58:03;2362;473;2;151,75
2024-06-15 09:58:06;2363;473;3;151,49
2024-06-15 09:58:09;2364;473;4;155,44
2024-06-15 09:58:12;2365;473;5;152,83
2024-06-15 09:58:15;2366;474;1;156,08
2024-06-15 09:58:18;2367;474;2;152,98
2024-06-15 09:58:21;2368;474;3;151,22
2024-06-15 09:58:24;2369;474;4;152,11
2024-06-15 09:58:27;2370;474;5;155,64
2024-06-15 09:58:30;2371;475;1;153,56
2024-06-15 09:58:33;2372;475;2;152,97
2024-06-15 09:58:36;2373;475;3;154,03
2024-06-15 09:58:39;2374;475;4;154,54
2024-06-15 09:58:42;2375;475;5;155,47
2024-06-15 09:58:45;2376;476;1;155,97
2024-06-15 09:58:48;2377;476;2;153,26
2024-06-15 09:58:51;2378;476;3;151,81
2024-06-15 09:58:54;2379;476;4;153,18
2024-06-15 09:58:57;2380;476;5;154,19
2024-06-15 09:59:00;2381;477;1;152,36
2024-06-15 09:59:03;2382;477;2;152,37
2024-06-15 09:59:06;2383;477;3;154,32
2024-06-15 09:59:09;2384;477;4;153,74
2024-06-15 09:59:12;2385;477;5;153,86
2024-06-15 09:59:15;2386;478;1;152,68
2024-06-15 09:59:18;2387;478;2;153,47
2024-06-15 09:59:21;2388;478;3;152,43
2024-06-15 09:59:24;2389;478;4;155,15
2024-06-15 09:59:27;2390;478;5;155,37
2024-06-15 09:59:30;2391;479;1;151,06
2024-06-15 09:59:33;2392;479;2;152,43
2024-06-15 09:59:36;2393;479;3;151,58
2024-06-15 09:59:39;2394;479;4;152,85
2024-06-15 09:59:42;2395;479;5;153,7
2024-06-15 09:59:45;2396;480;1;151,66
2024-06-15 09:59:48;2397;480;2;152,45
2024-06-15 09:59:51;2398;480;3;152,33
2024-06-15 09:59:54;2399;480;4;154,14
2024-06-15 09:59:57;2400;480;5;153,94
2024-06-15 10:00:00;2401;481;1;152,76
2024-06-15 10:00:03;2402;481;2;154,11
2024-06-15 10:00:06;2403;481;3;153,02
2024-06-15 10:00:09;2404;481;4;153,43
2024-06-15 10:00:12;2405;481;5;156,35
2024-06-15 10:00:15;2406;482;1;155,86
2024-06-15 10:00:18;2407;482;2;151,9
2024-06-15 10:00:21;2408;482;3;155,09
2024-06-15 10:00:24;2409;482;4;155,07
2024-06-15 10:00:27;2410;482;5;152,13
2024-06-15 10:00:30;2411;483;1;155,09
2024-06-15 10:00:33;2412;483;2;156,17
2024-06-15 10:00:36;2413;483;3;152,17
2024-06-15 10:00:39;2414;483;4;152,48
2024-06-15 10:00:42;2415;483;5;155,38
2024-06-15 10:00:45;2416;484;1;154,27
2024-06-15 10:00:48;2417;484;2;154,69
2024-06-15 10:00:51;2418;484;3;154,38
2024-06-15 10:00:54;2419;484;4;154,45
2024-06-15 10:00:57;2420;484;5;151,88
2024-06-15 10:01:00;2421;485;1;155,45
2024-06-15 10:01:03;2422;485;2;155,63
2024-06-15 10:01:06;2423;485;3;153,53
2024-06-15 10:01:09;2424;485;4;153,81
2024-06-15 10:01:12;2425;485;5;151,58
2024-06-15 10:01:15;2426;486;1;154,65
2024-06-15 10:01:18;2427;486;2;154,74
2024-06-15 10:01:21;2428;486;3;153,79
2024-06-15 10:01:24;2429;486;4;155,57
2024-06-15 10:01:27;2430;486;5;153,38
2024-06-15 10:01:30;2431;487;1;154,74
2024-06-15 10:01:33;2432;487;2;152,36
2024-06-15 10:01:36;2433;487;3;153,86
2024-06-15 10:01:39;2434;487;4;153,63
2024-06-15 10:01:42;2435;487;5;154,23
2024-06-15 10:01:45;2436;488;1;153,35
2024-06-15 10:01:48;2437;488;2;153,7
2024-06-15 10:01:51;2438;488;3;155,14
2024-06-15 10:01:54;2439;488;4;153,24
2024-06-15 10:01:57;2440;488;5;151,49
2024-06-15 10:02:00;2441;489;1;156,53
2024-06-15 10:02:03;2442;489;2;155,98
2024-06-15 10:02:06;2443;489;3;151,97
2024-06-15 10:02:09;2444;489;4;154,94
2024-06-15 10:02:12;2445;489;5;153,15
2024-06-15 10:02:15;2446;490;1;154,31
2024-06-15 10:02:18;2447;490;2;154,36
2024-06-15 10:02:21;2448;490;3;153,57
2024-06-15 10:02:24;2449;490;4;152,74
2024-06-15 10:02:27;2450;490;5;152,88
2024-06-15 10:02:30;2451;491;1;152,55
2024-06-15 10:02:33;2452;491;2;152,68
2024-06-15 10:02:36;2453;491;3;153,82
2024-06-15 10:02:39;2454;491;4;152,85
2024-06-15 10:02:42;2455;491;5;154,95
2024-06-15 10:02:45;2456;492;1;156,16
2024-06-15 10:02:48;2457;492;2;153,06
2024-06-15 10:02:51;2458;492;3;154,29
2024-06-15 10:02:54;2459;492;4;154,68
2024-06-15 10:02:57;2460;492;5;154,64
2024-06-15 10:03:00;2461;493;1;154,06
2024-06-15 10:03:03;2462;493;2;155,06
2024-06-15 10:03:06;2463;493;3;154,67
2024-06-15 10:03:09;2464;493;4;152,09
2024-06-15 10:03:12;2465;493;5;155,25
2024-06-15 10:03:15;2466;494;1;155,28
2024-06-15 10:03:18;2467;494;2;152,81
2024-06-15 10:03:21;2468;494;3;154,01
2024-06-15 10:03:24;2469;494;4;154,97
2024-06-15 10:03:27;2470;494;5;153,64
2024-06-15 10:03:30;2471;495;1;155,57
2024-06-15 10:03:33;2472;495;2;157,5
2024-06-15 10:03:36;2473;495;3;152,78
2024-06-15 10:03:39;2474;495;4;151,89
2024-06-15 10:03:42;2475;495;5;154,41
2024-06-15 10:03:45;2476;496;1;155,05
2024-06-15 10:03:48;2477;496;2;153,62
2024-06-15 10:03:51;2478;496;3;156,15
2024-06-15 10:03:54;2479;496;4;151,96
2024-06-15 10:03:57;2480;496;5;155,01
2024-06-15 10:04:00;2481;497;1;153,07
2024-06-15 10:04:03;2482;497;2;156,55
2024-06-15 10:04:06;2483;497;3;156,96
2024-06-15 10:04:09;2484;497;4;152,83
2024-06-15 10:04:12;2485;497;5;153,15
2024-06-15 10:04:15;2486;498;1;155,27
2024-06-15 10:04:18;2487;498;2;153,4
2024-06-15 10:04:21;2488;498;3;153,92
2024-06-15 10:04:24;2489;498;4;154,02
2024-06-15 10:04:27;2490;498;5;151,1
2024-06-15 10:04:30;2491;499;1;153,97
2024-06-15 10:04:33;2492;499;2;152,96
2024-06-15 10:04:36;2493;499;3;153,25
2024-06-15 10:04:39;2494;499;4;156,16
2024-06-15 10:04:42;2495;499;5;152,11
2024-06-15 10:04:45;2496;500;1;155,22
2024-06-15 10:04:48;2497;500;2;153,58
2024-06-15 10:04:51;2498;500;3;153,58
2024-06-15 10:04:54;2499;500;4;155,19
2024-06-15 10:04:57;2500;500;5;154,51
2024-06-15 10:05:00;2501;501;1;154,81
2024-06-15 10:05:03;2502;501;2;155,4
2024-06-15 10:05:06;2503;501;3;153,45
2024-06-15 10:05:09;2504;501;4;153,03
2024-06-15 10:05:12;2505;501;5;152,32
2024-06-15 10:05:15;2506;502;1;152,66
2024-06-15 10:05:18;2507;502;2;158,32
2024-06-15 10:05:21;2508;502;3;155,77
2024-06-15 10:05:24;2509;502;4;151,87
2024-06-15 10:05:27;2510;502;5;151,92
2024-06-15 10:05:30;2511;503;1;154,57
2024-06-15 10:05:33;2512;503;2;154,67
2024-06-15 10:05:36;2513;503;3;154,67
2024-06-15 10:05:39;2514;503;4;153,47
2024-06-15 10:05:42;2515;503;5;153,66
2024-06-15 10:05:45;2516;504;1;154,29
2024-06-15 10:05:48;2517;504;2;153,93
2024-06-15 10:05:51;2518;504;3;150,47
2024-06-15 10:05:54;2519;504;4;153,46
2024-06-15 10:05:57;2520;504;5;152,52
2024-06-15 10:06:00;2521;505;1;154,01
2024-06-15 10:06:03;2522;505;2;158,23
2024-06-15 10:06:06;2523;505;3;154,3
2024-06-15 10:06:09;2524;505;4;153,28
2024-06-15 10:06:12;2525;505;5;155,13
2024-06-15 10:06:15;2526;506;1;154,42
2024-06-15 10:06:18;2527;506;2;154,33
2024-06-15 10:06:21;2528;506;3;154,61
2024-06-15 10:06:24;2529;506;4;156,78
2024-06-15 10:06:27;2530;506;5;152,0
2024-06-15 10:06:30;2531;507;1;154,36
2024-06-15 10:06:33;2532;507;2;152,26
2024-06-15 10:06:36;2533;507;3;154,48
2024-06-15 10:06:39;2534;507;4;152,27
2024-06-15 10:06:42;2535;507;5;153,02
2024-06-15 10:06:45;2536;508;1;153,16
2024-06-15 10:06:48;2537;508;2;155,06
2024-06-15 10:06:51;2538;508;3;154,98
2024-06-15 10:06:54;2539;508;4;151,73
2024-06-15 10:06:57;2540;508;5;153,68
2024-06-15 10:07:00;2541;509;1;152,49
2024-06-15 10:07:03;2542;509;2;151,66
2024-06-15 10:07:06;2543;509;3;153,22
2024-06-15 10:07:09;2544;509;4;153,09
2024-06-15 10:07:12;2545;509;5;157,19
2024-06-15 10:07:15;2546;510;1;154,15
2024-06-15 10:07:18;2547;510;2;151,43
2024-06-15 10:07:21;2548;510;3;152,65
2024-06-15 10:07:24;2549;510;4;155,03
2024-06-15 10:07:27;2550;510;5;156,63
2024-06-15 10:07:30;2551;511;1;151,07
2024-06-15 10:07:33;2552;511;2;150,63
2024-06-15 10:07:36;2553;511;3;156,26
2024-06-15 10:07:39;2554;511;4;154,03
2024-06-15 10:07:42;2555;511;5;152,15
2024-06-15 10:07:45;2556;512;1;154,2
2024-06-15 10:07:48;2557;512;2;149,45
2024-06-15 10:07:51;2558;512;3;153,41
2024-06-15 10:07:54;2559;512;4;153,89
2024-06-15 10:07:57;2560;512;5;154,79
2024-06-15 10:08:00;2561;513;1;151,83
2024-06-15 10:08:03;2562;513;2;153,48
2024-06-15 10:08:06;2563;513;3;151,96
2024-06-15 10:08:09;2564;513;4;153,73
2024-06-15 10:08:12;2565;513;5;152,01
2024-06-15 10:08:15;2566;514;1;152,69
2024-06-15 10:08:18;2567;514;2;151,81
2024-06-15 10:08:21;2568;514;3;154,28
2024-06-15 10:08:24;2569;514;4;154,59
2024-06-15 10:08:27;2570;514;5;152,95
2024-06-15 10:08:30;2571;515;1;153,31
2024-06-15 10:08:33;2572;515;2;151,08
2024-06-15 10:08:36;2573;515;3;152,8
2024-06-15 10:08:39;2574;515;4;153,17
2024-06-15 10:08:42;2575;515;5;157,18
2024-06-15 10:08:45;2576;516;1;151,53
2024-06-15 10:08:48;2577;516;2;155,4
2024-06-15 10:08:51;2578;516;3;154,7
2024-06-15 10:08:54;2579;516;4;153,62
2024-06-15 10:08:57;2580;516;5;155,84
2024-06-15 10:09:00;2581;517;1;153,71
2024-06-15 10:09:03;2582;517;2;153,73
2024-06-15 10:09:06;2583;517;3;153,07
2024-06-15 10:09:09;2584;517;4;154,99
2024-06-15 10:09:12;2585;517;5;154,79
2024-06-15 10:09:15;2586;518;1;152,16
2024-06-15 10:09:18;2587;518;2;151,12
2024-06-15 10:09:21;2588;518;3;152,8
2024-06-15 10:09:24;2589;518;4;151,9
2024-06-15 10:09:27;2590;518;5;153,0
2024-06-15 10:09:30;2591;519;1;154,91
2024-06-15 10:09:33;2592;519;2;152,36
2024-06-15 10:09:36;2593;519;3;152,99
2024-06-15 10:09:39;2594;519;4;153,14
2024-06-15 10:09:42;2595;519;5;154,32
2024-06-15 10:09:45;2596;520;1;149,63
2024-06-15 10:09:48;2597;520;2;152,09
2024-06-15 10:09:51;2598;520;3;153,32
2024-06-15 10:09:54;2599;520;4;154,8
2024-06-15 10:09:57;2600;520;5;152,26
2024-06-15 10:10:00;2601;521;1;150,14
2024-06-15 10:10:03;2602;521;2;153,88
2024-06-15 10:10:06;2603;521;3;152,0
2024-06-15 10:10:09;2604;521;4;151,17
2024-06-15 10:10:12;2605;521;5;152,01
2024-06-15 10:10:15;2606;522;1;152,62
2024-06-15 10:10:18;2607;522;2;151,99
2024-06-15 10:10:21;2608;522;3;149,59
2024-06-15 10:10:24;2609;522;4;154,25
2024-06-15 10:10:27;2610;522;5;154,81
2024-06-15 10:10:30;2611;523;1;153,83
2024-06-15 10:10:33;2612;523;2;151,14
2024-06-15 10:10:36;2613;523;3;152,55
2024-06-15 10:10:39;2614;523;4;152,84
2024-06-15 10:10:42;2615;523;5;153,75
2024-06-15 10:10:45;2616;524;1;153,8
2024-06-15 10:10:48;2617;524;2;151,7
2024-06-15 10:10:51;2618;524;3;152,92
2024-06-15 10:10:54;2619;524;4;153,49
2024-06-15 10:10:57;2620;524;5;154,98
2024-06-15 10:11:00;2621;525;1;153,81
2024-06-15 10:11:03;2622;525;2;153,93
2024-06-15 10:11:06;2623;525;3;152,88
2024-06-15 10:11:09;2624;525;4;154,87
2024-06-15 10:11:12;2625;525;5;153,36
2024-06-15 10:11:15;2626;526;1;151,41
2024-06-15 10:11:18;2627;526;2;154,81
2024-06-15 10:11:21;2628;526;3;153,75
2024-06-15 10:11:24;2629;526;4;152,04
2024-06-15 10:11:27;2630;526;5;151,98
2024-06-15 10:11:30;2631;527;1;153,09
2024-06-15 10:11:33;2632;527;2;153,34
2024-06-15 10:11:36;2633;527;3;152,95
2024-06-15 10:11:39;2634;527;4;153,12
2024-06-15 10:11:42;2635;527;5;155,2
2024-06-15 10:11:45;2636;528;1;154,21
2024-06-15 10:11:48;2637;528;2;152,89
2024-06-15 10:11:51;2638;528;3;154,01
2024-06-15 10:11:54;2639;528;4;151,05
2024-06-15 10:11:57;2640;528;5;153,2
2024-06-15 10:12:00;2641;529;1;155,26
2024-06-15 10:12:03;2642;529;2;152,22
2024-06-15 10:12:06;2643;529;3;151,28
2024-06-15 10:12:09;2644;529;4;151,57
2024-06-15 10:12:12;2645;529;5;150,92
2024-06-15 10:12:15;2646;530;1;151,32
2024-06-15 10:12:18;2647;530;2;151,94
2024-06-15 10:12:21;2648;530;3;150,39
2024-06-15 10:12:24;2649;530;4;152,52
2024-06-15 10:12:27;2650;530;5;153,85
2024-06-15 10:12:30;2651;531;1;151,09
2024-06-15 10:12:33;2652;531;2;154,73
2024-06-15 10:12:36;2653;531;3;153,22
2024-06-15 10:12:39;2654;531;4;154,0
2024-06-15 10:12:42;2655;531;5;151,46
2024-06-15 10:12:45;2656;532;1;153,68
2024-06-15 10:12:48;2657;532;2;150,76
2024-06-15 10:12:51;2658;532;3;153,74
2024-06-15 10:12:54;2659;532;4;152,66
2024-06-15 10:12:57;2660;532;5;153,23
2024-06-15 10:13:00;2661;533;1;150,59
2024-06-15 10:13:03;2662;533;2;151,01
2024-06-15 10:13:06;2663;533;3;153,25
2024-06-15 10:13:09;2664;533;4;150,93
2024-06-15 10:13:12;2665;533;5;153,04
2024-06-15 10:13:15;2666;534;1;150,25
2024-06-15 10:13:18;2667;534;2;153,57
2024-06-15 10:13:21;2668;534;3;150,45
2024-06-15 10:13:24;2669;534;4;153,13
2024-06-15 10:13:27;2670;534;5;153,24
2024-06-15 10:13:30;2671;535;1;151,2
2024-06-15 10:13:33;2672;535;2;153,12
2024-06-15 10:13:36;2673;535;3;152,64
2024-06-15 10:13:39;2674;535;4;151,44
2024-06-15 10:13:42;2675;535;5;150,74
2024-06-15 10:13:45;2676;536;1;149,26
2024-06-15 10:13:48;2677;536;2;152,72
2024-06-15 10:13:51;2678;536;3;149,85
2024-06-15 10:13:54;2679;536;4;152,34
2024-06-15 10:13:57;2680;536;5;151,8
2024-06-15 10:14:00;2681;537;1;153,17
2024-06-15 10:14:03;2682;537;2;151,7
2024-06-15 10:14:06;2683;537;3;151,66
2024-06-15 10:14:09;2684;537;4;153,25
2024-06-15 10:14:12;2685;537;5;152,65
2024-06-15 10:14:15;2686;538;1;152,57
2024-06-15 10:14:18;2687;538;2;152,8
2024-06-15 10:14:21;2688;538;3;149,8
2024-06-15 10:14:24;2689;538;4;153,24
2024-06-15 10:14:27;2690;538;5;153,02
2024-06-15 10:14:30;2691;539;1;150,52
2024-06-15 10:14:33;2692;539;2;151,68
2024-06-15 10:14:36;2693;539;3;151,99
2024-06-15 10:14:39;2694;539;4;151,85
2024-06-15 10:14:42;2695;539;5;152,55
2024-06-15 10:14:45;2696;540;1;154,15
2024-06-15 10:14:48;2697;540;2;153,62
2024-06-15 10:14:51;2698;540;3;150,03
2024-06-15 10:14:54;2699;540;4;152,93
2024-06-15 10:14:57;2700;540;5;153,99
2024-06-15 10:15:00;2701;541;1;152,53
2024-06-15 10:15:03;2702;541;2;153,59
2024-06-15 10:15:06;2703;541;3;154,97
2024-06-15 10:15:09;2704;541;4;153,49
2024-06-15 10:15:12;2705;541;5;152,32
2024-06-15 10:15:15;2706;542;1;153,47
2024-06-15 10:15:18;2707;542;2;152,12
2024-06-15 10:15:21;2708;542;3;151,94
2024-06-15 10:15:24;2709;542;4;151,37
2024-06-15 10:15:27;2710;542;5;154,25
2024-06-15 10:15:30;2711;543;1;150,62
2024-06-15 10:15:33;2712;543;2;154,15
2024-06-15 10:15:36;2713;543;3;152,6
2024-06-15 10:15:39;2714;543;4;149,75
2024-06-15 10:15:42;2715;543;5;152,4
2024-06-15 10:15:45;2716;544;1;148,65
2024-06-15 10:15:48;2717;544;2;152,74
2024-06-15 10:15:51;2718;544;3;153,13
2024-06-15 10:15:54;2719;544;4;150,91
2024-06-15 10:15:57;2720;544;5;151,99
2024-06-15 10:16:00;2721;545;1;154,68
2024-06-15 10:16:03;2722;545;2;150,99
2024-06-15 10:16:06;2723;545;3;150,16
2024-06-15 10:16:09;2724;545;4;153,97
2024-06-15 10:16:12;2725;545;5;154,69
2024-06-15 10:16:15;2726;546;1;151,71
2024-06-15 10:16:18;2727;546;2;153,22
2024-06-15 10:16:21;2728;546;3;153,71
2024-06-15 10:16:24;2729;546;4;150,59
2024-06-15 10:16:27;2730;546;5;150,97
2024-06-15 10:16:30;2731;547;1;153,5
2024-06-15 10:16:33;2732;547;2;154,18
2024-06-15 10:16:36;2733;547;3;152,49
2024-06-15 10:16:39;2734;547;4;150,33
2024-06-15 10:16:42;2735;547;5;154,63
2024-06-15 10:16:45;2736;548;1;150,8
2024-06-15 10:16:48;2737;548;2;151,1
2024-06-15 10:16:51;2738;548;3;152,11
2024-06-15 10:16:54;2739;548;4;153,93
2024-06-15 10:16:57;2740;548;5;152,88
2024-06-15 10:17:00;2741;549;1;152,17
2024-06-15 10:17:03;2742;549;2;152,24
2024-06-15 10:17:06;2743;549;3;151,62
2024-06-15 10:17:09;2744;549;4;152,39
2024-06-15 10:17:12;2745;549;5;147,76
2024-06-15 10:17:15;2746;550;1;151,06
2024-06-15 10:17:18;2747;550;2;151,86
2024-06-15 10:17:21;2748;550;3;149,77
2024-06-15 10:17:24;2749;550;4;152,08
2024-06-15 10:17:27;2750;550;5;151,19
2024-06-15 10:17:30;2751;551;1;154,08
2024-06-15 10:17:33;2752;551;2;153,81
2024-06-15 10:17:36;2753;551;3;150,75
2024-06-15 10:17:39;2754;551;4;151,22
2024-06-15 10:17:42;2755;551;5;151,34
2024-06-15 10:17:45;2756;552;1;150,72
2024-06-15 10:17:48;2757;552;2;151,69
2024-06-15 10:17:51;2758;552;3;150,26
2024-06-15 10:17:54;2759;552;4;149,7
2024-06-15 10:17:57;2760;552;5;152,33
2024-06-15 10:18:00;2761;553;1;152,29
2024-06-15 10:18:03;2762;553;2;150,14
2024-06-15 10:18:06;2763;553;3;152,69
2024-06-15 10:18:09;2764;553;4;150,4
2024-06-15 10:18:12;2765;553;5;151,73
2024-06-15 10:18:15;2766;554;1;152,53
2024-06-15 10:18:18;2767;554;2;151,25
2024-06-15 10:18:21;2768;554;3;151,98
2024-06-15 10:18:24;2769;554;4;150,53
2024-06-15 10:18:27;2770;554;5;151,01
2024-06-15 10:18:30;2771;555;1;150,94
2024-06-15 10:18:33;2772;555;2;150,13
2024-06-15 10:18:36;2773;555;3;150,98
2024-06-15 10:18:39;2774;555;4;148,93
2024-06-15 10:18:42;2775;555;5;150,51
2024-06-15 10:18:45;2776;556;1;150,77
2024-06-15 10:18:48;2777;556;2;150,82
2024-06-15 10:18:51;2778;556;3;150,84
2024-06-15 10:18:54;2779;556;4;151,11
2024-06-15 10:18:57;2780;556;5;151,92
2024-06-15 10:19:00;2781;557;1;152,46
2024-06-15 10:19:03;2782;557;2;150,18
2024-06-15 10:19:06;2783;557;3;149,35
2024-06-15 10:19:09;2784;557;4;149,59
2024-06-15 10:19:12;2785;557;5;150,42
2024-06-15 10:19:15;2786;558;1;150,57
2024-06-15 10:19:18;2787;558;2;149,95
2024-06-15 10:19:21;2788;558;3;149,16
2024-06-15 10:19:24;2789;558;4;150,42
2024-06-15 10:19:27;2790;558;5;151,37
2024-06-15 10:19:30;2791;559;1;151,94
2024-06-15 10:19:33;2792;559;2;150,21
2024-06-15 10:19:36;2793;559;3;150,43
2024-06-15 10:19:39;2794;559;4;149,66
2024-06-15 10:19:42;2795;559;5;151,0
2024-06-15 10:19:45;2796;560;1;149,73
2024-06-15 10:19:48;2797;560;2;151,86
2024-06-15 10:19:51;2798;560;3;148,32
2024-06-15 10:19:54;2799;560;4;150,46
2024-06-15 10:19:57;2800;560;5;151,45
2024-06-15 10:20:00;2801;561;1;151,23
2024-06-15 10:20:03;2802;561;2;154,99
2024-06-15 10:20:06;2803;561;3;151,47
2024-06-15 10:20:09;2804;561;4;149,44
2024-06-15 10:20:12;2805;561;5;150,81
2024-06-15 10:20:15;2806;562;1;148,24
2024-06-15 10:20:18;2807;562;2;150,78
2024-06-15 10:20:21;2808;562;3;149,65
2024-06-15 10:20:24;2809;562;4;152,27
2024-06-15 10:20:27;2810;562;5;150,08
2024-06-15 10:20:30;2811;563;1;150,67
2024-06-15 10:20:33;2812;563;2;149,9
2024-06-15 10:20:36;2813;563;3;153,46
2024-06-15 10:20:39;2814;563;4;150,37
2024-06-15 10:20:42;2815;563;5;153,6
2024-06-15 10:20:45;2816;564;1;152,02
2024-06-15 10:20:48;2817;564;2;151,52
2024-06-15 10:20:51;2818;564;3;151,35
2024-06-15 10:20:54;2819;564;4;151,39
2024-06-15 10:20:57;2820;564;5;147,91
2024-06-15 10:21:00;2821;565;1;150,33
2024-06-15 10:21:03;2822;565;2;152,02
2024-06-15 10:21:06;2823;565;3;150,68
2024-06-15 10:21:09;2824;565;4;148,64
2024-06-15 10:21:12;2825;565;5;150,67
2024-06-15 10:21:15;2826;566;1;153,26
2024-06-15 10:21:18;2827;566;2;152,57
2024-06-15 10:21:21;2828;566;3;150,61
2024-06-15 10:21:24;2829;566;4;152,13
2024-06-15 10:21:27;2830;566;5;150,15
2024-06-15 10:21:30;2831;567;1;148,09
2024-06-15 10:21:33;2832;567;2;149,26
2024-06-15 10:21:36;2833;567;3;152,99
2024-06-15 10:21:39;2834;567;4;150,24
2024-06-15 10:21:42;2835;567;5;150,28
2024-06-15 10:21:45;2836;568;1;150,15
2024-06-15 10:21:48;2837;568;2;153,46
2024-06-15 10:21:51;2838;568;3;153,04
2024-06-15 10:21:54;2839;568;4;153,93
2024-06-15 10:21:57;2840;568;5;150,36
2024-06-15 10:22:00;2841;569;1;150,99
2024-06-15 10:22:03;2842;569;2;148,28
2024-06-15 10:22:06;2843;569;3;152,77
2024-06-15 10:22:09;2844;569;4;148,8
2024-06-15 10:22:12;2845;569;5;150,88
2024-06-15 10:22:15;2846;570;1;148,85
2024-06-15 10:22:18;2847;570;2;149,62
2024-06-15 10:22:21;2848;570;3;149,24
2024-06-15 10:22:24;2849;570;4;149,59
2024-06-15 10:22:27;2850;570;5;149,69
2024-06-15 10:22:30;2851;571;1;149,63
2024-06-15 10:22:33;2852;571;2;151,7
2024-06-15 10:22:36;2853;571;3;148,79
2024-06-15 10:22:39;2854;571;4;150,78
2024-06-15 10:22:42;2855;571;5;152,28
2024-06-15 10:22:45;2856;572;1;149,63
2024-06-15 10:22:48;2857;572;2;149,32
2024-06-15 10:22:51;2858;572;3;150,05
2024-06-15 10:22:54;2859;572;4;152,17
2024-06-15 10:22:57;2860;572;5;150,69
2024-06-15 10:23:00;2861;573;1;149,55
2024-06-15 10:23:03;2862;573;2;151,08
2024-06-15 10:23:06;2863;573;3;148,7
2024-06-15 10:23:09;2864;573;4;151,37
2024-06-15 10:23:12;2865;573;5;150,96
2024-06-15 10:23:15;2866;574;1;149,84
2024-06-15 10:23:18;2867;574;2;149,04
2024-06-15 10:23:21;2868;574;3;148,97
2024-06-15 10:23:24;2869;574;4;151,1
2024-06-15 10:23:27;2870;574;5;152,14
2024-06-15 10:23:30;2871;575;1;149,29
2024-06-15 10:23:33;2872;575;2;150,94
2024-06-15 10:23:36;2873;575;3;147,12
2024-06-15 10:23:39;2874;575;4;149,37
2024-06-15 10:23:42;2875;575;5;150,2
2024-06-15 10:23:45;2876;576;1;148,84
2024-06-15 10:23:48;2877;576;2;148,8
2024-06-15 10:23:51;2878;576;3;149,2
2024-06-15 10:23:54;2879;576;4;150,64
2024-06-15 10:23:57;2880;576;5;149,92
2024-06-15 10:24:00;2881;577;1;146,79
2024-06-15 10:24:03;2882;577;2;146,97
2024-06-15 10:24:06;2883;577;3;149,24
2024-06-15 10:24:09;2884;577;4;150,84
2024-06-15 10:24:12;2885;577;5;146,03
2024-06-15 10:24:15;2886;578;1;149,35
2024-06-15 10:24:18;2887;578;2;149,31
2024-06-15 10:24:21;2888;578;3;152,18
2024-06-15 10:24:24;2889;578;4;149,52
2024-06-15 10:24:27;2890;578;5;150,67
2024-06-15 10:24:30;2891;579;1;150,26
2024-06-15 10:24:33;2892;579;2;146,85
2024-06-15 10:24:36;2893;579;3;151,2
2024-06-15 10:24:39;2894;579;4;150,37
2024-06-15 10:24:42;2895;579;5;150,81
2024-06-15 10:24:45;2896;580;1;155,89
2024-06-15 10:24:48;2897;580;2;146,87
2024-06-15 10:24:51;2898;580;3;152,59
2024-06-15 10:24:54;2899;580;4;149,57
2024-06-15 10:24:57;2900;580;5;150,43
2024-06-15 10:25:00;2901;581;1;149,88
2024-06-15 10:25:03;2902;581;2;149,31
2024-06-15 10:25:06;2903;581;3;149,1
2024-06-15 10:25:09;2904;581;4;150,44
2024-06-15 10:25:12;2905;581;5;147,67
2024-06-15 10:25:15;2906;582;1;151,03
2024-06-15 10:25:18;2907;582;2;149,28
2024-06-15 10:25:21;2908;582;3;148,2
2024-06-15 10:25:24;2909;582;4;149,22
2024-06-15 10:25:27;2910;582;5;151,79
2024-06-15 10:25:30;2911;583;1;149,05
2024-06-15 10:25:33;2912;583;2;150,39
2024-06-15 10:25:36;2913;583;3;148,75
2024-06-15 10:25:39;2914;583;4;150,99
2024-06-15 10:25:42;2915;583;5;150,88
2024-06-15 10:25:45;2916;584;1;152,57
2024-06-15 10:25:48;2917;584;2;149,54
2024-06-15 10:25:51;2918;584;3;150,8
2024-06-15 10:25:54;2919;584;4;149,95
2024-06-15 10:25:57;2920;584;5;151,74
2024-06-15 10:26:00;2921;585;1;148,67
2024-06-15 10:26:03;2922;585;2;150,87
2024-06-15 10:26:06;2923;585;3;149,46
2024-06-15 10:26:09;2924;585;4;149,65
2024-06-15 10:26:12;2925;585;5;149,89
2024-06-15 10:26:15;2926;586;1;150,08
2024-06-15 10:26:18;2927;586;2;149,53
2024-06-15 10:26:21;2928;586;3;150,02
2024-06-15 10:26:24;2929;586;4;152,07
2024-06-15 10:26:27;2930;586;5;151,18
2024-06-15 10:26:30;2931;587;1;150,95
2024-06-15 10:26:33;2932;587;2;148,97
2024-06-15 10:26:36;2933;587;3;148,32
2024-06-15 10:26:39;2934;587;4;151,08
2024-06-15 10:26:42;2935;587;5;150,96
2024-06-15 10:26:45;2936;588;1;151,81
2024-06-15 10:26:48;2937;588;2;148,69
2024-06-15 10:26:51;2938;588;3;149,26
2024-06-15 10:26:54;2939;588;4;147,14
2024-06-15 10:26:57;2940;588;5;149,01
2024-06-15 10:27:00;2941;589;1;151,04
2024-06-15 10:27:03;2942;589;2;148,85
2024-06-15 10:27:06;2943;589;3;150,51
2024-06-15 10:27:09;2944;589;4;149,26
2024-06-15 10:27:12;2945;589;5;150,04
2024-06-15 10:27:15;2946;590;1;147,78
2024-06-15 10:27:18;2947;590;2;149,63
2024-06-15 10:27:21;2948;590;3;145,01
2024-06-15 10:27:24;2949;590;4;149,22
2024-06-15 10:27:27;2950;590;5;147,05
2024-06-15 10:27:30;2951;591;1;151,26
2024-06-15 10:27:33;2952;591;2;150,62
2024-06-15 10:27:36;2953;591;3;150,15
2024-06-15 10:27:39;2954;591;4;151,73
2024-06-15 10:27:42;2955;591;5;148,03
2024-06-15 10:27:45;2956;592;1;152,02
2024-06-15 10:27:48;2957;592;2;150,8
2024-06-15 10:27:51;2958;592;3;149,05
2024-06-15 10:27:54;2959;592;4;151,1
2024-06-15 10:27:57;2960;592;5;147,74
2024-06-15 10:28:00;2961;593;1;148,11
2024-06-15 10:28:03;2962;593;2;148,44
2024-06-15 10:28:06;2963;593;3;148,56
2024-06-15 10:28:09;2964;593;4;147,77
2024-06-15 10:28:12;2965;593;5;151,18
2024-06-15 10:28:15;2966;594;1;148,91
2024-06-15 10:28:18;2967;594;2;149,83
2024-06-15 10:28:21;2968;594;3;148,44
2024-06-15 10:28:24;2969;594;4;146,57
2024-06-15 10:28:27;2970;594;5;149,71
2024-06-15 10:28:30;2971;595;1;146,38
2024-06-15 10:28:33;2972;595;2;149,15
2024-06-15 10:28:36;2973;595;3;147,2
2024-06-15 10:28:39;2974;595;4;152,23
2024-06-15 10:28:42;2975;595;5;150,62
2024-06-15 10:28:45;2976;596;1;149,36
2024-06-15 10:28:48;2977;596;2;151,1
2024-06-15 10:28:51;2978;596;3;147,93
2024-06-15 10:28:54;2979;596;4;150,02
2024-06-15 10:28:57;2980;596;5;149,5
2024-06-15 10:29:00;2981;597;1;149,55
2024-06-15 10:29:03;2982;597;2;151,06
2024-06-15 10:29:06;2983;597;3;150,25
2024-06-15 10:29:09;2984;597;4;149,58
2024-06-15 10:29:12;2985;597;5;146,67
2024-06-15 10:29:15;2986;598;1;147,66
2024-06-15 10:29:18;2987;598;2;148,92
2024-06-15 10:29:21;2988;598;3;149,24
2024-06-15 10:29:24;2989;598;4;147,4
2024-06-15 10:29:27;2990;598;5;152,72
2024-06-15 10:29:30;2991;599;1;151,32
2024-06-15 10:29:33;2992;599;2;149,95
2024-06-15 10:29:36;2993;599;3;149,16
2024-06-15 10:29:39;2994;599;4;148,73
2024-06-15 10:29:42;2995;599;5;147,62
2024-06-15 10:29:45;2996;600;1;149,12
2024-06-15 10:29:48;2997;600;2;149,39
2024-06-15 10:29:51;2998;600;3;147,14
2024-06-15 10:29:54;2999;600;4;149,5
2024-06-15 10:29:57;3000;600;5;148,77
2024-06-15 10:30:00;3001;601;1;146,63
2024-06-15 10:30:03;3002;601;2;148,2
2024-06-15 10:30:06;3003;601;3;148,88
2024-06-15 10:30:09;3004;601;4;152,34
2024-06-15 10:30:12;3005;601;5;150,34
2024-06-15 10:30:15;3006;602;1;147,48
2024-06-15 10:30:18;3007;602;2;150,24
2024-06-15 10:30:21;3008;602;3;147,16
2024-06-15 10:30:24;3009;602;4;151,14
2024-06-15 10:30:27;3010;602;5;148,79
2024-06-15 10:30:30;3011;603;1;149,36
2024-06-15 10:30:33;3012;603;2;151,52
2024-06-15 10:30:36;3013;603;3;147,54
2024-06-15 10:30:39;3014;603;4;147,38
2024-06-15 10:30:42;3015;603;5;148,61
2024-06-15 10:30:45;3016;604;1;151,09
2024-06-15 10:30:48;3017;604;2;147,18
2024-06-15 10:30:51;3018;604;3;145,18
2024-06-15 10:30:54;3019;604;4;148,81
2024-06-15 10:30:57;3020;604;5;150,34
2024-06-15 10:31:00;3021;605;1;151,34
2024-06-15 10:31:03;3022;605;2;148,79
2024-06-15 10:31:06;3023;605;3;148,87
2024-06-15 10:31:09;3024;605;4;151,27
2024-06-15 10:31:12;3025;605;5;146,63
2024-06-15 10:31:15;3026;606;1;148,9
2024-06-15 10:31:18;3027;606;2;149,79
2024-06-15 10:31:21;3028;606;3;150,19
2024-06-15 10:31:24;3029;606;4;148,71
2024-06-15 10:31:27;3030;606;5;149,55
2024-06-15 10:31:30;3031;607;1;145,65
2024-06-15 10:31:33;3032;607;2;148,48
2024-06-15 10:31:36;3033;607;3;150,2
2024-06-15 10:31:39;3034;607;4;147,98
2024-06-15 10:31:42;3035;607;5;149,59
2024-06-15 10:31:45;3036;608;1;150,19
2024-06-15 10:31:48;3037;608;2;148,97
2024-06-15 10:31:51;3038;608;3;149,76
2024-06-15 10:31:54;3039;608;4;148,0
2024-06-15 10:31:57;3040;608;5;149,18
2024-06-15 10:32:00;3041;609;1;150,45
2024-06-15 10:32:03;3042;609;2;149,74
2024-06-15 10:32:06;3043;609;3;148,59
2024-06-15 10:32:09;3044;609;4;149,85
2024-06-15 10:32:12;3045;609;5;150,61
2024-06-15 10:32:15;3046;610;1;146,29
2024-06-15 10:32:18;3047;610;2;151,32
2024-06-15 10:32:21;3048;610;3;148,97
2024-06-15 10:32:24;3049;610;4;150,17
2024-06-15 10:32:27;3050;610;5;151,38
2024-06-15 10:32:30;3051;611;1;147,34
2024-06-15 10:32:33;3052;611;2;148,38
2024-06-15 10:32:36;3053;611;3;149,05
2024-06-15 10:32:39;3054;611;4;148,27
2024-06-15 10:32:42;3055;611;5;152,23
2024-06-15 10:32:45;3056;612;1;148,15
2024-06-15 10:32:48;3057;612;2;148,62
2024-06-15 10:32:51;3058;612;3;149,82
2024-06-15 10:32:54;3059;612;4;147,6
2024-06-15 10:32:57;3060;612;5;148,87
2024-06-15 10:33:00;3061;613;1;150,0
2024-06-15 10:33:03;3062;613;2;148,97
2024-06-15 10:33:06;3063;613;3;149,35
2024-06-15 10:33:09;3064;613;4;148,66
2024-06-15 10:33:12;3065;613;5;147,1
2024-06-15 10:33:15;3066;614;1;150,01
2024-06-15 10:33:18;3067;614;2;152,3
2024-06-15 10:33:21;3068;614;3;149,53
2024-06-15 10:33:24;3069;614;4;149,86
2024-06-15 10:33:27;3070;614;5;150,6
2024-06-15 10:33:30;3071;615;1;147,47
2024-06-15 10:33:33;3072;615;2;152,22
2024-06-15 10:33:36;3073;615;3;149,82
2024-06-15 10:33:39;3074;615;4;152,11
2024-06-15 10:33:42;3075;615;5;148,33
2024-06-15 10:33:45;3076;616;1;152,42
2024-06-15 10:33:48;3077;616;2;150,75
2024-06-15 10:33:51;3078;616;3;150,39
2024-06-15 10:33:54;3079;616;4;149,88
2024-06-15 10:33:57;3080;616;5;149,1
2024-06-15 10:34:00;3081;617;1;151,44
2024-06-15 10:34:03;3082;617;2;149,73
2024-06-15 10:34:06;3083;617;3;146,33
2024-06-15 10:34:09;3084;617;4;147,7
2024-06-15 10:34:12;3085;617;5;149,2
2024-06-15 10:34:15;3086;618;1;150,0
2024-06-15 10:34:18;3087;618;2;149,41
2024-06-15 10:34:21;3088;618;3;151,47
2024-06-15 10:34:24;3089;618;4;146,34
2024-06-15 10:34:27;3090;618;5;149,73
2024-06-15 10:34:30;3091;619;1;146,54
2024-06-15 10:34:33;3092;619;2;150,74
2024-06-15 10:34:36;3093;619;3;149,35
2024-06-15 10:34:39;3094;619;4;150,18
2024-06-15 10:34:42;3095;619;5;148,09
2024-06-15 10:34:45;3096;620;1;151,59
2024-06-15 10:34:48;3097;620;2;151,2
2024-06-15 10:34:51;3098;620;3;150,45
2024-06-15 10:34:54;3099;620;4;149,29
2024-06-15 10:34:57;3100;620;5;150,45
2024-06-15 10:35:00;3101;621;1;148,34
2024-06-15 10:35:03;3102;621;2;150,9
2024-06-15 10:35:06;3103;621;3;152,21
2024-06-15 10:35:09;3104;621;4;151,26
2024-06-15 10:35:12;3105;621;5;148,3
2024-06-15 10:35:15;3106;622;1;150,1
2024-06-15 10:35:18;3107;622;2;147,37
2024-06-15 10:35:21;3108;622;3;150,44
2024-06-15 10:35:24;3109;622;4;150,24
2024-06-15 10:35:27;3110;622;5;146,42
2024-06-15 10:35:30;3111;623;1;147,58
2024-06-15 10:35:33;3112;623;2;149,03
2024-06-15 10:35:36;3113;623;3;149,0
2024-06-15 10:35:39;3114;623;4;147,5
2024-06-15 10:35:42;3115;623;5;150,14
2024-06-15 10:35:45;3116;624;1;149,92
2024-06-15 10:35:48;3117;624;2;149,18
2024-06-15 10:35:51;3118;624;3;148,25
2024-06-15 10:35:54;3119;624;4;151,24
2024-06-15 10:35:57;3120;624;5;152,25
2024-06-15 10:36:00;3121;625;1;148,69
2024-06-15 10:36:03;3122;625;2;148,48
2024-06-15 10:36:06;3123;625;3;150,32
2024-06-15 10:36:09;3124;625;4;148,9
2024-06-15 10:36:12;3125;625;5;149,27
2024-06-15 10:36:15;3126;626;1;150,74
2024-06-15 10:36:18;3127;626;2;146,31
2024-06-15 10:36:21;3128;626;3;151,71
2024-06-15 10:36:24;3129;626;4;149,62
2024-06-15 10:36:27;3130;626;5;148,81
2024-06-15 10:36:30;3131;627;1;149,35
2024-06-15 10:36:33;3132;627;2;149,44
2024-06-15 10:36:36;3133;627;3;146,59
2024-06-15 10:36:39;3134;627;4;152,01
2024-06-15 10:36:42;3135;627;5;149,57
2024-06-15 10:36:45;3136;628;1;150,25
2024-06-15 10:36:48;3137;628;2;151,1
2024-06-15 10:36:51;3138;628;3;147,78
2024-06-15 10:36:54;3139;628;4;150,3
2024-06-15 10:36:57;3140;628;5;149,05
2024-06-15 10:37:00;3141;629;1;150,93
2024-06-15 10:37:03;3142;629;2;145,9
2024-06-15 10:37:06;3143;629;3;149,33
2024-06-15 10:37:09;3144;629;4;148,48
2024-06-15 10:37:12;3145;629;5;150,23
2024-06-15 10:37:15;3146;630;1;150,3
2024-06-15 10:37:18;3147;630;2;148,3
2024-06-15 10:37:21;3148;630;3;148,29
2024-06-15 10:37:24;3149;630;4;149,31
2024-06-15 10:37:27;3150;630;5;147,98
2024-06-15 10:37:30;3151;631;1;150,94
2024-06-15 10:37:33;3152;631;2;148,87
2024-06-15 10:37:36;3153;631;3;144,54
2024-06-15 10:37:39;3154;631;4;148,86
2024-06-15 10:37:42;3155;631;5;147,73
2024-06-15 10:37:45;3156;632;1;146,71
2024-06-15 10:37:48;3157;632;2;147,38
2024-06-15 10:37:51;3158;632;3;149,69
2024-06-15 10:37:54;3159;632;4;151,78
2024-06-15 10:37:57;3160;632;5;150,04
2024-06-15 10:38:00;3161;633;1;148,46
2024-06-15 10:38:03;3162;633;2;150,28
2024-06-15 10:38:06;3163;633;3;148,71
2024-06-15 10:38:09;3164;633;4;148,31
2024-06-15 10:38:12;3165;633;5;147,51
2024-06-15 10:38:15;3166;634;1;146,48
2024-06-15 10:38:18;3167;634;2;148,83
2024-06-15 10:38:21;3168;634;3;149,77
2024-06-15 10:38:24;3169;634;4;149,33
2024-06-15 10:38:27;3170;634;5;148,78
2024-06-15 10:38:30;3171;635;1;147,86
2024-06-15 10:38:33;3172;635;2;150,55
2024-06-15 10:38:36;3173;635;3;147,22
2024-06-15 10:38:39;3174;635;4;150,85
2024-06-15 10:38:42;3175;635;5;147,76
2024-06-15 10:38:45;3176;636;1;148,19
2024-06-15 10:38:48;3177;636;2;146,95
2024-06-15 10:38:51;3178;636;3;148,63
2024-06-15 10:38:54;3179;636;4;151,2
2024-06-15 10:38:57;3180;636;5;150,4
2024-06-15 10:39:00;3181;637;1;151,21
2024-06-15 10:39:03;3182;637;2;150,41
2024-06-15 10:39:06;3183;637;3;147,57
2024-06-15 10:39:09;3184;637;4;148,92
2024-06-15 10:39:12;3185;637;5;148,14
2024-06-15 10:39:15;3186;638;1;151,83
2024-06-15 10:39:18;3187;638;2;147,4
2024-06-15 10:39:21;3188;638;3;151,07
2024-06-15 10:39:24;3189;638;4;151,07
2024-06-15 10:39:27;3190;638;5;152,71
2024-06-15 10:39:30;3191;639;1;148,78
2024-06-15 10:39:33;3192;639;2;150,75
2024-06-15 10:39:36;3193;639;3;153,52
2024-06-15 10:39:39;3194;639;4;148,41
2024-06-15 10:39:42;3195;639;5;146,8
2024-06-15 10:39:45;3196;640;1;146,18
2024-06-15 10:39:48;3197;640;2;150,76
2024-06-15 10:39:51;3198;640;3;146,17
2024-06-15 10:39:54;3199;640;4;148,84
2024-06-15 10:39:57;3200;640;5;150,27
2024-06-15 10:40:00;3201;641;1;149,83
2024-06-15 10:40:03;3202;641;2;150,25
2024-06-15 10:40:06;3203;641;3;149,89
2024-06-15 10:40:09;3204;641;4;151,77
2024-06-15 10:40:12;3205;641;5;147,81
2024-06-15 10:40:15;3206;642;1;148,29
2024-06-15 10:40:18;3207;642;2;148,12
2024-06-15 10:40:21;3208;642;3;150,98
2024-06-15 10:40:24;3209;642;4;151,1
2024-06-15 10:40:27;3210;642;5;150,3
2024-06-15 10:40:30;3211;643;1;151,61
2024-06-15 10:40:33;3212;643;2;147,4
2024-06-15 10:40:36;3213;643;3;152,48
2024-06-15 10:40:39;3214;643;4;152,22
2024-06-15 10:40:42;3215;643;5;150,81
2024-06-15 10:40:45;3216;644;1;152,7
2024-06-15 10:40:48;3217;644;2;146,53
2024-06-15 10:40:51;3218;644;3;148,56
2024-06-15 10:40:54;3219;644;4;148,18
2024-06-15 10:40:57;3220;644;5;150,79
2024-06-15 10:41:00;3221;645;1;147,61
2024-06-15 10:41:03;3222;645;2;150,86
2024-06-15 10:41:06;3223;645;3;151,97
2024-06-15 10:41:09;3224;645;4;150,75
2024-06-15 10:41:12;3225;645;5;150,01
2024-06-15 10:41:15;3226;646;1;147,72
2024-06-15 10:41:18;3227;646;2;147,97
2024-06-15 10:41:21;3228;646;3;151,76
2024-06-15 10:41:24;3229;646;4;150,91
2024-06-15 10:41:27;3230;646;5;149,43
2024-06-15 10:41:30;3231;647;1;148,74
2024-06-15 10:41:33;3232;647;2;145,83
2024-06-15 10:41:36;3233;647;3;147,56
2024-06-15 10:41:39;3234;647;4;152,97
2024-06-15 10:41:42;3235;647;5;147,18
2024-06-15 10:41:45;3236;648;1;149,84
2024-06-15 10:41:48;3237;648;2;151,33
2024-06-15 10:41:51;3238;648;3;147,22
2024-06-15 10:41:54;3239;648;4;149,84
2024-06-15 10:41:57;3240;648;5;151,21
2024-06-15 10:42:00;3241;649;1;149,52
2024-06-15 10:42:03;3242;649;2;154,74
2024-06-15 10:42:06;3243;649;3;146,45
2024-06-15 10:42:09;3244;649;4;151,43
2024-06-15 10:42:12;3245;649;5;149,18
2024-06-15 10:42:15;3246;650;1;150,92
2024-06-15 10:42:18;3247;650;2;150,31
2024-06-15 10:42:21;3248;650;3;148,16
2024-06-15 10:42:24;3249;650;4;149,92
2024-06-15 10:42:27;3250;650;5;146,09
2024-06-15 10:42:30;3251;651;1;150,61
2024-06-15 10:42:33;3252;651;2;150,05
2024-06-15 10:42:36;3253;651;3;150,68
2024-06-15 10:42:39;3254;651;4;151,45
2024-06-15 10:42:42;3255;651;5;150,18
2024-06-15 10:42:45;3256;652;1;149,77
2024-06-15 10:42:48;3257;652;2;147,87
2024-06-15 10:42:51;3258;652;3;148,18
2024-06-15 10:42:54;3259;652;4;151,69
2024-06-15 10:42:57;3260;652;5;152,15
2024-06-15 10:43:00;3261;653;1;149,06
2024-06-15 10:43:03;3262;653;2;149,59
2024-06-15 10:43:06;3263;653;3;147,82
2024-06-15 10:43:09;3264;653;4;151,67
2024-06-15 10:43:12;3265;653;5;150,73
2024-06-15 10:43:15;3266;654;1;153,11
2024-06-15 10:43:18;3267;654;2;147,87
2024-06-15 10:43:21;3268;654;3;148,8
2024-06-15 10:43:24;3269;654;4;149,93
2024-06-15 10:43:27;3270;654;5;150,7
2024-06-15 10:43:30;3271;655;1;149,1
2024-06-15 10:43:33;3272;655;2;147,87
2024-06-15 10:43:36;3273;655;3;151,15
2024-06-15 10:43:39;3274;655;4;150,85
2024-06-15 10:43:42;3275;655;5;147,79
2024-06-15 10:43:45;3276;656;1;152,04
2024-06-15 10:43:48;3277;656;2;151,69
2024-06-15 10:43:51;3278;656;3;149,75
2024-06-15 10:43:54;3279;656;4;149,65
2024-06-15 10:43:57;3280;656;5;150,54
2024-06-15 10:44:00;3281;657;1;147,88
2024-06-15 10:44:03;3282;657;2;149,56
2024-06-15 10:44:06;3283;657;3;145,45
2024-06-15 10:44:09;3284;657;4;151,15
2024-06-15 10:44:12;3285;657;5;146,56
2024-06-15 10:44:15;3286;658;1;152,34
2024-06-15 10:44:18;3287;658;2;148,88
2024-06-15 10:44:21;3288;658;3;149,1
2024-06-15 10:44:24;3289;658;4;148,32
2024-06-15 10:44:27;3290;658;5;148,96
2024-06-15 10:44:30;3291;659;1;152,19
2024-06-15 10:44:33;3292;659;2;144,79
2024-06-15 10:44:36;3293;659;3;151,92
2024-06-15 10:44:39;3294;659;4;150,14
2024-06-15 10:44:42;3295;659;5;147,21
2024-06-15 10:44:45;3296;660;1;147,46
2024-06-15 10:44:48;3297;660;2;152,69
2024-06-15 10:44:51;3298;660;3;147,7
2024-06-15 10:44:54;3299;660;4;147,31
2024-06-15 10:44:57;3300;660;5;151,66
2024-06-15 10:45:00;3301;661;1;150,15
2024-06-15 10:45:03;3302;661;2;147,71
2024-06-15 10:45:06;3303;661;3;149,91
2024-06-15 10:45:09;3304;661;4;147,54
2024-06-15 10:45:12;3305;661;5;151,6
2024-06-15 10:45:15;3306;662;1;151,53
2024-06-15 10:45:18;3307;662;2;150,52
2024-06-15 10:45:21;3308;662;3;150,19
2024-06-15 10:45:24;3309;662;4;152,87
2024-06-15 10:45:27;3310;662;5;149,5
2024-06-15 10:45:30;3311;663;1;147,23
2024-06-15 10:45:33;3312;663;2;150,36
2024-06-15 10:45:36;3313;663;3;153,51
2024-06-15 10:45:39;3314;663;4;147,55
2024-06-15 10:45:42;3315;663;5;148,81
2024-06-15 10:45:45;3316;664;1;150,3
2024-06-15 10:45:48;3317;664;2;149,4
2024-06-15 10:45:51;3318;664;3;147,61
2024-06-15 10:45:54;3319;664;4;151,66
2024-06-15 10:45:57;3320;664;5;153,97
2024-06-15 10:46:00;3321;665;1;149,88
2024-06-15 10:46:03;3322;665;2;147,75
2024-06-15 10:46:06;3323;665;3;146,51
2024-06-15 10:46:09;3324;665;4;150,0
2024-06-15 10:46:12;3325;665;5;151,63
2024-06-15 10:46:15;3326;666;1;150,42
2024-06-15 10:46:18;3327;666;2;149,5
2024-06-15 10:46:21;3328;666;3;148,36
2024-06-15 10:46:24;3329;666;4;147,38
2024-06-15 10:46:27;3330;666;5;151,12
2024-06-15 10:46:30;3331;667;1;151,28
2024-06-15 10:46:33;3332;667;2;146,49
2024-06-15 10:46:36;3333;667;3;152,59
2024-06-15 10:46:39;3334;667;4;150,62
2024-06-15 10:46:42;3335;667;5;152,22
2024-06-15 10:46:45;3336;668;1;146,88
2024-06-15 10:46:48;3337;668;2;146,83
2024-06-15 10:46:51;3338;668;3;149,21
2024-06-15 10:46:54;3339;668;4;150,48
2024-06-15 10:46:57;3340;668;5;153,01
2024-06-15 10:47:00;3341;669;1;150,88
2024-06-15 10:47:03;3342;669;2;149,02
2024-06-15 10:47:06;3343;669;3;147,49
2024-06-15 10:47:09;3344;669;4;151,91
2024-06-15 10:47:12;3345;669;5;147,61
2024-06-15 10:47:15;3346;670;1;152,7
2024-06-15 10:47:18;3347;670;2;148,94
2024-06-15 10:47:21;3348;670;3;152,63
2024-06-15 10:47:24;3349;670;4;150,84
2024-06-15 10:47:27;3350;670;5;149,23
2024-06-15 10:47:30;3351;671;1;148,48
2024-06-15 10:47:33;3352;671;2;148,83
2024-06-15 10:47:36;3353;671;3;150,35
2024-06-15 10:47:39;3354;671;4;149,65
2024-06-15 10:47:42;3355;671;5;148,33
2024-06-15 10:47:45;3356;672;1;149,17
2024-06-15 10:47:48;3357;672;2;149,66
2024-06-15 10:47:51;3358;672;3;145,29
2024-06-15 10:47:54;3359;672;4;150,41
2024-06-15 10:47:57;3360;672;5;147,56
2024-06-15 10:48:00;3361;673;1;147,21
2024-06-15 10:48:03;3362;673;2;146,15
2024-06-15 10:48:06;3363;673;3;145,94
2024-06-15 10:48:09;3364;673;4;146,81
2024-06-15 10:48:12;3365;673;5;148,09
2024-06-15 10:48:15;3366;674;1;153,39
2024-06-15 10:48:18;3367;674;2;148,45
2024-06-15 10:48:21;3368;674;3;149,85
2024-06-15 10:48:24;3369;674;4;150,3
2024-06-15 10:48:27;3370;674;5;149,76
2024-06-15 10:48:30;3371;675;1;149,35
2024-06-15 10:48:33;3372;675;2;147,11
2024-06-15 10:48:36;3373;675;3;152,4
2024-06-15 10:48:39;3374;675;4;153,11
2024-06-15 10:48:42;3375;675;5;146,13
2024-06-15 10:48:45;3376;676;1;147,45
2024-06-15 10:48:48;3377;676;2;148,94
2024-06-15 10:48:51;3378;676;3;147,56
2024-06-15 10:48:54;3379;676;4;150,52
2024-06-15 10:48:57;3380;676;5;148,04
2024-06-15 10:49:00;3381;677;1;153,86
2024-06-15 10:49:03;3382;677;2;151,9
2024-06-15 10:49:06;3383;677;3;149,93
2024-06-15 10:49:09;3384;677;4;151,57
2024-06-15 10:49:12;3385;677;5;151,73
2024-06-15 10:49:15;3386;678;1;148,36
2024-06-15 10:49:18;3387;678;2;147,85
2024-06-15 10:49:21;3388;678;3;149,66
2024-06-15 10:49:24;3389;678;4;151,24
2024-06-15 10:49:27;3390;678;5;149,78
2024-06-15 10:49:30;3391;679;1;146,3
2024-06-15 10:49:33;3392;679;2;147,87
2024-06-15 10:49:36;3393;679;3;149,35
2024-06-15 10:49:39;3394;679;4;149,35
2024-06-15 10:49:42;3395;679;5;153,5
2024-06-15 10:49:45;3396;680;1;146,68
2024-06-15 10:49:48;3397;680;2;150,53
2024-06-15 10:49:51;3398;680;3;152,53
2024-06-15 10:49:54;3399;680;4;154,12
2024-06-15 10:49:57;3400;680;5;148,68
2024-06-15 10:50:00;3401;681;1;150,5
2024-06-15 10:50:03;3402;681;2;150,66
2024-06-15 10:50:06;3403;681;3;149,9
2024-06-15 10:50:09;3404;681;4;149,3
2024-06-15 10:50:12;3405;681;5;150,39
2024-06-15 10:50:15;3406;682;1;144,32
2024-06-15 10:50:18;3407;682;2;150,9
2024-06-15 10:50:21;3408;682;3;149,76
2024-06-15 10:50:24;3409;682;4;149,04
2024-06-15 10:50:27;3410;682;5;153,69
2024-06-15 10:50:30;3411;683;1;148,11
2024-06-15 10:50:33;3412;683;2;148,67
2024-06-15 10:50:36;3413;683;3;153,59
2024-06-15 10:50:39;3414;683;4;147,79
2024-06-15 10:50:42;3415;683;5;148,37
2024-06-15 10:50:45;3416;684;1;149,2
2024-06-15 10:50:48;3417;684;2;151,23
2024-06-15 10:50:51;3418;684;3;149,93
2024-06-15 10:50:54;3419;684;4;146,84
2024-06-15 10:50:57;3420;684;5;148,4
2024-06-15 10:51:00;3421;685;1;148,24
2024-06-15 10:51:03;3422;685;2;149,34
2024-06-15 10:51:06;3423;685;3;150,38
2024-06-15 10:51:09;3424;685;4;150,36
2024-06-15 10:51:12;3425;685;5;145,83
2024-06-15 10:51:15;3426;686;1;151,71
2024-06-15 10:51:18;3427;686;2;150,02
2024-06-15 10:51:21;3428;686;3;152,37
2024-06-15 10:51:24;3429;686;4;150,42
2024-06-15 10:51:27;3430;686;5;151,78
2024-06-15 10:51:30;3431;687;1;150,47
2024-06-15 10:51:33;3432;687;2;152,3
2024-06-15 10:51:36;3433;687;3;150,59
2024-06-15 10:51:39;3434;687;4;149,3
2024-06-15 10:51:42;3435;687;5;154,23
2024-06-15 10:51:45;3436;688;1;151,36
2024-06-15 10:51:48;3437;688;2;150,7
2024-06-15 10:51:51;3438;688;3;146,84
2024-06-15 10:51:54;3439;688;4;146,81
2024-06-15 10:51:57;3440;688;5;150,11
2024-06-15 10:52:00;3441;689;1;149,8
2024-06-15 10:52:03;3442;689;2;148,21
2024-06-15 10:52:06;3443;689;3;149,8
2024-06-15 10:52:09;3444;689;4;152,83
2024-06-15 10:52:12;3445;689;5;150,96
2024-06-15 10:52:15;3446;690;1;147,1
2024-06-15 10:52:18;3447;690;2;149,27
2024-06-15 10:52:21;3448;690;3;147,81
2024-06-15 10:52:24;3449;690;4;148,69
2024-06-15 10:52:27;3450;690;5;148,63
2024-06-15 10:52:30;3451;691;1;148,49
2024-06-15 10:52:33;3452;691;2;146,86
2024-06-15 10:52:36;3453;691;3;149,23
2024-06-15 10:52:39;3454;691;4;148,32
2024-06-15 10:52:42;3455;691;5;143,33
2024-06-15 10:52:45;3456;692;1;153,84
2024-06-15 10:52:48;3457;692;2;151,8
2024-06-15 10:52:51;3458;692;3;148,7
2024-06-15 10:52:54;3459;692;4;149,54
2024-06-15 10:52:57;3460;692;5;147,02
2024-06-15 10:53:00;3461;693;1;153,09
2024-06-15 10:53:03;3462;693;2;153,52
2024-06-15 10:53:06;3463;693;3;149,83
2024-06-15 10:53:09;3464;693;4;151,67
2024-06-15 10:53:12;3465;693;5;149,87
2024-06-15 10:53:15;3466;694;1;146,66
2024-06-15 10:53:18;3467;694;2;148,62
2024-06-15 10:53:21;3468;694;3;149,78
2024-06-15 10:53:24;3469;694;4;148,53
2024-06-15 10:53:27;3470;694;5;149,03
2024-06-15 10:53:30;3471;695;1;149,31
2024-06-15 10:53:33;3472;695;2;149,33
2024-06-15 10:53:36;3473;695;3;149,61
2024-06-15 10:53:39;3474;695;4;147,24
2024-06-15 10:53:42;3475;695;5;147,97
2024-06-15 10:53:45;3476;696;1;146,75
2024-06-15 10:53:48;3477;696;2;151,59
2024-06-15 10:53:51;3478;696;3;144,99
2024-06-15 10:53:54;3479;696;4;151,97
2024-06-15 10:53:57;3480;696;5;152,47
2024-06-15 10:54:00;3481;697;1;148,85
2024-06-15 10:54:03;3482;697;2;143,91
2024-06-15 10:54:06;3483;697;3;148,72
2024-06-15 10:54:09;3484;697;4;149,36
2024-06-15 10:54:12;3485;697;5;147,33
2024-06-15 10:54:15;3486;698;1;148,39
2024-06-15 10:54:18;3487;698;2;152,8
2024-06-15 10:54:21;3488;698;3;150,93
2024-06-15 10:54:24;3489;698;4;147,51
2024-06-15 10:54:27;3490;698;5;146,06
2024-06-15 10:54:30;3491;699;1;148,79
2024-06-15 10:54:33;3492;699;2;149,04
2024-06-15 10:54:36;3493;699;3;150,57
2024-06-15 10:54:39;3494;699;4;148,34
2024-06-15 10:54:42;3495;699;5;150,6
2024-06-15 10:54:45;3496;700;1;153,69
2024-06-15 10:54:48;3497;700;2;151,27
2024-06-15 10:54:51;3498;700;3;149,4
2024-06-15 10:54:54;3499;700;4;149,1
2024-06-15 10:54:57;3500;700;5;148,73
2024-06-15 10:55:00;3501;701;1;152,07
2024-06-15 10:55:03;3502;701;2;148,14
2024-06-15 10:55:06;3503;701;3;149,6
2024-06-15 10:55:09;3504;701;4;149,61
2024-06-15 10:55:12;3505;701;5;148,41
2024-06-15 10:55:15;3506;702;1;146,51
2024-06-15 10:55:18;3507;702;2;150,2
2024-06-15 10:55:21;3508;702;3;149,37
2024-06-15 10:55:24;3509;702;4;150,59
2024-06-15 10:55:27;3510;702;5;148,34
2024-06-15 10:55:30;3511;703;1;152,17
2024-06-15 10:55:33;3512;703;2;147,58
2024-06-15 10:55:36;3513;703;3;153,24
2024-06-15 10:55:39;3514;703;4;145,68
2024-06-15 10:55:42;3515;703;5;150,45
2024-06-15 10:55:45;3516;704;1;150,54
2024-06-15 10:55:48;3517;704;2;147,76
2024-06-15 10:55:51;3518;704;3;150,43
2024-06-15 10:55:54;3519;704;4;152,31
2024-06-15 10:55:57;3520;704;5;144,64
2024-06-15 10:56:00;3521;705;1;150,61
2024-06-15 10:56:03;3522;705;2;144,01
2024-06-15 10:56:06;3523;705;3;147,38
2024-06-15 10:56:09;3524;705;4;153,08
2024-06-15 10:56:12;3525;705;5;148,22
2024-06-15 10:56:15;3526;706;1;146,91
2024-06-15 10:56:18;3527;706;2;149,06
2024-06-15 10:56:21;3528;706;3;154,06
2024-06-15 10:56:24;3529;706;4;145,46
2024-06-15 10:56:27;3530;706;5;147,18
2024-06-15 10:56:30;3531;707;1;152,81
2024-06-15 10:56:33;3532;707;2;153,61
2024-06-15 10:56:36;3533;707;3;149,27
2024-06-15 10:56:39;3534;707;4;146,76
2024-06-15 10:56:42;3535;707;5;154,14
2024-06-15 10:56:45;3536;708;1;153,04
2024-06-15 10:56:48;3537;708;2;151,01
2024-06-15 10:56:51;3538;708;3;147,7
2024-06-15 10:56:54;3539;708;4;149,39
2024-06-15 10:56:57;3540;708;5;149,14
2024-06-15 10:57:00;3541;709;1;150,24
2024-06-15 10:57:03;3542;709;2;152,73
2024-06-15 10:57:06;3543;709;3;151,46
2024-06-15 10:57:09;3544;709;4;147,1
2024-06-15 10:57:12;3545;709;5;152,56
2024-06-15 10:57:15;3546;710;1;150,2
2024-06-15 10:57:18;3547;710;2;151,03
2024-06-15 10:57:21;3548;710;3;152,78
2024-06-15 10:57:24;3549;710;4;147,02
2024-06-15 10:57:27;3550;710;5;149,42
2024-06-15 10:57:30;3551;711;1;148,31
2024-06-15 10:57:33;3552;711;2;145,99
2024-06-15 10:57:36;3553;711;3;150,28
2024-06-15 10:57:39;3554;711;4;155,13
2024-06-15 10:57:42;3555;711;5;145,38
2024-06-15 10:57:45;3556;712;1;149,43
2024-06-15 10:57:48;3557;712;2;150,94
2024-06-15 10:57:51;3558;712;3;149,78
2024-06-15 10:57:54;3559;712;4;149,25
2024-06-15 10:57:57;3560;712;5;146,58
2024-06-15 10:58:00;3561;713;1;150,02
2024-06-15 10:58:03;3562;713;2;147,79
2024-06-15 10:58:06;3563;713;3;144,57
2024-06-15 10:58:09;3564;713;4;152,19
2024-06-15 10:58:12;3565;713;5;151,66
2024-06-15 10:58:15;3566;714;1;149,62
2024-06-15 10:58:18;3567;714;2;150,02
2024-06-15 10:58:21;3568;714;3;151,93
2024-06-15 10:58:24;3569;714;4;150,01
2024-06-15 10:58:27;3570;714;5;151,54
2024-06-15 10:58:30;3571;715;1;148,83
2024-06-15 10:58:33;3572;715;2;152,47
2024-06-15 10:58:36;3573;715;3;150,23
2024-06-15 10:58:39;3574;715;4;149,94
2024-06-15 10:58:42;3575;715;5;146,62
2024-06-15 10:58:45;3576;716;1;150,15
2024-06-15 10:58:48;3577;716;2;147,61
2024-06-15 10:58:51;3578;716;3;148,05
2024-06-15 10:58:54;3579;716;4;147,65
2024-06-15 10:58:57;3580;716;5;147,08
2024-06-15 10:59:00;3581;717;1;154,34
2024-06-15 10:59:03;3582;717;2;152,54
2024-06-15 10:59:06;3583;717;3;153,88
2024-06-15 10:59:09;3584;717;4;146,71
2024-06-15 10:59:12;3585;717;5;149,66
2024-06-15 10:59:15;3586;718;1;146,54
2024-06-15 10:59:18;3587;718;2;147,91
2024-06-15 10:59:21;3588;718;3;147,4
2024-06-15 10:59:24;3589;718;4;152,33
2024-06-15 10:59:27;3590;718;5;148,59
2024-06-15 10:59:30;3591;719;1;151,95
2024-06-15 10:59:33;3592;719;2;150,89
2024-06-15 10:59:36;3593;719;3;154,78
2024-06-15 10:59:39;3594;719;4;146,11
2024-06-15 10:59:42;3595;719;5;152,39
2024-06-15 10:59:45;3596;720;1;152,14
2024-06-15 10:59:48;3597;720;2;147,26
2024-06-15 10:59:51;3598;720;3;151,82
2024-06-15 10:59:54;3599;720;4;150,27
2024-06-15 10:59:57;3600;720;5;148,98
2024-06-15 11:00:00;3601;721;1;147,6
2024-06-15 11:00:03;3602;721;2;147,84
2024-06-15 11:00:06;3603;721;3;154,23
2024-06-15 11:00:09;3604;721;4;149,5
2024-06-15 11:00:12;3605;721;5;151,3
2024-06-15 11:00:15;3606;722;1;147,67
2024-06-15 11:00:18;3607;722;2;147,7
2024-06-15 11:00:21;3608;722;3;152,0
2024-06-15 11:00:24;3609;722;4;146,38
2024-06-15 11:00:27;3610;722;5;148,54
2024-06-15 11:00:30;3611;723;1;149,58
2024-06-15 11:00:33;3612;723;2;149,76
2024-06-15 11:00:36;3613;723;3;149,08
2024-06-15 11:00:39;3614;723;4;150,42
2024-06-15 11:00:42;3615;723;5;151,11
2024-06-15 11:00:45;3616;724;1;151,21
2024-06-15 11:00:48;3617;724;2;147,21
2024-06-15 11:00:51;3618;724;3;148,84
2024-06-15 11:00:54;3619;724;4;152,28
2024-06-15 11:00:57;3620;724;5;151,58
2024-06-15 11:01:00;3621;725;1;146,3
2024-06-15 11:01:03;3622;725;2;150,32
2024-06-15 11:01:06;3623;725;3;144,88
2024-06-15 11:01:09;3624;725;4;149,61
2024-06-15 11:01:12;3625;725;5;153,93
2024-06-15 11:01:15;3626;726;1;147,28
2024-06-15 11:01:18;3627;726;2;147,55
2024-06-15 11:01:21;3628;726;3;151,29
2024-06-15 11:01:24;3629;726;4;145,89
2024-06-15 11:01:27;3630;726;5;148,02
2024-06-15 11:01:30;3631;727;1;150,9
2024-06-15 11:01:33;3632;727;2;148,01
2024-06-15 11:01:36;3633;727;3;148,95
2024-06-15 11:01:39;3634;727;4;151,25
2024-06-15 11:01:42;3635;727;5;150,49
2024-06-15 11:01:45;3636;728;1;150,13
2024-06-15 11:01:48;3637;728;2;148,7
2024-06-15 11:01:51;3638;728;3;150,37
2024-06-15 11:01:54;3639;728;4;149,21
2024-06-15 11:01:57;3640;728;5;150,58
2024-06-15 11:02:00;3641;729;1;148,33
2024-06-15 11:02:03;3642;729;2;149,07
2024-06-15 11:02:06;3643;729;3;147,16
2024-06-15 11:02:09;3644;729;4;149,42
2024-06-15 11:02:12;3645;729;5;147,59
2024-06-15 11:02:15;3646;730;1;146,86
2024-06-15 11:02:18;3647;730;2;150,11
2024-06-15 11:02:21;3648;730;3;150,0
2024-06-15 11:02:24;3649;730;4;151,35
2024-06-15 11:02:27;3650;730;5;148,48
2024-06-15 11:02:30;3651;731;1;150,47
2024-06-15 11:02:33;3652;731;2;150,81
2024-06-15 11:02:36;3653;731;3;150,56
2024-06-15 11:02:39;3654;731;4;147,54
2024-06-15 11:02:42;3655;731;5;149,85
2024-06-15 11:02:45;3656;732;1;150,37
2024-06-15 11:02:48;3657;732;2;149,52
2024-06-15 11:02:51;3658;732;3;144,53
2024-06-15 11:02:54;3659;732;4;149,88
2024-06-15 11:02:57;3660;732;5;154,77
2024-06-15 11:03:00;3661;733;1;148,64
2024-06-15 11:03:03;3662;733;2;147,76
2024-06-15 11:03:06;3663;733;3;150,39
2024-06-15 11:03:09;3664;733;4;150,25
2024-06-15 11:03:12;3665;733;5;152,35
2024-06-15 11:03:15;3666;734;1;146,49
2024-06-15 11:03:18;3667;734;2;151,25
2024-06-15 11:03:21;3668;734;3;150,91
2024-06-15 11:03:24;3669;734;4;149,16
2024-06-15 11:03:27;3670;734;5;150,31
2024-06-15 11:03:30;3671;735;1;151,97
2024-06-15 11:03:33;3672;735;2;151,59
2024-06-15 11:03:36;3673;735;3;146,76
2024-06-15 11:03:39;3674;735;4;151,47
2024-06-15 11:03:42;3675;735;5;149,34
2024-06-15 11:03:45;3676;736;1;149,68
2024-06-15 11:03:48;3677;736;2;149,68
2024-06-15 11:03:51;3678;736;3;149,14
2024-06-15 11:03:54;3679;736;4;152,37
2024-06-15 11:03:57;3680;736;5;149,3
2024-06-15 11:04:00;3681;737;1;146,8
2024-06-15 11:04:03;3682;737;2;148,55
2024-06-15 11:04:06;3683;737;3;149,93
2024-06-15 11:04:09;3684;737;4;152,47
2024-06-15 11:04:12;3685;737;5;150,96
2024-06-15 11:04:15;3686;738;1;147,44
2024-06-15 11:04:18;3687;738;2;155,51
2024-06-15 11:04:21;3688;738;3;150,14
2024-06-15 11:04:24;3689;738;4;152,59
2024-06-15 11:04:27;3690;738;5;149,13
2024-06-15 11:04:30;3691;739;1;150,79
2024-06-15 11:04:33;3692;739;2;151,54
2024-06-15 11:04:36;3693;739;3;152,46
2024-06-15 11:04:39;3694;739;4;152,07
2024-06-15 11:04:42;3695;739;5;151,62
2024-06-15 11:04:45;3696;740;1;148,73
2024-06-15 11:04:48;3697;740;2;148,11
2024-06-15 11:04:51;3698;740;3;150,31
2024-06-15 11:04:54;3699;740;4;151,77
2024-06-15 11:04:57;3700;740;5;148,96
2024-06-15 11:05:00;3701;741;1;152,1
2024-06-15 11:05:03;3702;741;2;153,04
2024-06-15 11:05:06;3703;741;3;147,26
2024-06-15 11:05:09;3704;741;4;147,46
2024-06-15 11:05:12;3705;741;5;149,16
2024-06-15 11:05:15;3706;742;1;150,25
2024-06-15 11:05:18;3707;742;2;148,22
2024-06-15 11:05:21;3708;742;3;152,81
2024-06-15 11:05:24;3709;742;4;150,54
2024-06-15 11:05:27;3710;742;5;149,6
2024-06-15 11:05:30;3711;743;1;145,98
2024-06-15 11:05:33;3712;743;2;146,27
2024-06-15 11:05:36;3713;743;3;150,19
2024-06-15 11:05:39;3714;743;4;144,27
2024-06-15 11:05:42;3715;743;5;151,98
2024-06-15 11:05:45;3716;744;1;149,11
2024-06-15 11:05:48;3717;744;2;157,48
2024-06-15 11:05:51;3718;744;3;155,18
2024-06-15 11:05:54;3719;744;4;149,05
2024-06-15 11:05:57;3720;744;5;149,24
2024-06-15 11:06:00;3721;745;1;151,96
2024-06-15 11:06:03;3722;745;2;153,7
2024-06-15 11:06:06;3723;745;3;145,46
2024-06-15 11:06:09;3724;745;4;145,09
2024-06-15 11:06:12;3725;745;5;147,97
2024-06-15 11:06:15;3726;746;1;150,94
2024-06-15 11:06:18;3727;746;2;150,73
2024-06-15 11:06:21;3728;746;3;152,15
2024-06-15 11:06:24;3729;746;4;146,53
2024-06-15 11:06:27;3730;746;5;143,77
2024-06-15 11:06:30;3731;747;1;151,63
2024-06-15 11:06:33;3732;747;2;147,45
2024-06-15 11:06:36;3733;747;3;144,49
2024-06-15 11:06:39;3734;747;4;149,86
2024-06-15 11:06:42;3735;747;5;151,47
2024-06-15 11:06:45;3736;748;1;149,2
2024-06-15 11:06:48;3737;748;2;148,36
2024-06-15 11:06:51;3738;748;3;149,1
2024-06-15 11:06:54;3739;748;4;148,58
2024-06-15 11:06:57;3740;748;5;146,15
2024-06-15 11:07:00;3741;749;1;147,72
2024-06-15 11:07:03;3742;749;2;150,8
2024-06-15 11:07:06;3743;749;3;150,3
2024-06-15 11:07:09;3744;749;4;149,92
2024-06-15 11:07:12;3745;749;5;147,02
2024-06-15 11:07:15;3746;750;1;149,05
2024-06-15 11:07:18;3747;750;2;144,06
2024-06-15 11:07:21;3748;750;3;149,95
2024-06-15 11:07:24;3749;750;4;153,07
2024-06-15 11:07:27;3750;750;5;145,81
2024-06-15 11:07:30;3751;751;1;148,03
2024-06-15 11:07:33;3752;751;2;150,32
2024-06-15 11:07:36;3753;751;3;152,64
2024-06-15 11:07:39;3754;751;4;148,38
2024-06-15 11:07:42;3755;751;5;147,76
2024-06-15 11:07:45;3756;752;1;144,55
2024-06-15 11:07:48;3757;752;2;149,76
2024-06-15 11:07:51;3758;752;3;154,63
2024-06-15 11:07:54;3759;752;4;150,2
2024-06-15 11:07:57;3760;752;5;149,44
2024-06-15 11:08:00;3761;753;1;150,31
2024-06-15 11:08:03;3762;753;2;149,47
2024-06-15 11:08:06;3763;753;3;147,45
2024-06-15 11:08:09;3764;753;4;151,57
2024-06-15 11:08:12;3765;753;5;150,07
2024-06-15 11:08:15;3766;754;1;149,54
2024-06-15 11:08:18;3767;754;2;147,04
2024-06-15 11:08:21;3768;754;3;152,79
2024-06-15 11:08:24;3769;754;4;151,18
2024-06-15 11:08:27;3770;754;5;148,1
2024-06-15 11:08:30;3771;755;1;152,04
2024-06-15 11:08:33;3772;755;2;148,24
2024-06-15 11:08:36;3773;755;3;147,52
2024-06-15 11:08:39;3774;755;4;147,58
2024-06-15 11:08:42;3775;755;5;145,01
2024-06-15 11:08:45;3776;756;1;150,7
2024-06-15 11:08:48;3777;756;2;144,85
2024-06-15 11:08:51;3778;756;3;146,38
2024-06-15 11:08:54;3779;756;4;144,23
2024-06-15 11:08:57;3780;756;5;149,28
2024-06-15 11:09:00;3781;757;1;149,12
2024-06-15 11:09:03;3782;757;2;148,67
2024-06-15 11:09:06;3783;757;3;146,84
2024-06-15 11:09:09;3784;757;4;146,51
2024-06-15 11:09:12;3785;757;5;150,68
2024-06-15 11:09:15;3786;758;1;148,09
2024-06-15 11:09:18;3787;758;2;150,31
2024-06-15 11:09:21;3788;758;3;147,24
2024-06-15 11:09:24;3789;758;4;149,96
2024-06-15 11:09:27;3790;758;5;152,83
2024-06-15 11:09:30;3791;759;1;151,0
2024-06-15 11:09:33;3792;759;2;148,44
2024-06-15 11:09:36;3793;759;3;150,16
2024-06-15 11:09:39;3794;759;4;148,88
2024-06-15 11:09:42;3795;759;5;149,52
2024-06-15 11:09:45;3796;760;1;148,66
2024-06-15 11:09:48;3797;760;2;149,08
2024-06-15 11:09:51;3798;760;3;150,04
2024-06-15 11:09:54;3799;760;4;146,95
2024-06-15 11:09:57;3800;760;5;146,89
2024-06-15 11:10:00;3801;761;1;145,93
2024-06-15 11:10:03;3802;761;2;145,38
2024-06-15 11:10:06;3803;761;3;146,37
2024-06-15 11:10:09;3804;761;4;149,91
2024-06-15 11:10:12;3805;761;5;147,2
2024-06-15 11:10:15;3806;762;1;150,83
2024-06-15 11:10:18;3807;762;2;149,59
2024-06-15 11:10:21;3808;762;3;144,42
2024-06-15 11:10:24;3809;762;4;151,19
2024-06-15 11:10:27;3810;762;5;151,59
2024-06-15 11:10:30;3811;763;1;146,93
2024-06-15 11:10:33;3812;763;2;150,59
2024-06-15 11:10:36;3813;763;3;147,28
2024-06-15 11:10:39;3814;763;4;149,75
2024-06-15 11:10:42;3815;763;5;146,23
2024-06-15 11:10:45;3816;764;1;144,85
2024-06-15 11:10:48;3817;764;2;148,51
2024-06-15 11:10:51;3818;764;3;149,18
2024-06-15 11:10:54;3819;764;4;148,47
2024-06-15 11:10:57;3820;764;5;146,43
2024-06-15 11:11:00;3821;765;1;148,46
2024-06-15 11:11:03;3822;765;2;150,2
2024-06-15 11:11:06;3823;765;3;149,38
2024-06-15 11:11:09;3824;765;4;149,97
2024-06-15 11:11:12;3825;765;5;147,76
2024-06-15 11:11:15;3826;766;1;152,55
2024-06-15 11:11:18;3827;766;2;146,43
2024-06-15 11:11:21;3828;766;3;150,77
2024-06-15 11:11:24;3829;766;4;152,58
2024-06-15 11:11:27;3830;766;5;150,75
2024-06-15 11:11:30;3831;767;1;148,97
2024-06-15 11:11:33;3832;767;2;148,12
2024-06-15 11:11:36;3833;767;3;152,21
2024-06-15 11:11:39;3834;767;4;145,78
2024-06-15 11:11:42;3835;767;5;146,96
2024-06-15 11:11:45;3836;768;1;148,46
2024-06-15 11:11:48;3837;768;2;152,74
2024-06-15 11:11:51;3838;768;3;150,49
2024-06-15 11:11:54;3839;768;4;146,96
2024-06-15 11:11:57;3840;768;5;148,69
2024-06-15 11:12:00;3841;769;1;147,89
2024-06-15 11:12:03;3842;769;2;147,64
2024-06-15 11:12:06;3843;769;3;152,07
2024-06-15 11:12:09;3844;769;4;145,9
2024-06-15 11:12:12;3845;769;5;153,73
2024-06-15 11:12:15;3846;770;1;151,68
2024-06-15 11:12:18;3847;770;2;152,37
2024-06-15 11:12:21;3848;770;3;148,28
2024-06-15 11:12:24;3849;770;4;149,11
2024-06-15 11:12:27;3850;770;5;145,73
2024-06-15 11:12:30;3851;771;1;148,11
2024-06-15 11:12:33;3852;771;2;150,8
2024-06-15 11:12:36;3853;771;3;152,92
2024-06-15 11:12:39;3854;771;4;146,58
2024-06-15 11:12:42;3855;771;5;148,54
2024-06-15 11:12:45;3856;772;1;149,1
2024-06-15 11:12:48;3857;772;2;145,81
2024-06-15 11:12:51;3858;772;3;151,07
2024-06-15 11:12:54;3859;772;4;147,58
2024-06-15 11:12:57;3860;772;5;148,98
2024-06-15 11:13:00;3861;773;1;148,3
2024-06-15 11:13:03;3862;773;2;147,41
2024-06-15 11:13:06;3863;773;3;149,48
2024-06-15 11:13:09;3864;773;4;148,93
2024-06-15 11:13:12;3865;773;5;148,51
2024-06-15 11:13:15;3866;774;1;147,56
2024-06-15 11:13:18;3867;774;2;150,35
2024-06-15 11:13:21;3868;774;3;153,9
2024-06-15 11:13:24;3869;774;4;149,87
2024-06-15 11:13:27;3870;774;5;152,15
2024-06-15 11:13:30;3871;775;1;145,79
2024-06-15 11:13:33;3872;775;2;149,92
2024-06-15 11:13:36;3873;775;3;146,57
2024-06-15 11:13:39;3874;775;4;145,56
2024-06-15 11:13:42;3875;775;5;147,53
2024-06-15 11:13:45;3876;776;1;152,69
2024-06-15 11:13:48;3877;776;2;152,04
2024-06-15 11:13:51;3878;776;3;150,15
2024-06-15 11:13:54;3879;776;4;145,4
2024-06-15 11:13:57;3880;776;5;148,98
2024-06-15 11:14:00;3881;777;1;150,31
2024-06-15 11:14:03;3882;777;2;149,97
2024-06-15 11:14:06;3883;777;3;144,56
2024-06-15 11:14:09;3884;777;4;147,11
2024-06-15 11:14:12;3885;777;5;149,33
2024-06-15 11:14:15;3886;778;1;150,94
2024-06-15 11:14:18;3887;778;2;143,6
2024-06-15 11:14:21;3888;778;3;149,06
2024-06-15 11:14:24;3889;778;4;149,88
2024-06-15 11:14:27;3890;778;5;151,78
2024-06-15 11:14:30;3891;779;1;151,37
2024-06-15 11:14:33;3892;779;2;151,07
2024-06-15 11:14:36;3893;779;3;147,35
2024-06-15 11:14:39;3894;779;4;144,36
2024-06-15 11:14:42;3895;779;5;148,44
2024-06-15 11:14:45;3896;780;1;152,2
2024-06-15 11:14:48;3897;780;2;153,26
2024-06-15 11:14:51;3898;780;3;151,42
2024-06-15 11:14:54;3899;780;4;150,66
2024-06-15 11:14:57;3900;780;5;150,53
2024-06-15 11:15:00;3901;781;1;147,99
2024-06-15 11:15:03;3902;781;2;149,15
2024-06-15 11:15:06;3903;781;3;154,02
2024-06-15 11:15:09;3904;781;4;146,95
2024-06-15 11:15:12;3905;781;5;153,87
2024-06-15 11:15:15;3906;782;1;148,63
2024-06-15 11:15:18;3907;782;2;153,1
2024-06-15 11:15:21;3908;782;3;145,68
2024-06-15 11:15:24;3909;782;4;151,09
2024-06-15 11:15:27;3910;782;5;147,5
2024-06-15 11:15:30;3911;783;1;145,65
2024-06-15 11:15:33;3912;783;2;150,09
2024-06-15 11:15:36;3913;783;3;152,25
2024-06-15 11:15:39;3914;783;4;147,2
2024-06-15 11:15:42;3915;783;5;145,42
2024-06-15 11:15:45;3916;784;1;149,25
2024-06-15 11:15:48;3917;784;2;149,26
2024-06-15 11:15:51;3918;784;3;151,0
2024-06-15 11:15:54;3919;784;4;152,09
2024-06-15 11:15:57;3920;784;5;149,34
2024-06-15 11:16:00;3921;785;1;154,57
2024-06-15 11:16:03;3922;785;2;150,11
2024-06-15 11:16:06;3923;785;3;148,55
2024-06-15 11:16:09;3924;785;4;145,1
2024-06-15 11:16:12;3925;785;5;148,78
2024-06-15 11:16:15;3926;786;1;148,58
2024-06-15 11:16:18;3927;786;2;152,13
2024-06-15 11:16:21;3928;786;3;150,77
2024-06-15 11:16:24;3929;786;4;146,27
2024-06-15 11:16:27;3930;786;5;149,97
2024-06-15 11:16:30;3931;787;1;151,34
2024-06-15 11:16:33;3932;787;2;153,7
2024-06-15 11:16:36;3933;787;3;151,94
2024-06-15 11:16:39;3934;787;4;151,59
2024-06-15 11:16:42;3935;787;5;149,67
2024-06-15 11:16:45;3936;788;1;150,57
2024-06-15 11:16:48;3937;788;2;152,94
2024-06-15 11:16:51;3938;788;3;145,83
2024-06-15 11:16:54;3939;788;4;148,54
2024-06-15 11:16:57;3940;788;5;147,37
2024-06-15 11:17:00;3941;789;1;150,55
2024-06-15 11:17:03;3942;789;2;152,9
2024-06-15 11:17:06;3943;789;3;147,85
2024-06-15 11:17:09;3944;789;4;142,9
2024-06-15 11:17:12;3945;789;5;148,36
2024-06-15 11:17:15;3946;790;1;152,03
2024-06-15 11:17:18;3947;790;2;150,99
2024-06-15 11:17:21;3948;790;3;150,68
2024-06-15 11:17:24;3949;790;4;148,73
2024-06-15 11:17:27;3950;790;5;145,96
2024-06-15 11:17:30;3951;791;1;150,93
2024-06-15 11:17:33;3952;791;2;147,19
2024-06-15 11:17:36;3953;791;3;155,56
2024-06-15 11:17:39;3954;791;4;151,08
2024-06-15 11:17:42;3955;791;5;147,89
2024-06-15 11:17:45;3956;792;1;147,8
2024-06-15 11:17:48;3957;792;2;149,24
2024-06-15 11:17:51;3958;792;3;148,83
2024-06-15 11:17:54;3959;792;4;152,6
2024-06-15 11:17:57;3960;792;5;150,02
2024-06-15 11:18:00;3961;793;1;147,46
2024-06-15 11:18:03;3962;793;2;154,77
2024-06-15 11:18:06;3963;793;3;149,64
2024-06-15 11:18:09;3964;793;4;151,64
2024-06-15 11:18:12;3965;793;5;147,81
2024-06-15 11:18:15;3966;794;1;150,51
2024-06-15 11:18:18;3967;794;2;150,37
2024-06-15 11:18:21;3968;794;3;144,22
2024-06-15 11:18:24;3969;794;4;155,13
2024-06-15 11:18:27;3970;794;5;153,11
2024-06-15 11:18:30;3971;795;1;148,39
2024-06-15 11:18:33;3972;795;2;146,41
2024-06-15 11:18:36;3973;795;3;150,47
2024-06-15 11:18:39;3974;795;4;149,74
2024-06-15 11:18:42;3975;795;5;150,5
2024-06-15 11:18:45;3976;796;1;150,04
2024-06-15 11:18:48;3977;796;2;150,92
2024-06-15 11:18:51;3978;796;3;153,56
2024-06-15 11:18:54;3979;796;4;151,09
2024-06-15 11:18:57;3980;796;5;146,55
2024-06-15 11:19:00;3981;797;1;153,33
2024-06-15 11:19:03;3982;797;2;154,12
2024-06-15 11:19:06;3983;797;3;158,37
2024-06-15 11:19:09;3984;797;4;146,34
2024-06-15 11:19:12;3985;797;5;150,18
2024-06-15 11:19:15;3986;798;1;143,63
2024-06-15 11:19:18;3987;798;2;151,06
2024-06-15 11:19:21;3988;798;3;147,95
2024-06-15 11:19:24;3989;798;4;154,92
2024-06-15 11:19:27;3990;798;5;147,32
2024-06-15 11:19:30;3991;799;1;144,73
2024-06-15 11:19:33;3992;799;2;148,17
2024-06-15 11:19:36;3993;799;3;143,92
2024-06-15 11:19:39;3994;799;4;151,62
2024-06-15 11:19:42;3995;799;5;143,66
2024-06-15 11:19:45;3996;800;1;149,58
2024-06-15 11:19:48;3997;800;2;143,61
2024-06-15 11:19:51;3998;800;3;148,59
2024-06-15 11:19:54;3999;800;4;154,16
2024-06-15 11:19:57;4000;800;5;150,52
2024-06-15 11:20:00;4001;801;1;147,05
2024-06-15 11:20:03;4002;801;2;149,41
2024-06-15 11:20:06;4003;801;3;149,55
2024-06-15 11:20:09;4004;801;4;150,84
2024-06-15 11:20:12;4005;801;5;145,62
2024-06-15 11:20:15;4006;802;1;151,19
2024-06-15 11:20:18;4007;802;2;141,8
2024-06-15 11:20:21;4008;802;3;147,71
2024-06-15 11:20:24;4009;802;4;148,11
2024-06-15 11:20:27;4010;802;5;151,3
2024-06-15 11:20:30;4011;803;1;149,56
2024-06-15 11:20:33;4012;803;2;145,49
2024-06-15 11:20:36;4013;803;3;146,69
2024-06-15 11:20:39;4014;803;4;150,07
2024-06-15 11:20:42;4015;803;5;149,27
2024-06-15 11:20:45;4016;804;1;147,84
2024-06-15 11:20:48;4017;804;2;148,12
2024-06-15 11:20:51;4018;804;3;151,49
2024-06-15 11:20:54;4019;804;4;148,02
2024-06-15 11:20:57;4020;804;5;149,25
2024-06-15 11:21:00;4021;805;1;155,72
2024-06-15 11:21:03;4022;805;2;145,42
2024-06-15 11:21:06;4023;805;3;144,19
2024-06-15 11:21:09;4024;805;4;151,75
2024-06-15 11:21:12;4025;805;5;147,55
2024-06-15 11:21:15;4026;806;1;148,59
2024-06-15 11:21:18;4027;806;2;147,26
2024-06-15 11:21:21;4028;806;3;148,75
2024-06-15 11:21:24;4029;806;4;154,09
2024-06-15 11:21:27;4030;806;5;151,8
2024-06-15 11:21:30;4031;807;1;151,98
2024-06-15 11:21:33;4032;807;2;145,42
2024-06-15 11:21:36;4033;807;3;146,18
2024-06-15 11:21:39;4034;807;4;141,32
2024-06-15 11:21:42;4035;807;5;147,17
2024-06-15 11:21:45;4036;808;1;152,26
2024-06-15 11:21:48;4037;808;2;150,99
2024-06-15 11:21:51;4038;808;3;148,86
2024-06-15 11:21:54;4039;808;4;149,44
2024-06-15 11:21:57;4040;808;5;147,51
2024-06-15 11:22:00;4041;809;1;150,09
2024-06-15 11:22:03;4042;809;2;151,72
2024-06-15 11:22:06;4043;809;3;144,82
2024-06-15 11:22:09;4044;809;4;150,37
2024-06-15 11:22:12;4045;809;5;152,2
2024-06-15 11:22:15;4046;810;1;148,3
2024-06-15 11:22:18;4047;810;2;151,53
2024-06-15 11:22:21;4048;810;3;157,66
2024-06-15 11:22:24;4049;810;4;149,2
2024-06-15 11:22:27;4050;810;5;150,64
2024-06-15 11:22:30;4051;811;1;147,35
2024-06-15 11:22:33;4052;811;2;150,03
2024-06-15 11:22:36;4053;811;3;150,84
2024-06-15 11:22:39;4054;811;4;150,07
2024-06-15 11:22:42;4055;811;5;146,54
2024-06-15 11:22:45;4056;812;1;150,1
2024-06-15 11:22:48;4057;812;2;153,76
2024-06-15 11:22:51;4058;812;3;150,81
2024-06-15 11:22:54;4059;812;4;152,3
2024-06-15 11:22:57;4060;812;5;148,81
2024-06-15 11:23:00;4061;813;1;151,69
2024-06-15 11:23:03;4062;813;2;150,32
2024-06-15 11:23:06;4063;813;3;146,72
2024-06-15 11:23:09;4064;813;4;150,43
2024-06-15 11:23:12;4065;813;5;146,6
2024-06-15 11:23:15;4066;814;1;147,65
2024-06-15 11:23:18;4067;814;2;150,05
2024-06-15 11:23:21;4068;814;3;150,37
2024-06-15 11:23:24;4069;814;4;146,02
2024-06-15 11:23:27;4070;814;5;152,58
2024-06-15 11:23:30;4071;815;1;151,18
2024-06-15 11:23:33;4072;815;2;147,43
2024-06-15 11:23:36;4073;815;3;144,99
2024-06-15 11:23:39;4074;815;4;149,07
2024-06-15 11:23:42;4075;815;5;148,19
2024-06-15 11:23:45;4076;816;1;149,83
2024-06-15 11:23:48;4077;816;2;148,43
2024-06-15 11:23:51;4078;816;3;143,6
2024-06-15 11:23:54;4079;816;4;148,36
2024-06-15 11:23:57;4080;816;5;148,6
2024-06-15 11:24:00;4081;817;1;151,37
2024-06-15 11:24:03;4082;817;2;147,44
2024-06-15 11:24:06;4083;817;3;154,45
2024-06-15 11:24:09;4084;817;4;143,87
2024-06-15 11:24:12;4085;817;5;153,36
2024-06-15 11:24:15;4086;818;1;148,84
2024-06-15 11:24:18;4087;818;2;152,04
2024-06-15 11:24:21;4088;818;3;149,74
2024-06-15 11:24:24;4089;818;4;152,87
2024-06-15 11:24:27;4090;818;5;148,36
2024-06-15 11:24:30;4091;819;1;146,25
2024-06-15 11:24:33;4092;819;2;153,7
2024-06-15 11:24:36;4093;819;3;149,16
2024-06-15 11:24:39;4094;819;4;150,16
2024-06-15 11:24:42;4095;819;5;153,15
2024-06-15 11:24:45;4096;820;1;146,44
2024-06-15 11:24:48;4097;820;2;151,27
2024-06-15 11:24:51;4098;820;3;147,75
2024-06-15 11:24:54;4099;820;4;149,11
2024-06-15 11:24:57;4100;820;5;149,71
2024-06-15 11:25:00;4101;821;1;145,04
2024-06-15 11:25:03;4102;821;2;147,18
2024-06-15 11:25:06;4103;821;3;153,52
2024-06-15 11:25:09;4104;821;4;152,13
2024-06-15 11:25:12;4105;821;5;149,31
2024-06-15 11:25:15;4106;822;1;150,22
2024-06-15 11:25:18;4107;822;2;148,62
2024-06-15 11:25:21;4108;822;3;153,54
2024-06-15 11:25:24;4109;822;4;148,9
2024-06-15 11:25:27;4110;822;5;150,19
2024-06-15 11:25:30;4111;823;1;152,92
2024-06-15 11:25:33;4112;823;2;147,18
2024-06-15 11:25:36;4113;823;3;154,16
2024-06-15 11:25:39;4114;823;4;144,93
2024-06-15 11:25:42;4115;823;5;154,37
2024-06-15 11:25:45;4116;824;1;148,38
2024-06-15 11:25:48;4117;824;2;148,77
2024-06-15 11:25:51;4118;824;3;143,84
2024-06-15 11:25:54;4119;824;4;148,14
2024-06-15 11:25:57;4120;824;5;146,39
2024-06-15 11:26:00;4121;825;1;147,68
2024-06-15 11:26:03;4122;825;2;149,09
2024-06-15 11:26:06;4123;825;3;152,37
2024-06-15 11:26:09;4124;825;4;150,12
2024-06-15 11:26:12;4125;825;5;150,42
2024-06-15 11:26:15;4126;826;1;146,21
2024-06-15 11:26:18;4127;826;2;146,85
2024-06-15 11:26:21;4128;826;3;154,91
2024-06-15 11:26:24;4129;826;4;147,29
2024-06-15 11:26:27;4130;826;5;154,48
2024-06-15 11:26:30;4131;827;1;148,77
2024-06-15 11:26:33;4132;827;2;149,51
2024-06-15 11:26:36;4133;827;3;152,73
2024-06-15 11:26:39;4134;827;4;153,33
2024-06-15 11:26:42;4135;827;5;149,17
2024-06-15 11:26:45;4136;828;1;148,33
2024-06-15 11:26:48;4137;828;2;149,33
2024-06-15 11:26:51;4138;828;3;150,52
2024-06-15 11:26:54;4139;828;4;152,19
2024-06-15 11:26:57;4140;828;5;149,51
2024-06-15 11:27:00;4141;829;1;151,37
2024-06-15 11:27:03;4142;829;2;154,46
2024-06-15 11:27:06;4143;829;3;150,65
2024-06-15 11:27:09;4144;829;4;150,44
2024-06-15 11:27:12;4145;829;5;144,9
2024-06-15 11:27:15;4146;830;1;141,52
2024-06-15 11:27:18;4147;830;2;150,68
2024-06-15 11:27:21;4148;830;3;149,21
2024-06-15 11:27:24;4149;830;4;147,94
2024-06-15 11:27:27;4150;830;5;150,24
2024-06-15 11:27:30;4151;831;1;149,32
2024-06-15 11:27:33;4152;831;2;152,93
2024-06-15 11:27:36;4153;831;3;149,76
2024-06-15 11:27:39;4154;831;4;147,23
2024-06-15 11:27:42;4155;831;5;152,51
2024-06-15 11:27:45;4156;832;1;148,84
2024-06-15 11:27:48;4157;832;2;151,1
2024-06-15 11:27:51;4158;832;3;148,05
2024-06-15 11:27:54;4159;832;4;147,52
2024-06-15 11:27:57;4160;832;5;149,76
2024-06-15 11:28:00;4161;833;1;149,54
2024-06-15 11:28:03;4162;833;2;150,97
2024-06-15 11:28:06;4163;833;3;148,68
2024-06-15 11:28:09;4164;833;4;143,89
2024-06-15 11:28:12;4165;833;5;148,18
2024-06-15 11:28:15;4166;834;1;151,93
2024-06-15 11:28:18;4167;834;2;148,59
2024-06-15 11:28:21;4168;834;3;148,75
2024-06-15 11:28:24;4169;834;4;152,52
2024-06-15 11:28:27;4170;834;5;147,32
2024-06-15 11:28:30;4171;835;1;144,77
2024-06-15 11:28:33;4172;835;2;149,01
2024-06-15 11:28:36;4173;835;3;148,02
2024-06-15 11:28:39;4174;835;4;146,54
2024-06-15 11:28:42;4175;835;5;148,96
2024-06-15 11:28:45;4176;836;1;151,01
2024-06-15 11:28:48;4177;836;2;149,47
2024-06-15 11:28:51;4178;836;3;150,44
2024-06-15 11:28:54;4179;836;4;155,07
2024-06-15 11:28:57;4180;836;5;148,45
2024-06-15 11:29:00;4181;837;1;150,36
2024-06-15 11:29:03;4182;837;2;147,93
2024-06-15 11:29:06;4183;837;3;146,89
2024-06-15 11:29:09;4184;837;4;147,7
2024-06-15 11:29:12;4185;837;5;148,03
2024-06-15 11:29:15;4186;838;1;150,61
2024-06-15 11:29:18;4187;838;2;156,75
2024-06-15 11:29:21;4188;838;3;147,29
2024-06-15 11:29:24;4189;838;4;148,21
2024-06-15 11:29:27;4190;838;5;149,31
2024-06-15 11:29:30;4191;839;1;150,72
2024-06-15 11:29:33;4192;839;2;150,32
2024-06-15 11:29:36;4193;839;3;153,47
2024-06-15 11:29:39;4194;839;4;141,99
2024-06-15 11:29:42;4195;839;5;142,12
2024-06-15 11:29:45;4196;840;1;147,96
2024-06-15 11:29:48;4197;840;2;152,9
2024-06-15 11:29:51;4198;840;3;144,65
2024-06-15 11:29:54;4199;840;4;140,18
2024-06-15 11:29:57;4200;840;5;151,27
2024-06-15 11:30:00;4201;841;1;150,26
2024-06-15 11:30:03;4202;841;2;146,11
2024-06-15 11:30:06;4203;841;3;146,44
2024-06-15 11:30:09;4204;841;4;146,49
2024-06-15 11:30:12;4205;841;5;149,84
2024-06-15 11:30:15;4206;842;1;147,55
2024-06-15 11:30:18;4207;842;2;151,04
2024-06-15 11:30:21;4208;842;3;140,61
2024-06-15 11:30:24;4209;842;4;146,83
2024-06-15 11:30:27;4210;842;5;145,99
2024-06-15 11:30:30;4211;843;1;148,7
2024-06-15 11:30:33;4212;843;2;147,82
2024-06-15 11:30:36;4213;843;3;151,99
2024-06-15 11:30:39;4214;843;4;143,7
2024-06-15 11:30:42;4215;843;5;149,64
2024-06-15 11:30:45;4216;844;1;151,25
2024-06-15 11:30:48;4217;844;2;155,31
2024-06-15 11:30:51;4218;844;3;147,99
2024-06-15 11:30:54;4219;844;4;150,51
2024-06-15 11:30:57;4220;844;5;143,86
2024-06-15 11:31:00;4221;845;1;142,01
2024-06-15 11:31:03;4222;845;2;152,15
2024-06-15 11:31:06;4223;845;3;149,48
2024-06-15 11:31:09;4224;845;4;153,19
2024-06-15 11:31:12;4225;845;5;145,2
2024-06-15 11:31:15;4226;846;1;151,13
2024-06-15 11:31:18;4227;846;2;155,37
2024-06-15 11:31:21;4228;846;3;150,82
2024-06-15 11:31:24;4229;846;4;150,37
2024-06-15 11:31:27;4230;846;5;149,53
2024-06-15 11:31:30;4231;847;1;144,56
2024-06-15 11:31:33;4232;847;2;153,77
2024-06-15 11:31:36;4233;847;3;147,58
2024-06-15 11:31:39;4234;847;4;151,09
2024-06-15 11:31:42;4235;847;5;144,58
2024-06-15 11:31:45;4236;848;1;145,78
2024-06-15 11:31:48;4237;848;2;154,03
2024-06-15 11:31:51;4238;848;3;148,4
2024-06-15 11:31:54;4239;848;4;154,08
2024-06-15 11:31:57;4240;848;5;149,25
2024-06-15 11:32:00;4241;849;1;143,68
2024-06-15 11:32:03;4242;849;2;152,32
2024-06-15 11:32:06;4243;849;3;147,64
2024-06-15 11:32:09;4244;849;4;151,71
2024-06-15 11:32:12;4245;849;5;149,58
2024-06-15 11:32:15;4246;850;1;144,61
2024-06-15 11:32:18;4247;850;2;150,02
2024-06-15 11:32:21;4248;850;3;156,45
2024-06-15 11:32:24;4249;850;4;151,06
2024-06-15 11:32:27;4250;850;5;149,32
2024-06-15 11:32:30;4251;851;1;152,91
2024-06-15 11:32:33;4252;851;2;150,17
2024-06-15 11:32:36;4253;851;3;150,16
2024-06-15 11:32:39;4254;851;4;146,04
2024-06-15 11:32:42;4255;851;5;150,24
2024-06-15 11:32:45;4256;852;1;152,79
2024-06-15 11:32:48;4257;852;2;146,84
2024-06-15 11:32:51;4258;852;3;154,03
2024-06-15 11:32:54;4259;852;4;149,21
2024-06-15 11:32:57;4260;852;5;146,68
2024-06-15 11:33:00;4261;853;1;152,68
2024-06-15 11:33:03;4262;853;2;148,59
2024-06-15 11:33:06;4263;853;3;151,92
2024-06-15 11:33:09;4264;853;4;148,57
2024-06-15 11:33:12;4265;853;5;149,31
2024-06-15 11:33:15;4266;854;1;151,08
2024-06-15 11:33:18;4267;854;2;150,43
2024-06-15 11:33:21;4268;854;3;143,13
2024-06-15 11:33:24;4269;854;4;145,92
2024-06-15 11:33:27;4270;854;5;152,47
2024-06-15 11:33:30;4271;855;1;149,08
2024-06-15 11:33:33;4272;855;2;147,82
2024-06-15 11:33:36;4273;855;3;145,15
2024-06-15 11:33:39;4274;855;4;146,04
2024-06-15 11:33:42;4275;855;5;143,03
2024-06-15 11:33:45;4276;856;1;149,18
2024-06-15 11:33:48;4277;856;2;147,58
2024-06-15 11:33:51;4278;856;3;146,4
2024-06-15 11:33:54;4279;856;4;149,28
2024-06-15 11:33:57;4280;856;5;150,67
2024-06-15 11:34:00;4281;857;1;156,23
2024-06-15 11:34:03;4282;857;2;144,64
2024-06-15 11:34:06;4283;857;3;153,23
2024-06-15 11:34:09;4284;857;4;152,63
2024-06-15 11:34:12;4285;857;5;147,0
2024-06-15 11:34:15;4286;858;1;150,15
2024-06-15 11:34:18;4287;858;2;148,03
2024-06-15 11:34:21;4288;858;3;150,1
2024-06-15 11:34:24;4289;858;4;154,36
2024-06-15 11:34:27;4290;858;5;151,45
2024-06-15 11:34:30;4291;859;1;151,14
2024-06-15 11:34:33;4292;859;2;148,11
2024-06-15 11:34:36;4293;859;3;144,71
2024-06-15 11:34:39;4294;859;4;148,83
2024-06-15 11:34:42;4295;859;5;153,39
2024-06-15 11:34:45;4296;860;1;144,56
2024-06-15 11:34:48;4297;860;2;146,09
2024-06-15 11:34:51;4298;860;3;149,91
2024-06-15 11:34:54;4299;860;4;146,32
2024-06-15 11:34:57;4300;860;5;146,94
2024-06-15 11:35:00;4301;861;1;148,13
2024-06-15 11:35:03;4302;861;2;145,08
2024-06-15 11:35:06;4303;861;3;146,34
2024-06-15 11:35:09;4304;861;4;151,78
2024-06-15 11:35:12;4305;861;5;145,26
2024-06-15 11:35:15;4306;862;1;144,31
2024-06-15 11:35:18;4307;862;2;147,45
2024-06-15 11:35:21;4308;862;3;151,88
2024-06-15 11:35:24;4309;862;4;148,86
2024-06-15 11:35:27;4310;862;5;147,99
2024-06-15 11:35:30;4311;863;1;149,64
2024-06-15 11:35:33;4312;863;2;143,82
2024-06-15 11:35:36;4313;863;3;151,11
2024-06-15 11:35:39;4314;863;4;150,75
2024-06-15 11:35:42;4315;863;5;148,17
2024-06-15 11:35:45;4316;864;1;152,78
2024-06-15 11:35:48;4317;864;2;145,82
2024-06-15 11:35:51;4318;864;3;153,18
2024-06-15 11:35:54;4319;864;4;150,0
2024-06-15 11:35:57;4320;864;5;148,4
2024-06-15 11:36:00;4321;865;1;149,44
2024-06-15 11:36:03;4322;865;2;149,15
2024-06-15 11:36:06;4323;865;3;153,49
2024-06-15 11:36:09;4324;865;4;145,98
2024-06-15 11:36:12;4325;865;5;147,01
2024-06-15 11:36:15;4326;866;1;152,89
2024-06-15 11:36:18;4327;866;2;147,55
2024-06-15 11:36:21;4328;866;3;152,45
2024-06-15 11:36:24;4329;866;4;155,06
2024-06-15 11:36:27;4330;866;5;148,18
2024-06-15 11:36:30;4331;867;1;151,73
2024-06-15 11:36:33;4332;867;2;145,72
2024-06-15 11:36:36;4333;867;3;151,98
2024-06-15 11:36:39;4334;867;4;150,15
2024-06-15 11:36:42;4335;867;5;151,05
2024-06-15 11:36:45;4336;868;1;147,38
2024-06-15 11:36:48;4337;868;2;144,04
2024-06-15 11:36:51;4338;868;3;151,15
2024-06-15 11:36:54;4339;868;4;142,72
2024-06-15 11:36:57;4340;868;5;148,46
2024-06-15 11:37:00;4341;869;1;152,6
2024-06-15 11:37:03;4342;869;2;150,13
2024-06-15 11:37:06;4343;869;3;155,92
2024-06-15 11:37:09;4344;869;4;152,88
2024-06-15 11:37:12;4345;869;5;147,35
2024-06-15 11:37:15;4346;870;1;149,59
2024-06-15 11:37:18;4347;870;2;149,34
2024-06-15 11:37:21;4348;870;3;144,28
2024-06-15 11:37:24;4349;870;4;146,4
2024-06-15 11:37:27;4350;870;5;147,65
2024-06-15 11:37:30;4351;871;1;142,77
2024-06-15 11:37:33;4352;871;2;149,66
2024-06-15 11:37:36;4353;871;3;148,68
2024-06-15 11:37:39;4354;871;4;143,97
2024-06-15 11:37:42;4355;871;5;150,84
2024-06-15 11:37:45;4356;872;1;151,87
2024-06-15 11:37:48;4357;872;2;150,25
2024-06-15 11:37:51;4358;872;3;148,43
2024-06-15 11:37:54;4359;872;4;151,46
2024-06-15 11:37:57;4360;872;5;151,75
2024-06-15 11:38:00;4361;873;1;150,52
2024-06-15 11:38:03;4362;873;2;146,76
2024-06-15 11:38:06;4363;873;3;150,42
2024-06-15 11:38:09;4364;873;4;153,47
2024-06-15 11:38:12;4365;873;5;147,52
2024-06-15 11:38:15;4366;874;1;156,48
2024-06-15 11:38:18;4367;874;2;147,75
2024-06-15 11:38:21;4368;874;3;149,61
2024-06-15 11:38:24;4369;874;4;147,26
2024-06-15 11:38:27;4370;874;5;150,24
2024-06-15 11:38:30;4371;875;1;143,69
2024-06-15 11:38:33;4372;875;2;147,68
2024-06-15 11:38:36;4373;875;3;145,86
2024-06-15 11:38:39;4374;875;4;149,95
2024-06-15 11:38:42;4375;875;5;152,81
2024-06-15 11:38:45;4376;876;1;151,66
2024-06-15 11:38:48;4377;876;2;141,58
2024-06-15 11:38:51;4378;876;3;156,32
2024-06-15 11:38:54;4379;876;4;150,49
2024-06-15 11:38:57;4380;876;5;146,91
2024-06-15 11:39:00;4381;877;1;150,03
2024-06-15 11:39:03;4382;877;2;150,09
2024-06-15 11:39:06;4383;877;3;147,27
2024-06-15 11:39:09;4384;877;4;150,16
2024-06-15 11:39:12;4385;877;5;147,47
2024-06-15 11:39:15;4386;878;1;148,14
2024-06-15 11:39:18;4387;878;2;147,2
2024-06-15 11:39:21;4388;878;3;144,7
2024-06-15 11:39:24;4389;878;4;149,99
2024-06-15 11:39:27;4390;878;5;151,46
2024-06-15 11:39:30;4391;879;1;151,23
2024-06-15 11:39:33;4392;879;2;152,25
2024-06-15 11:39:36;4393;879;3;150,59
2024-06-15 11:39:39;4394;879;4;147,71
2024-06-15 11:39:42;4395;879;5;152,32
2024-06-15 11:39:45;4396;880;1;144,93
2024-06-15 11:39:48;4397;880;2;146,47
2024-06-15 11:39:51;4398;880;3;146,25
2024-06-15 11:39:54;4399;880;4;153,14
2024-06-15 11:39:57;4400;880;5;152,67
2024-06-15 11:40:00;4401;881;1;151,14
2024-06-15 11:40:03;4402;881;2;153,12
2024-06-15 11:40:06;4403;881;3;146,53
2024-06-15 11:40:09;4404;881;4;150,68
2024-06-15 11:40:12;4405;881;5;149,08
2024-06-15 11:40:15;4406;882;1;152,36
2024-06-15 11:40:18;4407;882;2;149,11
2024-06-15 11:40:21;4408;882;3;148,2
2024-06-15 11:40:24;4409;882;4;151,33
2024-06-15 11:40:27;4410;882;5;152,46
2024-06-15 11:40:30;4411;883;1;147,24
2024-06-15 11:40:33;4412;883;2;149,29
2024-06-15 11:40:36;4413;883;3;145,92
2024-06-15 11:40:39;4414;883;4;141,04
2024-06-15 11:40:42;4415;883;5;150,18
2024-06-15 11:40:45;4416;884;1;151,57
2024-06-15 11:40:48;4417;884;2;150,39
2024-06-15 11:40:51;4418;884;3;142,88
2024-06-15 11:40:54;4419;884;4;148,31
2024-06-15 11:40:57;4420;884;5;141,97
2024-06-15 11:41:00;4421;885;1;154,16
2024-06-15 11:41:03;4422;885;2;145,81
2024-06-15 11:41:06;4423;885;3;153,77
2024-06-15 11:41:09;4424;885;4;152,72
2024-06-15 11:41:12;4425;885;5;146,44
2024-06-15 11:41:15;4426;886;1;145,64
2024-06-15 11:41:18;4427;886;2;150,69
2024-06-15 11:41:21;4428;886;3;146,62
2024-06-15 11:41:24;4429;886;4;149,85
2024-06-15 11:41:27;4430;886;5;147,86
2024-06-15 11:41:30;4431;887;1;143,42
2024-06-15 11:41:33;4432;887;2;141,89
2024-06-15 11:41:36;4433;887;3;150,27
2024-06-15 11:41:39;4434;887;4;147,58
2024-06-15 11:41:42;4435;887;5;147,61
2024-06-15 11:41:45;4436;888;1;151,88
2024-06-15 11:41:48;4437;888;2;153,51
2024-06-15 11:41:51;4438;888;3;148,57
2024-06-15 11:41:54;4439;888;4;148,34
2024-06-15 11:41:57;4440;888;5;151,21
2024-06-15 11:42:00;4441;889;1;144,85
2024-06-15 11:42:03;4442;889;2;150,26
2024-06-15 11:42:06;4443;889;3;151,39
2024-06-15 11:42:09;4444;889;4;151,83
2024-06-15 11:42:12;4445;889;5;142,86
2024-06-15 11:42:15;4446;890;1;146,89
2024-06-15 11:42:18;4447;890;2;146,48
2024-06-15 11:42:21;4448;890;3;149,84
2024-06-15 11:42:24;4449;890;4;151,15
2024-06-15 11:42:27;4450;890;5;154,64
2024-06-15 11:42:30;4451;891;1;147,8
2024-06-15 11:42:33;4452;891;2;147,79
2024-06-15 11:42:36;4453;891;3;153,45
2024-06-15 11:42:39;4454;891;4;150,52
2024-06-15 11:42:42;4455;891;5;153,86
2024-06-15 11:42:45;4456;892;1;150,5
2024-06-15 11:42:48;4457;892;2;145,51
2024-06-15 11:42:51;4458;892;3;144,91
2024-06-15 11:42:54;4459;892;4;144,15
2024-06-15 11:42:57;4460;892;5;151,78
2024-06-15 11:43:00;4461;893;1;153,6
2024-06-15 11:43:03;4462;893;2;155,89
2024-06-15 11:43:06;4463;893;3;152,41
2024-06-15 11:43:09;4464;893;4;153,52
2024-06-15 11:43:12;4465;893;5;147,5
2024-06-15 11:43:15;4466;894;1;145,5
2024-06-15 11:43:18;4467;894;2;152,44
2024-06-15 11:43:21;4468;894;3;150,95
2024-06-15 11:43:24;4469;894;4;149,87
2024-06-15 11:43:27;4470;894;5;150,84
2024-06-15 11:43:30;4471;895;1;150,62
2024-06-15 11:43:33;4472;895;2;153,95
2024-06-15 11:43:36;4473;895;3;153,99
2024-06-15 11:43:39;4474;895;4;151,39
2024-06-15 11:43:42;4475;895;5;152,43
2024-06-15 11:43:45;4476;896;1;151,29
2024-06-15 11:43:48;4477;896;2;147,9
2024-06-15 11:43:51;4478;896;3;152,13
2024-06-15 11:43:54;4479;896;4;144,66
2024-06-15 11:43:57;4480;896;5;153,16
2024-06-15 11:44:00;4481;897;1;145,34
2024-06-15 11:44:03;4482;897;2;150,49
2024-06-15 11:44:06;4483;897;3;146,56
2024-06-15 11:44:09;4484;897;4;151,43
2024-06-15 11:44:12;4485;897;5;149,38
2024-06-15 11:44:15;4486;898;1;143,94
2024-06-15 11:44:18;4487;898;2;150,97
2024-06-15 11:44:21;4488;898;3;147,48
2024-06-15 11:44:24;4489;898;4;152,57
2024-06-15 11:44:27;4490;898;5;149,5
2024-06-15 11:44:30;4491;899;1;150,88
2024-06-15 11:44:33;4492;899;2;146,15
2024-06-15 11:44:36;4493;899;3;147,44
2024-06-15 11:44:39;4494;899;4;147,9
2024-06-15 11:44:42;4495;899;5;152,49
2024-06-15 11:44:45;4496;900;1;155,37
2024-06-15 11:44:48;4497;900;2;146,68
2024-06-15 11:44:51;4498;900;3;153,27
2024-06-15 11:44:54;4499;900;4;141,91
2024-06-15 11:44:57;4500;900;5;145,32
2024-06-15 11:45:00;4501;901;1;150,06
2024-06-15 11:45:03;4502;901;2;149,47
2024-06-15 11:45:06;4503;901;3;149,12
2024-06-15 11:45:09;4504;901;4;152,12
2024-06-15 11:45:12;4505;901;5;151,18
2024-06-15 11:45:15;4506;902;1;152,07
2024-06-15 11:45:18;4507;902;2;152,54
2024-06-15 11:45:21;4508;902;3;151,9
2024-06-15 11:45:24;4509;902;4;152,49
2024-06-15 11:45:27;4510;902;5;151,4
2024-06-15 11:45:30;4511;903;1;149,72
2024-06-15 11:45:33;4512;903;2;153,09
2024-06-15 11:45:36;4513;903;3;150,62
2024-06-15 11:45:39;4514;903;4;150,1
2024-06-15 11:45:42;4515;903;5;151,23
2024-06-15 11:45:45;4516;904;1;150,13
2024-06-15 11:45:48;4517;904;2;150,87
2024-06-15 11:45:51;4518;904;3;152,02
2024-06-15 11:45:54;4519;904;4;152,02
2024-06-15 11:45:57;4520;904;5;150,15
2024-06-15 11:46:00;4521;905;1;150,77
2024-06-15 11:46:03;4522;905;2;153,11
2024-06-15 11:46:06;4523;905;3;152,24
2024-06-15 11:46:09;4524;905;4;154,61
2024-06-15 11:46:12;4525;905;5;153,27
2024-06-15 11:46:15;4526;906;1;153,22
2024-06-15 11:46:18;4527;906;2;149,42
2024-06-15 11:46:21;4528;906;3;152,65
2024-06-15 11:46:24;4529;906;4;151,42
2024-06-15 11:46:27;4530;906;5;150,67
2024-06-15 11:46:30;4531;907;1;151,75
2024-06-15 11:46:33;4532;907;2;152,92
2024-06-15 11:46:36;4533;907;3;152,25
2024-06-15 11:46:39;4534;907;4;150,18
2024-06-15 11:46:42;4535;907;5;152,61
2024-06-15 11:46:45;4536;908;1;150,54
2024-06-15 11:46:48;4537;908;2;151,83
2024-06-15 11:46:51;4538;908;3;151,04
2024-06-15 11:46:54;4539;908;4;151,17
2024-06-15 11:46:57;4540;908;5;152,65
2024-06-15 11:47:00;4541;909;1;149,94
2024-06-15 11:47:03;4542;909;2;154,42
2024-06-15 11:47:06;4543;909;3;148,77
2024-06-15 11:47:09;4544;909;4;150,6
2024-06-15 11:47:12;4545;909;5;152,06
2024-06-15 11:47:15;4546;910;1;152,38
2024-06-15 11:47:18;4547;910;2;151,35
2024-06-15 11:47:21;4548;910;3;151,41
2024-06-15 11:47:24;4549;910;4;152,12
2024-06-15 11:47:27;4550;910;5;151,15
2024-06-15 11:47:30;4551;911;1;153,59
2024-06-15 11:47:33;4552;911;2;152,76
2024-06-15 11:47:36;4553;911;3;152,81
2024-06-15 11:47:39;4554;911;4;150,05
2024-06-15 11:47:42;4555;911;5;151,38
2024-06-15 11:47:45;4556;912;1;151,05
2024-06-15 11:47:48;4557;912;2;149,99
2024-06-15 11:47:51;4558;912;3;152,04
2024-06-15 11:47:54;4559;912;4;150,69
2024-06-15 11:47:57;4560;912;5;152,48
2024-06-15 11:48:00;4561;913;1;149,89
2024-06-15 11:48:03;4562;913;2;154,08
2024-06-15 11:48:06;4563;913;3;150,16
2024-06-15 11:48:09;4564;913;4;151,83
2024-06-15 11:48:12;4565;913;5;152,69
2024-06-15 11:48:15;4566;914;1;150,64
2024-06-15 11:48:18;4567;914;2;152,78
2024-06-15 11:48:21;4568;914;3;149,66
2024-06-15 11:48:24;4569;914;4;153,68
2024-06-15 11:48:27;4570;914;5;151,52
2024-06-15 11:48:30;4571;915;1;150,61
2024-06-15 11:48:33;4572;915;2;151,05
2024-06-15 11:48:36;4573;915;3;152,71
2024-06-15 11:48:39;4574;915;4;150,62
2024-06-15 11:48:42;4575;915;5;150,38
2024-06-15 11:48:45;4576;916;1;151,17
2024-06-15 11:48:48;4577;916;2;149,73
2024-06-15 11:48:51;4578;916;3;154,23
2024-06-15 11:48:54;4579;916;4;150,65
2024-06-15 11:48:57;4580;916;5;152,75
2024-06-15 11:49:00;4581;917;1;151,81
2024-06-15 11:49:03;4582;917;2;150,02
2024-06-15 11:49:06;4583;917;3;151,49
2024-06-15 11:49:09;4584;917;4;152,68
2024-06-15 11:49:12;4585;917;5;151,22
2024-06-15 11:49:15;4586;918;1;153,29
2024-06-15 11:49:18;4587;918;2;153,03
2024-06-15 11:49:21;4588;918;3;152,88
2024-06-15 11:49:24;4589;918;4;150,81
2024-06-15 11:49:27;4590;918;5;149,88
2024-06-15 11:49:30;4591;919;1;150,58
2024-06-15 11:49:33;4592;919;2;151,79
2024-06-15 11:49:36;4593;919;3;152,32
2024-06-15 11:49:39;4594;919;4;148,24
2024-06-15 11:49:42;4595;919;5;151,49
2024-06-15 11:49:45;4596;920;1;151,74
2024-06-15 11:49:48;4597;920;2;151,08
2024-06-15 11:49:51;4598;920;3;153,44
2024-06-15 11:49:54;4599;920;4;152,13
2024-06-15 11:49:57;4600;920;5;153,47
2024-06-15 11:50:00;4601;921;1;151,18
2024-06-15 11:50:03;4602;921;2;152,91
2024-06-15 11:50:06;4603;921;3;153,95
2024-06-15 11:50:09;4604;921;4;153,47
2024-06-15 11:50:12;4605;921;5;149,86
2024-06-15 11:50:15;4606;922;1;151,12
2024-06-15 11:50:18;4607;922;2;150,98
2024-06-15 11:50:21;4608;922;3;152,23
2024-06-15 11:50:24;4609;922;4;152,53
2024-06-15 11:50:27;4610;922;5;150,24
2024-06-15 11:50:30;4611;923;1;151,6
2024-06-15 11:50:33;4612;923;2;148,47
2024-06-15 11:50:36;4613;923;3;153,66
2024-06-15 11:50:39;4614;923;4;150,73
2024-06-15 11:50:42;4615;923;5;151,58
2024-06-15 11:50:45;4616;924;1;151,04
2024-06-15 11:50:48;4617;924;2;153,22
2024-06-15 11:50:51;4618;924;3;147,24
2024-06-15 11:50:54;4619;924;4;151,48
2024-06-15 11:50:57;4620;924;5;151,34
2024-06-15 11:51:00;4621;925;1;150,82
2024-06-15 11:51:03;4622;925;2;154,09
2024-06-15 11:51:06;4623;925;3;150,17
2024-06-15 11:51:09;4624;925;4;152,66
2024-06-15 11:51:12;4625;925;5;152,03
2024-06-15 11:51:15;4626;926;1;153,39
2024-06-15 11:51:18;4627;926;2;150,5
2024-06-15 11:51:21;4628;926;3;150,4
2024-06-15 11:51:24;4629;926;4;153,14
2024-06-15 11:51:27;4630;926;5;152,14
2024-06-15 11:51:30;4631;927;1;149,18
2024-06-15 11:51:33;4632;927;2;150,69
2024-06-15 11:51:36;4633;927;3;152,08
2024-06-15 11:51:39;4634;927;4;152,76
2024-06-15 11:51:42;4635;927;5;150,48
2024-06-15 11:51:45;4636;928;1;147,13
2024-06-15 11:51:48;4637;928;2;152,28
2024-06-15 11:51:51;4638;928;3;149,67
2024-06-15 11:51:54;4639;928;4;148,47
2024-06-15 11:51:57;4640;928;5;147,25
2024-06-15 11:52:00;4641;929;1;152,72
2024-06-15 11:52:03;4642;929;2;151,69
2024-06-15 11:52:06;4643;929;3;151,16
2024-06-15 11:52:09;4644;929;4;153,58
2024-06-15 11:52:12;4645;929;5;152,46
2024-06-15 11:52:15;4646;930;1;153,92
2024-06-15 11:52:18;4647;930;2;149,41
2024-06-15 11:52:21;4648;930;3;151,45
2024-06-15 11:52:24;4649;930;4;149,07
2024-06-15 11:52:27;4650;930;5;151,16
2024-06-15 11:52:30;4651;931;1;151,13
2024-06-15 11:52:33;4652;931;2;152,44
2024-06-15 11:52:36;4653;931;3;151,57
2024-06-15 11:52:39;4654;931;4;152,44
2024-06-15 11:52:42;4655;931;5;152,56
2024-06-15 11:52:45;4656;932;1;154,73
2024-06-15 11:52:48;4657;932;2;151,03
2024-06-15 11:52:51;4658;932;3;150,09
2024-06-15 11:52:54;4659;932;4;151,87
2024-06-15 11:52:57;4660;932;5;150,3
2024-06-15 11:53:00;4661;933;1;153,72
2024-06-15 11:53:03;4662;933;2;151,08
2024-06-15 11:53:06;4663;933;3;150,65
2024-06-15 11:53:09;4664;933;4;150,79
2024-06-15 11:53:12;4665;933;5;152,58
2024-06-15 11:53:15;4666;934;1;151,26
2024-06-15 11:53:18;4667;934;2;150,54
2024-06-15 11:53:21;4668;934;3;154,0
2024-06-15 11:53:24;4669;934;4;150,22
2024-06-15 11:53:27;4670;934;5;151,55
2024-06-15 11:53:30;4671;935;1;152,48
2024-06-15 11:53:33;4672;935;2;149,05
2024-06-15 11:53:36;4673;935;3;152,22
2024-06-15 11:53:39;4674;935;4;149,92
2024-06-15 11:53:42;4675;935;5;152,73
2024-06-15 11:53:45;4676;936;1;150,06
2024-06-15 11:53:48;4677;936;2;152,54
2024-06-15 11:53:51;4678;936;3;153,16
2024-06-15 11:53:54;4679;936;4;152,79
2024-06-15 11:53:57;4680;936;5;151,88
2024-06-15 11:54:00;4681;937;1;151,15
2024-06-15 11:54:03;4682;937;2;150,64
2024-06-15 11:54:06;4683;937;3;153,71
2024-06-15 11:54:09;4684;937;4;150,45
2024-06-15 11:54:12;4685;937;5;149,94
2024-06-15 11:54:15;4686;938;1;152,5
2024-06-15 11:54:18;4687;938;2;150,31
2024-06-15 11:54:21;4688;938;3;150,07
2024-06-15 11:54:24;4689;938;4;149,33
2024-06-15 11:54:27;4690;938;5;150,78
2024-06-15 11:54:30;4691;939;1;151,38
2024-06-15 11:54:33;4692;939;2;151,86
2024-06-15 11:54:36;4693;939;3;152,93
2024-06-15 11:54:39;4694;939;4;152,29
2024-06-15 11:54:42;4695;939;5;151,21
2024-06-15 11:54:45;4696;940;1;151,2
2024-06-15 11:54:48;4697;940;2;152,27
2024-06-15 11:54:51;4698;940;3;153,41
2024-06-15 11:54:54;4699;940;4;151,69
2024-06-15 11:54:57;4700;940;5;150,8
2024-06-15 11:55:00;4701;941;1;150,01
2024-06-15 11:55:03;4702;941;2;149,33
2024-06-15 11:55:06;4703;941;3;152,5
2024-06-15 11:55:09;4704;941;4;152,37
2024-06-15 11:55:12;4705;941;5;152,37
2024-06-15 11:55:15;4706;942;1;151,31
2024-06-15 11:55:18;4707;942;2;153,61
2024-06-15 11:55:21;4708;942;3;150,77
2024-06-15 11:55:24;4709;942;4;152,93
2024-06-15 11:55:27;4710;942;5;151,44
2024-06-15 11:55:30;4711;943;1;150,59
2024-06-15 11:55:33;4712;943;2;152,39
2024-06-15 11:55:36;4713;943;3;152,11
2024-06-15 11:55:39;4714;943;4;152,04
2024-06-15 11:55:42;4715;943;5;151,62
2024-06-15 11:55:45;4716;944;1;151,44
2024-06-15 11:55:48;4717;944;2;155,08
2024-06-15 11:55:51;4718;944;3;153,28
2024-06-15 11:55:54;4719;944;4;152,58
2024-06-15 11:55:57;4720;944;5;151,67
2024-06-15 11:56:00;4721;945;1;153,01
2024-06-15 11:56:03;4722;945;2;152,28
2024-06-15 11:56:06;4723;945;3;151,54
2024-06-15 11:56:09;4724;945;4;151,04
2024-06-15 11:56:12;4725;945;5;151,38
2024-06-15 11:56:15;4726;946;1;146,74
2024-06-15 11:56:18;4727;946;2;151,82
2024-06-15 11:56:21;4728;946;3;150,77
2024-06-15 11:56:24;4729;946;4;153,89
2024-06-15 11:56:27;4730;946;5;151,53
2024-06-15 11:56:30;4731;947;1;149,72
2024-06-15 11:56:33;4732;947;2;151,43
2024-06-15 11:56:36;4733;947;3;149,93
2024-06-15 11:56:39;4734;947;4;152,21
2024-06-15 11:56:42;4735;947;5;151,94
2024-06-15 11:56:45;4736;948;1;152,94
2024-06-15 11:56:48;4737;948;2;150,31
2024-06-15 11:56:51;4738;948;3;151,55
2024-06-15 11:56:54;4739;948;4;149,45
2024-06-15 11:56:57;4740;948;5;152,55
2024-06-15 11:57:00;4741;949;1;152,28
2024-06-15 11:57:03;4742;949;2;152,24
2024-06-15 11:57:06;4743;949;3;151,5
2024-06-15 11:57:09;4744;949;4;152,12
2024-06-15 11:57:12;4745;949;5;153,91
2024-06-15 11:57:15;4746;950;1;151,07
2024-06-15 11:57:18;4747;950;2;151,71
2024-06-15 11:57:21;4748;950;3;149,87
2024-06-15 11:57:24;4749;950;4;150,2
2024-06-15 11:57:27;4750;950;5;151,65
2024-06-15 11:57:30;4751;951;1;153,16
2024-06-15 11:57:33;4752;951;2;151,12
2024-06-15 11:57:36;4753;951;3;151,15
2024-06-15 11:57:39;4754;951;4;150,89
2024-06-15 11:57:42;4755;951;5;150,7
2024-06-15 11:57:45;4756;952;1;151,94
2024-06-15 11:57:48;4757;952;2;149,25
2024-06-15 11:57:51;4758;952;3;153,42
2024-06-15 11:57:54;4759;952;4;150,5
2024-06-15 11:57:57;4760;952;5;152,58
2024-06-15 11:58:00;4761;953;1;149,6
2024-06-15 11:58:03;4762;953;2;152,5
2024-06-15 11:58:06;4763;953;3;152,51
2024-06-15 11:58:09;4764;953;4;152,08
2024-06-15 11:58:12;4765;953;5;150,01
2024-06-15 11:58:15;4766;954;1;151,87
2024-06-15 11:58:18;4767;954;2;149,73
2024-06-15 11:58:21;4768;954;3;151,12
2024-06-15 11:58:24;4769;954;4;153,04
2024-06-15 11:58:27;4770;954;5;152,7
2024-06-15 11:58:30;4771;955;1;151,52
2024-06-15 11:58:33;4772;955;2;150,04
2024-06-15 11:58:36;4773;955;3;152,47
2024-06-15 11:58:39;4774;955;4;151,53
2024-06-15 11:58:42;4775;955;5;148,02
2024-06-15 11:58:45;4776;956;1;152,67
2024-06-15 11:58:48;4777;956;2;151,46
2024-06-15 11:58:51;4778;956;3;153,3
2024-06-15 11:58:54;4779;956;4;149,86
2024-06-15 11:58:57;4780;956;5;146,73
2024-06-15 11:59:00;4781;957;1;151,92
2024-06-15 11:59:03;4782;957;2;151,94
2024-06-15 11:59:06;4783;957;3;148,96
2024-06-15 11:59:09;4784;957;4;150,03
2024-06-15 11:59:12;4785;957;5;155,63
2024-06-15 11:59:15;4786;958;1;151,04
2024-06-15 11:59:18;4787;958;2;152,6
2024-06-15 11:59:21;4788;958;3;150,52
2024-06-15 11:59:24;4789;958;4;148,36
2024-06-15 11:59:27;4790;958;5;151,24
2024-06-15 11:59:30;4791;959;1;151,1
2024-06-15 11:59:33;4792;959;2;150,9
2024-06-15 11:59:36;4793;959;3;151,33
2024-06-15 11:59:39;4794;959;4;151,9
2024-06-15 11:59:42;4795;959;5;151,27
2024-06-15 11:59:45;4796;960;1;149,6
2024-06-15 11:59:48;4797;960;2;152,23
2024-06-15 11:59:51;4798;960;3;148,58
2024-06-15 11:59:54;4799;960;4;148,42
2024-06-15 11:59:57;4800;960;5;152,61
2024-06-15 12:00:00;4801;961;1;152,26
2024-06-15 12:00:03;4802;961;2;151,41
2024-06-15 12:00:06;4803;961;3;149,41
2024-06-15 12:00:09;4804;961;4;150,44
2024-06-15 12:00:12;4805;961;5;151,11
2024-06-15 12:00:15;4806;962;1;149,11
2024-06-15 12:00:18;4807;962;2;150,39
2024-06-15 12:00:21;4808;962;3;152,48
2024-06-15 12:00:24;4809;962;4;153,64
2024-06-15 12:00:27;4810;962;5;150,87
2024-06-15 12:00:30;4811;963;1;152,63
2024-06-15 12:00:33;4812;963;2;148,63
2024-06-15 12:00:36;4813;963;3;152,49
2024-06-15 12:00:39;4814;963;4;150,29
2024-06-15 12:00:42;4815;963;5;151,96
2024-06-15 12:00:45;4816;964;1;151,13
2024-06-15 12:00:48;4817;964;2;153,48
2024-06-15 12:00:51;4818;964;3;150,19
2024-06-15 12:00:54;4819;964;4;152,44
2024-06-15 12:00:57;4820;964;5;151,08
2024-06-15 12:01:00;4821;965;1;151,26
2024-06-15 12:01:03;4822;965;2;151,22
2024-06-15 12:01:06;4823;965;3;150,23
2024-06-15 12:01:09;4824;965;4;151,48
2024-06-15 12:01:12;4825;965;5;151,41
2024-06-15 12:01:15;4826;966;1;151,86
2024-06-15 12:01:18;4827;966;2;151,63
2024-06-15 12:01:21;4828;966;3;152,7
2024-06-15 12:01:24;4829;966;4;152,89
2024-06-15 12:01:27;4830;966;5;149,92
2024-06-15 12:01:30;4831;967;1;152,8
2024-06-15 12:01:33;4832;967;2;149,72
2024-06-15 12:01:36;4833;967;3;152,38
2024-06-15 12:01:39;4834;967;4;152,43
2024-06-15 12:01:42;4835;967;5;148,63
2024-06-15 12:01:45;4836;968;1;151,64
2024-06-15 12:01:48;4837;968;2;150,8
2024-06-15 12:01:51;4838;968;3;150,36
2024-06-15 12:01:54;4839;968;4;153,53
2024-06-15 12:01:57;4840;968;5;150,52
2024-06-15 12:02:00;4841;969;1;150,29
2024-06-15 12:02:03;4842;969;2;151,61
2024-06-15 12:02:06;4843;969;3;152,53
2024-06-15 12:02:09;4844;969;4;151,29
2024-06-15 12:02:12;4845;969;5;153,25
2024-06-15 12:02:15;4846;970;1;152,3
2024-06-15 12:02:18;4847;970;2;148,23
2024-06-15 12:02:21;4848;970;3;150,71
2024-06-15 12:02:24;4849;970;4;150,66
2024-06-15 12:02:27;4850;970;5;152,22
2024-06-15 12:02:30;4851;971;1;147,56
2024-06-15 12:02:33;4852;971;2;155,32
2024-06-15 12:02:36;4853;971;3;152,3
2024-06-15 12:02:39;4854;971;4;151,72
2024-06-15 12:02:42;4855;971;5;153,27
2024-06-15 12:02:45;4856;972;1;155,02
2024-06-15 12:02:48;4857;972;2;152,81
2024-06-15 12:02:51;4858;972;3;152,92
2024-06-15 12:02:54;4859;972;4;151,7
2024-06-15 12:02:57;4860;972;5;151,29
2024-06-15 12:03:00;4861;973;1;150,79
2024-06-15 12:03:03;4862;973;2;150,26
2024-06-15 12:03:06;4863;973;3;150,47
2024-06-15 12:03:09;4864;973;4;149,47
2024-06-15 12:03:12;4865;973;5;151,39
2024-06-15 12:03:15;4866;974;1;148,97
2024-06-15 12:03:18;4867;974;2;151,79
2024-06-15 12:03:21;4868;974;3;151,45
2024-06-15 12:03:24;4869;974;4;151,72
2024-06-15 12:03:27;4870;974;5;150,72
2024-06-15 12:03:30;4871;975;1;156,12
2024-06-15 12:03:33;4872;975;2;153,54
2024-06-15 12:03:36;4873;975;3;149,63
2024-06-15 12:03:39;4874;975;4;151,85
2024-06-15 12:03:42;4875;975;5;150,59
2024-06-15 12:03:45;4876;976;1;149,98
2024-06-15 12:03:48;4877;976;2;149,49
2024-06-15 12:03:51;4878;976;3;152,15
2024-06-15 12:03:54;4879;976;4;150,48
2024-06-15 12:03:57;4880;976;5;152,95
2024-06-15 12:04:00;4881;977;1;152,99
2024-06-15 12:04:03;4882;977;2;153,56
2024-06-15 12:04:06;4883;977;3;150,22
2024-06-15 12:04:09;4884;977;4;152,21
2024-06-15 12:04:12;4885;977;5;152,45
2024-06-15 12:04:15;4886;978;1;150,79
2024-06-15 12:04:18;4887;978;2;150,34
2024-06-15 12:04:21;4888;978;3;153,91
2024-06-15 12:04:24;4889;978;4;151,84
2024-06-15 12:04:27;4890;978;5;152,45
2024-06-15 12:04:30;4891;979;1;150,27
2024-06-15 12:04:33;4892;979;2;149,67
2024-06-15 12:04:36;4893;979;3;150,65
2024-06-15 12:04:39;4894;979;4;151,31
2024-06-15 12:04:42;4895;979;5;149,9
2024-06-15 12:04:45;4896;980;1;151,49
2024-06-15 12:04:48;4897;980;2;148,97
2024-06-15 12:04:51;4898;980;3;149,82
2024-06-15 12:04:54;4899;980;4;152,51
2024-06-15 12:04:57;4900;980;5;152,41
2024-06-15 12:05:00;4901;981;1;150,91
2024-06-15 12:05:03;4902;981;2;149,97
2024-06-15 12:05:06;4903;981;3;149,96
2024-06-15 12:05:09;4904;981;4;150,94
2024-06-15 12:05:12;4905;981;5;152,47
2024-06-15 12:05:15;4906;982;1;152,89
2024-06-15 12:05:18;4907;982;2;150,76
2024-06-15 12:05:21;4908;982;3;149,77
2024-06-15 12:05:24;4909;982;4;151,9
2024-06-15 12:05:27;4910;982;5;150,26
2024-06-15 12:05:30;4911;983;1;150,72
2024-06-15 12:05:33;4912;983;2;153,49
2024-06-15 12:05:36;4913;983;3;152,74
2024-06-15 12:05:39;4914;983;4;151,74
2024-06-15 12:05:42;4915;983;5;149,59
2024-06-15 12:05:45;4916;984;1;151,82
2024-06-15 12:05:48;4917;984;2;153,09
2024-06-15 12:05:51;4918;984;3;150,94
2024-06-15 12:05:54;4919;984;4;153,53
2024-06-15 12:05:57;4920;984;5;153,44
2024-06-15 12:06:00;4921;985;1;154,0
2024-06-15 12:06:03;4922;985;2;151,96
2024-06-15 12:06:06;4923;985;3;152,38
2024-06-15 12:06:09;4924;985;4;153,62
2024-06-15 12:06:12;4925;985;5;152,17
2024-06-15 12:06:15;4926;986;1;150,75
2024-06-15 12:06:18;4927;986;2;150,83
2024-06-15 12:06:21;4928;986;3;151,86
2024-06-15 12:06:24;4929;986;4;149,56
2024-06-15 12:06:27;4930;986;5;151,29
2024-06-15 12:06:30;4931;987;1;153,14
2024-06-15 12:06:33;4932;987;2;148,21
2024-06-15 12:06:36;4933;987;3;153,8
2024-06-15 12:06:39;4934;987;4;153,18
2024-06-15 12:06:42;4935;987;5;150,81
2024-06-15 12:06:45;4936;988;1;152,32
2024-06-15 12:06:48;4937;988;2;151,5
2024-06-15 12:06:51;4938;988;3;153,34
2024-06-15 12:06:54;4939;988;4;152,97
2024-06-15 12:06:57;4940;988;5;149,4
2024-06-15 12:07:00;4941;989;1;152,38
2024-06-15 12:07:03;4942;989;2;151,19
2024-06-15 12:07:06;4943;989;3;151,62
2024-06-15 12:07:09;4944;989;4;150,41
2024-06-15 12:07:12;4945;989;5;154,12
2024-06-15 12:07:15;4946;990;1;153,06
2024-06-15 12:07:18;4947;990;2;150,39
2024-06-15 12:07:21;4948;990;3;149,5
2024-06-15 12:07:24;4949;990;4;150,92
2024-06-15 12:07:27;4950;990;5;152,15
2024-06-15 12:07:30;4951;991;1;151,86
2024-06-15 12:07:33;4952;991;2;153,38
2024-06-15 12:07:36;4953;991;3;152,68
2024-06-15 12:07:39;4954;991;4;152,95
2024-06-15 12:07:42;4955;991;5;151,99
2024-06-15 12:07:45;4956;992;1;149,42
2024-06-15 12:07:48;4957;992;2;151,21
2024-06-15 12:07:51;4958;992;3;153,09
2024-06-15 12:07:54;4959;992;4;151,42
2024-06-15 12:07:57;4960;992;5;152,25
2024-06-15 12:08:00;4961;993;1;151,02
2024-06-15 12:08:03;4962;993;2;149,96
2024-06-15 12:08:06;4963;993;3;151,31
2024-06-15 12:08:09;4964;993;4;151,96
2024-06-15 12:08:12;4965;993;5;150,52
2024-06-15 12:08:15;4966;994;1;151,15
2024-06-15 12:08:18;4967;994;2;150,09
2024-06-15 12:08:21;4968;994;3;153,18
2024-06-15 12:08:24;4969;994;4;151,06
2024-06-15 12:08:27;4970;994;5;153,68
2024-06-15 12:08:30;4971;995;1;153,79
2024-06-15 12:08:33;4972;995;2;151,38
2024-06-15 12:08:36;4973;995;3;149,99
2024-06-15 12:08:39;4974;995;4;148,37
2024-06-15 12:08:42;4975;995;5;149,29
2024-06-15 12:08:45;4976;996;1;149,44
2024-06-15 12:08:48;4977;996;2;153,57
2024-06-15 12:08:51;4978;996;3;151,67
2024-06-15 12:08:54;4979;996;4;152,08
2024-06-15 12:08:57;4980;996;5;148,17
2024-06-15 12:09:00;4981;997;1;149,7
2024-06-15 12:09:03;4982;997;2;152,83
2024-06-15 12:09:06;4983;997;3;151,93
2024-06-15 12:09:09;4984;997;4;151,28
2024-06-15 12:09:12;4985;997;5;152,35
2024-06-15 12:09:15;4986;998;1;153,95
2024-06-15 12:09:18;4987;998;2;151,17
2024-06-15 12:09:21;4988;998;3;151,6
2024-06-15 12:09:24;4989;998;4;151,79
2024-06-15 12:09:27;4990;998;5;155,09
2024-06-15 12:09:30;4991;999;1;148,35
2024-06-15 12:09:33;4992;999;2;152,52
2024-06-15 12:09:36;4993;999;3;151,33
2024-06-15 12:09:39;4994;999;4;152,35
2024-06-15 12:09:42;4995;999;5;150,51
2024-06-15 12:09:45;4996;1000;1;151,43
2024-06-15 12:09:48;4997;1000;2;152,57
2024-06-15 12:09:51;4998;1000;3;156,17
2024-06-15 12:09:54;4999;1000;4;152,71
2024-06-15 12:09:57;5000;1000;5;150,23
2024-06-15 12:10:00;5001;1001;1;150,86
2024-06-15 12:10:03;5002;1001;2;150,82
2024-06-15 12:10:06;5003;1001;3;148,81
2024-06-15 12:10:09;5004;1001;4;151,0
2024-06-15 12:10:12;5005;1001;5;152,6
2024-06-15 12:10:15;5006;1002;1;149,59
2024-06-15 12:10:18;5007;1002;2;153,07
2024-06-15 12:10:21;5008;1002;3;152,23
2024-06-15 12:10:24;5009;1002;4;150,4
2024-06-15 12:10:27;5010;1002;5;151,29
2024-06-15 12:10:30;5011;1003;1;153,9
2024-06-15 12:10:33;5012;1003;2;152,6
2024-06-15 12:10:36;5013;1003;3;151,51
2024-06-15 12:10:39;5014;1003;4;151,14
2024-06-15 12:10:42;5015;1003;5;151,61
2024-06-15 12:10:45;5016;1004;1;150,73
2024-06-15 12:10:48;5017;1004;2;148,34
2024-06-15 12:10:51;5018;1004;3;154,56
2024-06-15 12:10:54;5019;1004;4;151,73
2024-06-15 12:10:57;5020;1004;5;152,1
2024-06-15 12:11:00;5021;1005;1;151,41
2024-06-15 12:11:03;5022;1005;2;150,4
2024-06-15 12:11:06;5023;1005;3;151,22
2024-06-15 12:11:09;5024;1005;4;149,1
2024-06-15 12:11:12;5025;1005;5;154,92
2024-06-15 12:11:15;5026;1006;1;149,65
2024-06-15 12:11:18;5027;1006;2;149,95
2024-06-15 12:11:21;5028;1006;3;150,84
2024-06-15 12:11:24;5029;1006;4;153,43
2024-06-15 12:11:27;5030;1006;5;151,52
2024-06-15 12:11:30;5031;1007;1;149,65
2024-06-15 12:11:33;5032;1007;2;153,38
2024-06-15 12:11:36;5033;1007;3;152,6
2024-06-15 12:11:39;5034;1007;4;152,31
2024-06-15 12:11:42;5035;1007;5;152,57
2024-06-15 12:11:45;5036;1008;1;155,09
2024-06-15 12:11:48;5037;1008;2;154,78
2024-06-15 12:11:51;5038;1008;3;150,47
2024-06-15 12:11:54;5039;1008;4;153,94
2024-06-15 12:11:57;5040;1008;5;152,07
2024-06-15 12:12:00;5041;1009;1;152,25
2024-06-15 12:12:03;5042;1009;2;148,96
2024-06-15 12:12:06;5043;1009;3;151,24
2024-06-15 12:12:09;5044;1009;4;150,28
2024-06-15 12:12:12;5045;1009;5;152,74
2024-06-15 12:12:15;5046;1010;1;153,11
2024-06-15 12:12:18;5047;1010;2;148,39
2024-06-15 12:12:21;5048;1010;3;151,47
2024-06-15 12:12:24;5049;1010;4;153,18
2024-06-15 12:12:27;5050;1010;5;151,22
2024-06-15 12:12:30;5051;1011;1;152,59
2024-06-15 12:12:33;5052;1011;2;152,03
2024-06-15 12:12:36;5053;1011;3;152,01
2024-06-15 12:12:39;5054;1011;4;151,09
2024-06-15 12:12:42;5055;1011;5;149,68
2024-06-15 12:12:45;5056;1012;1;149,82
2024-06-15 12:12:48;5057;1012;2;152,56
2024-06-15 12:12:51;5058;1012;3;151,53
2024-06-15 12:12:54;5059;1012;4;151,29
2024-06-15 12:12:57;5060;1012;5;150,86
2024-06-15 12:13:00;5061;1013;1;151,04
2024-06-15 12:13:03;5062;1013;2;153,07
2024-06-15 12:13:06;5063;1013;3;151,0
2024-06-15 12:13:09;5064;1013;4;149,49
2024-06-15 12:13:12;5065;1013;5;152,62
2024-06-15 12:13:15;5066;1014;1;151,19
2024-06-15 12:13:18;5067;1014;2;151,55
2024-06-15 12:13:21;5068;1014;3;153,91
2024-06-15 12:13:24;5069;1014;4;151,47
2024-06-15 12:13:27;5070;1014;5;151,93
2024-06-15 12:13:30;5071;1015;1;149,73
2024-06-15 12:13:33;5072;1015;2;151,17
2024-06-15 12:13:36;5073;1015;3;152,41
2024-06-15 12:13:39;5074;1015;4;149,17
2024-06-15 12:13:42;5075;1015;5;151,8
2024-06-15 12:13:45;5076;1016;1;151,65
2024-06-15 12:13:48;5077;1016;2;151,56
2024-06-15 12:13:51;5078;1016;3;153,06
2024-06-15 12:13:54;5079;1016;4;152,0
2024-06-15 12:13:57;5080;1016;5;153,72
2024-06-15 12:14:00;5081;1017;1;150,01
2024-06-15 12:14:03;5082;1017;2;151,7
2024-06-15 12:14:06;5083;1017;3;151,63
2024-06-15 12:14:09;5084;1017;4;149,9
2024-06-15 12:14:12;5085;1017;5;152,93
2024-06-15 12:14:15;5086;1018;1;154,99
2024-06-15 12:14:18;5087;1018;2;151,47
2024-06-15 12:14:21;5088;1018;3;152,26
2024-06-15 12:14:24;5089;1018;4;151,63
2024-06-15 12:14:27;5090;1018;5;150,43
2024-06-15 12:14:30;5091;1019;1;148,77
2024-06-15 12:14:33;5092;1019;2;150,44
2024-06-15 12:14:36;5093;1019;3;149,41
2024-06-15 12:14:39;5094;1019;4;154,06
2024-06-15 12:14:42;5095;1019;5;151,33
2024-06-15 12:14:45;5096;1020;1;150,98
2024-06-15 12:14:48;5097;1020;2;152,83
2024-06-15 12:14:51;5098;1020;3;149,82
2024-06-15 12:14:54;5099;1020;4;150,35
2024-06-15 12:14:57;5100;1020;5;151,6
2024-06-15 12:15:00;5101;1021;1;153,04
2024-06-15 12:15:03;5102;1021;2;152,25
2024-06-15 12:15:06;5103;1021;3;151,87
2024-06-15 12:15:09;5104;1021;4;151,62
2024-06-15 12:15:12;5105;1021;5;152,1
2024-06-15 12:15:15;5106;1022;1;151,8
2024-06-15 12:15:18;5107;1022;2;149,96
2024-06-15 12:15:21;5108;1022;3;151,57
2024-06-15 12:15:24;5109;1022;4;149,89
2024-06-15 12:15:27;5110;1022;5;151,62
2024-06-15 12:15:30;5111;1023;1;150,78
2024-06-15 12:15:33;5112;1023;2;155,31
2024-06-15 12:15:36;5113;1023;3;151,44
2024-06-15 12:15:39;5114;1023;4;149,39
2024-06-15 12:15:42;5115;1023;5;151,3
2024-06-15 12:15:45;5116;1024;1;152,28
2024-06-15 12:15:48;5117;1024;2;154,01
2024-06-15 12:15:51;5118;1024;3;150,62
2024-06-15 12:15:54;5119;1024;4;149,13
2024-06-15 12:15:57;5120;1024;5;152,73
2024-06-15 12:16:00;5121;1025;1;149,43
2024-06-15 12:16:03;5122;1025;2;150,85
2024-06-15 12:16:06;5123;1025;3;151,11
2024-06-15 12:16:09;5124;1025;4;151,4
2024-06-15 12:16:12;5125;1025;5;152,53
2024-06-15 12:16:15;5126;1026;1;150,47
2024-06-15 12:16:18;5127;1026;2;151,09
2024-06-15 12:16:21;5128;1026;3;151,48
2024-06-15 12:16:24;5129;1026;4;151,72
2024-06-15 12:16:27;5130;1026;5;151,65
2024-06-15 12:16:30;5131;1027;1;152,15
2024-06-15 12:16:33;5132;1027;2;152,77
2024-06-15 12:16:36;5133;1027;3;152,09
2024-06-15 12:16:39;5134;1027;4;152,18
2024-06-15 12:16:42;5135;1027;5;149,13
2024-06-15 12:16:45;5136;1028;1;151,58
2024-06-15 12:16:48;5137;1028;2;152,22
2024-06-15 12:16:51;5138;1028;3;152,59
2024-06-15 12:16:54;5139;1028;4;150,46
2024-06-15 12:16:57;5140;1028;5;150,51
2024-06-15 12:17:00;5141;1029;1;150,64
2024-06-15 12:17:03;5142;1029;2;152,3
2024-06-15 12:17:06;5143;1029;3;153,05
2024-06-15 12:17:09;5144;1029;4;150,89
2024-06-15 12:17:12;5145;1029;5;152,86
2024-06-15 12:17:15;5146;1030;1;151,69
2024-06-15 12:17:18;5147;1030;2;151,31
2024-06-15 12:17:21;5148;1030;3;151,18
2024-06-15 12:17:24;5149;1030;4;152,62
2024-06-15 12:17:27;5150;1030;5;151,99
2024-06-15 12:17:30;5151;1031;1;154,91
2024-06-15 12:17:33;5152;1031;2;150,22
2024-06-15 12:17:36;5153;1031;3;152,28
2024-06-15 12:17:39;5154;1031;4;150,71
2024-06-15 12:17:42;5155;1031;5;150,2
2024-06-15 12:17:45;5156;1032;1;151,48
2024-06-15 12:17:48;5157;1032;2;151,71
2024-06-15 12:17:51;5158;1032;3;155,88
2024-06-15 12:17:54;5159;1032;4;151,22
2024-06-15 12:17:57;5160;1032;5;149,8
2024-06-15 12:18:00;5161;1033;1;151,91
2024-06-15 12:18:03;5162;1033;2;148,39
2024-06-15 12:18:06;5163;1033;3;151,36
2024-06-15 12:18:09;5164;1033;4;151,52
2024-06-15 12:18:12;5165;1033;5;152,69
2024-06-15 12:18:15;5166;1034;1;152,96
2024-06-15 12:18:18;5167;1034;2;150,74
2024-06-15 12:18:21;5168;1034;3;151,27
2024-06-15 12:18:24;5169;1034;4;150,35
2024-06-15 12:18:27;5170;1034;5;149,81
2024-06-15 12:18:30;5171;1035;1;151,96
2024-06-15 12:18:33;5172;1035;2;149,59
2024-06-15 12:18:36;5173;1035;3;150,88
2024-06-15 12:18:39;5174;1035;4;150,01
2024-06-15 12:18:42;5175;1035;5;152,32
2024-06-15 12:18:45;5176;1036;1;154,2
2024-06-15 12:18:48;5177;1036;2;149,55
2024-06-15 12:18:51;5178;1036;3;148,72
2024-06-15 12:18:54;5179;1036;4;151,31
2024-06-15 12:18:57;5180;1036;5;151,52
2024-06-15 12:19:00;5181;1037;1;151,83
2024-06-15 12:19:03;5182;1037;2;150,83
2024-06-15 12:19:06;5183;1037;3;151,2
2024-06-15 12:19:09;5184;1037;4;152,05
2024-06-15 12:19:12;5185;1037;5;153,06
2024-06-15 12:19:15;5186;1038;1;148,57
2024-06-15 12:19:18;5187;1038;2;150,95
2024-06-15 12:19:21;5188;1038;3;151,82
2024-06-15 12:19:24;5189;1038;4;150,12
2024-06-15 12:19:27;5190;1038;5;154,1
2024-06-15 12:19:30;5191;1039;1;150,55
2024-06-15 12:19:33;5192;1039;2;151,44
2024-06-15 12:19:36;5193;1039;3;152,33
2024-06-15 12:19:39;5194;1039;4;150,61
2024-06-15 12:19:42;5195;1039;5;148,73
2024-06-15 12:19:45;5196;1040;1;150,86
2024-06-15 12:19:48;5197;1040;2;153,04
2024-06-15 12:19:51;5198;1040;3;150,99
2024-06-15 12:19:54;5199;1040;4;150,23
2024-06-15 12:19:57;5200;1040;5;152,89
2024-06-15 12:20:00;5201;1041;1;151,0
2024-06-15 12:20:03;5202;1041;2;150,73
2024-06-15 12:20:06;5203;1041;3;151,72
2024-06-15 12:20:09;5204;1041;4;152,66
2024-06-15 12:20:12;5205;1041;5;155,07
2024-06-15 12:20:15;5206;1042;1;152,74
2024-06-15 12:20:18;5207;1042;2;153,24
2024-06-15 12:20:21;5208;1042;3;150,74
2024-06-15 12:20:24;5209;1042;4;149,96
2024-06-15 12:20:27;5210;1042;5;151,59
2024-06-15 12:20:30;5211;1043;1;151,66
2024-06-15 12:20:33;5212;1043;2;149,88
2024-06-15 12:20:36;5213;1043;3;151,24
2024-06-15 12:20:39;5214;1043;4;152,1
2024-06-15 12:20:42;5215;1043;5;152,04
2024-06-15 12:20:45;5216;1044;1;152,26
2024-06-15 12:20:48;5217;1044;2;151,94
2024-06-15 12:20:51;5218;1044;3;150,74
2024-06-15 12:20:54;5219;1044;4;150,73
2024-06-15 12:20:57;5220;1044;5;149,7
2024-06-15 12:21:00;5221;1045;1;154,18
2024-06-15 12:21:03;5222;1045;2;151,52
2024-06-15 12:21:06;5223;1045;3;151,16
2024-06-15 12:21:09;5224;1045;4;150,11
2024-06-15 12:21:12;5225;1045;5;155,9
2024-06-15 12:21:15;5226;1046;1;149,89
2024-06-15 12:21:18;5227;1046;2;150,86
2024-06-15 12:21:21;5228;1046;3;152,12
2024-06-15 12:21:24;5229;1046;4;152,4
2024-06-15 12:21:27;5230;1046;5;152,94
2024-06-15 12:21:30;5231;1047;1;154,21
2024-06-15 12:21:33;5232;1047;2;152,26
2024-06-15 12:21:36;5233;1047;3;149,92
2024-06-15 12:21:39;5234;1047;4;151,11
2024-06-15 12:21:42;5235;1047;5;151,96
2024-06-15 12:21:45;5236;1048;1;154,6
2024-06-15 12:21:48;5237;1048;2;149,4
2024-06-15 12:21:51;5238;1048;3;153,3
2024-06-15 12:21:54;5239;1048;4;151,77
2024-06-15 12:21:57;5240;1048;5;152,76
2024-06-15 12:22:00;5241;1049;1;151,35
2024-06-15 12:22:03;5242;1049;2;150,24
2024-06-15 12:22:06;5243;1049;3;152,63
2024-06-15 12:22:09;5244;1049;4;152,48
2024-06-15 12:22:12;5245;1049;5;152,96
2024-06-15 12:22:15;5246;1050;1;151,48
2024-06-15 12:22:18;5247;1050;2;150,6
2024-06-15 12:22:21;5248;1050;3;149,16
2024-06-15 12:22:24;5249;1050;4;152,73
2024-06-15 12:22:27;5250;1050;5;152,14
2024-06-15 12:22:30;5251;1051;1;150,05
2024-06-15 12:22:33;5252;1051;2;150,69
2024-06-15 12:22:36;5253;1051;3;150,8
2024-06-15 12:22:39;5254;1051;4;149,28
2024-06-15 12:22:42;5255;1051;5;150,27
2024-06-15 12:22:45;5256;1052;1;149,8
2024-06-15 12:22:48;5257;1052;2;150,88
2024-06-15 12:22:51;5258;1052;3;150,39
2024-06-15 12:22:54;5259;1052;4;149,06
2024-06-15 12:22:57;5260;1052;5;154,53
2024-06-15 12:23:00;5261;1053;1;153,38
2024-06-15 12:23:03;5262;1053;2;150,33
2024-06-15 12:23:06;5263;1053;3;151,91
2024-06-15 12:23:09;5264;1053;4;152,13
2024-06-15 12:23:12;5265;1053;5;153,29
2024-06-15 12:23:15;5266;1054;1;150,27
2024-06-15 12:23:18;5267;1054;2;153,14
2024-06-15 12:23:21;5268;1054;3;150,68
2024-06-15 12:23:24;5269;1054;4;149,5
2024-06-15 12:23:27;5270;1054;5;152,59
2024-06-15 12:23:30;5271;1055;1;153,44
2024-06-15 12:23:33;5272;1055;2;155,38
2024-06-15 12:23:36;5273;1055;3;149,7
2024-06-15 12:23:39;5274;1055;4;152,55
2024-06-15 12:23:42;5275;1055;5;150,89
2024-06-15 12:23:45;5276;1056;1;152,68
2024-06-15 12:23:48;5277;1056;2;149,29
2024-06-15 12:23:51;5278;1056;3;149,61
2024-06-15 12:23:54;5279;1056;4;150,34
2024-06-15 12:23:57;5280;1056;5;151,62
2024-06-15 12:24:00;5281;1057;1;150,54
2024-06-15 12:24:03;5282;1057;2;152,49
2024-06-15 12:24:06;5283;1057;3;153,04
2024-06-15 12:24:09;5284;1057;4;152,4
2024-06-15 12:24:12;5285;1057;5;153,93
2024-06-15 12:24:15;5286;1058;1;152,12
2024-06-15 12:24:18;5287;1058;2;149,67
2024-06-15 12:24:21;5288;1058;3;153,55
2024-06-15 12:24:24;5289;1058;4;150,59
2024-06-15 12:24:27;5290;1058;5;152,87
2024-06-15 12:24:30;5291;1059;1;153,86
2024-06-15 12:24:33;5292;1059;2;152,19
2024-06-15 12:24:36;5293;1059;3;149,26
2024-06-15 12:24:39;5294;1059;4;150,12
2024-06-15 12:24:42;5295;1059;5;153,48
2024-06-15 12:24:45;5296;1060;1;151,25
2024-06-15 12:24:48;5297;1060;2;151,62
2024-06-15 12:24:51;5298;1060;3;152,64
2024-06-15 12:24:54;5299;1060;4;152,54
2024-06-15 12:24:57;5300;1060;5;151,92
2024-06-15 12:25:00;5301;1061;1;151,19
2024-06-15 12:25:03;5302;1061;2;151,03
2024-06-15 12:25:06;5303;1061;3;152,79
2024-06-15 12:25:09;5304;1061;4;152,33
2024-06-15 12:25:12;5305;1061;5;151,11
2024-06-15 12:25:15;5306;1062;1;153,12
2024-06-15 12:25:18;5307;1062;2;151,31
2024-06-15 12:25:21;5308;1062;3;150,22
2024-06-15 12:25:24;5309;1062;4;150,36
2024-06-15 12:25:27;5310;1062;5;150,03
2024-06-15 12:25:30;5311;1063;1;151,09
2024-06-15 12:25:33;5312;1063;2;153,35
2024-06-15 12:25:36;5313;1063;3;150,29
2024-06-15 12:25:39;5314;1063;4;151,78
2024-06-15 12:25:42;5315;1063;5;150,51
2024-06-15 12:25:45;5316;1064;1;151,11
2024-06-15 12:25:48;5317;1064;2;149,23
2024-06-15 12:25:51;5318;1064;3;151,17
2024-06-15 12:25:54;5319;1064;4;151,21
2024-06-15 12:25:57;5320;1064;5;152,31
2024-06-15 12:26:00;5321;1065;1;151,83
2024-06-15 12:26:03;5322;1065;2;149,7
2024-06-15 12:26:06;5323;1065;3;153,13
2024-06-15 12:26:09;5324;1065;4;151,82
2024-06-15 12:26:12;5325;1065;5;151,8
2024-06-15 12:26:15;5326;1066;1;151,49
2024-06-15 12:26:18;5327;1066;2;150,72
2024-06-15 12:26:21;5328;1066;3;151,83
2024-06-15 12:26:24;5329;1066;4;152,21
2024-06-15 12:26:27;5330;1066;5;148,88
2024-06-15 12:26:30;5331;1067;1;150,69
2024-06-15 12:26:33;5332;1067;2;151,12
2024-06-15 12:26:36;5333;1067;3;151,88
2024-06-15 12:26:39;5334;1067;4;153,29
2024-06-15 12:26:42;5335;1067;5;150,34
2024-06-15 12:26:45;5336;1068;1;150,75
2024-06-15 12:26:48;5337;1068;2;150,73
2024-06-15 12:26:51;5338;1068;3;150,3
2024-06-15 12:26:54;5339;1068;4;150,98
2024-06-15 12:26:57;5340;1068;5;152,66
2024-06-15 12:27:00;5341;1069;1;149,92
2024-06-15 12:27:03;5342;1069;2;152,14
2024-06-15 12:27:06;5343;1069;3;148,95
2024-06-15 12:27:09;5344;1069;4;150,66
2024-06-15 12:27:12;5345;1069;5;151,01
2024-06-15 12:27:15;5346;1070;1;154,01
2024-06-15 12:27:18;5347;1070;2;151,09
2024-06-15 12:27:21;5348;1070;3;148,2
2024-06-15 12:27:24;5349;1070;4;148,5
2024-06-15 12:27:27;5350;1070;5;151,55
2024-06-15 12:27:30;5351;1071;1;152,42
2024-06-15 12:27:33;5352;1071;2;152,06
2024-06-15 12:27:36;5353;1071;3;151,75
2024-06-15 12:27:39;5354;1071;4;153,24
2024-06-15 12:27:42;5355;1071;5;150,69
2024-06-15 12:27:45;5356;1072;1;152,84
2024-06-15 12:27:48;5357;1072;2;149,05
2024-06-15 12:27:51;5358;1072;3;150,14
2024-06-15 12:27:54;5359;1072;4;148,79
2024-06-15 12:27:57;5360;1072;5;151,09
2024-06-15 12:28:00;5361;1073;1;151,43
2024-06-15 12:28:03;5362;1073;2;151,67
2024-06-15 12:28:06;5363;1073;3;151,59
2024-06-15 12:28:09;5364;1073;4;150,11
2024-06-15 12:28:12;5365;1073;5;151,21
2024-06-15 12:28:15;5366;1074;1;149,25
2024-06-15 12:28:18;5367;1074;2;153,54
2024-06-15 12:28:21;5368;1074;3;151,04
2024-06-15 12:28:24;5369;1074;4;150,77
2024-06-15 12:28:27;5370;1074;5;153,88
2024-06-15 12:28:30;5371;1075;1;149,64
2024-06-15 12:28:33;5372;1075;2;149,81
2024-06-15 12:28:36;5373;1075;3;149,86
2024-06-15 12:28:39;5374;1075;4;151,4
2024-06-15 12:28:42;5375;1075;5;152,15
2024-06-15 12:28:45;5376;1076;1;152,61
2024-06-15 12:28:48;5377;1076;2;155,36
2024-06-15 12:28:51;5378;1076;3;148,13
2024-06-15 12:28:54;5379;1076;4;152,41
2024-06-15 12:28:57;5380;1076;5;150,66
2024-06-15 12:29:00;5381;1077;1;150,62
2024-06-15 12:29:03;5382;1077;2;150,57
2024-06-15 12:29:06;5383;1077;3;150,14
2024-06-15 12:29:09;5384;1077;4;154,03
2024-06-15 12:29:12;5385;1077;5;152,76
2024-06-15 12:29:15;5386;1078;1;151,53
2024-06-15 12:29:18;5387;1078;2;153,53
2024-06-15 12:29:21;5388;1078;3;149,23
2024-06-15 12:29:24;5389;1078;4;149,5
2024-06-15 12:29:27;5390;1078;5;148,23
2024-06-15 12:29:30;5391;1079;1;150,45
2024-06-15 12:29:33;5392;1079;2;151,74
2024-06-15 12:29:36;5393;1079;3;151,65
2024-06-15 12:29:39;5394;1079;4;151,72
2024-06-15 12:29:42;5395;1079;5;149,38
2024-06-15 12:29:45;5396;1080;1;152,7
2024-06-15 12:29:48;5397;1080;2;151,86
2024-06-15 12:29:51;5398;1080;3;152,6
2024-06-15 12:29:54;5399;1080;4;148,66
2024-06-15 12:29:57;5400;1080;5;151,97
2024-06-15 12:30:00;5401;1081;1;149,72
2024-06-15 12:30:03;5402;1081;2;150,9
2024-06-15 12:30:06;5403;1081;3;152,3
2024-06-15 12:30:09;5404;1081;4;151,64
2024-06-15 12:30:12;5405;1081;5;150,22
2024-06-15 12:30:15;5406;1082;1;151,51
2024-06-15 12:30:18;5407;1082;2;149,2
2024-06-15 12:30:21;5408;1082;3;153,23
2024-06-15 12:30:24;5409;1082;4;151,19
2024-06-15 12:30:27;5410;1082;5;153,18
2024-06-15 12:30:30;5411;1083;1;150,71
2024-06-15 12:30:33;5412;1083;2;150,71
2024-06-15 12:30:36;5413;1083;3;150,35
2024-06-15 12:30:39;5414;1083;4;152,81
2024-06-15 12:30:42;5415;1083;5;150,44
2024-06-15 12:30:45;5416;1084;1;152,47
2024-06-15 12:30:48;5417;1084;2;150,93
2024-06-15 12:30:51;5418;1084;3;148,54
2024-06-15 12:30:54;5419;1084;4;150,64
2024-06-15 12:30:57;5420;1084;5;149,73
2024-06-15 12:31:00;5421;1085;1;151,55
2024-06-15 12:31:03;5422;1085;2;149,71
2024-06-15 12:31:06;5423;1085;3;152,89
2024-06-15 12:31:09;5424;1085;4;151,36
2024-06-15 12:31:12;5425;1085;5;151,23
2024-06-15 12:31:15;5426;1086;1;152,48
2024-06-15 12:31:18;5427;1086;2;152,95
2024-06-15 12:31:21;5428;1086;3;151,47
2024-06-15 12:31:24;5429;1086;4;150,34
2024-06-15 12:31:27;5430;1086;5;148,84
2024-06-15 12:31:30;5431;1087;1;150,47
2024-06-15 12:31:33;5432;1087;2;150,57
2024-06-15 12:31:36;5433;1087;3;151,66
2024-06-15 12:31:39;5434;1087;4;150,98
2024-06-15 12:31:42;5435;1087;5;152,53
2024-06-15 12:31:45;5436;1088;1;150,58
2024-06-15 12:31:48;5437;1088;2;151,41
2024-06-15 12:31:51;5438;1088;3;153,28
2024-06-15 12:31:54;5439;1088;4;152,01
2024-06-15 12:31:57;5440;1088;5;151,41
2024-06-15 12:32:00;5441;1089;1;150,6
2024-06-15 12:32:03;5442;1089;2;150,55
2024-06-15 12:32:06;5443;1089;3;150,22
2024-06-15 12:32:09;5444;1089;4;150,69
2024-06-15 12:32:12;5445;1089;5;152,63
2024-06-15 12:32:15;5446;1090;1;151,17
2024-06-15 12:32:18;5447;1090;2;149,48
2024-06-15 12:32:21;5448;1090;3;154,15
2024-06-15 12:32:24;5449;1090;4;151,98
2024-06-15 12:32:27;5450;1090;5;149,39
2024-06-15 12:32:30;5451;1091;1;150,84
2024-06-15 12:32:33;5452;1091;2;151,67
2024-06-15 12:32:36;5453;1091;3;154,06
2024-06-15 12:32:39;5454;1091;4;149,84
2024-06-15 12:32:42;5455;1091;5;152,96
2024-06-15 12:32:45;5456;1092;1;153,6
2024-06-15 12:32:48;5457;1092;2;150,56
2024-06-15 12:32:51;5458;1092;3;151,08
2024-06-15 12:32:54;5459;1092;4;149,95
2024-06-15 12:32:57;5460;1092;5;151,19
2024-06-15 12:33:00;5461;1093;1;151,45
2024-06-15 12:33:03;5462;1093;2;152,49
2024-06-15 12:33:06;5463;1093;3;153,14
2024-06-15 12:33:09;5464;1093;4;150,38
2024-06-15 12:33:12;5465;1093;5;148,55
2024-06-15 12:33:15;5466;1094;1;151,47
2024-06-15 12:33:18;5467;1094;2;151,94
2024-06-15 12:33:21;5468;1094;3;151,87
2024-06-15 12:33:24;5469;1094;4;151,01
2024-06-15 12:33:27;5470;1094;5;151,69
2024-06-15 12:33:30;5471;1095;1;153,77
2024-06-15 12:33:33;5472;1095;2;152,07
2024-06-15 12:33:36;5473;1095;3;150,94
2024-06-15 12:33:39;5474;1095;4;150,75
2024-06-15 12:33:42;5475;1095;5;151,25
2024-06-15 12:33:45;5476;1096;1;153,96
2024-06-15 12:33:48;5477;1096;2;151,23
2024-06-15 12:33:51;5478;1096;3;151,47
2024-06-15 12:33:54;5479;1096;4;150,78
2024-06-15 12:33:57;5480;1096;5;153,15
2024-06-15 12:34:00;5481;1097;1;154,44
2024-06-15 12:34:03;5482;1097;2;152,18
2024-06-15 12:34:06;5483;1097;3;151,62
2024-06-15 12:34:09;5484;1097;4;151,56
2024-06-15 12:34:12;5485;1097;5;147,92
2024-06-15 12:34:15;5486;1098;1;152,62
2024-06-15 12:34:18;5487;1098;2;151,7
2024-06-15 12:34:21;5488;1098;3;152,14
2024-06-15 12:34:24;5489;1098;4;150,43
2024-06-15 12:34:27;5490;1098;5;150,92
2024-06-15 12:34:30;5491;1099;1;150,88
2024-06-15 12:34:33;5492;1099;2;153,03
2024-06-15 12:34:36;5493;1099;3;150,93
2024-06-15 12:34:39;5494;1099;4;154,62
2024-06-15 12:34:42;5495;1099;5;152,15
2024-06-15 12:34:45;5496;1100;1;149,59
2024-06-15 12:34:48;5497;1100;2;151,31
2024-06-15 12:34:51;5498;1100;3;150,52
2024-06-15 12:34:54;5499;1100;4;148,21
2024-06-15 12:34:57;5500;1100;5;153,9
2024-06-15 12:35:00;5501;1101;1;152,55
2024-06-15 12:35:03;5502;1101;2;152,3
2024-06-15 12:35:06;5503;1101;3;151,75
2024-06-15 12:35:09;5504;1101;4;149,43
2024-06-15 12:35:12;5505;1101;5;150,77
2024-06-15 12:35:15;5506;1102;1;152,76
2024-06-15 12:35:18;5507;1102;2;149,92
2024-06-15 12:35:21;5508;1102;3;147,7
2024-06-15 12:35:24;5509;1102;4;151,16
2024-06-15 12:35:27;5510;1102;5;151,29
2024-06-15 12:35:30;5511;1103;1;151,7
2024-06-15 12:35:33;5512;1103;2;152,59
2024-06-15 12:35:36;5513;1103;3;152,46
2024-06-15 12:35:39;5514;1103;4;151,89
2024-06-15 12:35:42;5515;1103;5;153,29
2024-06-15 12:35:45;5516;1104;1;149,22
2024-06-15 12:35:48;5517;1104;2;152,26
2024-06-15 12:35:51;5518;1104;3;152,44
2024-06-15 12:35:54;5519;1104;4;149,64
2024-06-15 12:35:57;5520;1104;5;149,25
2024-06-15 12:36:00;5521;1105;1;150,38
2024-06-15 12:36:03;5522;1105;2;150,51
2024-06-15 12:36:06;5523;1105;3;152,63
2024-06-15 12:36:09;5524;1105;4;150,58
2024-06-15 12:36:12;5525;1105;5;150,22
2024-06-15 12:36:15;5526;1106;1;150,58
2024-06-15 12:36:18;5527;1106;2;153,18
2024-06-15 12:36:21;5528;1106;3;151,52
2024-06-15 12:36:24;5529;1106;4;151,23
2024-06-15 12:36:27;5530;1106;5;151,33
2024-06-15 12:36:30;5531;1107;1;153,44
2024-06-15 12:36:33;5532;1107;2;150,38
2024-06-15 12:36:36;5533;1107;3;153,47
2024-06-15 12:36:39;5534;1107;4;151,82
2024-06-15 12:36:42;5535;1107;5;151,26
2024-06-15 12:36:45;5536;1108;1;155,25
2024-06-15 12:36:48;5537;1108;2;149,92
2024-06-15 12:36:51;5538;1108;3;150,97
2024-06-15 12:36:54;5539;1108;4;149,65
2024-06-15 12:36:57;5540;1108;5;152,93
2024-06-15 12:37:00;5541;1109;1;154,03
2024-06-15 12:37:03;5542;1109;2;154,0
2024-06-15 12:37:06;5543;1109;3;153,34
2024-06-15 12:37:09;5544;1109;4;151,2
2024-06-15 12:37:12;5545;1109;5;150,95
2024-06-15 12:37:15;5546;1110;1;148,99
2024-06-15 12:37:18;5547;1110;2;154,55
2024-06-15 12:37:21;5548;1110;3;152,2
2024-06-15 12:37:24;5549;1110;4;150,76
2024-06-15 12:37:27;5550;1110;5;153,49
2024-06-15 12:37:30;5551;1111;1;150,04
2024-06-15 12:37:33;5552;1111;2;152,11
2024-06-15 12:37:36;5553;1111;3;151,24
2024-06-15 12:37:39;5554;1111;4;152,46
2024-06-15 12:37:42;5555;1111;5;151,4
2024-06-15 12:37:45;5556;1112;1;149,32
2024-06-15 12:37:48;5557;1112;2;151,61
2024-06-15 12:37:51;5558;1112;3;153,07
2024-06-15 12:37:54;5559;1112;4;151,46
2024-06-15 12:37:57;5560;1112;5;152,66
2024-06-15 12:38:00;5561;1113;1;149,93
2024-06-15 12:38:03;5562;1113;2;151,46
2024-06-15 12:38:06;5563;1113;3;150,56
2024-06-15 12:38:09;5564;1113;4;152,62
2024-06-15 12:38:12;5565;1113;5;151,55
2024-06-15 12:38:15;5566;1114;1;152,54
2024-06-15 12:38:18;5567;1114;2;153,13
2024-06-15 12:38:21;5568;1114;3;152,54
2024-06-15 12:38:24;5569;1114;4;151,91
2024-06-15 12:38:27;5570;1114;5;150,0
2024-06-15 12:38:30;5571;1115;1;151,5
2024-06-15 12:38:33;5572;1115;2;150,7
2024-06-15 12:38:36;5573;1115;3;150,98
2024-06-15 12:38:39;5574;1115;4;150,94
2024-06-15 12:38:42;5575;1115;5;150,03
2024-06-15 12:38:45;5576;1116;1;148,56
2024-06-15 12:38:48;5577;1116;2;150,5
2024-06-15 12:38:51;5578;1116;3;151,79
2024-06-15 12:38:54;5579;1116;4;149,48
2024-06-15 12:38:57;5580;1116;5;151,52
2024-06-15 12:39:00;5581;1117;1;154,35
2024-06-15 12:39:03;5582;1117;2;153,03
2024-06-15 12:39:06;5583;1117;3;153,97
2024-06-15 12:39:09;5584;1117;4;152,09
2024-06-15 12:39:12;5585;1117;5;153,25
2024-06-15 12:39:15;5586;1118;1;150,41
2024-06-15 12:39:18;5587;1118;2;150,53
2024-06-15 12:39:21;5588;1118;3;147,39
2024-06-15 12:39:24;5589;1118;4;153,28
2024-06-15 12:39:27;5590;1118;5;153,81
2024-06-15 12:39:30;5591;1119;1;150,67
2024-06-15 12:39:33;5592;1119;2;151,12
2024-06-15 12:39:36;5593;1119;3;150,37
2024-06-15 12:39:39;5594;1119;4;152,07
2024-06-15 12:39:42;5595;1119;5;153,19
2024-06-15 12:39:45;5596;1120;1;148,89
2024-06-15 12:39:48;5597;1120;2;152,11
2024-06-15 12:39:51;5598;1120;3;151,08
2024-06-15 12:39:54;5599;1120;4;151,67
2024-06-15 12:39:57;5600;1120;5;152,19
2024-06-15 12:40:00;5601;1121;1;151,22
2024-06-15 12:40:03;5602;1121;2;151,34
2024-06-15 12:40:06;5603;1121;3;151,18
2024-06-15 12:40:09;5604;1121;4;152,96
2024-06-15 12:40:12;5605;1121;5;152,13
2024-06-15 12:40:15;5606;1122;1;151,83
2024-06-15 12:40:18;5607;1122;2;149,59
2024-06-15 12:40:21;5608;1122;3;150,93
2024-06-15 12:40:24;5609;1122;4;152,85
2024-06-15 12:40:27;5610;1122;5;151,56
2024-06-15 12:40:30;5611;1123;1;152,49
2024-06-15 12:40:33;5612;1123;2;154,15
2024-06-15 12:40:36;5613;1123;3;153,06
2024-06-15 12:40:39;5614;1123;4;151,64
2024-06-15 12:40:42;5615;1123;5;150,73
2024-06-15 12:40:45;5616;1124;1;147,67
2024-06-15 12:40:48;5617;1124;2;151,25
2024-06-15 12:40:51;5618;1124;3;151,01
2024-06-15 12:40:54;5619;1124;4;152,09
2024-06-15 12:40:57;5620;1124;5;151,27
2024-06-15 12:41:00;5621;1125;1;151,02
2024-06-15 12:41:03;5622;1125;2;148,83
2024-06-15 12:41:06;5623;1125;3;150,09
2024-06-15 12:41:09;5624;1125;4;152,21
2024-06-15 12:41:12;5625;1125;5;154,07
2024-06-15 12:41:15;5626;1126;1;151,35
2024-06-15 12:41:18;5627;1126;2;151,99
2024-06-15 12:41:21;5628;1126;3;152,93
2024-06-15 12:41:24;5629;1126;4;150,28
2024-06-15 12:41:27;5630;1126;5;152,05
2024-06-15 12:41:30;5631;1127;1;150,39
2024-06-15 12:41:33;5632;1127;2;152,8
2024-06-15 12:41:36;5633;1127;3;151,73
2024-06-15 12:41:39;5634;1127;4;151,95
2024-06-15 12:41:42;5635;1127;5;150,33
2024-06-15 12:41:45;5636;1128;1;152,56
2024-06-15 12:41:48;5637;1128;2;154,63
2024-06-15 12:41:51;5638;1128;3;149,99
2024-06-15 12:41:54;5639;1128;4;150,99
2024-06-15 12:41:57;5640;1128;5;151,85
2024-06-15 12:42:00;5641;1129;1;152,68
2024-06-15 12:42:03;5642;1129;2;150,66
2024-06-15 12:42:06;5643;1129;3;147,25
2024-06-15 12:42:09;5644;1129;4;153,54
2024-06-15 12:42:12;5645;1129;5;152,64
2024-06-15 12:42:15;5646;1130;1;148,89
2024-06-15 12:42:18;5647;1130;2;150,59
2024-06-15 12:42:21;5648;1130;3;153,85
2024-06-15 12:42:24;5649;1130;4;153,67
2024-06-15 12:42:27;5650;1130;5;152,91
2024-06-15 12:42:30;5651;1131;1;151,24
2024-06-15 12:42:33;5652;1131;2;151,62
2024-06-15 12:42:36;5653;1131;3;151,3
2024-06-15 12:42:39;5654;1131;4;153,19
2024-06-15 12:42:42;5655;1131;5;150,19
2024-06-15 12:42:45;5656;1132;1;150,29
2024-06-15 12:42:48;5657;1132;2;153,02
2024-06-15 12:42:51;5658;1132;3;151,43
2024-06-15 12:42:54;5659;1132;4;153,57
2024-06-15 12:42:57;5660;1132;5;150,49
2024-06-15 12:43:00;5661;1133;1;151,42
2024-06-15 12:43:03;5662;1133;2;150,12
2024-06-15 12:43:06;5663;1133;3;151,51
2024-06-15 12:43:09;5664;1133;4;149,28
2024-06-15 12:43:12;5665;1133;5;150,77
2024-06-15 12:43:15;5666;1134;1;149,35
2024-06-15 12:43:18;5667;1134;2;152,54
2024-06-15 12:43:21;5668;1134;3;152,57
2024-06-15 12:43:24;5669;1134;4;148,9
2024-06-15 12:43:27;5670;1134;5;153,5
2024-06-15 12:43:30;5671;1135;1;155,25
2024-06-15 12:43:33;5672;1135;2;151,57
2024-06-15 12:43:36;5673;1135;3;150,54
2024-06-15 12:43:39;5674;1135;4;155,74
2024-06-15 12:43:42;5675;1135;5;149,52
2024-06-15 12:43:45;5676;1136;1;151,53
2024-06-15 12:43:48;5677;1136;2;151,77
2024-06-15 12:43:51;5678;1136;3;153,52
2024-06-15 12:43:54;5679;1136;4;152,04
2024-06-15 12:43:57;5680;1136;5;150,75
2024-06-15 12:44:00;5681;1137;1;150,07
2024-06-15 12:44:03;5682;1137;2;150,99
2024-06-15 12:44:06;5683;1137;3;149,99
2024-06-15 12:44:09;5684;1137;4;151,57
2024-06-15 12:44:12;5685;1137;5;150,65
2024-06-15 12:44:15;5686;1138;1;149,26
2024-06-15 12:44:18;5687;1138;2;153,38
2024-06-15 12:44:21;5688;1138;3;150,75
2024-06-15 12:44:24;5689;1138;4;149,6
2024-06-15 12:44:27;5690;1138;5;151,25
2024-06-15 12:44:30;5691;1139;1;151,6
2024-06-15 12:44:33;5692;1139;2;148,88
2024-06-15 12:44:36;5693;1139;3;152,0
2024-06-15 12:44:39;5694;1139;4;149,93
2024-06-15 12:44:42;5695;1139;5;154,07
2024-06-15 12:44:45;5696;1140;1;152,29
2024-06-15 12:44:48;5697;1140;2;150,9
2024-06-15 12:44:51;5698;1140;3;150,38
2024-06-15 12:44:54;5699;1140;4;151,34
2024-06-15 12:44:57;5700;1140;5;152,42
2024-06-15 12:45:00;5701;1141;1;151,46
2024-06-15 12:45:03;5702;1141;2;151,17
2024-06-15 12:45:06;5703;1141;3;151,59
2024-06-15 12:45:09;5704;1141;4;150,59
2024-06-15 12:45:12;5705;1141;5;150,99
2024-06-15 12:45:15;5706;1142;1;148,37
2024-06-15 12:45:18;5707;1142;2;152,96
2024-06-15 12:45:21;5708;1142;3;151,95
2024-06-15 12:45:24;5709;1142;4;150,34
2024-06-15 12:45:27;5710;1142;5;154,35
2024-06-15 12:45:30;5711;1143;1;151,63
2024-06-15 12:45:33;5712;1143;2;149,95
2024-06-15 12:45:36;5713;1143;3;152,79
2024-06-15 12:45:39;5714;1143;4;152,1
2024-06-15 12:45:42;5715;1143;5;152,09
2024-06-15 12:45:45;5716;1144;1;150,86
2024-06-15 12:45:48;5717;1144;2;152,18
2024-06-15 12:45:51;5718;1144;3;151,11
2024-06-15 12:45:54;5719;1144;4;152,33
2024-06-15 12:45:57;5720;1144;5;148,64
2024-06-15 12:46:00;5721;1145;1;150,85
2024-06-15 12:46:03;5722;1145;2;154,08
2024-06-15 12:46:06;5723;1145;3;150,35
2024-06-15 12:46:09;5724;1145;4;150,59
2024-06-15 12:46:12;5725;1145;5;150,83
2024-06-15 12:46:15;5726;1146;1;149,68
2024-06-15 12:46:18;5727;1146;2;148,19
2024-06-15 12:46:21;5728;1146;3;151,15
2024-06-15 12:46:24;5729;1146;4;151,7
2024-06-15 12:46:27;5730;1146;5;151,42
2024-06-15 12:46:30;5731;1147;1;151,28
2024-06-15 12:46:33;5732;1147;2;151,56
2024-06-15 12:46:36;5733;1147;3;153,03
2024-06-15 12:46:39;5734;1147;4;151,21
2024-06-15 12:46:42;5735;1147;5;150,64
2024-06-15 12:46:45;5736;1148;1;151,08
2024-06-15 12:46:48;5737;1148;2;152,37
2024-06-15 12:46:51;5738;1148;3;153,62
2024-06-15 12:46:54;5739;1148;4;150,56
2024-06-15 12:46:57;5740;1148;5;151,65
2024-06-15 12:47:00;5741;1149;1;152,01
2024-06-15 12:47:03;5742;1149;2;150,01
2024-06-15 12:47:06;5743;1149;3;151,53
2024-06-15 12:47:09;5744;1149;4;149,3
2024-06-15 12:47:12;5745;1149;5;148,85
2024-06-15 12:47:15;5746;1150;1;152,05
2024-06-15 12:47:18;5747;1150;2;150,92
2024-06-15 12:47:21;5748;1150;3;151,8
2024-06-15 12:47:24;5749;1150;4;151,47
2024-06-15 12:47:27;5750;1150;5;150,04
2024-06-15 12:47:30;5751;1151;1;151,43
2024-06-15 12:47:33;5752;1151;2;149,65
2024-06-15 12:47:36;5753;1151;3;153,59
2024-06-15 12:47:39;5754;1151;4;149,47
2024-06-15 12:47:42;5755;1151;5;151,21
2024-06-15 12:47:45;5756;1152;1;149,94
2024-06-15 12:47:48;5757;1152;2;152,36
2024-06-15 12:47:51;5758;1152;3;151,0
2024-06-15 12:47:54;5759;1152;4;150,72
2024-06-15 12:47:57;5760;1152;5;152,78
2024-06-15 12:48:00;5761;1153;1;151,54
2024-06-15 12:48:03;5762;1153;2;152,27
2024-06-15 12:48:06;5763;1153;3;150,03
2024-06-15 12:48:09;5764;1153;4;149,39
2024-06-15 12:48:12;5765;1153;5;151,66
2024-06-15 12:48:15;5766;1154;1;151,02
2024-06-15 12:48:18;5767;1154;2;152,44
2024-06-15 12:48:21;5768;1154;3;151,38
2024-06-15 12:48:24;5769;1154;4;151,81
2024-06-15 12:48:27;5770;1154;5;149,06
2024-06-15 12:48:30;5771;1155;1;154,33
2024-06-15 12:48:33;5772;1155;2;151,25
2024-06-15 12:48:36;5773;1155;3;152,55
2024-06-15 12:48:39;5774;1155;4;150,25
2024-06-15 12:48:42;5775;1155;5;151,96
2024-06-15 12:48:45;5776;1156;1;149,55
2024-06-15 12:48:48;5777;1156;2;152,18
2024-06-15 12:48:51;5778;1156;3;150,97
2024-06-15 12:48:54;5779;1156;4;151,54
2024-06-15 12:48:57;5780;1156;5;152,55
2024-06-15 12:49:00;5781;1157;1;149,65
2024-06-15 12:49:03;5782;1157;2;150,47
2024-06-15 12:49:06;5783;1157;3;152,19
2024-06-15 12:49:09;5784;1157;4;154,65
2024-06-15 12:49:12;5785;1157;5;151,29
2024-06-15 12:49:15;5786;1158;1;152,39
2024-06-15 12:49:18;5787;1158;2;151,34
2024-06-15 12:49:21;5788;1158;3;154,41
2024-06-15 12:49:24;5789;1158;4;148,88
2024-06-15 12:49:27;5790;1158;5;151,64
2024-06-15 12:49:30;5791;1159;1;149,06
2024-06-15 12:49:33;5792;1159;2;147,74
2024-06-15 12:49:36;5793;1159;3;151,95
2024-06-15 12:49:39;5794;1159;4;151,71
2024-06-15 12:49:42;5795;1159;5;151,07
2024-06-15 12:49:45;5796;1160;1;151,34
2024-06-15 12:49:48;5797;1160;2;156,15
2024-06-15 12:49:51;5798;1160;3;151,11
2024-06-15 12:49:54;5799;1160;4;152,27
2024-06-15 12:49:57;5800;1160;5;150,53
2024-06-15 12:50:00;5801;1161;1;151,94
2024-06-15 12:50:03;5802;1161;2;151,14
2024-06-15 12:50:06;5803;1161;3;150,88
2024-06-15 12:50:09;5804;1161;4;154,23
2024-06-15 12:50:12;5805;1161;5;153,27
2024-06-15 12:50:15;5806;1162;1;151,71
2024-06-15 12:50:18;5807;1162;2;148,04
2024-06-15 12:50:21;5808;1162;3;150,96
2024-06-15 12:50:24;5809;1162;4;155,55
2024-06-15 12:50:27;5810;1162;5;151,15
2024-06-15 12:50:30;5811;1163;1;153,15
2024-06-15 12:50:33;5812;1163;2;153,66
2024-06-15 12:50:36;5813;1163;3;151,83
2024-06-15 12:50:39;5814;1163;4;150,24
2024-06-15 12:50:42;5815;1163;5;147,85
2024-06-15 12:50:45;5816;1164;1;152,53
2024-06-15 12:50:48;5817;1164;2;150,28
2024-06-15 12:50:51;5818;1164;3;151,76
2024-06-15 12:50:54;5819;1164;4;149,63
2024-06-15 12:50:57;5820;1164;5;151,1
2024-06-15 12:51:00;5821;1165;1;151,55
2024-06-15 12:51:03;5822;1165;2;151,9
2024-06-15 12:51:06;5823;1165;3;149,83
2024-06-15 12:51:09;5824;1165;4;153,3
2024-06-15 12:51:12;5825;1165;5;150,6
2024-06-15 12:51:15;5826;1166;1;148,99
2024-06-15 12:51:18;5827;1166;2;151,34
2024-06-15 12:51:21;5828;1166;3;151,55
2024-06-15 12:51:24;5829;1166;4;151,74
2024-06-15 12:51:27;5830;1166;5;153,54
2024-06-15 12:51:30;5831;1167;1;151,15
2024-06-15 12:51:33;5832;1167;2;151,32
2024-06-15 12:51:36;5833;1167;3;149,85
2024-06-15 12:51:39;5834;1167;4;152,73
2024-06-15 12:51:42;5835;1167;5;151,78
2024-06-15 12:51:45;5836;1168;1;150,87
2024-06-15 12:51:48;5837;1168;2;148,64
2024-06-15 12:51:51;5838;1168;3;153,67
2024-06-15 12:51:54;5839;1168;4;149,66
2024-06-15 12:51:57;5840;1168;5;150,61
2024-06-15 12:52:00;5841;1169;1;152,04
2024-06-15 12:52:03;5842;1169;2;149,71
2024-06-15 12:52:06;5843;1169;3;149,26
2024-06-15 12:52:09;5844;1169;4;148,31
2024-06-15 12:52:12;5845;1169;5;152,58
2024-06-15 12:52:15;5846;1170;1;150,68
2024-06-15 12:52:18;5847;1170;2;155,89
2024-06-15 12:52:21;5848;1170;3;150,01
2024-06-15 12:52:24;5849;1170;4;150,12
2024-06-15 12:52:27;5850;1170;5;150,65
2024-06-15 12:52:30;5851;1171;1;151,86
2024-06-15 12:52:33;5852;1171;2;150,79
2024-06-15 12:52:36;5853;1171;3;152,42
2024-06-15 12:52:39;5854;1171;4;150,03
2024-06-15 12:52:42;5855;1171;5;149,43
2024-06-15 12:52:45;5856;1172;1;148,8
2024-06-15 12:52:48;5857;1172;2;148,16
2024-06-15 12:52:51;5858;1172;3;150,72
2024-06-15 12:52:54;5859;1172;4;151,05
2024-06-15 12:52:57;5860;1172;5;150,55
2024-06-15 12:53:00;5861;1173;1;153,37
2024-06-15 12:53:03;5862;1173;2;153,34
2024-06-15 12:53:06;5863;1173;3;151,0
2024-06-15 12:53:09;5864;1173;4;148,81
2024-06-15 12:53:12;5865;1173;5;150,65
2024-06-15 12:53:15;5866;1174;1;150,6
2024-06-15 12:53:18;5867;1174;2;150,51
2024-06-15 12:53:21;5868;1174;3;150,45
2024-06-15 12:53:24;5869;1174;4;150,52
2024-06-15 12:53:27;5870;1174;5;150,92
2024-06-15 12:53:30;5871;1175;1;150,55
2024-06-15 12:53:33;5872;1175;2;151,81
2024-06-15 12:53:36;5873;1175;3;152,04
2024-06-15 12:53:39;5874;1175;4;150,13
2024-06-15 12:53:42;5875;1175;5;153,41
2024-06-15 12:53:45;5876;1176;1;150,03
2024-06-15 12:53:48;5877;1176;2;149,07
2024-06-15 12:53:51;5878;1176;3;152,07
2024-06-15 12:53:54;5879;1176;4;150,27
2024-06-15 12:53:57;5880;1176;5;151,98
2024-06-15 12:54:00;5881;1177;1;147,89
2024-06-15 12:54:03;5882;1177;2;153,59
2024-06-15 12:54:06;5883;1177;3;152,51
2024-06-15 12:54:09;5884;1177;4;149,25
2024-06-15 12:54:12;5885;1177;5;149,28
2024-06-15 12:54:15;5886;1178;1;154,01
2024-06-15 12:54:18;5887;1178;2;150,39
2024-06-15 12:54:21;5888;1178;3;150,25
2024-06-15 12:54:24;5889;1178;4;148,1
2024-06-15 12:54:27;5890;1178;5;150,97
2024-06-15 12:54:30;5891;1179;1;151,16
2024-06-15 12:54:33;5892;1179;2;152,57
2024-06-15 12:54:36;5893;1179;3;149,4
2024-06-15 12:54:39;5894;1179;4;149,22
2024-06-15 12:54:42;5895;1179;5;152,18
2024-06-15 12:54:45;5896;1180;1;153,01
2024-06-15 12:54:48;5897;1180;2;149,14
2024-06-15 12:54:51;5898;1180;3;153,12
2024-06-15 12:54:54;5899;1180;4;151,56
2024-06-15 12:54:57;5900;1180;5;153,14
2024-06-15 12:55:00;5901;1181;1;151,39
2024-06-15 12:55:03;5902;1181;2;147,72
2024-06-15 12:55:06;5903;1181;3;151,27
2024-06-15 12:55:09;5904;1181;4;153,09
2024-06-15 12:55:12;5905;1181;5;150,16
2024-06-15 12:55:15;5906;1182;1;150,92
2024-06-15 12:55:18;5907;1182;2;151,24
2024-06-15 12:55:21;5908;1182;3;147,15
2024-06-15 12:55:24;5909;1182;4;154,01
2024-06-15 12:55:27;5910;1182;5;150,15
2024-06-15 12:55:30;5911;1183;1;152,26
2024-06-15 12:55:33;5912;1183;2;151,37
2024-06-15 12:55:36;5913;1183;3;153,39
2024-06-15 12:55:39;5914;1183;4;152,11
2024-06-15 12:55:42;5915;1183;5;151,15
2024-06-15 12:55:45;5916;1184;1;150,16
2024-06-15 12:55:48;5917;1184;2;152,7
2024-06-15 12:55:51;5918;1184;3;148,69
2024-06-15 12:55:54;5919;1184;4;152,47
2024-06-15 12:55:57;5920;1184;5;149,85
2024-06-15 12:56:00;5921;1185;1;153,38
2024-06-15 12:56:03;5922;1185;2;151,74
2024-06-15 12:56:06;5923;1185;3;152,47
2024-06-15 12:56:09;5924;1185;4;151,62
2024-06-15 12:56:12;5925;1185;5;148,87
2024-06-15 12:56:15;5926;1186;1;150,21
2024-06-15 12:56:18;5927;1186;2;152,51
2024-06-15 12:56:21;5928;1186;3;151,75
2024-06-15 12:56:24;5929;1186;4;153,27
2024-06-15 12:56:27;5930;1186;5;152,1
2024-06-15 12:56:30;5931;1187;1;150,05
2024-06-15 12:56:33;5932;1187;2;150,31
2024-06-15 12:56:36;5933;1187;3;151,65
2024-06-15 12:56:39;5934;1187;4;148,03
2024-06-15 12:56:42;5935;1187;5;154,01
2024-06-15 12:56:45;5936;1188;1;152,16
2024-06-15 12:56:48;5937;1188;2;153,34
2024-06-15 12:56:51;5938;1188;3;149,13
2024-06-15 12:56:54;5939;1188;4;153,37
2024-06-15 12:56:57;5940;1188;5;154,85
2024-06-15 12:57:00;5941;1189;1;149,52
2024-06-15 12:57:03;5942;1189;2;152,66
2024-06-15 12:57:06;5943;1189;3;151,5
2024-06-15 12:57:09;5944;1189;4;149,18
2024-06-15 12:57:12;5945;1189;5;152,24
2024-06-15 12:57:15;5946;1190;1;152,75
2024-06-15 12:57:18;5947;1190;2;150,6
2024-06-15 12:57:21;5948;1190;3;153,25
2024-06-15 12:57:24;5949;1190;4;149,0
2024-06-15 12:57:27;5950;1190;5;149,26
2024-06-15 12:57:30;5951;1191;1;151,7
2024-06-15 12:57:33;5952;1191;2;151,54
2024-06-15 12:57:36;5953;1191;3;150,43
2024-06-15 12:57:39;5954;1191;4;152,71
2024-06-15 12:57:42;5955;1191;5;152,3
2024-06-15 12:57:45;5956;1192;1;152,79
2024-06-15 12:57:48;5957;1192;2;151,32
2024-06-15 12:57:51;5958;1192;3;152,4
2024-06-15 12:57:54;5959;1192;4;150,83
2024-06-15 12:57:57;5960;1192;5;154,58
2024-06-15 12:58:00;5961;1193;1;150,28
2024-06-15 12:58:03;5962;1193;2;154,66
2024-06-15 12:58:06;5963;1193;3;151,55
2024-06-15 12:58:09;5964;1193;4;149,44
2024-06-15 12:58:12;5965;1193;5;153,55
2024-06-15 12:58:15;5966;1194;1;151,69
2024-06-15 12:58:18;5967;1194;2;152,78
2024-06-15 12:58:21;5968;1194;3;153,34
2024-06-15 12:58:24;5969;1194;4;152,01
2024-06-15 12:58:27;5970;1194;5;150,61
2024-06-15 12:58:30;5971;1195;1;152,96
2024-06-15 12:58:33;5972;1195;2;151,5
2024-06-15 12:58:36;5973;1195;3;152,53
2024-06-15 12:58:39;5974;1195;4;148,27
2024-06-15 12:58:42;5975;1195;5;152,17
2024-06-15 12:58:45;5976;1196;1;150,54
2024-06-15 12:58:48;5977;1196;2;153,98
2024-06-15 12:58:51;5978;1196;3;152,43
2024-06-15 12:58:54;5979;1196;4;151,86
2024-06-15 12:58:57;5980;1196;5;152,23
2024-06-15 12:59:00;5981;1197;1;150,0
2024-06-15 12:59:03;5982;1197;2;153,93
2024-06-15 12:59:06;5983;1197;3;154,49
2024-06-15 12:59:09;5984;1197;4;152,09
2024-06-15 12:59:12;5985;1197;5;153,89
2024-06-15 12:59:15;5986;1198;1;150,65
2024-06-15 12:59:18;5987;1198;2;150,3
2024-06-15 12:59:21;5988;1198;3;151,56
2024-06-15 12:59:24;5989;1198;4;152,15
2024-06-15 12:59:27;5990;1198;5;150,91
2024-06-15 12:59:30;5991;1199;1;152,31
2024-06-15 12:59:33;5992;1199;2;151,96
2024-06-15 12:59:36;5993;1199;3;150,0
2024-06-15 12:59:39;5994;1199;4;152,28
2024-06-15 12:59:42;5995;1199;5;152,8
2024-06-15 12:59:45;5996;1200;1;151,76
2024-06-15 12:59:48;5997;1200;2;153,23
2024-06-15 12:59:51;5998;1200;3;149,67
2024-06-15 12:59:54;5999;1200;4;152,2
2024-06-15 12:59:57;6000;1200;5;149,74
2024-06-15 13:00:00;6001;1201;1;149,83
2024-06-15 13:00:03;6002;1201;2;150,55
2024-06-15 13:00:06;6003;1201;3;150,09
2024-06-15 13:00:09;6004;1201;4;150,68
2024-06-15 13:00:12;6005;1201;5;151,18
2024-06-15 13:00:15;6006;1202;1;152,76
2024-06-15 13:00:18;6007;1202;2;151,02
2024-06-15 13:00:21;6008;1202;3;149,12
2024-06-15 13:00:24;6009;1202;4;153,21
2024-06-15 13:00:27;6010;1202;5;150,24
2024-06-15 13:00:30;6011;1203;1;151,41
2024-06-15 13:00:33;6012;1203;2;152,17
2024-06-15 13:00:36;6013;1203;3;151,8
2024-06-15 13:00:39;6014;1203;4;153,14
2024-06-15 13:00:42;6015;1203;5;152,22
2024-06-15 13:00:45;6016;1204;1;150,21
2024-06-15 13:00:48;6017;1204;2;154,77
2024-06-15 13:00:51;6018;1204;3;151,79
2024-06-15 13:00:54;6019;1204;4;151,28
2024-06-15 13:00:57;6020;1204;5;152,95
2024-06-15 13:01:00;6021;1205;1;151,87
2024-06-15 13:01:03;6022;1205;2;152,1
2024-06-15 13:01:06;6023;1205;3;155,24
2024-06-15 13:01:09;6024;1205;4;151,09
2024-06-15 13:01:12;6025;1205;5;151,02
2024-06-15 13:01:15;6026;1206;1;151,67
2024-06-15 13:01:18;6027;1206;2;153,11
2024-06-15 13:01:21;6028;1206;3;149,24
2024-06-15 13:01:24;6029;1206;4;148,55
2024-06-15 13:01:27;6030;1206;5;150,62
2024-06-15 13:01:30;6031;1207;1;149,05
2024-06-15 13:01:33;6032;1207;2;150,86
2024-06-15 13:01:36;6033;1207;3;152,25
2024-06-15 13:01:39;6034;1207;4;150,16
2024-06-15 13:01:42;6035;1207;5;149,36
2024-06-15 13:01:45;6036;1208;1;151,6
2024-06-15 13:01:48;6037;1208;2;152,79
2024-06-15 13:01:51;6038;1208;3;148,96
2024-06-15 13:01:54;6039;1208;4;152,73
2024-06-15 13:01:57;6040;1208;5;152,73
2024-06-15 13:02:00;6041;1209;1;152,93
2024-06-15 13:02:03;6042;1209;2;153,33
2024-06-15 13:02:06;6043;1209;3;154,8
2024-06-15 13:02:09;6044;1209;4;150,97
2024-06-15 13:02:12;6045;1209;5;151,66
2024-06-15 13:02:15;6046;1210;1;150,88
2024-06-15 13:02:18;6047;1210;2;151,5
2024-06-15 13:02:21;6048;1210;3;153,8
2024-06-15 13:02:24;6049;1210;4;149,48
2024-06-15 13:02:27;6050;1210;5;150,21
2024-06-15 13:02:30;6051;1211;1;153,57
2024-06-15 13:02:33;6052;1211;2;153,03
2024-06-15 13:02:36;6053;1211;3;150,96
2024-06-15 13:02:39;6054;1211;4;152,78
2024-06-15 13:02:42;6055;1211;5;152,01
2024-06-15 13:02:45;6056;1212;1;153,75
2024-06-15 13:02:48;6057;1212;2;151,61
2024-06-15 13:02:51;6058;1212;3;153,04
2024-06-15 13:02:54;6059;1212;4;155,46
2024-06-15 13:02:57;6060;1212;5;152,4
2024-06-15 13:03:00;6061;1213;1;151,57
2024-06-15 13:03:03;6062;1213;2;152,58
2024-06-15 13:03:06;6063;1213;3;150,95
2024-06-15 13:03:09;6064;1213;4;155,08
2024-06-15 13:03:12;6065;1213;5;151,77
2024-06-15 13:03:15;6066;1214;1;151,09
2024-06-15 13:03:18;6067;1214;2;150,25
2024-06-15 13:03:21;6068;1214;3;153,15
2024-06-15 13:03:24;6069;1214;4;152,8
2024-06-15 13:03:27;6070;1214;5;150,75
2024-06-15 13:03:30;6071;1215;1;152,36
2024-06-15 13:03:33;6072;1215;2;149,24
2024-06-15 13:03:36;6073;1215;3;151,78
2024-06-15 13:03:39;6074;1215;4;152,18
2024-06-15 13:03:42;6075;1215;5;154,06
2024-06-15 13:03:45;6076;1216;1;150,34
2024-06-15 13:03:48;6077;1216;2;149,58
2024-06-15 13:03:51;6078;1216;3;150,16
2024-06-15 13:03:54;6079;1216;4;149,5
2024-06-15 13:03:57;6080;1216;5;153,5
2024-06-15 13:04:00;6081;1217;1;153,82
2024-06-15 13:04:03;6082;1217;2;151,98
2024-06-15 13:04:06;6083;1217;3;153,33
2024-06-15 13:04:09;6084;1217;4;151,7
2024-06-15 13:04:12;6085;1217;5;151,36
2024-06-15 13:04:15;6086;1218;1;151,0
2024-06-15 13:04:18;6087;1218;2;151,03
2024-06-15 13:04:21;6088;1218;3;149,18
2024-06-15 13:04:24;6089;1218;4;151,9
2024-06-15 13:04:27;6090;1218;5;151,44
2024-06-15 13:04:30;6091;1219;1;152,62
2024-06-15 13:04:33;6092;1219;2;151,64
2024-06-15 13:04:36;6093;1219;3;151,26
2024-06-15 13:04:39;6094;1219;4;150,19
2024-06-15 13:04:42;6095;1219;5;151,61
2024-06-15 13:04:45;6096;1220;1;152,61
2024-06-15 13:04:48;6097;1220;2;149,78
2024-06-15 13:04:51;6098;1220;3;151,63
2024-06-15 13:04:54;6099;1220;4;151,85
2024-06-15 13:04:57;6100;1220;5;150,42
2024-06-15 13:05:00;6101;1221;1;150,62
2024-06-15 13:05:03;6102;1221;2;151,85
2024-06-15 13:05:06;6103;1221;3;149,8
2024-06-15 13:05:09;6104;1221;4;152,02
2024-06-15 13:05:12;6105;1221;5;150,16
2024-06-15 13:05:15;6106;1222;1;153,09
2024-06-15 13:05:18;6107;1222;2;155,01
2024-06-15 13:05:21;6108;1222;3;150,21
2024-06-15 13:05:24;6109;1222;4;152,3
2024-06-15 13:05:27;6110;1222;5;150,41
2024-06-15 13:05:30;6111;1223;1;153,06
2024-06-15 13:05:33;6112;1223;2;149,6
2024-06-15 13:05:36;6113;1223;3;152,22
2024-06-15 13:05:39;6114;1223;4;150,19
2024-06-15 13:05:42;6115;1223;5;151,19
2024-06-15 13:05:45;6116;1224;1;149,95
2024-06-15 13:05:48;6117;1224;2;152,73
2024-06-15 13:05:51;6118;1224;3;150,24
2024-06-15 13:05:54;6119;1224;4;152,33
2024-06-15 13:05:57;6120;1224;5;150,98
2024-06-15 13:06:00;6121;1225;1;151,33
2024-06-15 13:06:03;6122;1225;2;151,72
2024-06-15 13:06:06;6123;1225;3;150,36
2024-06-15 13:06:09;6124;1225;4;151,82
2024-06-15 13:06:12;6125;1225;5;153,8
2024-06-15 13:06:15;6126;1226;1;150,33
2024-06-15 13:06:18;6127;1226;2;153,26
2024-06-15 13:06:21;6128;1226;3;153,75
2024-06-15 13:06:24;6129;1226;4;150,28
2024-06-15 13:06:27;6130;1226;5;149,32
2024-06-15 13:06:30;6131;1227;1;151,95
2024-06-15 13:06:33;6132;1227;2;150,68
2024-06-15 13:06:36;6133;1227;3;154,3
2024-06-15 13:06:39;6134;1227;4;151,55
2024-06-15 13:06:42;6135;1227;5;150,3
2024-06-15 13:06:45;6136;1228;1;149,78
2024-06-15 13:06:48;6137;1228;2;153,13
2024-06-15 13:06:51;6138;1228;3;150,64
2024-06-15 13:06:54;6139;1228;4;151,57
2024-06-15 13:06:57;6140;1228;5;152,93
2024-06-15 13:07:00;6141;1229;1;150,77
2024-06-15 13:07:03;6142;1229;2;151,43
2024-06-15 13:07:06;6143;1229;3;151,48
2024-06-15 13:07:09;6144;1229;4;152,52
2024-06-15 13:07:12;6145;1229;5;152,39
2024-06-15 13:07:15;6146;1230;1;151,17
2024-06-15 13:07:18;6147;1230;2;151,6
2024-06-15 13:07:21;6148;1230;3;150,94
2024-06-15 13:07:24;6149;1230;4;149,28
2024-06-15 13:07:27;6150;1230;5;151,89
2024-06-15 13:07:30;6151;1231;1;154,34
2024-06-15 13:07:33;6152;1231;2;150,17
2024-06-15 13:07:36;6153;1231;3;150,34
2024-06-15 13:07:39;6154;1231;4;150,19
2024-06-15 13:07:42;6155;1231;5;152,59
2024-06-15 13:07:45;6156;1232;1;152,17
2024-06-15 13:07:48;6157;1232;2;151,26
2024-06-15 13:07:51;6158;1232;3;150,12
2024-06-15 13:07:54;6159;1232;4;151,64
2024-06-15 13:07:57;6160;1232;5;149,15
2024-06-15 13:08:00;6161;1233;1;151,72
2024-06-15 13:08:03;6162;1233;2;152,81
2024-06-15 13:08:06;6163;1233;3;149,62
2024-06-15 13:08:09;6164;1233;4;149,2
2024-06-15 13:08:12;6165;1233;5;153,87
2024-06-15 13:08:15;6166;1234;1;150,58
2024-06-15 13:08:18;6167;1234;2;153,2
2024-06-15 13:08:21;6168;1234;3;151,27
2024-06-15 13:08:24;6169;1234;4;151,26
2024-06-15 13:08:27;6170;1234;5;152,16
2024-06-15 13:08:30;6171;1235;1;150,17
2024-06-15 13:08:33;6172;1235;2;151,7
2024-06-15 13:08:36;6173;1235;3;150,93
2024-06-15 13:08:39;6174;1235;4;149,52
2024-06-15 13:08:42;6175;1235;5;152,01
2024-06-15 13:08:45;6176;1236;1;151,11
2024-06-15 13:08:48;6177;1236;2;151,26
2024-06-15 13:08:51;6178;1236;3;149,68
2024-06-15 13:08:54;6179;1236;4;153,89
2024-06-15 13:08:57;6180;1236;5;152,82
2024-06-15 13:09:00;6181;1237;1;152,95
2024-06-15 13:09:03;6182;1237;2;151,04
2024-06-15 13:09:06;6183;1237;3;148,91
2024-06-15 13:09:09;6184;1237;4;154,43
2024-06-15 13:09:12;6185;1237;5;151,41
2024-06-15 13:09:15;6186;1238;1;150,38
2024-06-15 13:09:18;6187;1238;2;152,13
2024-06-15 13:09:21;6188;1238;3;153,25
2024-06-15 13:09:24;6189;1238;4;151,47
2024-06-15 13:09:27;6190;1238;5;153,42
2024-06-15 13:09:30;6191;1239;1;153,12
2024-06-15 13:09:33;6192;1239;2;149,89
2024-06-15 13:09:36;6193;1239;3;150,49
2024-06-15 13:09:39;6194;1239;4;152,94
2024-06-15 13:09:42;6195;1239;5;147,43
2024-06-15 13:09:45;6196;1240;1;151,28
2024-06-15 13:09:48;6197;1240;2;149,35
2024-06-15 13:09:51;6198;1240;3;150,79
2024-06-15 13:09:54;6199;1240;4;151,05
2024-06-15 13:09:57;6200;1240;5;150,96
2024-06-15 13:10:00;6201;1241;1;150,67
2024-06-15 13:10:03;6202;1241;2;149,85
2024-06-15 13:10:06;6203;1241;3;154,94
2024-06-15 13:10:09;6204;1241;4;154,3
2024-06-15 13:10:12;6205;1241;5;149,76
2024-06-15 13:10:15;6206;1242;1;153,87
2024-06-15 13:10:18;6207;1242;2;150,9
2024-06-15 13:10:21;6208;1242;3;151,69
2024-06-15 13:10:24;6209;1242;4;151,41
2024-06-15 13:10:27;6210;1242;5;150,51
2024-06-15 13:10:30;6211;1243;1;152,98
2024-06-15 13:10:33;6212;1243;2;151,69
2024-06-15 13:10:36;6213;1243;3;150,79
2024-06-15 13:10:39;6214;1243;4;149,54
2024-06-15 13:10:42;6215;1243;5;150,16
2024-06-15 13:10:45;6216;1244;1;149,04
2024-06-15 13:10:48;6217;1244;2;151,52
2024-06-15 13:10:51;6218;1244;3;149,71
2024-06-15 13:10:54;6219;1244;4;151,1
2024-06-15 13:10:57;6220;1244;5;153,56
2024-06-15 13:11:00;6221;1245;1;153,3
2024-06-15 13:11:03;6222;1245;2;151,45
2024-06-15 13:11:06;6223;1245;3;151,37
2024-06-15 13:11:09;6224;1245;4;154,32
2024-06-15 13:11:12;6225;1245;5;152,28
2024-06-15 13:11:15;6226;1246;1;151,01
2024-06-15 13:11:18;6227;1246;2;149,36
2024-06-15 13:11:21;6228;1246;3;152,09
2024-06-15 13:11:24;6229;1246;4;152,74
2024-06-15 13:11:27;6230;1246;5;150,55
2024-06-15 13:11:30;6231;1247;1;151,94
2024-06-15 13:11:33;6232;1247;2;150,95
2024-06-15 13:11:36;6233;1247;3;151,22
2024-06-15 13:11:39;6234;1247;4;147,77
2024-06-15 13:11:42;6235;1247;5;151,17
2024-06-15 13:11:45;6236;1248;1;152,95
2024-06-15 13:11:48;6237;1248;2;150,55
2024-06-15 13:11:51;6238;1248;3;151,58
2024-06-15 13:11:54;6239;1248;4;150,37
2024-06-15 13:11:57;6240;1248;5;152,04
2024-06-15 13:12:00;6241;1249;1;151,18
2024-06-15 13:12:03;6242;1249;2;150,09
2024-06-15 13:12:06;6243;1249;3;153,5
2024-06-15 13:12:09;6244;1249;4;152,89
2024-06-15 13:12:12;6245;1249;5;150,59
2024-06-15 13:12:15;6246;1250;1;152,25
2024-06-15 13:12:18;6247;1250;2;152,31
2024-06-15 13:12:21;6248;1250;3;152,46
2024-06-15 13:12:24;6249;1250;4;148,96
2024-06-15 13:12:27;6250;1250;5;153,01
2024-06-15 13:12:30;6251;1251;1;150,65
2024-06-15 13:12:33;6252;1251;2;150,96
2024-06-15 13:12:36;6253;1251;3;155,46
2024-06-15 13:12:39;6254;1251;4;151,95
2024-06-15 13:12:42;6255;1251;5;150,92
2024-06-15 13:12:45;6256;1252;1;148,19
2024-06-15 13:12:48;6257;1252;2;153,58
2024-06-15 13:12:51;6258;1252;3;149,48
2024-06-15 13:12:54;6259;1252;4;149,99
2024-06-15 13:12:57;6260;1252;5;151,0
2024-06-15 13:13:00;6261;1253;1;153,62
2024-06-15 13:13:03;6262;1253;2;152,66
2024-06-15 13:13:06;6263;1253;3;151,26
2024-06-15 13:13:09;6264;1253;4;151,96
2024-06-15 13:13:12;6265;1253;5;150,6
2024-06-15 13:13:15;6266;1254;1;151,71
2024-06-15 13:13:18;6267;1254;2;151,61
2024-06-15 13:13:21;6268;1254;3;152,95
2024-06-15 13:13:24;6269;1254;4;152,95
2024-06-15 13:13:27;6270;1254;5;152,24
2024-06-15 13:13:30;6271;1255;1;150,96
2024-06-15 13:13:33;6272;1255;2;152,61
2024-06-15 13:13:36;6273;1255;3;151,36
2024-06-15 13:13:39;6274;1255;4;149,88
2024-06-15 13:13:42;6275;1255;5;150,9
2024-06-15 13:13:45;6276;1256;1;151,63
2024-06-15 13:13:48;6277;1256;2;152,87
2024-06-15 13:13:51;6278;1256;3;151,22
2024-06-15 13:13:54;6279;1256;4;149,69
2024-06-15 13:13:57;6280;1256;5;151,59
2024-06-15 13:14:00;6281;1257;1;151,67
2024-06-15 13:14:03;6282;1257;2;151,78
2024-06-15 13:14:06;6283;1257;3;152,88
2024-06-15 13:14:09;6284;1257;4;153,03
2024-06-15 13:14:12;6285;1257;5;150,61
2024-06-15 13:14:15;6286;1258;1;150,58
2024-06-15 13:14:18;6287;1258;2;149,94
2024-06-15 13:14:21;6288;1258;3;152,55
2024-06-15 13:14:24;6289;1258;4;153,67
2024-06-15 13:14:27;6290;1258;5;151,03
2024-06-15 13:14:30;6291;1259;1;151,14
2024-06-15 13:14:33;6292;1259;2;153,7
2024-06-15 13:14:36;6293;1259;3;152,26
2024-06-15 13:14:39;6294;1259;4;152,15
2024-06-15 13:14:42;6295;1259;5;149,71
2024-06-15 13:14:45;6296;1260;1;152,52
2024-06-15 13:14:48;6297;1260;2;150,11
2024-06-15 13:14:51;6298;1260;3;149,8
2024-06-15 13:14:54;6299;1260;4;150,98
2024-06-15 13:14:57;6300;1260;5;150,62
2024-06-15 13:15:00;6301;1261;1;151,17
2024-06-15 13:15:03;6302;1261;2;149,34
2024-06-15 13:15:06;6303;1261;3;152,94
2024-06-15 13:15:09;6304;1261;4;153,19
2024-06-15 13:15:12;6305;1261;5;148,58
2024-06-15 13:15:15;6306;1262;1;152,97
2024-06-15 13:15:18;6307;1262;2;150,28
2024-06-15 13:15:21;6308;1262;3;152,79
2024-06-15 13:15:24;6309;1262;4;151,4
2024-06-15 13:15:27;6310;1262;5;151,54
2024-06-15 13:15:30;6311;1263;1;151,22
2024-06-15 13:15:33;6312;1263;2;153,32
2024-06-15 13:15:36;6313;1263;3;149,64
2024-06-15 13:15:39;6314;1263;4;152,41
2024-06-15 13:15:42;6315;1263;5;153,15
2024-06-15 13:15:45;6316;1264;1;152,57
2024-06-15 13:15:48;6317;1264;2;154,99
2024-06-15 13:15:51;6318;1264;3;150,71
2024-06-15 13:15:54;6319;1264;4;152,94
2024-06-15 13:15:57;6320;1264;5;151,34
2024-06-15 13:16:00;6321;1265;1;153,35
2024-06-15 13:16:03;6322;1265;2;151,49
2024-06-15 13:16:06;6323;1265;3;150,92
2024-06-15 13:16:09;6324;1265;4;153,46
2024-06-15 13:16:12;6325;1265;5;150,76
2024-06-15 13:16:15;6326;1266;1;149,38
2024-06-15 13:16:18;6327;1266;2;150,72
2024-06-15 13:16:21;6328;1266;3;152,43
2024-06-15 13:16:24;6329;1266;4;153,59
2024-06-15 13:16:27;6330;1266;5;151,67
2024-06-15 13:16:30;6331;1267;1;153,48
2024-06-15 13:16:33;6332;1267;2;149,46
2024-06-15 13:16:36;6333;1267;3;150,84
2024-06-15 13:16:39;6334;1267;4;151,07
2024-06-15 13:16:42;6335;1267;5;151,33
2024-06-15 13:16:45;6336;1268;1;151,63
2024-06-15 13:16:48;6337;1268;2;152,54
2024-06-15 13:16:51;6338;1268;3;150,83
2024-06-15 13:16:54;6339;1268;4;151,71
2024-06-15 13:16:57;6340;1268;5;151,43
2024-06-15 13:17:00;6341;1269;1;150,11
2024-06-15 13:17:03;6342;1269;2;151,33
2024-06-15 13:17:06;6343;1269;3;151,28
2024-06-15 13:17:09;6344;1269;4;151,25
2024-06-15 13:17:12;6345;1269;5;151,55
2024-06-15 13:17:15;6346;1270;1;151,61
2024-06-15 13:17:18;6347;1270;2;150,85
2024-06-15 13:17:21;6348;1270;3;153,41
2024-06-15 13:17:24;6349;1270;4;149,75
2024-06-15 13:17:27;6350;1270;5;150,42
2024-06-15 13:17:30;6351;1271;1;155,67
2024-06-15 13:17:33;6352;1271;2;149,94
2024-06-15 13:17:36;6353;1271;3;149,47
2024-06-15 13:17:39;6354;1271;4;152,6
2024-06-15 13:17:42;6355;1271;5;148,38
2024-06-15 13:17:45;6356;1272;1;151,15
2024-06-15 13:17:48;6357;1272;2;154,72
2024-06-15 13:17:51;6358;1272;3;149,18
2024-06-15 13:17:54;6359;1272;4;148,53
2024-06-15 13:17:57;6360;1272;5;149,25
2024-06-15 13:18:00;6361;1273;1;152,85
2024-06-15 13:18:03;6362;1273;2;153,19
2024-06-15 13:18:06;6363;1273;3;150,73
2024-06-15 13:18:09;6364;1273;4;152,52
2024-06-15 13:18:12;6365;1273;5;153,59
2024-06-15 13:18:15;6366;1274;1;154,18
2024-06-15 13:18:18;6367;1274;2;151,13
2024-06-15 13:18:21;6368;1274;3;148,05
2024-06-15 13:18:24;6369;1274;4;150,27
2024-06-15 13:18:27;6370;1274;5;150,86
2024-06-15 13:18:30;6371;1275;1;151,11
2024-06-15 13:18:33;6372;1275;2;151,22
2024-06-15 13:18:36;6373;1275;3;153,18
2024-06-15 13:18:39;6374;1275;4;153,41
2024-06-15 13:18:42;6375;1275;5;151,24
2024-06-15 13:18:45;6376;1276;1;153,15
2024-06-15 13:18:48;6377;1276;2;152,04
2024-06-15 13:18:51;6378;1276;3;151,6
2024-06-15 13:18:54;6379;1276;4;152,86
2024-06-15 13:18:57;6380;1276;5;151,61
2024-06-15 13:19:00;6381;1277;1;154,59
2024-06-15 13:19:03;6382;1277;2;149,34
2024-06-15 13:19:06;6383;1277;3;150,73
2024-06-15 13:19:09;6384;1277;4;151,31
2024-06-15 13:19:12;6385;1277;5;152,16
2024-06-15 13:19:15;6386;1278;1;153,4
2024-06-15 13:19:18;6387;1278;2;151,46
2024-06-15 13:19:21;6388;1278;3;149,37
2024-06-15 13:19:24;6389;1278;4;152,76
2024-06-15 13:19:27;6390;1278;5;152,63
2024-06-15 13:19:30;6391;1279;1;148,59
2024-06-15 13:19:33;6392;1279;2;151,49
2024-06-15 13:19:36;6393;1279;3;149,11
2024-06-15 13:19:39;6394;1279;4;150,5
2024-06-15 13:19:42;6395;1279;5;150,15
2024-06-15 13:19:45;6396;1280;1;152,71
2024-06-15 13:19:48;6397;1280;2;151,68
2024-06-15 13:19:51;6398;1280;3;149,57
2024-06-15 13:19:54;6399;1280;4;152,82
2024-06-15 13:19:57;6400;1280;5;149,35
2024-06-15 13:20:00;6401;1281;1;152,0
2024-06-15 13:20:03;6402;1281;2;150,28
2024-06-15 13:20:06;6403;1281;3;150,95
2024-06-15 13:20:09;6404;1281;4;152,26
2024-06-15 13:20:12;6405;1281;5;152,28
2024-06-15 13:20:15;6406;1282;1;153,51
2024-06-15 13:20:18;6407;1282;2;151,38
2024-06-15 13:20:21;6408;1282;3;151,96
2024-06-15 13:20:24;6409;1282;4;150,84
2024-06-15 13:20:27;6410;1282;5;151,77
2024-06-15 13:20:30;6411;1283;1;152,16
2024-06-15 13:20:33;6412;1283;2;151,35
2024-06-15 13:20:36;6413;1283;3;148,79
2024-06-15 13:20:39;6414;1283;4;152,0
2024-06-15 13:20:42;6415;1283;5;152,05
2024-06-15 13:20:45;6416;1284;1;150,48
2024-06-15 13:20:48;6417;1284;2;149,57
2024-06-15 13:20:51;6418;1284;3;153,71
2024-06-15 13:20:54;6419;1284;4;152,24
2024-06-15 13:20:57;6420;1284;5;151,16
2024-06-15 13:21:00;6421;1285;1;149,79
2024-06-15 13:21:03;6422;1285;2;150,27
2024-06-15 13:21:06;6423;1285;3;153,45
2024-06-15 13:21:09;6424;1285;4;151,71
2024-06-15 13:21:12;6425;1285;5;150,67
2024-06-15 13:21:15;6426;1286;1;152,26
2024-06-15 13:21:18;6427;1286;2;150,28
2024-06-15 13:21:21;6428;1286;3;153,75
2024-06-15 13:21:24;6429;1286;4;153,53
2024-06-15 13:21:27;6430;1286;5;150,8
2024-06-15 13:21:30;6431;1287;1;150,56
2024-06-15 13:21:33;6432;1287;2;147,57
2024-06-15 13:21:36;6433;1287;3;149,28
2024-06-15 13:21:39;6434;1287;4;149,49
2024-06-15 13:21:42;6435;1287;5;151,7
2024-06-15 13:21:45;6436;1288;1;151,01
2024-06-15 13:21:48;6437;1288;2;149,48
2024-06-15 13:21:51;6438;1288;3;151,08
2024-06-15 13:21:54;6439;1288;4;152,26
2024-06-15 13:21:57;6440;1288;5;152,29
2024-06-15 13:22:00;6441;1289;1;148,65
2024-06-15 13:22:03;6442;1289;2;151,31
2024-06-15 13:22:06;6443;1289;3;149,42
2024-06-15 13:22:09;6444;1289;4;152,85
2024-06-15 13:22:12;6445;1289;5;152,68
2024-06-15 13:22:15;6446;1290;1;150,15
2024-06-15 13:22:18;6447;1290;2;150,35
2024-06-15 13:22:21;6448;1290;3;150,81
2024-06-15 13:22:24;6449;1290;4;148,12
2024-06-15 13:22:27;6450;1290;5;152,0
2024-06-15 13:22:30;6451;1291;1;151,09
2024-06-15 13:22:33;6452;1291;2;152,96
2024-06-15 13:22:36;6453;1291;3;149,85
2024-06-15 13:22:39;6454;1291;4;150,57
2024-06-15 13:22:42;6455;1291;5;149,24
2024-06-15 13:22:45;6456;1292;1;149,99
2024-06-15 13:22:48;6457;1292;2;149,73
2024-06-15 13:22:51;6458;1292;3;152,99
2024-06-15 13:22:54;6459;1292;4;150,45
2024-06-15 13:22:57;6460;1292;5;151,69
2024-06-15 13:23:00;6461;1293;1;150,93
2024-06-15 13:23:03;6462;1293;2;149,6
2024-06-15 13:23:06;6463;1293;3;151,25
2024-06-15 13:23:09;6464;1293;4;152,4
2024-06-15 13:23:12;6465;1293;5;149,69
2024-06-15 13:23:15;6466;1294;1;152,71
2024-06-15 13:23:18;6467;1294;2;150,23
2024-06-15 13:23:21;6468;1294;3;150,78
2024-06-15 13:23:24;6469;1294;4;152,3
2024-06-15 13:23:27;6470;1294;5;150,5
2024-06-15 13:23:30;6471;1295;1;151,56
2024-06-15 13:23:33;6472;1295;2;151,03
2024-06-15 13:23:36;6473;1295;3;151,69
2024-06-15 13:23:39;6474;1295;4;147,93
2024-06-15 13:23:42;6475;1295;5;148,76
2024-06-15 13:23:45;6476;1296;1;152,42
2024-06-15 13:23:48;6477;1296;2;153,06
2024-06-15 13:23:51;6478;1296;3;150,13
2024-06-15 13:23:54;6479;1296;4;151,13
2024-06-15 13:23:57;6480;1296;5;151,94
2024-06-15 13:24:00;6481;1297;1;152,54
2024-06-15 13:24:03;6482;1297;2;148,46
2024-06-15 13:24:06;6483;1297;3;150,17
2024-06-15 13:24:09;6484;1297;4;151,0
2024-06-15 13:24:12;6485;1297;5;152,55
2024-06-15 13:24:15;6486;1298;1;155,25
2024-06-15 13:24:18;6487;1298;2;151,16
2024-06-15 13:24:21;6488;1298;3;149,39
2024-06-15 13:24:24;6489;1298;4;152,1
2024-06-15 13:24:27;6490;1298;5;153,48
2024-06-15 13:24:30;6491;1299;1;151,66
2024-06-15 13:24:33;6492;1299;2;150,14
2024-06-15 13:24:36;6493;1299;3;152,94
2024-06-15 13:24:39;6494;1299;4;152,5
2024-06-15 13:24:42;6495;1299;5;149,96
2024-06-15 13:24:45;6496;1300;1;152,07
2024-06-15 13:24:48;6497;1300;2;153,0
2024-06-15 13:24:51;6498;1300;3;153,27
2024-06-15 13:24:54;6499;1300;4;151,4
2024-06-15 13:24:57;6500;1300;5;150,96
2024-06-15 13:25:00;6501;1301;1;153,34
2024-06-15 13:25:03;6502;1301;2;149,68
2024-06-15 13:25:06;6503;1301;3;152,16
2024-06-15 13:25:09;6504;1301;4;149,44
2024-06-15 13:25:12;6505;1301;5;153,1
2024-06-15 13:25:15;6506;1302;1;151,11
2024-06-15 13:25:18;6507;1302;2;153,4
2024-06-15 13:25:21;6508;1302;3;152,24
2024-06-15 13:25:24;6509;1302;4;149,67
2024-06-15 13:25:27;6510;1302;5;153,64
2024-06-15 13:25:30;6511;1303;1;153,83
2024-06-15 13:25:33;6512;1303;2;152,82
2024-06-15 13:25:36;6513;1303;3;150,36
2024-06-15 13:25:39;6514;1303;4;151,04
2024-06-15 13:25:42;6515;1303;5;151,72
2024-06-15 13:25:45;6516;1304;1;150,44
2024-06-15 13:25:48;6517;1304;2;154,04
2024-06-15 13:25:51;6518;1304;3;151,72
2024-06-15 13:25:54;6519;1304;4;147,44
2024-06-15 13:25:57;6520;1304;5;152,01
2024-06-15 13:26:00;6521;1305;1;150,98
2024-06-15 13:26:03;6522;1305;2;151,39
2024-06-15 13:26:06;6523;1305;3;150,95
2024-06-15 13:26:09;6524;1305;4;152,71
2024-06-15 13:26:12;6525;1305;5;153,18
2024-06-15 13:26:15;6526;1306;1;151,92
2024-06-15 13:26:18;6527;1306;2;150,99
2024-06-15 13:26:21;6528;1306;3;151,44
2024-06-15 13:26:24;6529;1306;4;151,53
2024-06-15 13:26:27;6530;1306;5;150,3
2024-06-15 13:26:30;6531;1307;1;152,37
2024-06-15 13:26:33;6532;1307;2;152,19
2024-06-15 13:26:36;6533;1307;3;153,81
2024-06-15 13:26:39;6534;1307;4;153,38
2024-06-15 13:26:42;6535;1307;5;150,47
2024-06-15 13:26:45;6536;1308;1;152,73
2024-06-15 13:26:48;6537;1308;2;150,07
2024-06-15 13:26:51;6538;1308;3;152,54
2024-06-15 13:26:54;6539;1308;4;150,73
2024-06-15 13:26:57;6540;1308;5;149,97
2024-06-15 13:27:00;6541;1309;1;151,92
2024-06-15 13:27:03;6542;1309;2;147,49
2024-06-15 13:27:06;6543;1309;3;148,87
2024-06-15 13:27:09;6544;1309;4;151,23
2024-06-15 13:27:12;6545;1309;5;151,62
2024-06-15 13:27:15;6546;1310;1;150,95
2024-06-15 13:27:18;6547;1310;2;149,13
2024-06-15 13:27:21;6548;1310;3;150,27
2024-06-15 13:27:24;6549;1310;4;152,09
2024-06-15 13:27:27;6550;1310;5;152,37
2024-06-15 13:27:30;6551;1311;1;151,48
2024-06-15 13:27:33;6552;1311;2;153,24
2024-06-15 13:27:36;6553;1311;3;152,1
2024-06-15 13:27:39;6554;1311;4;150,38
2024-06-15 13:27:42;6555;1311;5;151,08
2024-06-15 13:27:45;6556;1312;1;149,4
2024-06-15 13:27:48;6557;1312;2;151,34
2024-06-15 13:27:51;6558;1312;3;153,17
2024-06-15 13:27:54;6559;1312;4;152,53
2024-06-15 13:27:57;6560;1312;5;153,6
2024-06-15 13:28:00;6561;1313;1;151,05
2024-06-15 13:28:03;6562;1313;2;153,52
2024-06-15 13:28:06;6563;1313;3;151,21
2024-06-15 13:28:09;6564;1313;4;153,71
2024-06-15 13:28:12;6565;1313;5;151,47
2024-06-15 13:28:15;6566;1314;1;152,56
2024-06-15 13:28:18;6567;1314;2;153,71
2024-06-15 13:28:21;6568;1314;3;151,21
2024-06-15 13:28:24;6569;1314;4;151,83
2024-06-15 13:28:27;6570;1314;5;153,43
2024-06-15 13:28:30;6571;1315;1;151,3
2024-06-15 13:28:33;6572;1315;2;149,52
2024-06-15 13:28:36;6573;1315;3;154,71
2024-06-15 13:28:39;6574;1315;4;150,8
2024-06-15 13:28:42;6575;1315;5;151,74
2024-06-15 13:28:45;6576;1316;1;153,23
2024-06-15 13:28:48;6577;1316;2;150,59
2024-06-15 13:28:51;6578;1316;3;149,99
2024-06-15 13:28:54;6579;1316;4;151,88
2024-06-15 13:28:57;6580;1316;5;148,81
2024-06-15 13:29:00;6581;1317;1;151,07
2024-06-15 13:29:03;6582;1317;2;151,87
2024-06-15 13:29:06;6583;1317;3;151,1
2024-06-15 13:29:09;6584;1317;4;149,18
2024-06-15 13:29:12;6585;1317;5;153,89
2024-06-15 13:29:15;6586;1318;1;151,66
2024-06-15 13:29:18;6587;1318;2;153,65
2024-06-15 13:29:21;6588;1318;3;151,11
2024-06-15 13:29:24;6589;1318;4;150,18
2024-06-15 13:29:27;6590;1318;5;151,9
2024-06-15 13:29:30;6591;1319;1;151,18
2024-06-15 13:29:33;6592;1319;2;149,73
2024-06-15 13:29:36;6593;1319;3;153,7
2024-06-15 13:29:39;6594;1319;4;150,57
2024-06-15 13:29:42;6595;1319;5;148,74
2024-06-15 13:29:45;6596;1320;1;153,49
2024-06-15 13:29:48;6597;1320;2;150,74
2024-06-15 13:29:51;6598;1320;3;150,59
2024-06-15 13:29:54;6599;1320;4;148,85
2024-06-15 13:29:57;6600;1320;5;154,11
2024-06-15 13:30:00;6601;1321;1;149,57
2024-06-15 13:30:03;6602;1321;2;151,59
2024-06-15 13:30:06;6603;1321;3;152,87
2024-06-15 13:30:09;6604;1321;4;152,13
2024-06-15 13:30:12;6605;1321;5;151,41
2024-06-15 13:30:15;6606;1322;1;148,95
2024-06-15 13:30:18;6607;1322;2;150,29
2024-06-15 13:30:21;6608;1322;3;151,78
2024-06-15 13:30:24;6609;1322;4;150,32
2024-06-15 13:30:27;6610;1322;5;151,81
2024-06-15 13:30:30;6611;1323;1;152,52
2024-06-15 13:30:33;6612;1323;2;152,94
2024-06-15 13:30:36;6613;1323;3;149,66
2024-06-15 13:30:39;6614;1323;4;154,79
2024-06-15 13:30:42;6615;1323;5;152,65
2024-06-15 13:30:45;6616;1324;1;151,5
2024-06-15 13:30:48;6617;1324;2;153,13
2024-06-15 13:30:51;6618;1324;3;155,05
2024-06-15 13:30:54;6619;1324;4;149,34
2024-06-15 13:30:57;6620;1324;5;151,16
2024-06-15 13:31:00;6621;1325;1;147,93
2024-06-15 13:31:03;6622;1325;2;151,79
2024-06-15 13:31:06;6623;1325;3;152,05
2024-06-15 13:31:09;6624;1325;4;151,44
2024-06-15 13:31:12;6625;1325;5;150,52
2024-06-15 13:31:15;6626;1326;1;148,43
2024-06-15 13:31:18;6627;1326;2;152,06
2024-06-15 13:31:21;6628;1326;3;153,68
2024-06-15 13:31:24;6629;1326;4;150,61
2024-06-15 13:31:27;6630;1326;5;152,16
2024-06-15 13:31:30;6631;1327;1;149,15
2024-06-15 13:31:33;6632;1327;2;152,19
2024-06-15 13:31:36;6633;1327;3;150,91
2024-06-15 13:31:39;6634;1327;4;150,36
2024-06-15 13:31:42;6635;1327;5;150,36
2024-06-15 13:31:45;6636;1328;1;150,91
2024-06-15 13:31:48;6637;1328;2;152,07
2024-06-15 13:31:51;6638;1328;3;149,53
2024-06-15 13:31:54;6639;1328;4;150,9
2024-06-15 13:31:57;6640;1328;5;151,44
2024-06-15 13:32:00;6641;1329;1;149,85
2024-06-15 13:32:03;6642;1329;2;154,19
2024-06-15 13:32:06;6643;1329;3;150,22
2024-06-15 13:32:09;6644;1329;4;150,5
2024-06-15 13:32:12;6645;1329;5;150,03
2024-06-15 13:32:15;6646;1330;1;154,2
2024-06-15 13:32:18;6647;1330;2;152,33
2024-06-15 13:32:21;6648;1330;3;150,1
2024-06-15 13:32:24;6649;1330;4;153,16
2024-06-15 13:32:27;6650;1330;5;151,8
2024-06-15 13:32:30;6651;1331;1;151,89
2024-06-15 13:32:33;6652;1331;2;150,98
2024-06-15 13:32:36;6653;1331;3;150,38
2024-06-15 13:32:39;6654;1331;4;152,01
2024-06-15 13:32:42;6655;1331;5;150,68
2024-06-15 13:32:45;6656;1332;1;154,23
2024-06-15 13:32:48;6657;1332;2;149,6
2024-06-15 13:32:51;6658;1332;3;153,8
2024-06-15 13:32:54;6659;1332;4;151,33
2024-06-15 13:32:57;6660;1332;5;151,95
2024-06-15 13:33:00;6661;1333;1;152,75
2024-06-15 13:33:03;6662;1333;2;150,55
2024-06-15 13:33:06;6663;1333;3;152,8
2024-06-15 13:33:09;6664;1333;4;147,44
2024-06-15 13:33:12;6665;1333;5;150,42
2024-06-15 13:33:15;6666;1334;1;150,11
2024-06-15 13:33:18;6667;1334;2;149,62
2024-06-15 13:33:21;6668;1334;3;151,18
2024-06-15 13:33:24;6669;1334;4;152,08
2024-06-15 13:33:27;6670;1334;5;152,55
2024-06-15 13:33:30;6671;1335;1;151,86
2024-06-15 13:33:33;6672;1335;2;150,5
2024-06-15 13:33:36;6673;1335;3;152,05
2024-06-15 13:33:39;6674;1335;4;151,69
2024-06-15 13:33:42;6675;1335;5;152,9
2024-06-15 13:33:45;6676;1336;1;152,67
2024-06-15 13:33:48;6677;1336;2;151,55
2024-06-15 13:33:51;6678;1336;3;150,15
2024-06-15 13:33:54;6679;1336;4;150,52
2024-06-15 13:33:57;6680;1336;5;150,68
2024-06-15 13:34:00;6681;1337;1;151,03
2024-06-15 13:34:03;6682;1337;2;151,9
2024-06-15 13:34:06;6683;1337;3;152,57
2024-06-15 13:34:09;6684;1337;4;151,42
2024-06-15 13:34:12;6685;1337;5;151,52
2024-06-15 13:34:15;6686;1338;1;151,71
2024-06-15 13:34:18;6687;1338;2;150,73
2024-06-15 13:34:21;6688;1338;3;150,11
2024-06-15 13:34:24;6689;1338;4;148,87
2024-06-15 13:34:27;6690;1338;5;150,46
2024-06-15 13:34:30;6691;1339;1;152,21
2024-06-15 13:34:33;6692;1339;2;150,45
2024-06-15 13:34:36;6693;1339;3;151,14
2024-06-15 13:34:39;6694;1339;4;152,2
2024-06-15 13:34:42;6695;1339;5;152,28
2024-06-15 13:34:45;6696;1340;1;149,88
2024-06-15 13:34:48;6697;1340;2;153,0
2024-06-15 13:34:51;6698;1340;3;153,19
2024-06-15 13:34:54;6699;1340;4;149,81
2024-06-15 13:34:57;6700;1340;5;150,26
2024-06-15 13:35:00;6701;1341;1;153,29
2024-06-15 13:35:03;6702;1341;2;151,28
2024-06-15 13:35:06;6703;1341;3;148,17
2024-06-15 13:35:09;6704;1341;4;149,4
2024-06-15 13:35:12;6705;1341;5;151,13
2024-06-15 13:35:15;6706;1342;1;149,76
2024-06-15 13:35:18;6707;1342;2;150,88
2024-06-15 13:35:21;6708;1342;3;151,55
2024-06-15 13:35:24;6709;1342;4;153,69
2024-06-15 13:35:27;6710;1342;5;151,06
2024-06-15 13:35:30;6711;1343;1;153,11
2024-06-15 13:35:33;6712;1343;2;153,64
2024-06-15 13:35:36;6713;1343;3;153,65
2024-06-15 13:35:39;6714;1343;4;151,93
2024-06-15 13:35:42;6715;1343;5;148,56
2024-06-15 13:35:45;6716;1344;1;152,19
2024-06-15 13:35:48;6717;1344;2;153,07
2024-06-15 13:35:51;6718;1344;3;151,38
2024-06-15 13:35:54;6719;1344;4;154,12
2024-06-15 13:35:57;6720;1344;5;152,79
2024-06-15 13:36:00;6721;1345;1;152,35
2024-06-15 13:36:03;6722;1345;2;153,13
2024-06-15 13:36:06;6723;1345;3;152,0
2024-06-15 13:36:09;6724;1345;4;147,76
2024-06-15 13:36:12;6725;1345;5;150,75
2024-06-15 13:36:15;6726;1346;1;153,3
2024-06-15 13:36:18;6727;1346;2;150,29
2024-06-15 13:36:21;6728;1346;3;151,16
2024-06-15 13:36:24;6729;1346;4;149,93
2024-06-15 13:36:27;6730;1346;5;154,18
2024-06-15 13:36:30;6731;1347;1;154,02
2024-06-15 13:36:33;6732;1347;2;150,17
2024-06-15 13:36:36;6733;1347;3;151,72
2024-06-15 13:36:39;6734;1347;4;150,48
2024-06-15 13:36:42;6735;1347;5;152,42
2024-06-15 13:36:45;6736;1348;1;152,26
2024-06-15 13:36:48;6737;1348;2;152,72
2024-06-15 13:36:51;6738;1348;3;152,0
2024-06-15 13:36:54;6739;1348;4;155,9
2024-06-15 13:36:57;6740;1348;5;149,96
2024-06-15 13:37:00;6741;1349;1;148,93
2024-06-15 13:37:03;6742;1349;2;150,91
2024-06-15 13:37:06;6743;1349;3;149,15
2024-06-15 13:37:09;6744;1349;4;149,26
2024-06-15 13:37:12;6745;1349;5;150,0
2024-06-15 13:37:15;6746;1350;1;150,12
2024-06-15 13:37:18;6747;1350;2;150,07
2024-06-15 13:37:21;6748;1350;3;152,28
2024-06-15 13:37:24;6749;1350;4;150,74
2024-06-15 13:37:27;6750;1350;5;151,23
2024-06-15 13:37:30;6751;1351;1;152,84
2024-06-15 13:37:33;6752;1351;2;150,35
2024-06-15 13:37:36;6753;1351;3;151,1
2024-06-15 13:37:39;6754;1351;4;152,05
2024-06-15 13:37:42;6755;1351;5;148,59
2024-06-15 13:37:45;6756;1352;1;147,92
2024-06-15 13:37:48;6757;1352;2;152,02
2024-06-15 13:37:51;6758;1352;3;152,24
2024-06-15 13:37:54;6759;1352;4;154,6
2024-06-15 13:37:57;6760;1352;5;151,74
2024-06-15 13:38:00;6761;1353;1;152,73
2024-06-15 13:38:03;6762;1353;2;151,21
2024-06-15 13:38:06;6763;1353;3;151,95
2024-06-15 13:38:09;6764;1353;4;154,0
2024-06-15 13:38:12;6765;1353;5;148,31
2024-06-15 13:38:15;6766;1354;1;152,12
2024-06-15 13:38:18;6767;1354;2;154,7
2024-06-15 13:38:21;6768;1354;3;151,92
2024-06-15 13:38:24;6769;1354;4;153,98
2024-06-15 13:38:27;6770;1354;5;150,56
2024-06-15 13:38:30;6771;1355;1;151,45
2024-06-15 13:38:33;6772;1355;2;151,55
2024-06-15 13:38:36;6773;1355;3;148,17
2024-06-15 13:38:39;6774;1355;4;149,75
2024-06-15 13:38:42;6775;1355;5;149,85
2024-06-15 13:38:45;6776;1356;1;152,73
2024-06-15 13:38:48;6777;1356;2;152,81
2024-06-15 13:38:51;6778;1356;3;151,99
2024-06-15 13:38:54;6779;1356;4;152,74
2024-06-15 13:38:57;6780;1356;5;151,25
2024-06-15 13:39:00;6781;1357;1;153,3
2024-06-15 13:39:03;6782;1357;2;151,51
2024-06-15 13:39:06;6783;1357;3;151,59
2024-06-15 13:39:09;6784;1357;4;151,1
2024-06-15 13:39:12;6785;1357;5;152,53
2024-06-15 13:39:15;6786;1358;1;150,87
2024-06-15 13:39:18;6787;1358;2;152,96
2024-06-15 13:39:21;6788;1358;3;149,8
2024-06-15 13:39:24;6789;1358;4;149,85
2024-06-15 13:39:27;6790;1358;5;152,53
2024-06-15 13:39:30;6791;1359;1;151,37
2024-06-15 13:39:33;6792;1359;2;150,82
2024-06-15 13:39:36;6793;1359;3;152,84
2024-06-15 13:39:39;6794;1359;4;150,59
2024-06-15 13:39:42;6795;1359;5;151,2
2024-06-15 13:39:45;6796;1360;1;153,6
2024-06-15 13:39:48;6797;1360;2;153,81
2024-06-15 13:39:51;6798;1360;3;153,86
2024-06-15 13:39:54;6799;1360;4;151,08
2024-06-15 13:39:57;6800;1360;5;153,35
2024-06-15 13:40:00;6801;1361;1;150,08
2024-06-15 13:40:03;6802;1361;2;150,14
2024-06-15 13:40:06;6803;1361;3;147,97
2024-06-15 13:40:09;6804;1361;4;154,01
2024-06-15 13:40:12;6805;1361;5;150,2
2024-06-15 13:40:15;6806;1362;1;151,31
2024-06-15 13:40:18;6807;1362;2;150,13
2024-06-15 13:40:21;6808;1362;3;152,54
2024-06-15 13:40:24;6809;1362;4;150,94
2024-06-15 13:40:27;6810;1362;5;149,54
2024-06-15 13:40:30;6811;1363;1;152,16
2024-06-15 13:40:33;6812;1363;2;149,35
2024-06-15 13:40:36;6813;1363;3;150,24
2024-06-15 13:40:39;6814;1363;4;148,34
2024-06-15 13:40:42;6815;1363;5;149,36
2024-06-15 13:40:45;6816;1364;1;151,77
2024-06-15 13:40:48;6817;1364;2;148,55
2024-06-15 13:40:51;6818;1364;3;149,28
2024-06-15 13:40:54;6819;1364;4;151,5
2024-06-15 13:40:57;6820;1364;5;150,68
2024-06-15 13:41:00;6821;1365;1;154,49
2024-06-15 13:41:03;6822;1365;2;154,25
2024-06-15 13:41:06;6823;1365;3;150,2
2024-06-15 13:41:09;6824;1365;4;152,34
2024-06-15 13:41:12;6825;1365;5;152,62
2024-06-15 13:41:15;6826;1366;1;150,6
2024-06-15 13:41:18;6827;1366;2;149,26
2024-06-15 13:41:21;6828;1366;3;151,48
2024-06-15 13:41:24;6829;1366;4;151,24
2024-06-15 13:41:27;6830;1366;5;150,85
2024-06-15 13:41:30;6831;1367;1;152,16
2024-06-15 13:41:33;6832;1367;2;150,37
2024-06-15 13:41:36;6833;1367;3;149,77
2024-06-15 13:41:39;6834;1367;4;151,66
2024-06-15 13:41:42;6835;1367;5;152,08
2024-06-15 13:41:45;6836;1368;1;149,74
2024-06-15 13:41:48;6837;1368;2;152,89
2024-06-15 13:41:51;6838;1368;3;148,84
2024-06-15 13:41:54;6839;1368;4;150,63
2024-06-15 13:41:57;6840;1368;5;151,11
2024-06-15 13:42:00;6841;1369;1;150,55
2024-06-15 13:42:03;6842;1369;2;150,65
2024-06-15 13:42:06;6843;1369;3;154,31
2024-06-15 13:42:09;6844;1369;4;150,22
2024-06-15 13:42:12;6845;1369;5;155,16
2024-06-15 13:42:15;6846;1370;1;152,16
2024-06-15 13:42:18;6847;1370;2;151,64
2024-06-15 13:42:21;6848;1370;3;152,21
2024-06-15 13:42:24;6849;1370;4;155,29
2024-06-15 13:42:27;6850;1370;5;150,01
2024-06-15 13:42:30;6851;1371;1;149,82
2024-06-15 13:42:33;6852;1371;2;150,37
2024-06-15 13:42:36;6853;1371;3;151,55
2024-06-15 13:42:39;6854;1371;4;148,91
2024-06-15 13:42:42;6855;1371;5;151,53
2024-06-15 13:42:45;6856;1372;1;154,04
2024-06-15 13:42:48;6857;1372;2;151,73
2024-06-15 13:42:51;6858;1372;3;151,06
2024-06-15 13:42:54;6859;1372;4;150,57
2024-06-15 13:42:57;6860;1372;5;152,85
2024-06-15 13:43:00;6861;1373;1;150,26
2024-06-15 13:43:03;6862;1373;2;154,27
2024-06-15 13:43:06;6863;1373;3;154,4
2024-06-15 13:43:09;6864;1373;4;151,89
2024-06-15 13:43:12;6865;1373;5;151,48
2024-06-15 13:43:15;6866;1374;1;153,05
2024-06-15 13:43:18;6867;1374;2;153,14
2024-06-15 13:43:21;6868;1374;3;150,29
2024-06-15 13:43:24;6869;1374;4;150,71
2024-06-15 13:43:27;6870;1374;5;149,52
2024-06-15 13:43:30;6871;1375;1;152,11
2024-06-15 13:43:33;6872;1375;2;152,5
2024-06-15 13:43:36;6873;1375;3;149,48
2024-06-15 13:43:39;6874;1375;4;150,82
2024-06-15 13:43:42;6875;1375;5;149,48
2024-06-15 13:43:45;6876;1376;1;150,15
2024-06-15 13:43:48;6877;1376;2;152,33
2024-06-15 13:43:51;6878;1376;3;150,4
2024-06-15 13:43:54;6879;1376;4;151,05
2024-06-15 13:43:57;6880;1376;5;149,06
2024-06-15 13:44:00;6881;1377;1;151,78
2024-06-15 13:44:03;6882;1377;2;151,43
2024-06-15 13:44:06;6883;1377;3;150,41
2024-06-15 13:44:09;6884;1377;4;151,22
2024-06-15 13:44:12;6885;1377;5;151,77
2024-06-15 13:44:15;6886;1378;1;150,28
2024-06-15 13:44:18;6887;1378;2;149,29
2024-06-15 13:44:21;6888;1378;3;154,21
2024-06-15 13:44:24;6889;1378;4;150,55
2024-06-15 13:44:27;6890;1378;5;151,35
2024-06-15 13:44:30;6891;1379;1;153,02
2024-06-15 13:44:33;6892;1379;2;156,79
2024-06-15 13:44:36;6893;1379;3;149,63
2024-06-15 13:44:39;6894;1379;4;152,17
2024-06-15 13:44:42;6895;1379;5;150,44
2024-06-15 13:44:45;6896;1380;1;150,69
2024-06-15 13:44:48;6897;1380;2;150,42
2024-06-15 13:44:51;6898;1380;3;149,81
2024-06-15 13:44:54;6899;1380;4;151,44
2024-06-15 13:44:57;6900;1380;5;149,29
2024-06-15 13:45:00;6901;1381;1;152,92
2024-06-15 13:45:03;6902;1381;2;151,58
2024-06-15 13:45:06;6903;1381;3;152,13
2024-06-15 13:45:09;6904;1381;4;150,8
2024-06-15 13:45:12;6905;1381;5;150,95
2024-06-15 13:45:15;6906;1382;1;151,93
2024-06-15 13:45:18;6907;1382;2;149,75
2024-06-15 13:45:21;6908;1382;3;150,96
2024-06-15 13:45:24;6909;1382;4;150,21
2024-06-15 13:45:27;6910;1382;5;150,16
2024-06-15 13:45:30;6911;1383;1;148,34
2024-06-15 13:45:33;6912;1383;2;153,51
2024-06-15 13:45:36;6913;1383;3;150,47
2024-06-15 13:45:39;6914;1383;4;153,25
2024-06-15 13:45:42;6915;1383;5;153,1
2024-06-15 13:45:45;6916;1384;1;149,57
2024-06-15 13:45:48;6917;1384;2;149,87
2024-06-15 13:45:51;6918;1384;3;155,34
2024-06-15 13:45:54;6919;1384;4;154,13
2024-06-15 13:45:57;6920;1384;5;151,45
2024-06-15 13:46:00;6921;1385;1;151,89
2024-06-15 13:46:03;6922;1385;2;150,55
2024-06-15 13:46:06;6923;1385;3;152,15
2024-06-15 13:46:09;6924;1385;4;150,42
2024-06-15 13:46:12;6925;1385;5;148,45
2024-06-15 13:46:15;6926;1386;1;149,52
2024-06-15 13:46:18;6927;1386;2;151,53
2024-06-15 13:46:21;6928;1386;3;149,8
2024-06-15 13:46:24;6929;1386;4;151,4
2024-06-15 13:46:27;6930;1386;5;149,89
2024-06-15 13:46:30;6931;1387;1;150,33
2024-06-15 13:46:33;6932;1387;2;152,78
2024-06-15 13:46:36;6933;1387;3;151,87
2024-06-15 13:46:39;6934;1387;4;151,49
2024-06-15 13:46:42;6935;1387;5;152,82
2024-06-15 13:46:45;6936;1388;1;152,22
2024-06-15 13:46:48;6937;1388;2;153,67
2024-06-15 13:46:51;6938;1388;3;150,81
2024-06-15 13:46:54;6939;1388;4;150,86
2024-06-15 13:46:57;6940;1388;5;149,55
2024-06-15 13:47:00;6941;1389;1;150,86
2024-06-15 13:47:03;6942;1389;2;152,95
2024-06-15 13:47:06;6943;1389;3;153,45
2024-06-15 13:47:09;6944;1389;4;152,94
2024-06-15 13:47:12;6945;1389;5;148,81
2024-06-15 13:47:15;6946;1390;1;153,12
2024-06-15 13:47:18;6947;1390;2;148,74
2024-06-15 13:47:21;6948;1390;3;152,85
2024-06-15 13:47:24;6949;1390;4;150,95
2024-06-15 13:47:27;6950;1390;5;152,55
2024-06-15 13:47:30;6951;1391;1;149,5
2024-06-15 13:47:33;6952;1391;2;153,26
2024-06-15 13:47:36;6953;1391;3;149,3
2024-06-15 13:47:39;6954;1391;4;150,5
2024-06-15 13:47:42;6955;1391;5;150,0
2024-06-15 13:47:45;6956;1392;1;148,87
2024-06-15 13:47:48;6957;1392;2;151,64
2024-06-15 13:47:51;6958;1392;3;154,21
2024-06-15 13:47:54;6959;1392;4;155,5
2024-06-15 13:47:57;6960;1392;5;151,65
2024-06-15 13:48:00;6961;1393;1;153,18
2024-06-15 13:48:03;6962;1393;2;151,85
2024-06-15 13:48:06;6963;1393;3;152,25
2024-06-15 13:48:09;6964;1393;4;150,99
2024-06-15 13:48:12;6965;1393;5;151,79
2024-06-15 13:48:15;6966;1394;1;152,31
2024-06-15 13:48:18;6967;1394;2;150,63
2024-06-15 13:48:21;6968;1394;3;151,38
2024-06-15 13:48:24;6969;1394;4;151,41
2024-06-15 13:48:27;6970;1394;5;152,74
2024-06-15 13:48:30;6971;1395;1;149,9
2024-06-15 13:48:33;6972;1395;2;151,42
2024-06-15 13:48:36;6973;1395;3;154,37
2024-06-15 13:48:39;6974;1395;4;153,25
2024-06-15 13:48:42;6975;1395;5;153,52
2024-06-15 13:48:45;6976;1396;1;151,54
2024-06-15 13:48:48;6977;1396;2;151,98
2024-06-15 13:48:51;6978;1396;3;153,0
2024-06-15 13:48:54;6979;1396;4;153,84
2024-06-15 13:48:57;6980;1396;5;148,57
2024-06-15 13:49:00;6981;1397;1;149,53
2024-06-15 13:49:03;6982;1397;2;153,46
2024-06-15 13:49:06;6983;1397;3;151,08
2024-06-15 13:49:09;6984;1397;4;150,49
2024-06-15 13:49:12;6985;1397;5;149,62
2024-06-15 13:49:15;6986;1398;1;150,67
2024-06-15 13:49:18;6987;1398;2;149,4
2024-06-15 13:49:21;6988;1398;3;154,64
2024-06-15 13:49:24;6989;1398;4;151,47
2024-06-15 13:49:27;6990;1398;5;151,41
2024-06-15 13:49:30;6991;1399;1;152,38
2024-06-15 13:49:33;6992;1399;2;152,94
2024-06-15 13:49:36;6993;1399;3;152,92
2024-06-15 13:49:39;6994;1399;4;153,11
2024-06-15 13:49:42;6995;1399;5;150,55
2024-06-15 13:49:45;6996;1400;1;151,05
2024-06-15 13:49:48;6997;1400;2;152,65
2024-06-15 13:49:51;6998;1400;3;150,71
2024-06-15 13:49:54;6999;1400;4;151,49
2024-06-15 13:49:57;7000;1400;5;152,1
2024-06-15 13:50:00;7001;1401;1;152,68
2024-06-15 13:50:03;7002;1401;2;148,83
2024-06-15 13:50:06;7003;1401;3;152,57
2024-06-15 13:50:09;7004;1401;4;151,15
2024-06-15 13:50:12;7005;1401;5;152,56
2024-06-15 13:50:15;7006;1402;1;152,67
2024-06-15 13:50:18;7007;1402;2;153,91
2024-06-15 13:50:21;7008;1402;3;153,53
2024-06-15 13:50:24;7009;1402;4;153,52
2024-06-15 13:50:27;7010;1402;5;153,67
2024-06-15 13:50:30;7011;1403;1;151,94
2024-06-15 13:50:33;7012;1403;2;151,55
2024-06-15 13:50:36;7013;1403;3;152,81
2024-06-15 13:50:39;7014;1403;4;152,6
2024-06-15 13:50:42;7015;1403;5;151,04
2024-06-15 13:50:45;7016;1404;1;152,11
2024-06-15 13:50:48;7017;1404;2;151,45
2024-06-15 13:50:51;7018;1404;3;150,22
2024-06-15 13:50:54;7019;1404;4;153,44
2024-06-15 13:50:57;7020;1404;5;151,58
2024-06-15 13:51:00;7021;1405;1;154,57
2024-06-15 13:51:03;7022;1405;2;149,06
2024-06-15 13:51:06;7023;1405;3;150,66
2024-06-15 13:51:09;7024;1405;4;151,55
2024-06-15 13:51:12;7025;1405;5;153,21
2024-06-15 13:51:15;7026;1406;1;152,1
2024-06-15 13:51:18;7027;1406;2;151,97
2024-06-15 13:51:21;7028;1406;3;149,81
2024-06-15 13:51:24;7029;1406;4;149,76
2024-06-15 13:51:27;7030;1406;5;151,98
2024-06-15 13:51:30;7031;1407;1;149,45
2024-06-15 13:51:33;7032;1407;2;150,7
2024-06-15 13:51:36;7033;1407;3;152,25
2024-06-15 13:51:39;7034;1407;4;150,03
2024-06-15 13:51:42;7035;1407;5;153,91
2024-06-15 13:51:45;7036;1408;1;153,34
2024-06-15 13:51:48;7037;1408;2;149,14
2024-06-15 13:51:51;7038;1408;3;150,1
2024-06-15 13:51:54;7039;1408;4;148,07
2024-06-15 13:51:57;7040;1408;5;150,33
2024-06-15 13:52:00;7041;1409;1;152,65
2024-06-15 13:52:03;7042;1409;2;150,88
2024-06-15 13:52:06;7043;1409;3;152,19
2024-06-15 13:52:09;7044;1409;4;149,22
2024-06-15 13:52:12;7045;1409;5;152,7
2024-06-15 13:52:15;7046;1410;1;150,67
2024-06-15 13:52:18;7047;1410;2;151,52
2024-06-15 13:52:21;7048;1410;3;151,36
2024-06-15 13:52:24;7049;1410;4;149,59
2024-06-15 13:52:27;7050;1410;5;149,77
2024-06-15 13:52:30;7051;1411;1;152,95
2024-06-15 13:52:33;7052;1411;2;152,1
2024-06-15 13:52:36;7053;1411;3;153,08
2024-06-15 13:52:39;7054;1411;4;151,99
2024-06-15 13:52:42;7055;1411;5;151,71
2024-06-15 13:52:45;7056;1412;1;148,91
2024-06-15 13:52:48;7057;1412;2;151,09
2024-06-15 13:52:51;7058;1412;3;151,46
2024-06-15 13:52:54;7059;1412;4;154,43
2024-06-15 13:52:57;7060;1412;5;152,53
2024-06-15 13:53:00;7061;1413;1;153,8
2024-06-15 13:53:03;7062;1413;2;152,4
2024-06-15 13:53:06;7063;1413;3;150,43
2024-06-15 13:53:09;7064;1413;4;151,68
2024-06-15 13:53:12;7065;1413;5;151,85
2024-06-15 13:53:15;7066;1414;1;150,09
2024-06-15 13:53:18;7067;1414;2;150,92
2024-06-15 13:53:21;7068;1414;3;151,19
2024-06-15 13:53:24;7069;1414;4;153,91
2024-06-15 13:53:27;7070;1414;5;148,38
2024-06-15 13:53:30;7071;1415;1;153,31
2024-06-15 13:53:33;7072;1415;2;150,09
2024-06-15 13:53:36;7073;1415;3;149,44
2024-06-15 13:53:39;7074;1415;4;153,27
2024-06-15 13:53:42;7075;1415;5;152,6
2024-06-15 13:53:45;7076;1416;1;153,38
2024-06-15 13:53:48;7077;1416;2;152,7
2024-06-15 13:53:51;7078;1416;3;154,59
2024-06-15 13:53:54;7079;1416;4;152,34
2024-06-15 13:53:57;7080;1416;5;151,27
2024-06-15 13:54:00;7081;1417;1;152,01
2024-06-15 13:54:03;7082;1417;2;153,37
2024-06-15 13:54:06;7083;1417;3;150,33
2024-06-15 13:54:09;7084;1417;4;150,52
2024-06-15 13:54:12;7085;1417;5;151,04
2024-06-15 13:54:15;7086;1418;1;148,34
2024-06-15 13:54:18;7087;1418;2;151,71
2024-06-15 13:54:21;7088;1418;3;148,67
2024-06-15 13:54:24;7089;1418;4;151,58
2024-06-15 13:54:27;7090;1418;5;152,8
2024-06-15 13:54:30;7091;1419;1;150,78
2024-06-15 13:54:33;7092;1419;2;154,02
2024-06-15 13:54:36;7093;1419;3;149,31
2024-06-15 13:54:39;7094;1419;4;153,29
2024-06-15 13:54:42;7095;1419;5;152,51
2024-06-15 13:54:45;7096;1420;1;148,93
2024-06-15 13:54:48;7097;1420;2;155,57
2024-06-15 13:54:51;7098;1420;3;151,4
2024-06-15 13:54:54;7099;1420;4;150,18
2024-06-15 13:54:57;7100;1420;5;149,39
2024-06-15 13:55:00;7101;1421;1;151,17
2024-06-15 13:55:03;7102;1421;2;151,31
2024-06-15 13:55:06;7103;1421;3;151,65
2024-06-15 13:55:09;7104;1421;4;151,05
2024-06-15 13:55:12;7105;1421;5;152,45
2024-06-15 13:55:15;7106;1422;1;150,92
2024-06-15 13:55:18;7107;1422;2;148,6
2024-06-15 13:55:21;7108;1422;3;151,28
2024-06-15 13:55:24;7109;1422;4;147,95
2024-06-15 13:55:27;7110;1422;5;152,03
2024-06-15 13:55:30;7111;1423;1;150,03
2024-06-15 13:55:33;7112;1423;2;151,75
2024-06-15 13:55:36;7113;1423;3;153,47
2024-06-15 13:55:39;7114;1423;4;150,08
2024-06-15 13:55:42;7115;1423;5;153,09
2024-06-15 13:55:45;7116;1424;1;150,85
2024-06-15 13:55:48;7117;1424;2;154,13
2024-06-15 13:55:51;7118;1424;3;150,95
2024-06-15 13:55:54;7119;1424;4;150,24
2024-06-15 13:55:57;7120;1424;5;152,53
2024-06-15 13:56:00;7121;1425;1;150,85
2024-06-15 13:56:03;7122;1425;2;150,24
2024-06-15 13:56:06;7123;1425;3;150,78
2024-06-15 13:56:09;7124;1425;4;151,43
2024-06-15 13:56:12;7125;1425;5;153,51
2024-06-15 13:56:15;7126;1426;1;148,6
2024-06-15 13:56:18;7127;1426;2;151,53
2024-06-15 13:56:21;7128;1426;3;152,44
2024-06-15 13:56:24;7129;1426;4;151,79
2024-06-15 13:56:27;7130;1426;5;153,46
2024-06-15 13:56:30;7131;1427;1;151,39
2024-06-15 13:56:33;7132;1427;2;151,22
2024-06-15 13:56:36;7133;1427;3;152,39
2024-06-15 13:56:39;7134;1427;4;151,65
2024-06-15 13:56:42;7135;1427;5;150,91
2024-06-15 13:56:45;7136;1428;1;152,27
2024-06-15 13:56:48;7137;1428;2;150,52
2024-06-15 13:56:51;7138;1428;3;150,58
2024-06-15 13:56:54;7139;1428;4;150,71
2024-06-15 13:56:57;7140;1428;5;153,53
2024-06-15 13:57:00;7141;1429;1;146,67
2024-06-15 13:57:03;7142;1429;2;152,09
2024-06-15 13:57:06;7143;1429;3;151,55
2024-06-15 13:57:09;7144;1429;4;148,98
2024-06-15 13:57:12;7145;1429;5;151,96
2024-06-15 13:57:15;7146;1430;1;152,21
2024-06-15 13:57:18;7147;1430;2;152,38
2024-06-15 13:57:21;7148;1430;3;147,52
2024-06-15 13:57:24;7149;1430;4;153,55
2024-06-15 13:57:27;7150;1430;5;150,39
2024-06-15 13:57:30;7151;1431;1;152,53
2024-06-15 13:57:33;7152;1431;2;152,61
2024-06-15 13:57:36;7153;1431;3;150,18
2024-06-15 13:57:39;7154;1431;4;152,49
2024-06-15 13:57:42;7155;1431;5;150,92
2024-06-15 13:57:45;7156;1432;1;148,39
2024-06-15 13:57:48;7157;1432;2;153,25
2024-06-15 13:57:51;7158;1432;3;150,34
2024-06-15 13:57:54;7159;1432;4;150,22
2024-06-15 13:57:57;7160;1432;5;150,9
2024-06-15 13:58:00;7161;1433;1;151,91
2024-06-15 13:58:03;7162;1433;2;151,41
2024-06-15 13:58:06;7163;1433;3;152,32
2024-06-15 13:58:09;7164;1433;4;149,49
2024-06-15 13:58:12;7165;1433;5;150,39
2024-06-15 13:58:15;7166;1434;1;151,33
2024-06-15 13:58:18;7167;1434;2;154,35
2024-06-15 13:58:21;7168;1434;3;151,33
2024-06-15 13:58:24;7169;1434;4;153,13
2024-06-15 13:58:27;7170;1434;5;151,56
2024-06-15 13:58:30;7171;1435;1;150,77
2024-06-15 13:58:33;7172;1435;2;151,13
2024-06-15 13:58:36;7173;1435;3;151,25
2024-06-15 13:58:39;7174;1435;4;152,41
2024-06-15 13:58:42;7175;1435;5;153,56
2024-06-15 13:58:45;7176;1436;1;152,04
2024-06-15 13:58:48;7177;1436;2;153,28
2024-06-15 13:58:51;7178;1436;3;150,05
2024-06-15 13:58:54;7179;1436;4;150,88
2024-06-15 13:58:57;7180;1436;5;150,41
2024-06-15 13:59:00;7181;1437;1;151,97
2024-06-15 13:59:03;7182;1437;2;150,96
2024-06-15 13:59:06;7183;1437;3;152,59
2024-06-15 13:59:09;7184;1437;4;150,1
2024-06-15 13:59:12;7185;1437;5;151,56
2024-06-15 13:59:15;7186;1438;1;152,53
2024-06-15 13:59:18;7187;1438;2;148,4
2024-06-15 13:59:21;7188;1438;3;154,68
2024-06-15 13:59:24;7189;1438;4;151,08
2024-06-15 13:59:27;7190;1438;5;148,46
2024-06-15 13:59:30;7191;1439;1;151,74
2024-06-15 13:59:33;7192;1439;2;151,55
2024-06-15 13:59:36;7193;1439;3;151,38
2024-06-15 13:59:39;7194;1439;4;152,99
2024-06-15 13:59:42;7195;1439;5;152,62
2024-06-15 13:59:45;7196;1440;1;151,95
2024-06-15 13:59:48;7197;1440;2;152,18
2024-06-15 13:59:51;7198;1440;3;151,34
2024-06-15 13:59:54;7199;1440;4;154,16
2024-06-15 13:59:57;7200;1440;5;149,28
2024-06-15 14:00:00;7201;1441;1;151,71
2024-06-15 14:00:03;7202;1441;2;151,6
2024-06-15 14:00:06;7203;1441;3;152,72
2024-06-15 14:00:09;7204;1441;4;150,23
2024-06-15 14:00:12;7205;1441;5;148,88
2024-06-15 14:00:15;7206;1442;1;151,74
2024-06-15 14:00:18;7207;1442;2;151,92
2024-06-15 14:00:21;7208;1442;3;153,73
2024-06-15 14:00:24;7209;1442;4;149,59
2024-06-15 14:00:27;7210;1442;5;153,23
2024-06-15 14:00:30;7211;1443;1;155,05
2024-06-15 14:00:33;7212;1443;2;150,93
2024-06-15 14:00:36;7213;1443;3;149,56
2024-06-15 14:00:39;7214;1443;4;150,89
2024-06-15 14:00:42;7215;1443;5;151,52
2024-06-15 14:00:45;7216;1444;1;152,35
2024-06-15 14:00:48;7217;1444;2;150,61
2024-06-15 14:00:51;7218;1444;3;153,83
2024-06-15 14:00:54;7219;1444;4;149,83
2024-06-15 14:00:57;7220;1444;5;148,89
2024-06-15 14:01:00;7221;1445;1;153,16
2024-06-15 14:01:03;7222;1445;2;148,09
2024-06-15 14:01:06;7223;1445;3;151,19
2024-06-15 14:01:09;7224;1445;4;156,18
2024-06-15 14:01:12;7225;1445;5;151,48
2024-06-15 14:01:15;7226;1446;1;149,82
2024-06-15 14:01:18;7227;1446;2;151,41
2024-06-15 14:01:21;7228;1446;3;151,42
2024-06-15 14:01:24;7229;1446;4;151,74
2024-06-15 14:01:27;7230;1446;5;152,49
2024-06-15 14:01:30;7231;1447;1;149,94
2024-06-15 14:01:33;7232;1447;2;154,03
2024-06-15 14:01:36;7233;1447;3;151,87
2024-06-15 14:01:39;7234;1447;4;152,59
2024-06-15 14:01:42;7235;1447;5;150,56
2024-06-15 14:01:45;7236;1448;1;153,43
2024-06-15 14:01:48;7237;1448;2;151,11
2024-06-15 14:01:51;7238;1448;3;151,92
2024-06-15 14:01:54;7239;1448;4;150,1
2024-06-15 14:01:57;7240;1448;5;150,0
2024-06-15 14:02:00;7241;1449;1;152,53
2024-06-15 14:02:03;7242;1449;2;150,83
2024-06-15 14:02:06;7243;1449;3;150,22
2024-06-15 14:02:09;7244;1449;4;150,54
2024-06-15 14:02:12;7245;1449;5;152,55
2024-06-15 14:02:15;7246;1450;1;150,56
2024-06-15 14:02:18;7247;1450;2;151,32
2024-06-15 14:02:21;7248;1450;3;151,52
2024-06-15 14:02:24;7249;1450;4;148,62
2024-06-15 14:02:27;7250;1450;5;149,29
2024-06-15 14:02:30;7251;1451;1;152,0
2024-06-15 14:02:33;7252;1451;2;150,39
2024-06-15 14:02:36;7253;1451;3;153,09
2024-06-15 14:02:39;7254;1451;4;152,95
2024-06-15 14:02:42;7255;1451;5;152,58
2024-06-15 14:02:45;7256;1452;1;154,23
2024-06-15 14:02:48;7257;1452;2;151,38
2024-06-15 14:02:51;7258;1452;3;152,47
2024-06-15 14:02:54;7259;1452;4;150,62
2024-06-15 14:02:57;7260;1452;5;155,18
2024-06-15 14:03:00;7261;1453;1;154,48
2024-06-15 14:03:03;7262;1453;2;151,52
2024-06-15 14:03:06;7263;1453;3;152,08
2024-06-15 14:03:09;7264;1453;4;153,54
2024-06-15 14:03:12;7265;1453;5;151,28
2024-06-15 14:03:15;7266;1454;1;150,52
2024-06-15 14:03:18;7267;1454;2;152,81
2024-06-15 14:03:21;7268;1454;3;151,62
2024-06-15 14:03:24;7269;1454;4;151,77
2024-06-15 14:03:27;7270;1454;5;150,25
2024-06-15 14:03:30;7271;1455;1;148,92
2024-06-15 14:03:33;7272;1455;2;151,85
2024-06-15 14:03:36;7273;1455;3;152,86
2024-06-15 14:03:39;7274;1455;4;151,16
2024-06-15 14:03:42;7275;1455;5;153,65
2024-06-15 14:03:45;7276;1456;1;150,44
2024-06-15 14:03:48;7277;1456;2;149,92
2024-06-15 14:03:51;7278;1456;3;151,4
2024-06-15 14:03:54;7279;1456;4;151,38
2024-06-15 14:03:57;7280;1456;5;152,65
2024-06-15 14:04:00;7281;1457;1;150,34
2024-06-15 14:04:03;7282;1457;2;153,55
2024-06-15 14:04:06;7283;1457;3;154,45
2024-06-15 14:04:09;7284;1457;4;151,44
2024-06-15 14:04:12;7285;1457;5;153,37
2024-06-15 14:04:15;7286;1458;1;149,92
2024-06-15 14:04:18;7287;1458;2;153,11
2024-06-15 14:04:21;7288;1458;3;153,07
2024-06-15 14:04:24;7289;1458;4;152,8
2024-06-15 14:04:27;7290;1458;5;151,48
2024-06-15 14:04:30;7291;1459;1;147,07
2024-06-15 14:04:33;7292;1459;2;150,54
2024-06-15 14:04:36;7293;1459;3;150,56
2024-06-15 14:04:39;7294;1459;4;150,03
2024-06-15 14:04:42;7295;1459;5;151,68
2024-06-15 14:04:45;7296;1460;1;150,87
2024-06-15 14:04:48;7297;1460;2;150,26
2024-06-15 14:04:51;7298;1460;3;149,91
2024-06-15 14:04:54;7299;1460;4;150,43
2024-06-15 14:04:57;7300;1460;5;153,18
2024-06-15 14:05:00;7301;1461;1;150,51
2024-06-15 14:05:03;7302;1461;2;150,73
2024-06-15 14:05:06;7303;1461;3;150,81
2024-06-15 14:05:09;7304;1461;4;152,01
2024-06-15 14:05:12;7305;1461;5;152,18
2024-06-15 14:05:15;7306;1462;1;146,93
2024-06-15 14:05:18;7307;1462;2;153,03
2024-06-15 14:05:21;7308;1462;3;153,65
2024-06-15 14:05:24;7309;1462;4;149,92
2024-06-15 14:05:27;7310;1462;5;150,04
2024-06-15 14:05:30;7311;1463;1;150,82
2024-06-15 14:05:33;7312;1463;2;150,37
2024-06-15 14:05:36;7313;1463;3;151,84
2024-06-15 14:05:39;7314;1463;4;148,58
2024-06-15 14:05:42;7315;1463;5;149,82
2024-06-15 14:05:45;7316;1464;1;153,81
2024-06-15 14:05:48;7317;1464;2;150,11
2024-06-15 14:05:51;7318;1464;3;153,37
2024-06-15 14:05:54;7319;1464;4;152,03
2024-06-15 14:05:57;7320;1464;5;148,79
2024-06-15 14:06:00;7321;1465;1;152,45
2024-06-15 14:06:03;7322;1465;2;151,32
2024-06-15 14:06:06;7323;1465;3;150,82
2024-06-15 14:06:09;7324;1465;4;151,87
2024-06-15 14:06:12;7325;1465;5;152,21
2024-06-15 14:06:15;7326;1466;1;152,56
2024-06-15 14:06:18;7327;1466;2;153,27
2024-06-15 14:06:21;7328;1466;3;152,11
2024-06-15 14:06:24;7329;1466;4;149,44
2024-06-15 14:06:27;7330;1466;5;150,79
2024-06-15 14:06:30;7331;1467;1;155,91
2024-06-15 14:06:33;7332;1467;2;152,59
2024-06-15 14:06:36;7333;1467;3;155,05
2024-06-15 14:06:39;7334;1467;4;153,59
2024-06-15 14:06:42;7335;1467;5;151,86
2024-06-15 14:06:45;7336;1468;1;151,95
2024-06-15 14:06:48;7337;1468;2;151,45
2024-06-15 14:06:51;7338;1468;3;148,89
2024-06-15 14:06:54;7339;1468;4;151,53
2024-06-15 14:06:57;7340;1468;5;153,32
2024-06-15 14:07:00;7341;1469;1;150,6
2024-06-15 14:07:03;7342;1469;2;152,12
2024-06-15 14:07:06;7343;1469;3;152,78
2024-06-15 14:07:09;7344;1469;4;150,14
2024-06-15 14:07:12;7345;1469;5;150,82
2024-06-15 14:07:15;7346;1470;1;149,97
2024-06-15 14:07:18;7347;1470;2;150,27
2024-06-15 14:07:21;7348;1470;3;149,57
2024-06-15 14:07:24;7349;1470;4;150,15
2024-06-15 14:07:27;7350;1470;5;153,63
2024-06-15 14:07:30;7351;1471;1;150,13
2024-06-15 14:07:33;7352;1471;2;151,69
2024-06-15 14:07:36;7353;1471;3;150,75
2024-06-15 14:07:39;7354;1471;4;153,27
2024-06-15 14:07:42;7355;1471;5;153,47
2024-06-15 14:07:45;7356;1472;1;152,8
2024-06-15 14:07:48;7357;1472;2;151,96
2024-06-15 14:07:51;7358;1472;3;151,15
2024-06-15 14:07:54;7359;1472;4;149,71
2024-06-15 14:07:57;7360;1472;5;154,42
2024-06-15 14:08:00;7361;1473;1;150,36
2024-06-15 14:08:03;7362;1473;2;152,5
2024-06-15 14:08:06;7363;1473;3;153,09
2024-06-15 14:08:09;7364;1473;4;150,67
2024-06-15 14:08:12;7365;1473;5;153,06
2024-06-15 14:08:15;7366;1474;1;152,65
2024-06-15 14:08:18;7367;1474;2;154,09
2024-06-15 14:08:21;7368;1474;3;150,8
2024-06-15 14:08:24;7369;1474;4;149,57
2024-06-15 14:08:27;7370;1474;5;150,74
2024-06-15 14:08:30;7371;1475;1;151,81
2024-06-15 14:08:33;7372;1475;2;151,59
2024-06-15 14:08:36;7373;1475;3;150,91
2024-06-15 14:08:39;7374;1475;4;148,64
2024-06-15 14:08:42;7375;1475;5;152,21
2024-06-15 14:08:45;7376;1476;1;154,46
2024-06-15 14:08:48;7377;1476;2;152,2
2024-06-15 14:08:51;7378;1476;3;152,41
2024-06-15 14:08:54;7379;1476;4;152,36
2024-06-15 14:08:57;7380;1476;5;152,1
2024-06-15 14:09:00;7381;1477;1;152,9
2024-06-15 14:09:03;7382;1477;2;152,09
2024-06-15 14:09:06;7383;1477;3;151,03
2024-06-15 14:09:09;7384;1477;4;150,31
2024-06-15 14:09:12;7385;1477;5;151,13
2024-06-15 14:09:15;7386;1478;1;151,97
2024-06-15 14:09:18;7387;1478;2;151,03
2024-06-15 14:09:21;7388;1478;3;151,97
2024-06-15 14:09:24;7389;1478;4;152,16
2024-06-15 14:09:27;7390;1478;5;152,75
2024-06-15 14:09:30;7391;1479;1;153,42
2024-06-15 14:09:33;7392;1479;2;151,62
2024-06-15 14:09:36;7393;1479;3;149,54
2024-06-15 14:09:39;7394;1479;4;150,98
2024-06-15 14:09:42;7395;1479;5;151,57
2024-06-15 14:09:45;7396;1480;1;148,75
2024-06-15 14:09:48;7397;1480;2;153,58
2024-06-15 14:09:51;7398;1480;3;151,71
2024-06-15 14:09:54;7399;1480;4;152,07
2024-06-15 14:09:57;7400;1480;5;153,55
2024-06-15 14:10:00;7401;1481;1;150,55
2024-06-15 14:10:03;7402;1481;2;152,36
2024-06-15 14:10:06;7403;1481;3;151,34
2024-06-15 14:10:09;7404;1481;4;151,22
2024-06-15 14:10:12;7405;1481;5;150,34
2024-06-15 14:10:15;7406;1482;1;154,0
2024-06-15 14:10:18;7407;1482;2;150,94
2024-06-15 14:10:21;7408;1482;3;152,55
2024-06-15 14:10:24;7409;1482;4;148,69
2024-06-15 14:10:27;7410;1482;5;153,27
2024-06-15 14:10:30;7411;1483;1;153,08
2024-06-15 14:10:33;7412;1483;2;151,65
2024-06-15 14:10:36;7413;1483;3;151,16
2024-06-15 14:10:39;7414;1483;4;152,1
2024-06-15 14:10:42;7415;1483;5;154,93
2024-06-15 14:10:45;7416;1484;1;148,86
2024-06-15 14:10:48;7417;1484;2;152,67
2024-06-15 14:10:51;7418;1484;3;150,13
2024-06-15 14:10:54;7419;1484;4;151,47
2024-06-15 14:10:57;7420;1484;5;151,13
2024-06-15 14:11:00;7421;1485;1;150,86
2024-06-15 14:11:03;7422;1485;2;151,48
2024-06-15 14:11:06;7423;1485;3;149,8
2024-06-15 14:11:09;7424;1485;4;153,04
2024-06-15 14:11:12;7425;1485;5;148,81
2024-06-15 14:11:15;7426;1486;1;152,31
2024-06-15 14:11:18;7427;1486;2;151,01
2024-06-15 14:11:21;7428;1486;3;149,74
2024-06-15 14:11:24;7429;1486;4;151,8
2024-06-15 14:11:27;7430;1486;5;149,16
2024-06-15 14:11:30;7431;1487;1;151,56
2024-06-15 14:11:33;7432;1487;2;149,37
2024-06-15 14:11:36;7433;1487;3;152,19
2024-06-15 14:11:39;7434;1487;4;150,11
2024-06-15 14:11:42;7435;1487;5;150,82
2024-06-15 14:11:45;7436;1488;1;151,94
2024-06-15 14:11:48;7437;1488;2;150,34
2024-06-15 14:11:51;7438;1488;3;151,41
2024-06-15 14:11:54;7439;1488;4;149,23
2024-06-15 14:11:57;7440;1488;5;152,45
2024-06-15 14:12:00;7441;1489;1;154,15
2024-06-15 14:12:03;7442;1489;2;155,69
2024-06-15 14:12:06;7443;1489;3;151,64
2024-06-15 14:12:09;7444;1489;4;152,68
2024-06-15 14:12:12;7445;1489;5;148,83
2024-06-15 14:12:15;7446;1490;1;153,75
2024-06-15 14:12:18;7447;1490;2;152,66
2024-06-15 14:12:21;7448;1490;3;150,77
2024-06-15 14:12:24;7449;1490;4;153,36
2024-06-15 14:12:27;7450;1490;5;151,12
2024-06-15 14:12:30;7451;1491;1;150,81
2024-06-15 14:12:33;7452;1491;2;152,21
2024-06-15 14:12:36;7453;1491;3;149,9
2024-06-15 14:12:39;7454;1491;4;153,03
2024-06-15 14:12:42;7455;1491;5;149,92
2024-06-15 14:12:45;7456;1492;1;149,92
2024-06-15 14:12:48;7457;1492;2;150,14
2024-06-15 14:12:51;7458;1492;3;152,64
2024-06-15 14:12:54;7459;1492;4;150,57
2024-06-15 14:12:57;7460;1492;5;149,48
2024-06-15 14:13:00;7461;1493;1;150,59
2024-06-15 14:13:03;7462;1493;2;151,45
2024-06-15 14:13:06;7463;1493;3;149,73
2024-06-15 14:13:09;7464;1493;4;149,77
2024-06-15 14:13:12;7465;1493;5;154,67
2024-06-15 14:13:15;7466;1494;1;150,21
2024-06-15 14:13:18;7467;1494;2;151,02
2024-06-15 14:13:21;7468;1494;3;150,95
2024-06-15 14:13:24;7469;1494;4;150,87
2024-06-15 14:13:27;7470;1494;5;152,43
2024-06-15 14:13:30;7471;1495;1;152,92
2024-06-15 14:13:33;7472;1495;2;151,04
2024-06-15 14:13:36;7473;1495;3;149,65
2024-06-15 14:13:39;7474;1495;4;153,41
2024-06-15 14:13:42;7475;1495;5;151,36
2024-06-15 14:13:45;7476;1496;1;154,1
2024-06-15 14:13:48;7477;1496;2;148,13
2024-06-15 14:13:51;7478;1496;3;151,79
2024-06-15 14:13:54;7479;1496;4;154,38
2024-06-15 14:13:57;7480;1496;5;150,97
2024-06-15 14:14:00;7481;1497;1;151,16
2024-06-15 14:14:03;7482;1497;2;151,94
2024-06-15 14:14:06;7483;1497;3;150,66
2024-06-15 14:14:09;7484;1497;4;151,03
2024-06-15 14:14:12;7485;1497;5;150,99
2024-06-15 14:14:15;7486;1498;1;150,56
2024-06-15 14:14:18;7487;1498;2;153,34
2024-06-15 14:14:21;7488;1498;3;152,19
2024-06-15 14:14:24;7489;1498;4;151,88
2024-06-15 14:14:27;7490;1498;5;152,71
2024-06-15 14:14:30;7491;1499;1;151,1
2024-06-15 14:14:33;7492;1499;2;150,34
2024-06-15 14:14:36;7493;1499;3;150,6
2024-06-15 14:14:39;7494;1499;4;151,5
2024-06-15 14:14:42;7495;1499;5;149,91
2024-06-15 14:14:45;7496;1500;1;150,75
2024-06-15 14:14:48;7497;1500;2;150,73
2024-06-15 14:14:51;7498;1500;3;154,69
2024-06-15 14:14:54;7499;1500;4;147,34
2024-06-15 14:14:57;7500;1500;5;151,23
2024-06-15 14:15:00;7501;1501;1;154,09
2024-06-15 14:15:03;7502;1501;2;151,68
2024-06-15 14:15:06;7503;1501;3;152,63
2024-06-15 14:15:09;7504;1501;4;151,65
2024-06-15 14:15:12;7505;1501;5;150,5
2024-06-15 14:15:15;7506;1502;1;148,14
2024-06-15 14:15:18;7507;1502;2;151,81
2024-06-15 14:15:21;7508;1502;3;150,34
2024-06-15 14:15:24;7509;1502;4;150,3
2024-06-15 14:15:27;7510;1502;5;150,75
2024-06-15 14:15:30;7511;1503;1;154,12
2024-06-15 14:15:33;7512;1503;2;155,11
2024-06-15 14:15:36;7513;1503;3;151,83
2024-06-15 14:15:39;7514;1503;4;150,8
2024-06-15 14:15:42;7515;1503;5;149,73
2024-06-15 14:15:45;7516;1504;1;152,2
2024-06-15 14:15:48;7517;1504;2;154,17
2024-06-15 14:15:51;7518;1504;3;151,13
2024-06-15 14:15:54;7519;1504;4;147,93
2024-06-15 14:15:57;7520;1504;5;152,51
2024-06-15 14:16:00;7521;1505;1;152,98
2024-06-15 14:16:03;7522;1505;2;149,12
2024-06-15 14:16:06;7523;1505;3;151,76
2024-06-15 14:16:09;7524;1505;4;152,18
2024-06-15 14:16:12;7525;1505;5;151,39
2024-06-15 14:16:15;7526;1506;1;150,31
2024-06-15 14:16:18;7527;1506;2;153,02
2024-06-15 14:16:21;7528;1506;3;150,89
2024-06-15 14:16:24;7529;1506;4;149,27
2024-06-15 14:16:27;7530;1506;5;148,43
2024-06-15 14:16:30;7531;1507;1;153,39
2024-06-15 14:16:33;7532;1507;2;152,42
2024-06-15 14:16:36;7533;1507;3;151,63
2024-06-15 14:16:39;7534;1507;4;150,84
2024-06-15 14:16:42;7535;1507;5;150,71
2024-06-15 14:16:45;7536;1508;1;149,89
2024-06-15 14:16:48;7537;1508;2;150,85
2024-06-15 14:16:51;7538;1508;3;148,32
2024-06-15 14:16:54;7539;1508;4;150,4
2024-06-15 14:16:57;7540;1508;5;151,03
2024-06-15 14:17:00;7541;1509;1;152,41
2024-06-15 14:17:03;7542;1509;2;151,44
2024-06-15 14:17:06;7543;1509;3;152,69
2024-06-15 14:17:09;7544;1509;4;153,52
2024-06-15 14:17:12;7545;1509;5;153,09
2024-06-15 14:17:15;7546;1510;1;152,21
2024-06-15 14:17:18;7547;1510;2;151,52
2024-06-15 14:17:21;7548;1510;3;150,03
2024-06-15 14:17:24;7549;1510;4;152,61
2024-06-15 14:17:27;7550;1510;5;154,02
2024-06-15 14:17:30;7551;1511;1;152,01
2024-06-15 14:17:33;7552;1511;2;154,38
2024-06-15 14:17:36;7553;1511;3;149,21
2024-06-15 14:17:39;7554;1511;4;149,77
2024-06-15 14:17:42;7555;1511;5;152,78
2024-06-15 14:17:45;7556;1512;1;151,9
2024-06-15 14:17:48;7557;1512;2;153,47
2024-06-15 14:17:51;7558;1512;3;151,48
2024-06-15 14:17:54;7559;1512;4;150,2
2024-06-15 14:17:57;7560;1512;5;151,18
2024-06-15 14:18:00;7561;1513;1;149,2
2024-06-15 14:18:03;7562;1513;2;149,81
2024-06-15 14:18:06;7563;1513;3;152,96
2024-06-15 14:18:09;7564;1513;4;152,81
2024-06-15 14:18:12;7565;1513;5;152,04
2024-06-15 14:18:15;7566;1514;1;148,92
2024-06-15 14:18:18;7567;1514;2;150,96
2024-06-15 14:18:21;7568;1514;3;149,66
2024-06-15 14:18:24;7569;1514;4;153,26
2024-06-15 14:18:27;7570;1514;5;150,62
2024-06-15 14:18:30;7571;1515;1;149,87
2024-06-15 14:18:33;7572;1515;2;151,54
2024-06-15 14:18:36;7573;1515;3;150,54
2024-06-15 14:18:39;7574;1515;4;153,73
2024-06-15 14:18:42;7575;1515;5;150,4
2024-06-15 14:18:45;7576;1516;1;149,4
2024-06-15 14:18:48;7577;1516;2;148,27
2024-06-15 14:18:51;7578;1516;3;151,45
2024-06-15 14:18:54;7579;1516;4;150,66
2024-06-15 14:18:57;7580;1516;5;149,36
2024-06-15 14:19:00;7581;1517;1;153,28
2024-06-15 14:19:03;7582;1517;2;152,5
2024-06-15 14:19:06;7583;1517;3;151,46
2024-06-15 14:19:09;7584;1517;4;153,55
2024-06-15 14:19:12;7585;1517;5;152,49
2024-06-15 14:19:15;7586;1518;1;150,27
2024-06-15 14:19:18;7587;1518;2;149,94
2024-06-15 14:19:21;7588;1518;3;152,73
2024-06-15 14:19:24;7589;1518;4;152,09
2024-06-15 14:19:27;7590;1518;5;151,75
2024-06-15 14:19:30;7591;1519;1;150,23
2024-06-15 14:19:33;7592;1519;2;152,41
2024-06-15 14:19:36;7593;1519;3;150,37
2024-06-15 14:19:39;7594;1519;4;151,35
2024-06-15 14:19:42;7595;1519;5;153,67
2024-06-15 14:19:45;7596;1520;1;150,51
2024-06-15 14:19:48;7597;1520;2;149,14
2024-06-15 14:19:51;7598;1520;3;149,92
2024-06-15 14:19:54;7599;1520;4;152,99
2024-06-15 14:19:57;7600;1520;5;151,88
2024-06-15 14:20:00;7601;1521;1;151,31
2024-06-15 14:20:03;7602;1521;2;150,74
2024-06-15 14:20:06;7603;1521;3;152,23
2024-06-15 14:20:09;7604;1521;4;150,23
2024-06-15 14:20:12;7605;1521;5;151,96
2024-06-15 14:20:15;7606;1522;1;150,4
2024-06-15 14:20:18;7607;1522;2;150,15
2024-06-15 14:20:21;7608;1522;3;150,54
2024-06-15 14:20:24;7609;1522;4;150,94
2024-06-15 14:20:27;7610;1522;5;151,43
2024-06-15 14:20:30;7611;1523;1;151,85
2024-06-15 14:20:33;7612;1523;2;145,97
2024-06-15 14:20:36;7613;1523;3;150,29
2024-06-15 14:20:39;7614;1523;4;150,91
2024-06-15 14:20:42;7615;1523;5;153,76
2024-06-15 14:20:45;7616;1524;1;149,88
2024-06-15 14:20:48;7617;1524;2;151,74
2024-06-15 14:20:51;7618;1524;3;153,74
2024-06-15 14:20:54;7619;1524;4;149,53
2024-06-15 14:20:57;7620;1524;5;152,09
2024-06-15 14:21:00;7621;1525;1;150,3
2024-06-15 14:21:03;7622;1525;2;150,74
2024-06-15 14:21:06;7623;1525;3;150,3
2024-06-15 14:21:09;7624;1525;4;150,4
2024-06-15 14:21:12;7625;1525;5;155,58
2024-06-15 14:21:15;7626;1526;1;152,77
2024-06-15 14:21:18;7627;1526;2;153,15
2024-06-15 14:21:21;7628;1526;3;152,24
2024-06-15 14:21:24;7629;1526;4;149,09
2024-06-15 14:21:27;7630;1526;5;152,09
2024-06-15 14:21:30;7631;1527;1;153,11
2024-06-15 14:21:33;7632;1527;2;150,22
2024-06-15 14:21:36;7633;1527;3;152,95
2024-06-15 14:21:39;7634;1527;4;152,56
2024-06-15 14:21:42;7635;1527;5;154,28
2024-06-15 14:21:45;7636;1528;1;150,87
2024-06-15 14:21:48;7637;1528;2;149,85
2024-06-15 14:21:51;7638;1528;3;150,96
2024-06-15 14:21:54;7639;1528;4;153,65
2024-06-15 14:21:57;7640;1528;5;148,76
2024-06-15 14:22:00;7641;1529;1;148,4
2024-06-15 14:22:03;7642;1529;2;151,63
2024-06-15 14:22:06;7643;1529;3;150,84
2024-06-15 14:22:09;7644;1529;4;151,51
2024-06-15 14:22:12;7645;1529;5;152,92
2024-06-15 14:22:15;7646;1530;1;150,67
2024-06-15 14:22:18;7647;1530;2;148,69
2024-06-15 14:22:21;7648;1530;3;154,57
2024-06-15 14:22:24;7649;1530;4;150,0
2024-06-15 14:22:27;7650;1530;5;149,91
2024-06-15 14:22:30;7651;1531;1;153,16
2024-06-15 14:22:33;7652;1531;2;150,92
2024-06-15 14:22:36;7653;1531;3;151,4
2024-06-15 14:22:39;7654;1531;4;152,22
2024-06-15 14:22:42;7655;1531;5;153,13
2024-06-15 14:22:45;7656;1532;1;151,0
2024-06-15 14:22:48;7657;1532;2;153,78
2024-06-15 14:22:51;7658;1532;3;148,3
2024-06-15 14:22:54;7659;1532;4;152,64
2024-06-15 14:22:57;7660;1532;5;150,24
2024-06-15 14:23:00;7661;1533;1;153,56
2024-06-15 14:23:03;7662;1533;2;151,71
2024-06-15 14:23:06;7663;1533;3;150,49
2024-06-15 14:23:09;7664;1533;4;152,49
2024-06-15 14:23:12;7665;1533;5;152,84
2024-06-15 14:23:15;7666;1534;1;152,46
2024-06-15 14:23:18;7667;1534;2;149,96
2024-06-15 14:23:21;7668;1534;3;150,77
2024-06-15 14:23:24;7669;1534;4;151,49
2024-06-15 14:23:27;7670;1534;5;151,44
2024-06-15 14:23:30;7671;1535;1;152,62
2024-06-15 14:23:33;7672;1535;2;148,48
2024-06-15 14:23:36;7673;1535;3;152,0
2024-06-15 14:23:39;7674;1535;4;151,07
2024-06-15 14:23:42;7675;1535;5;150,24
2024-06-15 14:23:45;7676;1536;1;150,39
2024-06-15 14:23:48;7677;1536;2;151,18
2024-06-15 14:23:51;7678;1536;3;146,1
2024-06-15 14:23:54;7679;1536;4;150,45
2024-06-15 14:23:57;7680;1536;5;150,19
2024-06-15 14:24:00;7681;1537;1;152,3
2024-06-15 14:24:03;7682;1537;2;150,29
2024-06-15 14:24:06;7683;1537;3;151,18
2024-06-15 14:24:09;7684;1537;4;153,81
2024-06-15 14:24:12;7685;1537;5;152,99
2024-06-15 14:24:15;7686;1538;1;152,85
2024-06-15 14:24:18;7687;1538;2;150,75
2024-06-15 14:24:21;7688;1538;3;152,31
2024-06-15 14:24:24;7689;1538;4;151,15
2024-06-15 14:24:27;7690;1538;5;151,21
2024-06-15 14:24:30;7691;1539;1;152,11
2024-06-15 14:24:33;7692;1539;2;150,6
2024-06-15 14:24:36;7693;1539;3;153,74
2024-06-15 14:24:39;7694;1539;4;151,26
2024-06-15 14:24:42;7695;1539;5;152,43
2024-06-15 14:24:45;7696;1540;1;153,68
2024-06-15 14:24:48;7697;1540;2;153,05
2024-06-15 14:24:51;7698;1540;3;149,39
2024-06-15 14:24:54;7699;1540;4;152,17
2024-06-15 14:24:57;7700;1540;5;152,78
2024-06-15 14:25:00;7701;1541;1;152,84
2024-06-15 14:25:03;7702;1541;2;149,83
2024-06-15 14:25:06;7703;1541;3;150,51
2024-06-15 14:25:09;7704;1541;4;152,99
2024-06-15 14:25:12;7705;1541;5;150,36
2024-06-15 14:25:15;7706;1542;1;151,05
2024-06-15 14:25:18;7707;1542;2;153,86
2024-06-15 14:25:21;7708;1542;3;151,43
2024-06-15 14:25:24;7709;1542;4;150,41
2024-06-15 14:25:27;7710;1542;5;150,18
2024-06-15 14:25:30;7711;1543;1;152,0
2024-06-15 14:25:33;7712;1543;2;149,5
2024-06-15 14:25:36;7713;1543;3;151,13
2024-06-15 14:25:39;7714;1543;4;152,0
2024-06-15 14:25:42;7715;1543;5;153,45
2024-06-15 14:25:45;7716;1544;1;152,5
2024-06-15 14:25:48;7717;1544;2;150,43
2024-06-15 14:25:51;7718;1544;3;153,27
2024-06-15 14:25:54;7719;1544;4;151,05
2024-06-15 14:25:57;7720;1544;5;149,65
2024-06-15 14:26:00;7721;1545;1;151,24
2024-06-15 14:26:03;7722;1545;2;153,66
2024-06-15 14:26:06;7723;1545;3;151,75
2024-06-15 14:26:09;7724;1545;4;151,52
2024-06-15 14:26:12;7725;1545;5;153,96
2024-06-15 14:26:15;7726;1546;1;149,35
2024-06-15 14:26:18;7727;1546;2;149,57
2024-06-15 14:26:21;7728;1546;3;149,08
2024-06-15 14:26:24;7729;1546;4;152,06
2024-06-15 14:26:27;7730;1546;5;151,75
2024-06-15 14:26:30;7731;1547;1;153,81
2024-06-15 14:26:33;7732;1547;2;151,87
2024-06-15 14:26:36;7733;1547;3;150,89
2024-06-15 14:26:39;7734;1547;4;151,5
2024-06-15 14:26:42;7735;1547;5;151,68
2024-06-15 14:26:45;7736;1548;1;148,99
2024-06-15 14:26:48;7737;1548;2;155,57
2024-06-15 14:26:51;7738;1548;3;152,28
2024-06-15 14:26:54;7739;1548;4;151,82
2024-06-15 14:26:57;7740;1548;5;152,42
2024-06-15 14:27:00;7741;1549;1;152,56
2024-06-15 14:27:03;7742;1549;2;151,29
2024-06-15 14:27:06;7743;1549;3;150,55
2024-06-15 14:27:09;7744;1549;4;152,4
2024-06-15 14:27:12;7745;1549;5;152,08
2024-06-15 14:27:15;7746;1550;1;150,29
2024-06-15 14:27:18;7747;1550;2;153,63
2024-06-15 14:27:21;7748;1550;3;151,94
2024-06-15 14:27:24;7749;1550;4;152,59
2024-06-15 14:27:27;7750;1550;5;153,59
2024-06-15 14:27:30;7751;1551;1;151,53
2024-06-15 14:27:33;7752;1551;2;151,98
2024-06-15 14:27:36;7753;1551;3;152,72
2024-06-15 14:27:39;7754;1551;4;150,41
2024-06-15 14:27:42;7755;1551;5;151,58
2024-06-15 14:27:45;7756;1552;1;151,69
2024-06-15 14:27:48;7757;1552;2;150,07
2024-06-15 14:27:51;7758;1552;3;154,98
2024-06-15 14:27:54;7759;1552;4;149,39
2024-06-15 14:27:57;7760;1552;5;149,55
2024-06-15 14:28:00;7761;1553;1;153,47
2024-06-15 14:28:03;7762;1553;2;152,57
2024-06-15 14:28:06;7763;1553;3;149,96
2024-06-15 14:28:09;7764;1553;4;152,41
2024-06-15 14:28:12;7765;1553;5;153,7
2024-06-15 14:28:15;7766;1554;1;151,45
2024-06-15 14:28:18;7767;1554;2;155,4
2024-06-15 14:28:21;7768;1554;3;148,91
2024-06-15 14:28:24;7769;1554;4;152,54
2024-06-15 14:28:27;7770;1554;5;153,25
2024-06-15 14:28:30;7771;1555;1;152,84
2024-06-15 14:28:33;7772;1555;2;151,19
2024-06-15 14:28:36;7773;1555;3;151,06
2024-06-15 14:28:39;7774;1555;4;152,17
2024-06-15 14:28:42;7775;1555;5;152,72
2024-06-15 14:28:45;7776;1556;1;152,4
2024-06-15 14:28:48;7777;1556;2;153,06
2024-06-15 14:28:51;7778;1556;3;149,97
2024-06-15 14:28:54;7779;1556;4;151,16
2024-06-15 14:28:57;7780;1556;5;150,09
2024-06-15 14:29:00;7781;1557;1;150,92
2024-06-15 14:29:03;7782;1557;2;153,02
2024-06-15 14:29:06;7783;1557;3;151,66
2024-06-15 14:29:09;7784;1557;4;155,41
2024-06-15 14:29:12;7785;1557;5;151,79
2024-06-15 14:29:15;7786;1558;1;151,59
2024-06-15 14:29:18;7787;1558;2;151,66
2024-06-15 14:29:21;7788;1558;3;150,54
2024-06-15 14:29:24;7789;1558;4;151,41
2024-06-15 14:29:27;7790;1558;5;153,19
2024-06-15 14:29:30;7791;1559;1;151,67
2024-06-15 14:29:33;7792;1559;2;150,31
2024-06-15 14:29:36;7793;1559;3;150,11
2024-06-15 14:29:39;7794;1559;4;150,82
2024-06-15 14:29:42;7795;1559;5;151,61
2024-06-15 14:29:45;7796;1560;1;153,29
2024-06-15 14:29:48;7797;1560;2;149,49
2024-06-15 14:29:51;7798;1560;3;151,02
2024-06-15 14:29:54;7799;1560;4;151,72
2024-06-15 14:29:57;7800;1560;5;148,75
2024-06-15 14:30:00;7801;1561;1;150,25
2024-06-15 14:30:03;7802;1561;2;150,48
2024-06-15 14:30:06;7803;1561;3;150,31
2024-06-15 14:30:09;7804;1561;4;151,79
2024-06-15 14:30:12;7805;1561;5;151,26
2024-06-15 14:30:15;7806;1562;1;150,67
2024-06-15 14:30:18;7807;1562;2;152,14
2024-06-15 14:30:21;7808;1562;3;154,08
2024-06-15 14:30:24;7809;1562;4;153,96
2024-06-15 14:30:27;7810;1562;5;148,62
2024-06-15 14:30:30;7811;1563;1;152,37
2024-06-15 14:30:33;7812;1563;2;151,23
2024-06-15 14:30:36;7813;1563;3;151,73
2024-06-15 14:30:39;7814;1563;4;150,9
2024-06-15 14:30:42;7815;1563;5;151,68
2024-06-15 14:30:45;7816;1564;1;151,73
2024-06-15 14:30:48;7817;1564;2;150,63
2024-06-15 14:30:51;7818;1564;3;150,16
2024-06-15 14:30:54;7819;1564;4;150,83
2024-06-15 14:30:57;7820;1564;5;151,85
2024-06-15 14:31:00;7821;1565;1;152,4
2024-06-15 14:31:03;7822;1565;2;152,78
2024-06-15 14:31:06;7823;1565;3;150,76
2024-06-15 14:31:09;7824;1565;4;151,93
2024-06-15 14:31:12;7825;1565;5;152,94
2024-06-15 14:31:15;7826;1566;1;153,25
2024-06-15 14:31:18;7827;1566;2;151,41
2024-06-15 14:31:21;7828;1566;3;151,17
2024-06-15 14:31:24;7829;1566;4;151,79
2024-06-15 14:31:27;7830;1566;5;149,78
2024-06-15 14:31:30;7831;1567;1;151,21
2024-06-15 14:31:33;7832;1567;2;152,62
2024-06-15 14:31:36;7833;1567;3;152,46
2024-06-15 14:31:39;7834;1567;4;151,09
2024-06-15 14:31:42;7835;1567;5;151,83
2024-06-15 14:31:45;7836;1568;1;150,26
2024-06-15 14:31:48;7837;1568;2;152,56
2024-06-15 14:31:51;7838;1568;3;151,38
2024-06-15 14:31:54;7839;1568;4;151,09
2024-06-15 14:31:57;7840;1568;5;150,96
2024-06-15 14:32:00;7841;1569;1;151,41
2024-06-15 14:32:03;7842;1569;2;150,83
2024-06-15 14:32:06;7843;1569;3;152,49
2024-06-15 14:32:09;7844;1569;4;150,91
2024-06-15 14:32:12;7845;1569;5;153,89
2024-06-15 14:32:15;7846;1570;1;153,7
2024-06-15 14:32:18;7847;1570;2;150,16
2024-06-15 14:32:21;7848;1570;3;151,6
2024-06-15 14:32:24;7849;1570;4;150,52
2024-06-15 14:32:27;7850;1570;5;151,01
2024-06-15 14:32:30;7851;1571;1;154,5
2024-06-15 14:32:33;7852;1571;2;151,04
2024-06-15 14:32:36;7853;1571;3;152,04
2024-06-15 14:32:39;7854;1571;4;152,31
2024-06-15 14:32:42;7855;1571;5;150,0
2024-06-15 14:32:45;7856;1572;1;150,22
2024-06-15 14:32:48;7857;1572;2;149,69
2024-06-15 14:32:51;7858;1572;3;150,17
2024-06-15 14:32:54;7859;1572;4;147,22
2024-06-15 14:32:57;7860;1572;5;152,32
2024-06-15 14:33:00;7861;1573;1;154,58
2024-06-15 14:33:03;7862;1573;2;151,72
2024-06-15 14:33:06;7863;1573;3;149,38
2024-06-15 14:33:09;7864;1573;4;150,54
2024-06-15 14:33:12;7865;1573;5;150,81
2024-06-15 14:33:15;7866;1574;1;149,97
2024-06-15 14:33:18;7867;1574;2;152,79
2024-06-15 14:33:21;7868;1574;3;152,72
2024-06-15 14:33:24;7869;1574;4;149,77
2024-06-15 14:33:27;7870;1574;5;152,59
2024-06-15 14:33:30;7871;1575;1;153,79
2024-06-15 14:33:33;7872;1575;2;154,35
2024-06-15 14:33:36;7873;1575;3;155,8
2024-06-15 14:33:39;7874;1575;4;150,15
2024-06-15 14:33:42;7875;1575;5;155,74
2024-06-15 14:33:45;7876;1576;1;150,97
2024-06-15 14:33:48;7877;1576;2;150,61
2024-06-15 14:33:51;7878;1576;3;151,99
2024-06-15 14:33:54;7879;1576;4;150,63
2024-06-15 14:33:57;7880;1576;5;152,1
2024-06-15 14:34:00;7881;1577;1;149,52
2024-06-15 14:34:03;7882;1577;2;151,14
2024-06-15 14:34:06;7883;1577;3;153,43
2024-06-15 14:34:09;7884;1577;4;151,41
2024-06-15 14:34:12;7885;1577;5;151,71
2024-06-15 14:34:15;7886;1578;1;152,21
2024-06-15 14:34:18;7887;1578;2;153,26
2024-06-15 14:34:21;7888;1578;3;149,02
2024-06-15 14:34:24;7889;1578;4;152,38
2024-06-15 14:34:27;7890;1578;5;151,1
2024-06-15 14:34:30;7891;1579;1;151,75
2024-06-15 14:34:33;7892;1579;2;153,09
2024-06-15 14:34:36;7893;1579;3;149,71
2024-06-15 14:34:39;7894;1579;4;149,98
2024-06-15 14:34:42;7895;1579;5;148,6
2024-06-15 14:34:45;7896;1580;1;150,68
2024-06-15 14:34:48;7897;1580;2;153,5
2024-06-15 14:34:51;7898;1580;3;151,32
2024-06-15 14:34:54;7899;1580;4;149,49
2024-06-15 14:34:57;7900;1580;5;150,77
2024-06-15 14:35:00;7901;1581;1;149,27
2024-06-15 14:35:03;7902;1581;2;149,81
2024-06-15 14:35:06;7903;1581;3;152,08
2024-06-15 14:35:09;7904;1581;4;149,74
2024-06-15 14:35:12;7905;1581;5;153,17
2024-06-15 14:35:15;7906;1582;1;151,39
2024-06-15 14:35:18;7907;1582;2;151,63
2024-06-15 14:35:21;7908;1582;3;151,08
2024-06-15 14:35:24;7909;1582;4;152,66
2024-06-15 14:35:27;7910;1582;5;152,67
2024-06-15 14:35:30;7911;1583;1;152,0
2024-06-15 14:35:33;7912;1583;2;152,35
2024-06-15 14:35:36;7913;1583;3;151,18
2024-06-15 14:35:39;7914;1583;4;152,31
2024-06-15 14:35:42;7915;1583;5;150,99
2024-06-15 14:35:45;7916;1584;1;151,5
2024-06-15 14:35:48;7917;1584;2;151,09
2024-06-15 14:35:51;7918;1584;3;150,81
2024-06-15 14:35:54;7919;1584;4;150,47
2024-06-15 14:35:57;7920;1584;5;152,2
2024-06-15 14:36:00;7921;1585;1;153,47
2024-06-15 14:36:03;7922;1585;2;153,26
2024-06-15 14:36:06;7923;1585;3;149,62
2024-06-15 14:36:09;7924;1585;4;153,43
2024-06-15 14:36:12;7925;1585;5;151,02
2024-06-15 14:36:15;7926;1586;1;152,4
2024-06-15 14:36:18;7927;1586;2;150,14
2024-06-15 14:36:21;7928;1586;3;151,71
2024-06-15 14:36:24;7929;1586;4;151,97
2024-06-15 14:36:27;7930;1586;5;149,27
2024-06-15 14:36:30;7931;1587;1;152,41
2024-06-15 14:36:33;7932;1587;2;153,52
2024-06-15 14:36:36;7933;1587;3;151,24
2024-06-15 14:36:39;7934;1587;4;153,54
2024-06-15 14:36:42;7935;1587;5;151,22
2024-06-15 14:36:45;7936;1588;1;152,77
2024-06-15 14:36:48;7937;1588;2;148,17
2024-06-15 14:36:51;7938;1588;3;155,13
2024-06-15 14:36:54;7939;1588;4;153,74
2024-06-15 14:36:57;7940;1588;5;151,07
2024-06-15 14:37:00;7941;1589;1;148,54
2024-06-15 14:37:03;7942;1589;2;151,93
2024-06-15 14:37:06;7943;1589;3;149,33
2024-06-15 14:37:09;7944;1589;4;152,17
2024-06-15 14:37:12;7945;1589;5;152,12
2024-06-15 14:37:15;7946;1590;1;150,09
2024-06-15 14:37:18;7947;1590;2;153,18
2024-06-15 14:37:21;7948;1590;3;152,71
2024-06-15 14:37:24;7949;1590;4;152,96
2024-06-15 14:37:27;7950;1590;5;151,51
2024-06-15 14:37:30;7951;1591;1;149,38
2024-06-15 14:37:33;7952;1591;2;152,97
2024-06-15 14:37:36;7953;1591;3;151,09
2024-06-15 14:37:39;7954;1591;4;149,42
2024-06-15 14:37:42;7955;1591;5;153,53
2024-06-15 14:37:45;7956;1592;1;154,65
2024-06-15 14:37:48;7957;1592;2;151,44
2024-06-15 14:37:51;7958;1592;3;154,74
2024-06-15 14:37:54;7959;1592;4;151,64
2024-06-15 14:37:57;7960;1592;5;150,93
2024-06-15 14:38:00;7961;1593;1;150,55
2024-06-15 14:38:03;7962;1593;2;153,96
2024-06-15 14:38:06;7963;1593;3;150,33
2024-06-15 14:38:09;7964;1593;4;152,6
2024-06-15 14:38:12;7965;1593;5;150,66
2024-06-15 14:38:15;7966;1594;1;150,81
2024-06-15 14:38:18;7967;1594;2;153,05
2024-06-15 14:38:21;7968;1594;3;150,93
2024-06-15 14:38:24;7969;1594;4;150,89
2024-06-15 14:38:27;7970;1594;5;153,2
2024-06-15 14:38:30;7971;1595;1;153,9
2024-06-15 14:38:33;7972;1595;2;152,47
2024-06-15 14:38:36;7973;1595;3;150,52
2024-06-15 14:38:39;7974;1595;4;150,73
2024-06-15 14:38:42;7975;1595;5;151,62
2024-06-15 14:38:45;7976;1596;1;151,98
2024-06-15 14:38:48;7977;1596;2;150,02
2024-06-15 14:38:51;7978;1596;3;152,58
2024-06-15 14:38:54;7979;1596;4;151,63
2024-06-15 14:38:57;7980;1596;5;148,93
2024-06-15 14:39:00;7981;1597;1;150,11
2024-06-15 14:39:03;7982;1597;2;150,74
2024-06-15 14:39:06;7983;1597;3;151,39
2024-06-15 14:39:09;7984;1597;4;154,33
2024-06-15 14:39:12;7985;1597;5;151,86
2024-06-15 14:39:15;7986;1598;1;150,24
2024-06-15 14:39:18;7987;1598;2;151,83
2024-06-15 14:39:21;7988;1598;3;150,97
2024-06-15 14:39:24;7989;1598;4;151,99
2024-06-15 14:39:27;7990;1598;5;152,37
2024-06-15 14:39:30;7991;1599;1;153,31
2024-06-15 14:39:33;7992;1599;2;151,46
2024-06-15 14:39:36;7993;1599;3;153,96
2024-06-15 14:39:39;7994;1599;4;152,86
2024-06-15 14:39:42;7995;1599;5;150,44
2024-06-15 14:39:45;7996;1600;1;154,81
2024-06-15 14:39:48;7997;1600;2;151,99
2024-06-15 14:39:51;7998;1600;3;150,25
2024-06-15 14:39:54;7999;1600;4;153,98
2024-06-15 14:39:57;8000;1600;5;154,62
2024-06-15 14:40:00;8001;1601;1;151,45
2024-06-15 14:40:03;8002;1601;2;150,74
2024-06-15 14:40:06;8003;1601;3;151,24
2024-06-15 14:40:09;8004;1601;4;152,57
2024-06-15 14:40:12;8005;1601;5;153,42
2024-06-15 14:40:15;8006;1602;1;152,36
2024-06-15 14:40:18;8007;1602;2;151,65
2024-06-15 14:40:21;8008;1602;3;153,75
2024-06-15 14:40:24;8009;1602;4;151,03
2024-06-15 14:40:27;8010;1602;5;153,05
2024-06-15 14:40:30;8011;1603;1;151,07
2024-06-15 14:40:33;8012;1603;2;152,15
2024-06-15 14:40:36;8013;1603;3;151,33
2024-06-15 14:40:39;8014;1603;4;151,42
2024-06-15 14:40:42;8015;1603;5;150,93
2024-06-15 14:40:45;8016;1604;1;153,52
2024-06-15 14:40:48;8017;1604;2;150,4
2024-06-15 14:40:51;8018;1604;3;150,39
2024-06-15 14:40:54;8019;1604;4;154,68
2024-06-15 14:40:57;8020;1604;5;152,97
2024-06-15 14:41:00;8021;1605;1;147,92
2024-06-15 14:41:03;8022;1605;2;150,65
2024-06-15 14:41:06;8023;1605;3;148,78
2024-06-15 14:41:09;8024;1605;4;150,07
2024-06-15 14:41:12;8025;1605;5;146,79
2024-06-15 14:41:15;8026;1606;1;151,29
2024-06-15 14:41:18;8027;1606;2;149,79
2024-06-15 14:41:21;8028;1606;3;151,59
2024-06-15 14:41:24;8029;1606;4;149,06
2024-06-15 14:41:27;8030;1606;5;151,62
2024-06-15 14:41:30;8031;1607;1;150,88
2024-06-15 14:41:33;8032;1607;2;153,75
2024-06-15 14:41:36;8033;1607;3;153,62
2024-06-15 14:41:39;8034;1607;4;152,68
2024-06-15 14:41:42;8035;1607;5;151,01
2024-06-15 14:41:45;8036;1608;1;154,48
2024-06-15 14:41:48;8037;1608;2;149,17
2024-06-15 14:41:51;8038;1608;3;149,39
2024-06-15 14:41:54;8039;1608;4;151,37
2024-06-15 14:41:57;8040;1608;5;154,88
2024-06-15 14:42:00;8041;1609;1;151,2
2024-06-15 14:42:03;8042;1609;2;151,23
2024-06-15 14:42:06;8043;1609;3;149,34
2024-06-15 14:42:09;8044;1609;4;152,92
2024-06-15 14:42:12;8045;1609;5;152,93
2024-06-15 14:42:15;8046;1610;1;152,68
2024-06-15 14:42:18;8047;1610;2;150,56
2024-06-15 14:42:21;8048;1610;3;150,44
2024-06-15 14:42:24;8049;1610;4;149,56
2024-06-15 14:42:27;8050;1610;5;151,63
2024-06-15 14:42:30;8051;1611;1;149,88
2024-06-15 14:42:33;8052;1611;2;149,73
2024-06-15 14:42:36;8053;1611;3;150,86
2024-06-15 14:42:39;8054;1611;4;150,77
2024-06-15 14:42:42;8055;1611;5;150,69
2024-06-15 14:42:45;8056;1612;1;152,2
2024-06-15 14:42:48;8057;1612;2;151,62
2024-06-15 14:42:51;8058;1612;3;151,07
2024-06-15 14:42:54;8059;1612;4;151,77
2024-06-15 14:42:57;8060;1612;5;150,01
2024-06-15 14:43:00;8061;1613;1;151,66
2024-06-15 14:43:03;8062;1613;2;151,73
2024-06-15 14:43:06;8063;1613;3;149,25
2024-06-15 14:43:09;8064;1613;4;152,99
2024-06-15 14:43:12;8065;1613;5;150,18
2024-06-15 14:43:15;8066;1614;1;151,64
2024-06-15 14:43:18;8067;1614;2;153,25
2024-06-15 14:43:21;8068;1614;3;152,89
2024-06-15 14:43:24;8069;1614;4;151,55
2024-06-15 14:43:27;8070;1614;5;150,96
2024-06-15 14:43:30;8071;1615;1;152,92
2024-06-15 14:43:33;8072;1615;2;152,51
2024-06-15 14:43:36;8073;1615;3;150,57
2024-06-15 14:43:39;8074;1615;4;150,31
2024-06-15 14:43:42;8075;1615;5;148,39
2024-06-15 14:43:45;8076;1616;1;151,73
2024-06-15 14:43:48;8077;1616;2;151,38
2024-06-15 14:43:51;8078;1616;3;153,2
2024-06-15 14:43:54;8079;1616;4;152,04
2024-06-15 14:43:57;8080;1616;5;153,5
2024-06-15 14:44:00;8081;1617;1;150,45
2024-06-15 14:44:03;8082;1617;2;153,21
2024-06-15 14:44:06;8083;1617;3;150,71
2024-06-15 14:44:09;8084;1617;4;152,67
2024-06-15 14:44:12;8085;1617;5;149,31
2024-06-15 14:44:15;8086;1618;1;151,85
2024-06-15 14:44:18;8087;1618;2;148,52
2024-06-15 14:44:21;8088;1618;3;151,1
2024-06-15 14:44:24;8089;1618;4;152,16
2024-06-15 14:44:27;8090;1618;5;150,72
2024-06-15 14:44:30;8091;1619;1;149,92
2024-06-15 14:44:33;8092;1619;2;152,77
2024-06-15 14:44:36;8093;1619;3;151,34
2024-06-15 14:44:39;8094;1619;4;150,77
2024-06-15 14:44:42;8095;1619;5;151,56
2024-06-15 14:44:45;8096;1620;1;155,46
2024-06-15 14:44:48;8097;1620;2;153,23
2024-06-15 14:44:51;8098;1620;3;153,24
2024-06-15 14:44:54;8099;1620;4;152,15
2024-06-15 14:44:57;8100;1620;5;151,75
2024-06-15 14:45:00;8101;1621;1;147,91
2024-06-15 14:45:03;8102;1621;2;150,48
2024-06-15 14:45:06;8103;1621;3;150,78
2024-06-15 14:45:09;8104;1621;4;148,69
2024-06-15 14:45:12;8105;1621;5;149,76
2024-06-15 14:45:15;8106;1622;1;148,53
2024-06-15 14:45:18;8107;1622;2;151,44
2024-06-15 14:45:21;8108;1622;3;152,73
2024-06-15 14:45:24;8109;1622;4;153,16
2024-06-15 14:45:27;8110;1622;5;152,12
2024-06-15 14:45:30;8111;1623;1;150,05
2024-06-15 14:45:33;8112;1623;2;148,6
2024-06-15 14:45:36;8113;1623;3;148,86
2024-06-15 14:45:39;8114;1623;4;149,6
2024-06-15 14:45:42;8115;1623;5;150,17
2024-06-15 14:45:45;8116;1624;1;151,26
2024-06-15 14:45:48;8117;1624;2;149,98
2024-06-15 14:45:51;8118;1624;3;152,01
2024-06-15 14:45:54;8119;1624;4;151,15
2024-06-15 14:45:57;8120;1624;5;151,52
2024-06-15 14:46:00;8121;1625;1;153,21
2024-06-15 14:46:03;8122;1625;2;149,73
2024-06-15 14:46:06;8123;1625;3;152,13
2024-06-15 14:46:09;8124;1625;4;151,48
2024-06-15 14:46:12;8125;1625;5;151,0
2024-06-15 14:46:15;8126;1626;1;152,83
2024-06-15 14:46:18;8127;1626;2;152,82
2024-06-15 14:46:21;8128;1626;3;150,08
2024-06-15 14:46:24;8129;1626;4;151,23
2024-06-15 14:46:27;8130;1626;5;151,92
2024-06-15 14:46:30;8131;1627;1;151,09
2024-06-15 14:46:33;8132;1627;2;152,38
2024-06-15 14:46:36;8133;1627;3;151,92
2024-06-15 14:46:39;8134;1627;4;154,25
2024-06-15 14:46:42;8135;1627;5;149,2
2024-06-15 14:46:45;8136;1628;1;151,32
2024-06-15 14:46:48;8137;1628;2;150,14
2024-06-15 14:46:51;8138;1628;3;152,41
2024-06-15 14:46:54;8139;1628;4;149,07
2024-06-15 14:46:57;8140;1628;5;152,02
2024-06-15 14:47:00;8141;1629;1;150,55
2024-06-15 14:47:03;8142;1629;2;150,4
2024-06-15 14:47:06;8143;1629;3;149,33
2024-06-15 14:47:09;8144;1629;4;150,8
2024-06-15 14:47:12;8145;1629;5;153,13
2024-06-15 14:47:15;8146;1630;1;151,46
2024-06-15 14:47:18;8147;1630;2;152,44
2024-06-15 14:47:21;8148;1630;3;154,0
2024-06-15 14:47:24;8149;1630;4;151,9
2024-06-15 14:47:27;8150;1630;5;150,66
2024-06-15 14:47:30;8151;1631;1;152,2
2024-06-15 14:47:33;8152;1631;2;150,68
2024-06-15 14:47:36;8153;1631;3;150,74
2024-06-15 14:47:39;8154;1631;4;149,22
2024-06-15 14:47:42;8155;1631;5;152,89
2024-06-15 14:47:45;8156;1632;1;150,92
2024-06-15 14:47:48;8157;1632;2;151,77
2024-06-15 14:47:51;8158;1632;3;149,95
2024-06-15 14:47:54;8159;1632;4;152,15
2024-06-15 14:47:57;8160;1632;5;150,36
2024-06-15 14:48:00;8161;1633;1;151,29
2024-06-15 14:48:03;8162;1633;2;152,82
2024-06-15 14:48:06;8163;1633;3;152,69
2024-06-15 14:48:09;8164;1633;4;151,47
2024-06-15 14:48:12;8165;1633;5;148,85
2024-06-15 14:48:15;8166;1634;1;155,99
2024-06-15 14:48:18;8167;1634;2;154,12
2024-06-15 14:48:21;8168;1634;3;152,58
2024-06-15 14:48:24;8169;1634;4;150,37
2024-06-15 14:48:27;8170;1634;5;151,33
2024-06-15 14:48:30;8171;1635;1;150,68
2024-06-15 14:48:33;8172;1635;2;153,4
2024-06-15 14:48:36;8173;1635;3;151,89
2024-06-15 14:48:39;8174;1635;4;150,32
2024-06-15 14:48:42;8175;1635;5;150,79
2024-06-15 14:48:45;8176;1636;1;153,18
2024-06-15 14:48:48;8177;1636;2;153,9
2024-06-15 14:48:51;8178;1636;3;153,79
2024-06-15 14:48:54;8179;1636;4;152,64
2024-06-15 14:48:57;8180;1636;5;151,12
2024-06-15 14:49:00;8181;1637;1;146,64
2024-06-15 14:49:03;8182;1637;2;151,95
2024-06-15 14:49:06;8183;1637;3;151,5
2024-06-15 14:49:09;8184;1637;4;151,71
2024-06-15 14:49:12;8185;1637;5;151,58
2024-06-15 14:49:15;8186;1638;1;149,51
2024-06-15 14:49:18;8187;1638;2;152,34
2024-06-15 14:49:21;8188;1638;3;152,45
2024-06-15 14:49:24;8189;1638;4;152,52
2024-06-15 14:49:27;8190;1638;5;152,92
2024-06-15 14:49:30;8191;1639;1;152,41
2024-06-15 14:49:33;8192;1639;2;150,88
2024-06-15 14:49:36;8193;1639;3;151,39
2024-06-15 14:49:39;8194;1639;4;151,64
2024-06-15 14:49:42;8195;1639;5;151,66
2024-06-15 14:49:45;8196;1640;1;153,0
2024-06-15 14:49:48;8197;1640;2;152,47
2024-06-15 14:49:51;8198;1640;3;154,62
2024-06-15 14:49:54;8199;1640;4;154,81
2024-06-15 14:49:57;8200;1640;5;151,62
2024-06-15 14:50:00;8201;1641;1;145,75
2024-06-15 14:50:03;8202;1641;2;153,36
2024-06-15 14:50:06;8203;1641;3;150,69
2024-06-15 14:50:09;8204;1641;4;150,3
2024-06-15 14:50:12;8205;1641;5;150,9
2024-06-15 14:50:15;8206;1642;1;150,83
2024-06-15 14:50:18;8207;1642;2;152,42
2024-06-15 14:50:21;8208;1642;3;149,16
2024-06-15 14:50:24;8209;1642;4;149,88
2024-06-15 14:50:27;8210;1642;5;152,01
2024-06-15 14:50:30;8211;1643;1;152,43
2024-06-15 14:50:33;8212;1643;2;152,46
2024-06-15 14:50:36;8213;1643;3;150,32
2024-06-15 14:50:39;8214;1643;4;150,03
2024-06-15 14:50:42;8215;1643;5;150,74
2024-06-15 14:50:45;8216;1644;1;151,86
2024-06-15 14:50:48;8217;1644;2;153,73
2024-06-15 14:50:51;8218;1644;3;148,43
2024-06-15 14:50:54;8219;1644;4;151,17
2024-06-15 14:50:57;8220;1644;5;149,5
2024-06-15 14:51:00;8221;1645;1;149,02
2024-06-15 14:51:03;8222;1645;2;152,95
2024-06-15 14:51:06;8223;1645;3;152,32
2024-06-15 14:51:09;8224;1645;4;152,17
2024-06-15 14:51:12;8225;1645;5;152,88
2024-06-15 14:51:15;8226;1646;1;150,78
2024-06-15 14:51:18;8227;1646;2;150,85
2024-06-15 14:51:21;8228;1646;3;154,78
2024-06-15 14:51:24;8229;1646;4;151,13
2024-06-15 14:51:27;8230;1646;5;152,6
2024-06-15 14:51:30;8231;1647;1;151,51
2024-06-15 14:51:33;8232;1647;2;148,73
2024-06-15 14:51:36;8233;1647;3;148,43
2024-06-15 14:51:39;8234;1647;4;150,63
2024-06-15 14:51:42;8235;1647;5;153,08
2024-06-15 14:51:45;8236;1648;1;152,68
2024-06-15 14:51:48;8237;1648;2;152,87
2024-06-15 14:51:51;8238;1648;3;150,02
2024-06-15 14:51:54;8239;1648;4;153,92
2024-06-15 14:51:57;8240;1648;5;150,05
2024-06-15 14:52:00;8241;1649;1;151,82
2024-06-15 14:52:03;8242;1649;2;151,48
2024-06-15 14:52:06;8243;1649;3;151,24
2024-06-15 14:52:09;8244;1649;4;153,51
2024-06-15 14:52:12;8245;1649;5;150,44
2024-06-15 14:52:15;8246;1650;1;149,48
2024-06-15 14:52:18;8247;1650;2;151,53
2024-06-15 14:52:21;8248;1650;3;150,9
2024-06-15 14:52:24;8249;1650;4;156,57
2024-06-15 14:52:27;8250;1650;5;152,51
2024-06-15 14:52:30;8251;1651;1;150,89
2024-06-15 14:52:33;8252;1651;2;149,92
2024-06-15 14:52:36;8253;1651;3;148,68
2024-06-15 14:52:39;8254;1651;4;149,96
2024-06-15 14:52:42;8255;1651;5;151,67
2024-06-15 14:52:45;8256;1652;1;153,64
2024-06-15 14:52:48;8257;1652;2;153,18
2024-06-15 14:52:51;8258;1652;3;151,84
2024-06-15 14:52:54;8259;1652;4;151,02
2024-06-15 14:52:57;8260;1652;5;151,9
2024-06-15 14:53:00;8261;1653;1;150,72
2024-06-15 14:53:03;8262;1653;2;154,08
2024-06-15 14:53:06;8263;1653;3;151,22
2024-06-15 14:53:09;8264;1653;4;151,37
2024-06-15 14:53:12;8265;1653;5;148,18
2024-06-15 14:53:15;8266;1654;1;151,21
2024-06-15 14:53:18;8267;1654;2;152,75
2024-06-15 14:53:21;8268;1654;3;149,9
2024-06-15 14:53:24;8269;1654;4;150,37
2024-06-15 14:53:27;8270;1654;5;152,69
2024-06-15 14:53:30;8271;1655;1;149,29
2024-06-15 14:53:33;8272;1655;2;153,09
2024-06-15 14:53:36;8273;1655;3;150,7
2024-06-15 14:53:39;8274;1655;4;150,92
2024-06-15 14:53:42;8275;1655;5;149,81
2024-06-15 14:53:45;8276;1656;1;152,07
2024-06-15 14:53:48;8277;1656;2;155,19
2024-06-15 14:53:51;8278;1656;3;152,67
2024-06-15 14:53:54;8279;1656;4;150,2
2024-06-15 14:53:57;8280;1656;5;153,2
2024-06-15 14:54:00;8281;1657;1;151,02
2024-06-15 14:54:03;8282;1657;2;153,56
2024-06-15 14:54:06;8283;1657;3;152,71
2024-06-15 14:54:09;8284;1657;4;147,09
2024-06-15 14:54:12;8285;1657;5;149,99
2024-06-15 14:54:15;8286;1658;1;152,92
2024-06-15 14:54:18;8287;1658;2;151,73
2024-06-15 14:54:21;8288;1658;3;149,96
2024-06-15 14:54:24;8289;1658;4;150,55
2024-06-15 14:54:27;8290;1658;5;148,64
2024-06-15 14:54:30;8291;1659;1;151,37
2024-06-15 14:54:33;8292;1659;2;154,82
2024-06-15 14:54:36;8293;1659;3;152,71
2024-06-15 14:54:39;8294;1659;4;154,79
2024-06-15 14:54:42;8295;1659;5;152,82
2024-06-15 14:54:45;8296;1660;1;153,04
2024-06-15 14:54:48;8297;1660;2;154,46
2024-06-15 14:54:51;8298;1660;3;152,07
2024-06-15 14:54:54;8299;1660;4;151,22
2024-06-15 14:54:57;8300;1660;5;153,05
2024-06-15 14:55:00;8301;1661;1;153,68
2024-06-15 14:55:03;8302;1661;2;150,78
2024-06-15 14:55:06;8303;1661;3;150,42
2024-06-15 14:55:09;8304;1661;4;151,71
2024-06-15 14:55:12;8305;1661;5;152,75
2024-06-15 14:55:15;8306;1662;1;152,7
2024-06-15 14:55:18;8307;1662;2;149,36
2024-06-15 14:55:21;8308;1662;3;154,37
2024-06-15 14:55:24;8309;1662;4;150,54
2024-06-15 14:55:27;8310;1662;5;151,1
2024-06-15 14:55:30;8311;1663;1;150,15
2024-06-15 14:55:33;8312;1663;2;155,55
2024-06-15 14:55:36;8313;1663;3;151,86
2024-06-15 14:55:39;8314;1663;4;150,22
2024-06-15 14:55:42;8315;1663;5;152,8
2024-06-15 14:55:45;8316;1664;1;152,65
2024-06-15 14:55:48;8317;1664;2;151,22
2024-06-15 14:55:51;8318;1664;3;152,76
2024-06-15 14:55:54;8319;1664;4;150,26
2024-06-15 14:55:57;8320;1664;5;150,76
2024-06-15 14:56:00;8321;1665;1;148,48
2024-06-15 14:56:03;8322;1665;2;149,51
2024-06-15 14:56:06;8323;1665;3;154,21
2024-06-15 14:56:09;8324;1665;4;153,96
2024-06-15 14:56:12;8325;1665;5;151,6
2024-06-15 14:56:15;8326;1666;1;153,99
2024-06-15 14:56:18;8327;1666;2;151,26
2024-06-15 14:56:21;8328;1666;3;151,13
2024-06-15 14:56:24;8329;1666;4;151,58
2024-06-15 14:56:27;8330;1666;5;151,31
2024-06-15 14:56:30;8331;1667;1;151,18
2024-06-15 14:56:33;8332;1667;2;153,22
2024-06-15 14:56:36;8333;1667;3;151,73
2024-06-15 14:56:39;8334;1667;4;152,57
2024-06-15 14:56:42;8335;1667;5;153,05
2024-06-15 14:56:45;8336;1668;1;152,08
2024-06-15 14:56:48;8337;1668;2;150,04
2024-06-15 14:56:51;8338;1668;3;149,47
2024-06-15 14:56:54;8339;1668;4;151,72
2024-06-15 14:56:57;8340;1668;5;151,24
2024-06-15 14:57:00;8341;1669;1;151,63
2024-06-15 14:57:03;8342;1669;2;151,48
2024-06-15 14:57:06;8343;1669;3;155,38
2024-06-15 14:57:09;8344;1669;4;149,5
2024-06-15 14:57:12;8345;1669;5;148,52
2024-06-15 14:57:15;8346;1670;1;152,0
2024-06-15 14:57:18;8347;1670;2;150,94
2024-06-15 14:57:21;8348;1670;3;151,97
2024-06-15 14:57:24;8349;1670;4;152,38
2024-06-15 14:57:27;8350;1670;5;153,43
2024-06-15 14:57:30;8351;1671;1;149,24
2024-06-15 14:57:33;8352;1671;2;150,66
2024-06-15 14:57:36;8353;1671;3;152,14
2024-06-15 14:57:39;8354;1671;4;152,66
2024-06-15 14:57:42;8355;1671;5;154,79
2024-06-15 14:57:45;8356;1672;1;152,93
2024-06-15 14:57:48;8357;1672;2;151,41
2024-06-15 14:57:51;8358;1672;3;150,16
2024-06-15 14:57:54;8359;1672;4;150,65
2024-06-15 14:57:57;8360;1672;5;150,61
2024-06-15 14:58:00;8361;1673;1;152,48
2024-06-15 14:58:03;8362;1673;2;151,89
2024-06-15 14:58:06;8363;1673;3;149,51
2024-06-15 14:58:09;8364;1673;4;150,85
2024-06-15 14:58:12;8365;1673;5;152,82
2024-06-15 14:58:15;8366;1674;1;152,03
2024-06-15 14:58:18;8367;1674;2;152,35
2024-06-15 14:58:21;8368;1674;3;152,07
2024-06-15 14:58:24;8369;1674;4;153,94
2024-06-15 14:58:27;8370;1674;5;151,85
2024-06-15 14:58:30;8371;1675;1;150,92
2024-06-15 14:58:33;8372;1675;2;150,13
2024-06-15 14:58:36;8373;1675;3;151,87
2024-06-15 14:58:39;8374;1675;4;147,84
2024-06-15 14:58:42;8375;1675;5;151,22
2024-06-15 14:58:45;8376;1676;1;151,19
2024-06-15 14:58:48;8377;1676;2;149,45
2024-06-15 14:58:51;8378;1676;3;150,11
2024-06-15 14:58:54;8379;1676;4;152,71
2024-06-15 14:58:57;8380;1676;5;151,85
2024-06-15 14:59:00;8381;1677;1;151,65
2024-06-15 14:59:03;8382;1677;2;151,96
2024-06-15 14:59:06;8383;1677;3;151,64
2024-06-15 14:59:09;8384;1677;4;153,36
2024-06-15 14:59:12;8385;1677;5;151,69
2024-06-15 14:59:15;8386;1678;1;149,31
2024-06-15 14:59:18;8387;1678;2;153,95
2024-06-15 14:59:21;8388;1678;3;152,06
2024-06-15 14:59:24;8389;1678;4;150,62
2024-06-15 14:59:27;8390;1678;5;149,62
2024-06-15 14:59:30;8391;1679;1;152,09
2024-06-15 14:59:33;8392;1679;2;151,32
2024-06-15 14:59:36;8393;1679;3;153,86
2024-06-15 14:59:39;8394;1679;4;150,98
2024-06-15 14:59:42;8395;1679;5;150,24
2024-06-15 14:59:45;8396;1680;1;152,84
2024-06-15 14:59:48;8397;1680;2;152,89
2024-06-15 14:59:51;8398;1680;3;151,75
2024-06-15 14:59:54;8399;1680;4;152,51
2024-06-15 14:59:57;8400;1680;5;151,44
2024-06-15 15:00:00;8401;1681;1;151,85
2024-06-15 15:00:03;8402;1681;2;153,25
2024-06-15 15:00:06;8403;1681;3;152,44
2024-06-15 15:00:09;8404;1681;4;151,25
2024-06-15 15:00:12;8405;1681;5;153,53
2024-06-15 15:00:15;8406;1682;1;147,95
2024-06-15 15:00:18;8407;1682;2;154,58
2024-06-15 15:00:21;8408;1682;3;148,94
2024-06-15 15:00:24;8409;1682;4;150,56
2024-06-15 15:00:27;8410;1682;5;151,44
2024-06-15 15:00:30;8411;1683;1;151,28
2024-06-15 15:00:33;8412;1683;2;153,01
2024-06-15 15:00:36;8413;1683;3;149,91
2024-06-15 15:00:39;8414;1683;4;151,89
2024-06-15 15:00:42;8415;1683;5;150,63
2024-06-15 15:00:45;8416;1684;1;151,94
2024-06-15 15:00:48;8417;1684;2;151,4
2024-06-15 15:00:51;8418;1684;3;151,64
2024-06-15 15:00:54;8419;1684;4;150,68
2024-06-15 15:00:57;8420;1684;5;150,73
2024-06-15 15:01:00;8421;1685;1;151,93
2024-06-15 15:01:03;8422;1685;2;152,92
2024-06-15 15:01:06;8423;1685;3;150,6
2024-06-15 15:01:09;8424;1685;4;150,2
2024-06-15 15:01:12;8425;1685;5;152,42
2024-06-15 15:01:15;8426;1686;1;151,45
2024-06-15 15:01:18;8427;1686;2;152,75
2024-06-15 15:01:21;8428;1686;3;150,14
2024-06-15 15:01:24;8429;1686;4;148,83
2024-06-15 15:01:27;8430;1686;5;150,7
2024-06-15 15:01:30;8431;1687;1;150,35
2024-06-15 15:01:33;8432;1687;2;151,38
2024-06-15 15:01:36;8433;1687;3;150,54
2024-06-15 15:01:39;8434;1687;4;152,61
2024-06-15 15:01:42;8435;1687;5;151,07
2024-06-15 15:01:45;8436;1688;1;151,73
2024-06-15 15:01:48;8437;1688;2;151,74
2024-06-15 15:01:51;8438;1688;3;151,79
2024-06-15 15:01:54;8439;1688;4;151,46
2024-06-15 15:01:57;8440;1688;5;152,27
2024-06-15 15:02:00;8441;1689;1;150,31
2024-06-15 15:02:03;8442;1689;2;153,6
2024-06-15 15:02:06;8443;1689;3;151,15
2024-06-15 15:02:09;8444;1689;4;149,53
2024-06-15 15:02:12;8445;1689;5;151,78
2024-06-15 15:02:15;8446;1690;1;150,22
2024-06-15 15:02:18;8447;1690;2;152,5
2024-06-15 15:02:21;8448;1690;3;154,81
2024-06-15 15:02:24;8449;1690;4;150,32
2024-06-15 15:02:27;8450;1690;5;152,0
2024-06-15 15:02:30;8451;1691;1;148,87
2024-06-15 15:02:33;8452;1691;2;152,18
2024-06-15 15:02:36;8453;1691;3;150,17
2024-06-15 15:02:39;8454;1691;4;150,56
2024-06-15 15:02:42;8455;1691;5;149,85
2024-06-15 15:02:45;8456;1692;1;152,6
2024-06-15 15:02:48;8457;1692;2;153,01
2024-06-15 15:02:51;8458;1692;3;151,54
2024-06-15 15:02:54;8459;1692;4;150,2
2024-06-15 15:02:57;8460;1692;5;153,88
2024-06-15 15:03:00;8461;1693;1;150,37
2024-06-15 15:03:03;8462;1693;2;148,26
2024-06-15 15:03:06;8463;1693;3;152,19
2024-06-15 15:03:09;8464;1693;4;149,84
2024-06-15 15:03:12;8465;1693;5;152,98
2024-06-15 15:03:15;8466;1694;1;150,93
2024-06-15 15:03:18;8467;1694;2;152,41
2024-06-15 15:03:21;8468;1694;3;153,6
2024-06-15 15:03:24;8469;1694;4;149,69
2024-06-15 15:03:27;8470;1694;5;150,65
2024-06-15 15:03:30;8471;1695;1;151,39
2024-06-15 15:03:33;8472;1695;2;153,81
2024-06-15 15:03:36;8473;1695;3;150,51
2024-06-15 15:03:39;8474;1695;4;150,61
2024-06-15 15:03:42;8475;1695;5;152,22
2024-06-15 15:03:45;8476;1696;1;150,63
2024-06-15 15:03:48;8477;1696;2;151,73
2024-06-15 15:03:51;8478;1696;3;149,17
2024-06-15 15:03:54;8479;1696;4;154,82
2024-06-15 15:03:57;8480;1696;5;149,48
2024-06-15 15:04:00;8481;1697;1;151,02
2024-06-15 15:04:03;8482;1697;2;151,45
2024-06-15 15:04:06;8483;1697;3;154,37
2024-06-15 15:04:09;8484;1697;4;149,51
2024-06-15 15:04:12;8485;1697;5;154,48
2024-06-15 15:04:15;8486;1698;1;152,64
2024-06-15 15:04:18;8487;1698;2;152,13
2024-06-15 15:04:21;8488;1698;3;150,02
2024-06-15 15:04:24;8489;1698;4;152,36
2024-06-15 15:04:27;8490;1698;5;150,41
2024-06-15 15:04:30;8491;1699;1;153,4
2024-06-15 15:04:33;8492;1699;2;150,04
2024-06-15 15:04:36;8493;1699;3;151,33
2024-06-15 15:04:39;8494;1699;4;150,67
2024-06-15 15:04:42;8495;1699;5;150,02
2024-06-15 15:04:45;8496;1700;1;152,61
2024-06-15 15:04:48;8497;1700;2;152,3
2024-06-15 15:04:51;8498;1700;3;153,31
2024-06-15 15:04:54;8499;1700;4;148,83
2024-06-15 15:04:57;8500;1700;5;153,1
2024-06-15 15:05:00;8501;1701;1;155,26
2024-06-15 15:05:03;8502;1701;2;150,82
2024-06-15 15:05:06;8503;1701;3;154,34
2024-06-15 15:05:09;8504;1701;4;151,11
2024-06-15 15:05:12;8505;1701;5;149,44
2024-06-15 15:05:15;8506;1702;1;151,04
2024-06-15 15:05:18;8507;1702;2;153,07
2024-06-15 15:05:21;8508;1702;3;150,24
2024-06-15 15:05:24;8509;1702;4;150,6
2024-06-15 15:05:27;8510;1702;5;152,39
2024-06-15 15:05:30;8511;1703;1;151,5
2024-06-15 15:05:33;8512;1703;2;152,38
2024-06-15 15:05:36;8513;1703;3;151,86
2024-06-15 15:05:39;8514;1703;4;152,22
2024-06-15 15:05:42;8515;1703;5;150,85
2024-06-15 15:05:45;8516;1704;1;151,85
2024-06-15 15:05:48;8517;1704;2;150,11
2024-06-15 15:05:51;8518;1704;3;153,43
2024-06-15 15:05:54;8519;1704;4;150,55
2024-06-15 15:05:57;8520;1704;5;153,19
2024-06-15 15:06:00;8521;1705;1;151,15
2024-06-15 15:06:03;8522;1705;2;151,8
2024-06-15 15:06:06;8523;1705;3;150,76
2024-06-15 15:06:09;8524;1705;4;149,98
2024-06-15 15:06:12;8525;1705;5;148,88
2024-06-15 15:06:15;8526;1706;1;149,92
2024-06-15 15:06:18;8527;1706;2;151,01
2024-06-15 15:06:21;8528;1706;3;151,82
2024-06-15 15:06:24;8529;1706;4;153,02
2024-06-15 15:06:27;8530;1706;5;150,83
2024-06-15 15:06:30;8531;1707;1;150,18
2024-06-15 15:06:33;8532;1707;2;149,34
2024-06-15 15:06:36;8533;1707;3;152,22
2024-06-15 15:06:39;8534;1707;4;153,57
2024-06-15 15:06:42;8535;1707;5;153,4
2024-06-15 15:06:45;8536;1708;1;152,56
2024-06-15 15:06:48;8537;1708;2;152,46
2024-06-15 15:06:51;8538;1708;3;154,05
2024-06-15 15:06:54;8539;1708;4;152,0
2024-06-15 15:06:57;8540;1708;5;152,47
2024-06-15 15:07:00;8541;1709;1;151,02
2024-06-15 15:07:03;8542;1709;2;149,46
2024-06-15 15:07:06;8543;1709;3;150,47
2024-06-15 15:07:09;8544;1709;4;151,49
2024-06-15 15:07:12;8545;1709;5;151,59
2024-06-15 15:07:15;8546;1710;1;154,39
2024-06-15 15:07:18;8547;1710;2;151,62
2024-06-15 15:07:21;8548;1710;3;153,27
2024-06-15 15:07:24;8549;1710;4;150,85
2024-06-15 15:07:27;8550;1710;5;151,03
2024-06-15 15:07:30;8551;1711;1;149,51
2024-06-15 15:07:33;8552;1711;2;150,39
2024-06-15 15:07:36;8553;1711;3;152,29
2024-06-15 15:07:39;8554;1711;4;151,51
2024-06-15 15:07:42;8555;1711;5;152,91
2024-06-15 15:07:45;8556;1712;1;151,77
2024-06-15 15:07:48;8557;1712;2;150,97
2024-06-15 15:07:51;8558;1712;3;154,72
2024-06-15 15:07:54;8559;1712;4;151,36
2024-06-15 15:07:57;8560;1712;5;153,24
2024-06-15 15:08:00;8561;1713;1;150,9
2024-06-15 15:08:03;8562;1713;2;152,56
2024-06-15 15:08:06;8563;1713;3;152,89
2024-06-15 15:08:09;8564;1713;4;151,81
2024-06-15 15:08:12;8565;1713;5;147,97
2024-06-15 15:08:15;8566;1714;1;151,53
2024-06-15 15:08:18;8567;1714;2;153,35
2024-06-15 15:08:21;8568;1714;3;152,29
2024-06-15 15:08:24;8569;1714;4;152,17
2024-06-15 15:08:27;8570;1714;5;148,92
2024-06-15 15:08:30;8571;1715;1;150,42
2024-06-15 15:08:33;8572;1715;2;152,12
2024-06-15 15:08:36;8573;1715;3;152,12
2024-06-15 15:08:39;8574;1715;4;153,32
2024-06-15 15:08:42;8575;1715;5;151,28
2024-06-15 15:08:45;8576;1716;1;152,11
2024-06-15 15:08:48;8577;1716;2;151,52
2024-06-15 15:08:51;8578;1716;3;150,02
2024-06-15 15:08:54;8579;1716;4;148,12
2024-06-15 15:08:57;8580;1716;5;152,15
2024-06-15 15:09:00;8581;1717;1;151,76
2024-06-15 15:09:03;8582;1717;2;150,57
2024-06-15 15:09:06;8583;1717;3;149,07
2024-06-15 15:09:09;8584;1717;4;152,44
2024-06-15 15:09:12;8585;1717;5;151,1
2024-06-15 15:09:15;8586;1718;1;152,34
2024-06-15 15:09:18;8587;1718;2;154,3
2024-06-15 15:09:21;8588;1718;3;148,29
2024-06-15 15:09:24;8589;1718;4;150,45
2024-06-15 15:09:27;8590;1718;5;151,19
2024-06-15 15:09:30;8591;1719;1;153,68
2024-06-15 15:09:33;8592;1719;2;149,05
2024-06-15 15:09:36;8593;1719;3;154,4
2024-06-15 15:09:39;8594;1719;4;151,7
2024-06-15 15:09:42;8595;1719;5;151,36
2024-06-15 15:09:45;8596;1720;1;151,2
2024-06-15 15:09:48;8597;1720;2;150,85
2024-06-15 15:09:51;8598;1720;3;153,07
2024-06-15 15:09:54;8599;1720;4;149,9
2024-06-15 15:09:57;8600;1720;5;152,02
2024-06-15 15:10:00;8601;1721;1;150,92
2024-06-15 15:10:03;8602;1721;2;150,36
2024-06-15 15:10:06;8603;1721;3;155,38
2024-06-15 15:10:09;8604;1721;4;152,13
2024-06-15 15:10:12;8605;1721;5;152,42
2024-06-15 15:10:15;8606;1722;1;153,21
2024-06-15 15:10:18;8607;1722;2;149,37
2024-06-15 15:10:21;8608;1722;3;154,13
2024-06-15 15:10:24;8609;1722;4;147,74
2024-06-15 15:10:27;8610;1722;5;150,35
2024-06-15 15:10:30;8611;1723;1;150,81
2024-06-15 15:10:33;8612;1723;2;152,37
2024-06-15 15:10:36;8613;1723;3;151,83
2024-06-15 15:10:39;8614;1723;4;151,25
2024-06-15 15:10:42;8615;1723;5;151,48
2024-06-15 15:10:45;8616;1724;1;150,03
2024-06-15 15:10:48;8617;1724;2;149,25
2024-06-15 15:10:51;8618;1724;3;152,59
2024-06-15 15:10:54;8619;1724;4;152,54
2024-06-15 15:10:57;8620;1724;5;153,88
2024-06-15 15:11:00;8621;1725;1;150,31
2024-06-15 15:11:03;8622;1725;2;152,54
2024-06-15 15:11:06;8623;1725;3;151,07
2024-06-15 15:11:09;8624;1725;4;153,29
2024-06-15 15:11:12;8625;1725;5;153,03
2024-06-15 15:11:15;8626;1726;1;151,82
2024-06-15 15:11:18;8627;1726;2;150,99
2024-06-15 15:11:21;8628;1726;3;152,94
2024-06-15 15:11:24;8629;1726;4;152,47
2024-06-15 15:11:27;8630;1726;5;150,47
2024-06-15 15:11:30;8631;1727;1;149,51
2024-06-15 15:11:33;8632;1727;2;151,07
2024-06-15 15:11:36;8633;1727;3;153,77
2024-06-15 15:11:39;8634;1727;4;153,22
2024-06-15 15:11:42;8635;1727;5;149,83
2024-06-15 15:11:45;8636;1728;1;149,75
2024-06-15 15:11:48;8637;1728;2;153,41
2024-06-15 15:11:51;8638;1728;3;149,8
2024-06-15 15:11:54;8639;1728;4;152,26
2024-06-15 15:11:57;8640;1728;5;150,58
2024-06-15 15:12:00;8641;1729;1;153,93
2024-06-15 15:12:03;8642;1729;2;150,34
2024-06-15 15:12:06;8643;1729;3;153,22
2024-06-15 15:12:09;8644;1729;4;151,78
2024-06-15 15:12:12;8645;1729;5;151,88
2024-06-15 15:12:15;8646;1730;1;148,54
2024-06-15 15:12:18;8647;1730;2;148,2
2024-06-15 15:12:21;8648;1730;3;151,17
2024-06-15 15:12:24;8649;1730;4;151,87
2024-06-15 15:12:27;8650;1730;5;149,81
2024-06-15 15:12:30;8651;1731;1;149,87
2024-06-15 15:12:33;8652;1731;2;152,34
2024-06-15 15:12:36;8653;1731;3;152,34
2024-06-15 15:12:39;8654;1731;4;151,29
2024-06-15 15:12:42;8655;1731;5;152,67
2024-06-15 15:12:45;8656;1732;1;149,74
2024-06-15 15:12:48;8657;1732;2;150,97
2024-06-15 15:12:51;8658;1732;3;153,97
2024-06-15 15:12:54;8659;1732;4;151,6
2024-06-15 15:12:57;8660;1732;5;151,69
2024-06-15 15:13:00;8661;1733;1;154,96
2024-06-15 15:13:03;8662;1733;2;149,4
2024-06-15 15:13:06;8663;1733;3;152,69
2024-06-15 15:13:09;8664;1733;4;154,0
2024-06-15 15:13:12;8665;1733;5;151,01
2024-06-15 15:13:15;8666;1734;1;152,79
2024-06-15 15:13:18;8667;1734;2;150,03
2024-06-15 15:13:21;8668;1734;3;150,47
2024-06-15 15:13:24;8669;1734;4;152,08
2024-06-15 15:13:27;8670;1734;5;152,7
2024-06-15 15:13:30;8671;1735;1;153,18
2024-06-15 15:13:33;8672;1735;2;153,85
2024-06-15 15:13:36;8673;1735;3;151,4
2024-06-15 15:13:39;8674;1735;4;153,29
2024-06-15 15:13:42;8675;1735;5;150,99
2024-06-15 15:13:45;8676;1736;1;152,85
2024-06-15 15:13:48;8677;1736;2;151,81
2024-06-15 15:13:51;8678;1736;3;152,17
2024-06-15 15:13:54;8679;1736;4;152,14
2024-06-15 15:13:57;8680;1736;5;149,09
2024-06-15 15:14:00;8681;1737;1;149,81
2024-06-15 15:14:03;8682;1737;2;151,65
2024-06-15 15:14:06;8683;1737;3;148,97
2024-06-15 15:14:09;8684;1737;4;152,75
2024-06-15 15:14:12;8685;1737;5;152,81
2024-06-15 15:14:15;8686;1738;1;151,99
2024-06-15 15:14:18;8687;1738;2;149,82
2024-06-15 15:14:21;8688;1738;3;153,57
2024-06-15 15:14:24;8689;1738;4;154,56
2024-06-15 15:14:27;8690;1738;5;151,72
2024-06-15 15:14:30;8691;1739;1;152,27
2024-06-15 15:14:33;8692;1739;2;151,8
2024-06-15 15:14:36;8693;1739;3;152,3
2024-06-15 15:14:39;8694;1739;4;151,32
2024-06-15 15:14:42;8695;1739;5;151,45
2024-06-15 15:14:45;8696;1740;1;152,86
2024-06-15 15:14:48;8697;1740;2;155,02
2024-06-15 15:14:51;8698;1740;3;149,4
2024-06-15 15:14:54;8699;1740;4;151,34
2024-06-15 15:14:57;8700;1740;5;149,73
2024-06-15 15:15:00;8701;1741;1;153,89
2024-06-15 15:15:03;8702;1741;2;150,62
2024-06-15 15:15:06;8703;1741;3;149,34
2024-06-15 15:15:09;8704;1741;4;152,46
2024-06-15 15:15:12;8705;1741;5;154,12
2024-06-15 15:15:15;8706;1742;1;152,5
2024-06-15 15:15:18;8707;1742;2;151,81
2024-06-15 15:15:21;8708;1742;3;152,11
2024-06-15 15:15:24;8709;1742;4;153,62
2024-06-15 15:15:27;8710;1742;5;150,19
2024-06-15 15:15:30;8711;1743;1;151,33
2024-06-15 15:15:33;8712;1743;2;150,82
2024-06-15 15:15:36;8713;1743;3;149,75
2024-06-15 15:15:39;8714;1743;4;151,01
2024-06-15 15:15:42;8715;1743;5;153,16
2024-06-15 15:15:45;8716;1744;1;152,35
2024-06-15 15:15:48;8717;1744;2;152,47
2024-06-15 15:15:51;8718;1744;3;151,72
2024-06-15 15:15:54;8719;1744;4;152,28
2024-06-15 15:15:57;8720;1744;5;150,3
2024-06-15 15:16:00;8721;1745;1;151,04
2024-06-15 15:16:03;8722;1745;2;151,79
2024-06-15 15:16:06;8723;1745;3;151,92
2024-06-15 15:16:09;8724;1745;4;151,98
2024-06-15 15:16:12;8725;1745;5;151,29
2024-06-15 15:16:15;8726;1746;1;150,93
2024-06-15 15:16:18;8727;1746;2;156,24
2024-06-15 15:16:21;8728;1746;3;152,86
2024-06-15 15:16:24;8729;1746;4;152,12
2024-06-15 15:16:27;8730;1746;5;151,15
2024-06-15 15:16:30;8731;1747;1;150,82
2024-06-15 15:16:33;8732;1747;2;151,3
2024-06-15 15:16:36;8733;1747;3;151,94
2024-06-15 15:16:39;8734;1747;4;148,68
2024-06-15 15:16:42;8735;1747;5;149,15
2024-06-15 15:16:45;8736;1748;1;150,54
2024-06-15 15:16:48;8737;1748;2;151,81
2024-06-15 15:16:51;8738;1748;3;151,14
2024-06-15 15:16:54;8739;1748;4;153,72
2024-06-15 15:16:57;8740;1748;5;149,28
2024-06-15 15:17:00;8741;1749;1;150,37
2024-06-15 15:17:03;8742;1749;2;153,78
2024-06-15 15:17:06;8743;1749;3;151,7
2024-06-15 15:17:09;8744;1749;4;152,83
2024-06-15 15:17:12;8745;1749;5;154,58
2024-06-15 15:17:15;8746;1750;1;150,46
2024-06-15 15:17:18;8747;1750;2;151,35
2024-06-15 15:17:21;8748;1750;3;151,09
2024-06-15 15:17:24;8749;1750;4;148,57
2024-06-15 15:17:27;8750;1750;5;151,03
2024-06-15 15:17:30;8751;1751;1;152,82
2024-06-15 15:17:33;8752;1751;2;152,31
2024-06-15 15:17:36;8753;1751;3;152,43
2024-06-15 15:17:39;8754;1751;4;150,94
2024-06-15 15:17:42;8755;1751;5;150,52
2024-06-15 15:17:45;8756;1752;1;153,4
2024-06-15 15:17:48;8757;1752;2;150,75
2024-06-15 15:17:51;8758;1752;3;151,94
2024-06-15 15:17:54;8759;1752;4;151,75
2024-06-15 15:17:57;8760;1752;5;153,69
2024-06-15 15:18:00;8761;1753;1;152,96
2024-06-15 15:18:03;8762;1753;2;149,56
2024-06-15 15:18:06;8763;1753;3;149,72
2024-06-15 15:18:09;8764;1753;4;152,37
2024-06-15 15:18:12;8765;1753;5;151,4
2024-06-15 15:18:15;8766;1754;1;150,82
2024-06-15 15:18:18;8767;1754;2;153,02
2024-06-15 15:18:21;8768;1754;3;151,78
2024-06-15 15:18:24;8769;1754;4;151,58
2024-06-15 15:18:27;8770;1754;5;152,67
2024-06-15 15:18:30;8771;1755;1;150,94
2024-06-15 15:18:33;8772;1755;2;153,85
2024-06-15 15:18:36;8773;1755;3;150,32
2024-06-15 15:18:39;8774;1755;4;152,49
2024-06-15 15:18:42;8775;1755;5;153,65
2024-06-15 15:18:45;8776;1756;1;149,43
2024-06-15 15:18:48;8777;1756;2;150,98
2024-06-15 15:18:51;8778;1756;3;153,21
2024-06-15 15:18:54;8779;1756;4;153,24
2024-06-15 15:18:57;8780;1756;5;151,24
2024-06-15 15:19:00;8781;1757;1;150,4
2024-06-15 15:19:03;8782;1757;2;152,93
2024-06-15 15:19:06;8783;1757;3;153,28
2024-06-15 15:19:09;8784;1757;4;149,75
2024-06-15 15:19:12;8785;1757;5;149,69
2024-06-15 15:19:15;8786;1758;1;151,84
2024-06-15 15:19:18;8787;1758;2;152,44
2024-06-15 15:19:21;8788;1758;3;151,05
2024-06-15 15:19:24;8789;1758;4;152,52
2024-06-15 15:19:27;8790;1758;5;150,43
2024-06-15 15:19:30;8791;1759;1;148,33
2024-06-15 15:19:33;8792;1759;2;150,86
2024-06-15 15:19:36;8793;1759;3;151,59
2024-06-15 15:19:39;8794;1759;4;151,09
2024-06-15 15:19:42;8795;1759;5;149,76
2024-06-15 15:19:45;8796;1760;1;148,78
2024-06-15 15:19:48;8797;1760;2;150,73
2024-06-15 15:19:51;8798;1760;3;152,85
2024-06-15 15:19:54;8799;1760;4;153,38
2024-06-15 15:19:57;8800;1760;5;153,28
2024-06-15 15:20:00;8801;1761;1;150,28
2024-06-15 15:20:03;8802;1761;2;149,77
2024-06-15 15:20:06;8803;1761;3;152,24
2024-06-15 15:20:09;8804;1761;4;152,45
2024-06-15 15:20:12;8805;1761;5;152,1
2024-06-15 15:20:15;8806;1762;1;148,48
2024-06-15 15:20:18;8807;1762;2;150,2
2024-06-15 15:20:21;8808;1762;3;151,46
2024-06-15 15:20:24;8809;1762;4;152,23
2024-06-15 15:20:27;8810;1762;5;152,65
2024-06-15 15:20:30;8811;1763;1;151,72
2024-06-15 15:20:33;8812;1763;2;152,0
2024-06-15 15:20:36;8813;1763;3;151,63
2024-06-15 15:20:39;8814;1763;4;152,53
2024-06-15 15:20:42;8815;1763;5;151,97
2024-06-15 15:20:45;8816;1764;1;151,6
2024-06-15 15:20:48;8817;1764;2;151,1
2024-06-15 15:20:51;8818;1764;3;151,62
2024-06-15 15:20:54;8819;1764;4;152,23
2024-06-15 15:20:57;8820;1764;5;151,9
2024-06-15 15:21:00;8821;1765;1;152,07
2024-06-15 15:21:03;8822;1765;2;153,51
2024-06-15 15:21:06;8823;1765;3;151,9
2024-06-15 15:21:09;8824;1765;4;150,53
2024-06-15 15:21:12;8825;1765;5;152,83
2024-06-15 15:21:15;8826;1766;1;149,45
2024-06-15 15:21:18;8827;1766;2;149,88
2024-06-15 15:21:21;8828;1766;3;152,0
2024-06-15 15:21:24;8829;1766;4;152,27
2024-06-15 15:21:27;8830;1766;5;149,63
2024-06-15 15:21:30;8831;1767;1;150,93
2024-06-15 15:21:33;8832;1767;2;150,59
2024-06-15 15:21:36;8833;1767;3;150,77
2024-06-15 15:21:39;8834;1767;4;152,92
2024-06-15 15:21:42;8835;1767;5;152,56
2024-06-15 15:21:45;8836;1768;1;151,47
2024-06-15 15:21:48;8837;1768;2;150,68
2024-06-15 15:21:51;8838;1768;3;149,48
2024-06-15 15:21:54;8839;1768;4;153,63
2024-06-15 15:21:57;8840;1768;5;152,39
2024-06-15 15:22:00;8841;1769;1;150,44
2024-06-15 15:22:03;8842;1769;2;152,58
2024-06-15 15:22:06;8843;1769;3;151,39
2024-06-15 15:22:09;8844;1769;4;151,07
2024-06-15 15:22:12;8845;1769;5;152,15
2024-06-15 15:22:15;8846;1770;1;150,39
2024-06-15 15:22:18;8847;1770;2;150,98
2024-06-15 15:22:21;8848;1770;3;151,68
2024-06-15 15:22:24;8849;1770;4;150,75
2024-06-15 15:22:27;8850;1770;5;152,5
2024-06-15 15:22:30;8851;1771;1;154,3
2024-06-15 15:22:33;8852;1771;2;150,37
2024-06-15 15:22:36;8853;1771;3;149,0
2024-06-15 15:22:39;8854;1771;4;148,5
2024-06-15 15:22:42;8855;1771;5;151,27
2024-06-15 15:22:45;8856;1772;1;150,51
2024-06-15 15:22:48;8857;1772;2;151,81
2024-06-15 15:22:51;8858;1772;3;151,7
2024-06-15 15:22:54;8859;1772;4;149,1
2024-06-15 15:22:57;8860;1772;5;148,78
2024-06-15 15:23:00;8861;1773;1;151,94
2024-06-15 15:23:03;8862;1773;2;151,7
2024-06-15 15:23:06;8863;1773;3;150,86
2024-06-15 15:23:09;8864;1773;4;149,01
2024-06-15 15:23:12;8865;1773;5;152,21
2024-06-15 15:23:15;8866;1774;1;153,41
2024-06-15 15:23:18;8867;1774;2;151,92
2024-06-15 15:23:21;8868;1774;3;150,23
2024-06-15 15:23:24;8869;1774;4;151,57
2024-06-15 15:23:27;8870;1774;5;149,45
2024-06-15 15:23:30;8871;1775;1;153,09
2024-06-15 15:23:33;8872;1775;2;151,62
2024-06-15 15:23:36;8873;1775;3;148,85
2024-06-15 15:23:39;8874;1775;4;151,05
2024-06-15 15:23:42;8875;1775;5;152,19
2024-06-15 15:23:45;8876;1776;1;151,0
2024-06-15 15:23:48;8877;1776;2;151,09
2024-06-15 15:23:51;8878;1776;3;149,66
2024-06-15 15:23:54;8879;1776;4;152,35
2024-06-15 15:23:57;8880;1776;5;150,53
2024-06-15 15:24:00;8881;1777;1;148,27
2024-06-15 15:24:03;8882;1777;2;150,94
2024-06-15 15:24:06;8883;1777;3;152,97
2024-06-15 15:24:09;8884;1777;4;150,92
2024-06-15 15:24:12;8885;1777;5;154,11
2024-06-15 15:24:15;8886;1778;1;152,14
2024-06-15 15:24:18;8887;1778;2;152,01
2024-06-15 15:24:21;8888;1778;3;151,31
2024-06-15 15:24:24;8889;1778;4;151,4
2024-06-15 15:24:27;8890;1778;5;151,1
2024-06-15 15:24:30;8891;1779;1;151,05
2024-06-15 15:24:33;8892;1779;2;152,3
2024-06-15 15:24:36;8893;1779;3;150,1
2024-06-15 15:24:39;8894;1779;4;149,89
2024-06-15 15:24:42;8895;1779;5;149,82
2024-06-15 15:24:45;8896;1780;1;154,57
2024-06-15 15:24:48;8897;1780;2;152,3
2024-06-15 15:24:51;8898;1780;3;151,96
2024-06-15 15:24:54;8899;1780;4;149,91
2024-06-15 15:24:57;8900;1780;5;152,44
2024-06-15 15:25:00;8901;1781;1;151,33
2024-06-15 15:25:03;8902;1781;2;151,82
2024-06-15 15:25:06;8903;1781;3;150,04
2024-06-15 15:25:09;8904;1781;4;151,74
2024-06-15 15:25:12;8905;1781;5;150,86
2024-06-15 15:25:15;8906;1782;1;150,35
2024-06-15 15:25:18;8907;1782;2;152,6
2024-06-15 15:25:21;8908;1782;3;149,19
2024-06-15 15:25:24;8909;1782;4;152,35
2024-06-15 15:25:27;8910;1782;5;152,53
2024-06-15 15:25:30;8911;1783;1;150,18
2024-06-15 15:25:33;8912;1783;2;150,27
2024-06-15 15:25:36;8913;1783;3;151,17
2024-06-15 15:25:39;8914;1783;4;151,92
2024-06-15 15:25:42;8915;1783;5;151,27
2024-06-15 15:25:45;8916;1784;1;152,15
2024-06-15 15:25:48;8917;1784;2;154,14
2024-06-15 15:25:51;8918;1784;3;150,74
2024-06-15 15:25:54;8919;1784;4;148,93
2024-06-15 15:25:57;8920;1784;5;152,74
2024-06-15 15:26:00;8921;1785;1;154,02
2024-06-15 15:26:03;8922;1785;2;152,09
2024-06-15 15:26:06;8923;1785;3;149,87
2024-06-15 15:26:09;8924;1785;4;151,31
2024-06-15 15:26:12;8925;1785;5;149,82
2024-06-15 15:26:15;8926;1786;1;152,46
2024-06-15 15:26:18;8927;1786;2;149,47
2024-06-15 15:26:21;8928;1786;3;151,05
2024-06-15 15:26:24;8929;1786;4;149,99
2024-06-15 15:26:27;8930;1786;5;151,69
2024-06-15 15:26:30;8931;1787;1;150,95
2024-06-15 15:26:33;8932;1787;2;151,77
2024-06-15 15:26:36;8933;1787;3;151,53
2024-06-15 15:26:39;8934;1787;4;150,02
2024-06-15 15:26:42;8935;1787;5;152,44
2024-06-15 15:26:45;8936;1788;1;151,43
2024-06-15 15:26:48;8937;1788;2;150,02
2024-06-15 15:26:51;8938;1788;3;154,86
2024-06-15 15:26:54;8939;1788;4;152,21
2024-06-15 15:26:57;8940;1788;5;151,27
2024-06-15 15:27:00;8941;1789;1;153,62
2024-06-15 15:27:03;8942;1789;2;154,26
2024-06-15 15:27:06;8943;1789;3;151,28
2024-06-15 15:27:09;8944;1789;4;152,02
2024-06-15 15:27:12;8945;1789;5;150,02
2024-06-15 15:27:15;8946;1790;1;151,28
2024-06-15 15:27:18;8947;1790;2;151,2
2024-06-15 15:27:21;8948;1790;3;151,78
2024-06-15 15:27:24;8949;1790;4;152,0
2024-06-15 15:27:27;8950;1790;5;152,34
2024-06-15 15:27:30;8951;1791;1;151,86
2024-06-15 15:27:33;8952;1791;2;149,68
2024-06-15 15:27:36;8953;1791;3;150,09
2024-06-15 15:27:39;8954;1791;4;150,68
2024-06-15 15:27:42;8955;1791;5;151,08
2024-06-15 15:27:45;8956;1792;1;153,08
2024-06-15 15:27:48;8957;1792;2;149,76
2024-06-15 15:27:51;8958;1792;3;150,96
2024-06-15 15:27:54;8959;1792;4;152,93
2024-06-15 15:27:57;8960;1792;5;151,05
2024-06-15 15:28:00;8961;1793;1;152,19
2024-06-15 15:28:03;8962;1793;2;151,29
2024-06-15 15:28:06;8963;1793;3;151,89
2024-06-15 15:28:09;8964;1793;4;151,16
2024-06-15 15:28:12;8965;1793;5;152,5
2024-06-15 15:28:15;8966;1794;1;149,18
2024-06-15 15:28:18;8967;1794;2;150,96
2024-06-15 15:28:21;8968;1794;3;151,94
2024-06-15 15:28:24;8969;1794;4;152,3
2024-06-15 15:28:27;8970;1794;5;153,74
2024-06-15 15:28:30;8971;1795;1;150,91
2024-06-15 15:28:33;8972;1795;2;153,72
2024-06-15 15:28:36;8973;1795;3;150,51
2024-06-15 15:28:39;8974;1795;4;153,49
2024-06-15 15:28:42;8975;1795;5;152,73
2024-06-15 15:28:45;8976;1796;1;150,13
2024-06-15 15:28:48;8977;1796;2;151,96
2024-06-15 15:28:51;8978;1796;3;151,42
2024-06-15 15:28:54;8979;1796;4;152,44
2024-06-15 15:28:57;8980;1796;5;151,17
2024-06-15 15:29:00;8981;1797;1;151,04
2024-06-15 15:29:03;8982;1797;2;153,55
2024-06-15 15:29:06;8983;1797;3;151,35
2024-06-15 15:29:09;8984;1797;4;152,74
2024-06-15 15:29:12;8985;1797;5;151,16
2024-06-15 15:29:15;8986;1798;1;154,0
2024-06-15 15:29:18;8987;1798;2;150,48
2024-06-15 15:29:21;8988;1798;3;150,58
2024-06-15 15:29:24;8989;1798;4;153,79
2024-06-15 15:29:27;8990;1798;5;150,83
2024-06-15 15:29:30;8991;1799;1;153,9
2024-06-15 15:29:33;8992;1799;2;152,84
2024-06-15 15:29:36;8993;1799;3;151,27
2024-06-15 15:29:39;8994;1799;4;148,78
2024-06-15 15:29:42;8995;1799;5;151,47
2024-06-15 15:29:45;8996;1800;1;151,65
2024-06-15 15:29:48;8997;1800;2;153,25
2024-06-15 15:29:51;8998;1800;3;153,88
2024-06-15 15:29:54;8999;1800;4;150,47
2024-06-15 15:29:57;9000;1800;5;152,7
2024-06-15 15:30:00;9001;1801;1;152,65
2024-06-15 15:30:03;9002;1801;2;153,11
2024-06-15 15:30:06;9003;1801;3;152,25
2024-06-15 15:30:09;9004;1801;4;148,59
2024-06-15 15:30:12;9005;1801;5;151,27
2024-06-15 15:30:15;9006;1802;1;149,77
2024-06-15 15:30:18;9007;1802;2;151,2
2024-06-15 15:30:21;9008;1802;3;152,97
2024-06-15 15:30:24;9009;1802;4;151,96
2024-06-15 15:30:27;9010;1802;5;153,22
2024-06-15 15:30:30;9011;1803;1;152,01
2024-06-15 15:30:33;9012;1803;2;149,55
2024-06-15 15:30:36;9013;1803;3;147,72
2024-06-15 15:30:39;9014;1803;4;151,72
2024-06-15 15:30:42;9015;1803;5;151,18
2024-06-15 15:30:45;9016;1804;1;150,03
2024-06-15 15:30:48;9017;1804;2;148,95
2024-06-15 15:30:51;9018;1804;3;150,4
2024-06-15 15:30:54;9019;1804;4;151,21
2024-06-15 15:30:57;9020;1804;5;152,5
2024-06-15 15:31:00;9021;1805;1;151,78
2024-06-15 15:31:03;9022;1805;2;153,91
2024-06-15 15:31:06;9023;1805;3;149,95
2024-06-15 15:31:09;9024;1805;4;152,82
2024-06-15 15:31:12;9025;1805;5;151,57
2024-06-15 15:31:15;9026;1806;1;152,54
2024-06-15 15:31:18;9027;1806;2;150,85
2024-06-15 15:31:21;9028;1806;3;153,11
2024-06-15 15:31:24;9029;1806;4;151,94
2024-06-15 15:31:27;9030;1806;5;150,48
2024-06-15 15:31:30;9031;1807;1;151,48
2024-06-15 15:31:33;9032;1807;2;151,14
2024-06-15 15:31:36;9033;1807;3;152,23
2024-06-15 15:31:39;9034;1807;4;149,73
2024-06-15 15:31:42;9035;1807;5;151,46
2024-06-15 15:31:45;9036;1808;1;152,09
2024-06-15 15:31:48;9037;1808;2;151,55
2024-06-15 15:31:51;9038;1808;3;153,52
2024-06-15 15:31:54;9039;1808;4;152,66
2024-06-15 15:31:57;9040;1808;5;151,49
2024-06-15 15:32:00;9041;1809;1;151,83
2024-06-15 15:32:03;9042;1809;2;151,94
2024-06-15 15:32:06;9043;1809;3;152,1
2024-06-15 15:32:09;9044;1809;4;148,76
2024-06-15 15:32:12;9045;1809;5;151,05
2024-06-15 15:32:15;9046;1810;1;149,27
2024-06-15 15:32:18;9047;1810;2;153,42
2024-06-15 15:32:21;9048;1810;3;151,41
2024-06-15 15:32:24;9049;1810;4;151,21
2024-06-15 15:32:27;9050;1810;5;152,85
2024-06-15 15:32:30;9051;1811;1;152,13
2024-06-15 15:32:33;9052;1811;2;149,81
2024-06-15 15:32:36;9053;1811;3;151,39
2024-06-15 15:32:39;9054;1811;4;151,0
2024-06-15 15:32:42;9055;1811;5;148,88
2024-06-15 15:32:45;9056;1812;1;150,46
2024-06-15 15:32:48;9057;1812;2;151,22
2024-06-15 15:32:51;9058;1812;3;151,33
2024-06-15 15:32:54;9059;1812;4;149,28
2024-06-15 15:32:57;9060;1812;5;153,23
2024-06-15 15:33:00;9061;1813;1;151,35
2024-06-15 15:33:03;9062;1813;2;151,56
2024-06-15 15:33:06;9063;1813;3;152,1
2024-06-15 15:33:09;9064;1813;4;150,32
2024-06-15 15:33:12;9065;1813;5;152,18
2024-06-15 15:33:15;9066;1814;1;150,95
2024-06-15 15:33:18;9067;1814;2;150,16
2024-06-15 15:33:21;9068;1814;3;152,36
2024-06-15 15:33:24;9069;1814;4;153,74
2024-06-15 15:33:27;9070;1814;5;152,59
2024-06-15 15:33:30;9071;1815;1;152,88
2024-06-15 15:33:33;9072;1815;2;150,72
2024-06-15 15:33:36;9073;1815;3;149,1
2024-06-15 15:33:39;9074;1815;4;153,74
2024-06-15 15:33:42;9075;1815;5;154,58
2024-06-15 15:33:45;9076;1816;1;153,81
2024-06-15 15:33:48;9077;1816;2;151,0
2024-06-15 15:33:51;9078;1816;3;149,77
2024-06-15 15:33:54;9079;1816;4;149,9
2024-06-15 15:33:57;9080;1816;5;148,97
2024-06-15 15:34:00;9081;1817;1;151,34
2024-06-15 15:34:03;9082;1817;2;153,91
2024-06-15 15:34:06;9083;1817;3;151,29
2024-06-15 15:34:09;9084;1817;4;151,95
2024-06-15 15:34:12;9085;1817;5;153,56
2024-06-15 15:34:15;9086;1818;1;150,89
2024-06-15 15:34:18;9087;1818;2;154,55
2024-06-15 15:34:21;9088;1818;3;154,49
2024-06-15 15:34:24;9089;1818;4;151,3
2024-06-15 15:34:27;9090;1818;5;150,63
2024-06-15 15:34:30;9091;1819;1;152,55
2024-06-15 15:34:33;9092;1819;2;150,98
2024-06-15 15:34:36;9093;1819;3;149,77
2024-06-15 15:34:39;9094;1819;4;153,42
2024-06-15 15:34:42;9095;1819;5;153,32
2024-06-15 15:34:45;9096;1820;1;151,73
2024-06-15 15:34:48;9097;1820;2;149,61
2024-06-15 15:34:51;9098;1820;3;149,66
2024-06-15 15:34:54;9099;1820;4;151,66
2024-06-15 15:34:57;9100;1820;5;150,75
2024-06-15 15:35:00;9101;1821;1;150,99
2024-06-15 15:35:03;9102;1821;2;153,03
2024-06-15 15:35:06;9103;1821;3;152,6
2024-06-15 15:35:09;9104;1821;4;153,57
2024-06-15 15:35:12;9105;1821;5;150,01
2024-06-15 15:35:15;9106;1822;1;150,99
2024-06-15 15:35:18;9107;1822;2;152,64
2024-06-15 15:35:21;9108;1822;3;152,17
2024-06-15 15:35:24;9109;1822;4;153,8
2024-06-15 15:35:27;9110;1822;5;152,13
2024-06-15 15:35:30;9111;1823;1;154,27
2024-06-15 15:35:33;9112;1823;2;152,31
2024-06-15 15:35:36;9113;1823;3;153,09
2024-06-15 15:35:39;9114;1823;4;151,01
2024-06-15 15:35:42;9115;1823;5;151,52
2024-06-15 15:35:45;9116;1824;1;152,87
2024-06-15 15:35:48;9117;1824;2;153,92
2024-06-15 15:35:51;9118;1824;3;152,59
2024-06-15 15:35:54;9119;1824;4;151,38
2024-06-15 15:35:57;9120;1824;5;153,57
2024-06-15 15:36:00;9121;1825;1;148,21
2024-06-15 15:36:03;9122;1825;2;149,37
2024-06-15 15:36:06;9123;1825;3;152,52
2024-06-15 15:36:09;9124;1825;4;151,52
2024-06-15 15:36:12;9125;1825;5;152,41
2024-06-15 15:36:15;9126;1826;1;151,6
2024-06-15 15:36:18;9127;1826;2;152,36
2024-06-15 15:36:21;9128;1826;3;150,28
2024-06-15 15:36:24;9129;1826;4;152,36
2024-06-15 15:36:27;9130;1826;5;152,99
2024-06-15 15:36:30;9131;1827;1;153,33
2024-06-15 15:36:33;9132;1827;2;154,52
2024-06-15 15:36:36;9133;1827;3;151,87
2024-06-15 15:36:39;9134;1827;4;151,91
2024-06-15 15:36:42;9135;1827;5;149,22
2024-06-15 15:36:45;9136;1828;1;150,7
2024-06-15 15:36:48;9137;1828;2;151,21
2024-06-15 15:36:51;9138;1828;3;153,08
2024-06-15 15:36:54;9139;1828;4;150,58
2024-06-15 15:36:57;9140;1828;5;152,69
2024-06-15 15:37:00;9141;1829;1;151,5
2024-06-15 15:37:03;9142;1829;2;151,23
2024-06-15 15:37:06;9143;1829;3;151,87
2024-06-15 15:37:09;9144;1829;4;150,91
2024-06-15 15:37:12;9145;1829;5;150,86
2024-06-15 15:37:15;9146;1830;1;148,94
2024-06-15 15:37:18;9147;1830;2;151,13
2024-06-15 15:37:21;9148;1830;3;150,78
2024-06-15 15:37:24;9149;1830;4;150,73
2024-06-15 15:37:27;9150;1830;5;152,13
2024-06-15 15:37:30;9151;1831;1;152,49
2024-06-15 15:37:33;9152;1831;2;151,85
2024-06-15 15:37:36;9153;1831;3;152,99
2024-06-15 15:37:39;9154;1831;4;152,36
2024-06-15 15:37:42;9155;1831;5;151,06
2024-06-15 15:37:45;9156;1832;1;150,81
2024-06-15 15:37:48;9157;1832;2;151,97
2024-06-15 15:37:51;9158;1832;3;152,36
2024-06-15 15:37:54;9159;1832;4;153,6
2024-06-15 15:37:57;9160;1832;5;153,29
2024-06-15 15:38:00;9161;1833;1;150,69
2024-06-15 15:38:03;9162;1833;2;151,35
2024-06-15 15:38:06;9163;1833;3;152,51
2024-06-15 15:38:09;9164;1833;4;153,1
2024-06-15 15:38:12;9165;1833;5;152,91
2024-06-15 15:38:15;9166;1834;1;151,4
2024-06-15 15:38:18;9167;1834;2;149,62
2024-06-15 15:38:21;9168;1834;3;150,0
2024-06-15 15:38:24;9169;1834;4;151,91
2024-06-15 15:38:27;9170;1834;5;152,01
2024-06-15 15:38:30;9171;1835;1;149,85
2024-06-15 15:38:33;9172;1835;2;151,57
2024-06-15 15:38:36;9173;1835;3;152,45
2024-06-15 15:38:39;9174;1835;4;149,77
2024-06-15 15:38:42;9175;1835;5;153,16
2024-06-15 15:38:45;9176;1836;1;150,93
2024-06-15 15:38:48;9177;1836;2;153,39
2024-06-15 15:38:51;9178;1836;3;150,7
2024-06-15 15:38:54;9179;1836;4;149,96
2024-06-15 15:38:57;9180;1836;5;150,81
2024-06-15 15:39:00;9181;1837;1;151,36
2024-06-15 15:39:03;9182;1837;2;150,92
2024-06-15 15:39:06;9183;1837;3;151,18
2024-06-15 15:39:09;9184;1837;4;152,0
2024-06-15 15:39:12;9185;1837;5;151,24
2024-06-15 15:39:15;9186;1838;1;151,4
2024-06-15 15:39:18;9187;1838;2;148,94
2024-06-15 15:39:21;9188;1838;3;152,09
2024-06-15 15:39:24;9189;1838;4;151,37
2024-06-15 15:39:27;9190;1838;5;153,92
2024-06-15 15:39:30;9191;1839;1;150,09
2024-06-15 15:39:33;9192;1839;2;148,79
2024-06-15 15:39:36;9193;1839;3;152,43
2024-06-15 15:39:39;9194;1839;4;152,02
2024-06-15 15:39:42;9195;1839;5;149,99
2024-06-15 15:39:45;9196;1840;1;149,21
2024-06-15 15:39:48;9197;1840;2;153,81
2024-06-15 15:39:51;9198;1840;3;153,62
2024-06-15 15:39:54;9199;1840;4;147,77
2024-06-15 15:39:57;9200;1840;5;150,81
2024-06-15 15:40:00;9201;1841;1;154,0
2024-06-15 15:40:03;9202;1841;2;150,79
2024-06-15 15:40:06;9203;1841;3;150,76
2024-06-15 15:40:09;9204;1841;4;151,08
2024-06-15 15:40:12;9205;1841;5;149,82
2024-06-15 15:40:15;9206;1842;1;148,94
2024-06-15 15:40:18;9207;1842;2;153,08
2024-06-15 15:40:21;9208;1842;3;148,74
2024-06-15 15:40:24;9209;1842;4;151,87
2024-06-15 15:40:27;9210;1842;5;152,83
2024-06-15 15:40:30;9211;1843;1;149,32
2024-06-15 15:40:33;9212;1843;2;150,11
2024-06-15 15:40:36;9213;1843;3;153,32
2024-06-15 15:40:39;9214;1843;4;152,3
2024-06-15 15:40:42;9215;1843;5;150,57
2024-06-15 15:40:45;9216;1844;1;153,3
2024-06-15 15:40:48;9217;1844;2;153,31
2024-06-15 15:40:51;9218;1844;3;151,9
2024-06-15 15:40:54;9219;1844;4;150,15
2024-06-15 15:40:57;9220;1844;5;150,88
2024-06-15 15:41:00;9221;1845;1;151,93
2024-06-15 15:41:03;9222;1845;2;151,22
2024-06-15 15:41:06;9223;1845;3;152,91
2024-06-15 15:41:09;9224;1845;4;149,21
2024-06-15 15:41:12;9225;1845;5;149,26
2024-06-15 15:41:15;9226;1846;1;151,77
2024-06-15 15:41:18;9227;1846;2;150,76
2024-06-15 15:41:21;9228;1846;3;150,56
2024-06-15 15:41:24;9229;1846;4;148,85
2024-06-15 15:41:27;9230;1846;5;151,53
2024-06-15 15:41:30;9231;1847;1;151,42
2024-06-15 15:41:33;9232;1847;2;152,48
2024-06-15 15:41:36;9233;1847;3;151,6
2024-06-15 15:41:39;9234;1847;4;151,3
2024-06-15 15:41:42;9235;1847;5;153,27
2024-06-15 15:41:45;9236;1848;1;149,53
2024-06-15 15:41:48;9237;1848;2;152,3
2024-06-15 15:41:51;9238;1848;3;148,99
2024-06-15 15:41:54;9239;1848;4;150,24
2024-06-15 15:41:57;9240;1848;5;149,68
2024-06-15 15:42:00;9241;1849;1;152,67
2024-06-15 15:42:03;9242;1849;2;151,4
2024-06-15 15:42:06;9243;1849;3;151,48
2024-06-15 15:42:09;9244;1849;4;149,84
2024-06-15 15:42:12;9245;1849;5;151,05
2024-06-15 15:42:15;9246;1850;1;150,35
2024-06-15 15:42:18;9247;1850;2;152,08
2024-06-15 15:42:21;9248;1850;3;150,01
2024-06-15 15:42:24;9249;1850;4;153,49
2024-06-15 15:42:27;9250;1850;5;148,99
2024-06-15 15:42:30;9251;1851;1;150,29
2024-06-15 15:42:33;9252;1851;2;154,02
2024-06-15 15:42:36;9253;1851;3;150,85
2024-06-15 15:42:39;9254;1851;4;149,53
2024-06-15 15:42:42;9255;1851;5;151,83
2024-06-15 15:42:45;9256;1852;1;150,79
2024-06-15 15:42:48;9257;1852;2;150,25
2024-06-15 15:42:51;9258;1852;3;149,86
2024-06-15 15:42:54;9259;1852;4;155,65
2024-06-15 15:42:57;9260;1852;5;151,12
2024-06-15 15:43:00;9261;1853;1;148,61
2024-06-15 15:43:03;9262;1853;2;153,74
2024-06-15 15:43:06;9263;1853;3;152,42
2024-06-15 15:43:09;9264;1853;4;150,35
2024-06-15 15:43:12;9265;1853;5;150,1
2024-06-15 15:43:15;9266;1854;1;152,51
2024-06-15 15:43:18;9267;1854;2;151,13
2024-06-15 15:43:21;9268;1854;3;148,61
2024-06-15 15:43:24;9269;1854;4;154,18
2024-06-15 15:43:27;9270;1854;5;150,85
2024-06-15 15:43:30;9271;1855;1;153,74
2024-06-15 15:43:33;9272;1855;2;153,42
2024-06-15 15:43:36;9273;1855;3;150,0
2024-06-15 15:43:39;9274;1855;4;153,05
2024-06-15 15:43:42;9275;1855;5;150,52
2024-06-15 15:43:45;9276;1856;1;148,7
2024-06-15 15:43:48;9277;1856;2;150,86
2024-06-15 15:43:51;9278;1856;3;152,1
2024-06-15 15:43:54;9279;1856;4;150,81
2024-06-15 15:43:57;9280;1856;5;151,04
2024-06-15 15:44:00;9281;1857;1;153,22
2024-06-15 15:44:03;9282;1857;2;151,66
2024-06-15 15:44:06;9283;1857;3;150,24
2024-06-15 15:44:09;9284;1857;4;152,55
2024-06-15 15:44:12;9285;1857;5;151,8
2024-06-15 15:44:15;9286;1858;1;147,72
2024-06-15 15:44:18;9287;1858;2;152,14
2024-06-15 15:44:21;9288;1858;3;152,09
2024-06-15 15:44:24;9289;1858;4;151,53
2024-06-15 15:44:27;9290;1858;5;152,84
2024-06-15 15:44:30;9291;1859;1;150,49
2024-06-15 15:44:33;9292;1859;2;152,0
2024-06-15 15:44:36;9293;1859;3;149,15
2024-06-15 15:44:39;9294;1859;4;152,11
2024-06-15 15:44:42;9295;1859;5;154,43
2024-06-15 15:44:45;9296;1860;1;150,01
2024-06-15 15:44:48;9297;1860;2;150,36
2024-06-15 15:44:51;9298;1860;3;150,43
2024-06-15 15:44:54;9299;1860;4;151,69
2024-06-15 15:44:57;9300;1860;5;149,91
2024-06-15 15:45:00;9301;1861;1;152,13
2024-06-15 15:45:03;9302;1861;2;152,77
2024-06-15 15:45:06;9303;1861;3;152,3
2024-06-15 15:45:09;9304;1861;4;148,85
2024-06-15 15:45:12;9305;1861;5;152,99
2024-06-15 15:45:15;9306;1862;1;152,91
2024-06-15 15:45:18;9307;1862;2;152,75
2024-06-15 15:45:21;9308;1862;3;152,06
2024-06-15 15:45:24;9309;1862;4;151,83
2024-06-15 15:45:27;9310;1862;5;153,05
2024-06-15 15:45:30;9311;1863;1;154,39
2024-06-15 15:45:33;9312;1863;2;150,07
2024-06-15 15:45:36;9313;1863;3;153,12
2024-06-15 15:45:39;9314;1863;4;151,37
2024-06-15 15:45:42;9315;1863;5;151,31
2024-06-15 15:45:45;9316;1864;1;149,2
2024-06-15 15:45:48;9317;1864;2;151,07
2024-06-15 15:45:51;9318;1864;3;150,0
2024-06-15 15:45:54;9319;1864;4;150,8
2024-06-15 15:45:57;9320;1864;5;149,85
2024-06-15 15:46:00;9321;1865;1;150,83
2024-06-15 15:46:03;9322;1865;2;150,89
2024-06-15 15:46:06;9323;1865;3;151,65
2024-06-15 15:46:09;9324;1865;4;149,08
2024-06-15 15:46:12;9325;1865;5;149,33
2024-06-15 15:46:15;9326;1866;1;152,04
2024-06-15 15:46:18;9327;1866;2;150,3
2024-06-15 15:46:21;9328;1866;3;153,11
2024-06-15 15:46:24;9329;1866;4;151,84
2024-06-15 15:46:27;9330;1866;5;152,41
2024-06-15 15:46:30;9331;1867;1;153,62
2024-06-15 15:46:33;9332;1867;2;151,04
2024-06-15 15:46:36;9333;1867;3;150,64
2024-06-15 15:46:39;9334;1867;4;152,81
2024-06-15 15:46:42;9335;1867;5;152,26
2024-06-15 15:46:45;9336;1868;1;151,22
2024-06-15 15:46:48;9337;1868;2;153,59
2024-06-15 15:46:51;9338;1868;3;151,18
2024-06-15 15:46:54;9339;1868;4;151,55
2024-06-15 15:46:57;9340;1868;5;151,53
2024-06-15 15:47:00;9341;1869;1;150,1
2024-06-15 15:47:03;9342;1869;2;151,62
2024-06-15 15:47:06;9343;1869;3;153,6
2024-06-15 15:47:09;9344;1869;4;152,17
2024-06-15 15:47:12;9345;1869;5;151,55
2024-06-15 15:47:15;9346;1870;1;151,26
2024-06-15 15:47:18;9347;1870;2;152,0
2024-06-15 15:47:21;9348;1870;3;152,62
2024-06-15 15:47:24;9349;1870;4;152,41
2024-06-15 15:47:27;9350;1870;5;151,0
2024-06-15 15:47:30;9351;1871;1;151,99
2024-06-15 15:47:33;9352;1871;2;152,22
2024-06-15 15:47:36;9353;1871;3;149,99
2024-06-15 15:47:39;9354;1871;4;151,75
2024-06-15 15:47:42;9355;1871;5;148,26
2024-06-15 15:47:45;9356;1872;1;152,22
2024-06-15 15:47:48;9357;1872;2;152,49
2024-06-15 15:47:51;9358;1872;3;152,62
2024-06-15 15:47:54;9359;1872;4;150,91
2024-06-15 15:47:57;9360;1872;5;151,96
2024-06-15 15:48:00;9361;1873;1;153,64
2024-06-15 15:48:03;9362;1873;2;153,62
2024-06-15 15:48:06;9363;1873;3;151,46
2024-06-15 15:48:09;9364;1873;4;151,71
2024-06-15 15:48:12;9365;1873;5;153,17
2024-06-15 15:48:15;9366;1874;1;149,25
2024-06-15 15:48:18;9367;1874;2;151,02
2024-06-15 15:48:21;9368;1874;3;153,5
2024-06-15 15:48:24;9369;1874;4;152,96
2024-06-15 15:48:27;9370;1874;5;152,05
2024-06-15 15:48:30;9371;1875;1;149,24
2024-06-15 15:48:33;9372;1875;2;151,43
2024-06-15 15:48:36;9373;1875;3;150,62
2024-06-15 15:48:39;9374;1875;4;152,0
2024-06-15 15:48:42;9375;1875;5;150,29
2024-06-15 15:48:45;9376;1876;1;149,96
2024-06-15 15:48:48;9377;1876;2;148,4
2024-06-15 15:48:51;9378;1876;3;153,33
2024-06-15 15:48:54;9379;1876;4;150,9
2024-06-15 15:48:57;9380;1876;5;151,74
2024-06-15 15:49:00;9381;1877;1;151,5
2024-06-15 15:49:03;9382;1877;2;149,9
2024-06-15 15:49:06;9383;1877;3;149,61
2024-06-15 15:49:09;9384;1877;4;149,99
2024-06-15 15:49:12;9385;1877;5;150,42
2024-06-15 15:49:15;9386;1878;1;152,05
2024-06-15 15:49:18;9387;1878;2;150,31
2024-06-15 15:49:21;9388;1878;3;154,12
2024-06-15 15:49:24;9389;1878;4;153,04
2024-06-15 15:49:27;9390;1878;5;152,71
2024-06-15 15:49:30;9391;1879;1;151,32
2024-06-15 15:49:33;9392;1879;2;153,77
2024-06-15 15:49:36;9393;1879;3;151,17
2024-06-15 15:49:39;9394;1879;4;151,45
2024-06-15 15:49:42;9395;1879;5;151,75
2024-06-15 15:49:45;9396;1880;1;152,55
2024-06-15 15:49:48;9397;1880;2;152,46
2024-06-15 15:49:51;9398;1880;3;150,79
2024-06-15 15:49:54;9399;1880;4;150,7
2024-06-15 15:49:57;9400;1880;5;152,46
2024-06-15 15:50:00;9401;1881;1;152,57
2024-06-15 15:50:03;9402;1881;2;150,91
2024-06-15 15:50:06;9403;1881;3;149,12
2024-06-15 15:50:09;9404;1881;4;151,19
2024-06-15 15:50:12;9405;1881;5;152,44
2024-06-15 15:50:15;9406;1882;1;154,21
2024-06-15 15:50:18;9407;1882;2;149,7
2024-06-15 15:50:21;9408;1882;3;150,86
2024-06-15 15:50:24;9409;1882;4;150,92
2024-06-15 15:50:27;9410;1882;5;153,53
2024-06-15 15:50:30;9411;1883;1;151,45
2024-06-15 15:50:33;9412;1883;2;150,14
2024-06-15 15:50:36;9413;1883;3;152,34
2024-06-15 15:50:39;9414;1883;4;150,89
2024-06-15 15:50:42;9415;1883;5;149,66
2024-06-15 15:50:45;9416;1884;1;150,16
2024-06-15 15:50:48;9417;1884;2;154,1
2024-06-15 15:50:51;9418;1884;3;152,08
2024-06-15 15:50:54;9419;1884;4;151,66
2024-06-15 15:50:57;9420;1884;5;151,13
2024-06-15 15:51:00;9421;1885;1;151,94
2024-06-15 15:51:03;9422;1885;2;151,92
2024-06-15 15:51:06;9423;1885;3;151,94
2024-06-15 15:51:09;9424;1885;4;151,67
2024-06-15 15:51:12;9425;1885;5;152,8
2024-06-15 15:51:15;9426;1886;1;151,53
2024-06-15 15:51:18;9427;1886;2;150,03
2024-06-15 15:51:21;9428;1886;3;150,58
2024-06-15 15:51:24;9429;1886;4;148,53
2024-06-15 15:51:27;9430;1886;5;154,54
2024-06-15 15:51:30;9431;1887;1;152,79
2024-06-15 15:51:33;9432;1887;2;150,25
2024-06-15 15:51:36;9433;1887;3;151,08
2024-06-15 15:51:39;9434;1887;4;150,54
2024-06-15 15:51:42;9435;1887;5;153,81
2024-06-15 15:51:45;9436;1888;1;149,37
2024-06-15 15:51:48;9437;1888;2;151,67
2024-06-15 15:51:51;9438;1888;3;151,34
2024-06-15 15:51:54;9439;1888;4;152,74
2024-06-15 15:51:57;9440;1888;5;151,34
2024-06-15 15:52:00;9441;1889;1;148,86
2024-06-15 15:52:03;9442;1889;2;151,12
2024-06-15 15:52:06;9443;1889;3;150,04
2024-06-15 15:52:09;9444;1889;4;151,62
2024-06-15 15:52:12;9445;1889;5;153,65
2024-06-15 15:52:15;9446;1890;1;148,89
2024-06-15 15:52:18;9447;1890;2;150,3
2024-06-15 15:52:21;9448;1890;3;150,67
2024-06-15 15:52:24;9449;1890;4;150,93
2024-06-15 15:52:27;9450;1890;5;152,61
2024-06-15 15:52:30;9451;1891;1;151,24
2024-06-15 15:52:33;9452;1891;2;152,12
2024-06-15 15:52:36;9453;1891;3;150,56
2024-06-15 15:52:39;9454;1891;4;151,84
2024-06-15 15:52:42;9455;1891;5;152,67
2024-06-15 15:52:45;9456;1892;1;150,4
2024-06-15 15:52:48;9457;1892;2;152,67
2024-06-15 15:52:51;9458;1892;3;151,58
2024-06-15 15:52:54;9459;1892;4;153,07
2024-06-15 15:52:57;9460;1892;5;151,2
2024-06-15 15:53:00;9461;1893;1;152,07
2024-06-15 15:53:03;9462;1893;2;151,44
2024-06-15 15:53:06;9463;1893;3;151,36
2024-06-15 15:53:09;9464;1893;4;151,89
2024-06-15 15:53:12;9465;1893;5;152,31
2024-06-15 15:53:15;9466;1894;1;149,63
2024-06-15 15:53:18;9467;1894;2;153,65
2024-06-15 15:53:21;9468;1894;3;148,71
2024-06-15 15:53:24;9469;1894;4;150,47
2024-06-15 15:53:27;9470;1894;5;151,36
2024-06-15 15:53:30;9471;1895;1;152,12
2024-06-15 15:53:33;9472;1895;2;153,86
2024-06-15 15:53:36;9473;1895;3;148,71
2024-06-15 15:53:39;9474;1895;4;150,74
2024-06-15 15:53:42;9475;1895;5;148,31
2024-06-15 15:53:45;9476;1896;1;151,55
2024-06-15 15:53:48;9477;1896;2;151,91
2024-06-15 15:53:51;9478;1896;3;153,89
2024-06-15 15:53:54;9479;1896;4;151,68
2024-06-15 15:53:57;9480;1896;5;153,07
2024-06-15 15:54:00;9481;1897;1;152,38
2024-06-15 15:54:03;9482;1897;2;150,85
2024-06-15 15:54:06;9483;1897;3;149,39
2024-06-15 15:54:09;9484;1897;4;151,91
2024-06-15 15:54:12;9485;1897;5;149,26
2024-06-15 15:54:15;9486;1898;1;153,44
2024-06-15 15:54:18;9487;1898;2;151,26
2024-06-15 15:54:21;9488;1898;3;153,29
2024-06-15 15:54:24;9489;1898;4;150,78
2024-06-15 15:54:27;9490;1898;5;151,9
2024-06-15 15:54:30;9491;1899;1;151,81
2024-06-15 15:54:33;9492;1899;2;151,43
2024-06-15 15:54:36;9493;1899;3;150,85
2024-06-15 15:54:39;9494;1899;4;152,09
2024-06-15 15:54:42;9495;1899;5;150,11
2024-06-15 15:54:45;9496;1900;1;149,69
2024-06-15 15:54:48;9497;1900;2;153,36
2024-06-15 15:54:51;9498;1900;3;152,59
2024-06-15 15:54:54;9499;1900;4;151,6
2024-06-15 15:54:57;9500;1900;5;154,0
2024-06-15 15:55:00;9501;1901;1;151,1
2024-06-15 15:55:03;9502;1901;2;153,48
2024-06-15 15:55:06;9503;1901;3;151,76
2024-06-15 15:55:09;9504;1901;4;149,96
2024-06-15 15:55:12;9505;1901;5;154,27
2024-06-15 15:55:15;9506;1902;1;152,99
2024-06-15 15:55:18;9507;1902;2;151,32
2024-06-15 15:55:21;9508;1902;3;152,59
2024-06-15 15:55:24;9509;1902;4;150,89
2024-06-15 15:55:27;9510;1902;5;152,74
2024-06-15 15:55:30;9511;1903;1;147,91
2024-06-15 15:55:33;9512;1903;2;149,97
2024-06-15 15:55:36;9513;1903;3;152,97
2024-06-15 15:55:39;9514;1903;4;151,13
2024-06-15 15:55:42;9515;1903;5;151,81
2024-06-15 15:55:45;9516;1904;1;149,48
2024-06-15 15:55:48;9517;1904;2;154,27
2024-06-15 15:55:51;9518;1904;3;153,29
2024-06-15 15:55:54;9519;1904;4;151,2
2024-06-15 15:55:57;9520;1904;5;150,89
2024-06-15 15:56:00;9521;1905;1;153,04
2024-06-15 15:56:03;9522;1905;2;154,47
2024-06-15 15:56:06;9523;1905;3;152,93
2024-06-15 15:56:09;9524;1905;4;154,76
2024-06-15 15:56:12;9525;1905;5;150,12
2024-06-15 15:56:15;9526;1906;1;150,27
2024-06-15 15:56:18;9527;1906;2;149,72
2024-06-15 15:56:21;9528;1906;3;152,16
2024-06-15 15:56:24;9529;1906;4;151,76
2024-06-15 15:56:27;9530;1906;5;151,27
2024-06-15 15:56:30;9531;1907;1;152,71
2024-06-15 15:56:33;9532;1907;2;153,35
2024-06-15 15:56:36;9533;1907;3;149,21
2024-06-15 15:56:39;9534;1907;4;150,6
2024-06-15 15:56:42;9535;1907;5;152,73
2024-06-15 15:56:45;9536;1908;1;150,8
2024-06-15 15:56:48;9537;1908;2;150,3
2024-06-15 15:56:51;9538;1908;3;153,03
2024-06-15 15:56:54;9539;1908;4;149,57
2024-06-15 15:56:57;9540;1908;5;151,05
2024-06-15 15:57:00;9541;1909;1;151,99
2024-06-15 15:57:03;9542;1909;2;150,64
2024-06-15 15:57:06;9543;1909;3;152,67
2024-06-15 15:57:09;9544;1909;4;150,65
2024-06-15 15:57:12;9545;1909;5;153,61
2024-06-15 15:57:15;9546;1910;1;151,31
2024-06-15 15:57:18;9547;1910;2;152,51
2024-06-15 15:57:21;9548;1910;3;152,62
2024-06-15 15:57:24;9549;1910;4;150,56
2024-06-15 15:57:27;9550;1910;5;148,42
2024-06-15 15:57:30;9551;1911;1;152,04
2024-06-15 15:57:33;9552;1911;2;151,61
2024-06-15 15:57:36;9553;1911;3;152,33
2024-06-15 15:57:39;9554;1911;4;151,16
2024-06-15 15:57:42;9555;1911;5;150,85
2024-06-15 15:57:45;9556;1912;1;154,51
2024-06-15 15:57:48;9557;1912;2;149,29
2024-06-15 15:57:51;9558;1912;3;152,6
2024-06-15 15:57:54;9559;1912;4;150,64
2024-06-15 15:57:57;9560;1912;5;151,0
2024-06-15 15:58:00;9561;1913;1;151,02
2024-06-15 15:58:03;9562;1913;2;150,29
2024-06-15 15:58:06;9563;1913;3;152,36
2024-06-15 15:58:09;9564;1913;4;153,59
2024-06-15 15:58:12;9565;1913;5;152,21
2024-06-15 15:58:15;9566;1914;1;151,66
2024-06-15 15:58:18;9567;1914;2;150,02
2024-06-15 15:58:21;9568;1914;3;152,28
2024-06-15 15:58:24;9569;1914;4;154,73
2024-06-15 15:58:27;9570;1914;5;150,93
2024-06-15 15:58:30;9571;1915;1;150,94
2024-06-15 15:58:33;9572;1915;2;150,66
2024-06-15 15:58:36;9573;1915;3;150,77
2024-06-15 15:58:39;9574;1915;4;147,38
2024-06-15 15:58:42;9575;1915;5;152,11
2024-06-15 15:58:45;9576;1916;1;150,23
2024-06-15 15:58:48;9577;1916;2;149,08
2024-06-15 15:58:51;9578;1916;3;152,63
2024-06-15 15:58:54;9579;1916;4;149,88
2024-06-15 15:58:57;9580;1916;5;150,99
2024-06-15 15:59:00;9581;1917;1;153,7
2024-06-15 15:59:03;9582;1917;2;149,39
2024-06-15 15:59:06;9583;1917;3;149,2
2024-06-15 15:59:09;9584;1917;4;151,9
2024-06-15 15:59:12;9585;1917;5;153,22
2024-06-15 15:59:15;9586;1918;1;149,14
2024-06-15 15:59:18;9587;1918;2;152,11
2024-06-15 15:59:21;9588;1918;3;152,37
2024-06-15 15:59:24;9589;1918;4;148,41
2024-06-15 15:59:27;9590;1918;5;152,7
2024-06-15 15:59:30;9591;1919;1;152,81
2024-06-15 15:59:33;9592;1919;2;151,03
2024-06-15 15:59:36;9593;1919;3;153,38
2024-06-15 15:59:39;9594;1919;4;153,2
2024-06-15 15:59:42;9595;1919;5;151,65
2024-06-15 15:59:45;9596;1920;1;150,82
2024-06-15 15:59:48;9597;1920;2;150,04
2024-06-15 15:59:51;9598;1920;3;151,44
2024-06-15 15:59:54;9599;1920;4;152,35
2024-06-15 15:59:57;9600;1920;5;151,01
