fecha;codruta;tipoleche;peso;temp;acidez;ph;densidad;est;mg;prot;lactosa;caseina
04/11/2015;13;VACA;13380;6;15;6,84;1,03;12,45;3,71;3,34;4,71;2,31
04/11/2015;13;VACA;8520;6;15;6,81;1,03;12,83;3,94;3,4;4,74;2,41
04/11/2015;22;VACA;23900;6;15;6,82;1,03;12,47;3,66;3,22;4,85;2,29
04/11/2015;41;CABRA;4180;6,1;14;6,86;1,032;14,88;5,5;3,95;4,7;2,88
04/11/2015;24;VACA;14640;7,7;15;6,86;1,03;12,35;3,68;3,25;4,69;2,26
04/11/2015;24;VACA;7500;6;15;6,82;1,03;12,64;3,83;3,24;4,77;2,28
04/11/2015;40;OVEJA;2360;6;20;6,78;1,036;19,43;8,18;5,72;4,73;4,42
04/11/2015;40;CABRA;3980;4;15;6,81;1,032;16,1;6,46;4,29;4,58;3,03
04/11/2015;32;VACA;25620;2;15;6,85;1,03;12,73;3,71;3,44;4,91;2,43
04/11/2015;29;VACA;16000;4,8;15;6,83;1,03;11,93;3,41;3,12;4,64;2,13
04/11/2015;29;VACA;13260;6,2;15;6,86;1,03;12,2;3,5;3,27;4,67;2,26
04/11/2015;28;VACA;16680;6,5;15;6,84;1,03;13,25;4,22;3,35;4,91;2,43
04/11/2015;26;VACA;6040;4,4;16;6,81;1,03;12,68;3,8;3,31;4,84;2,33
04/11/2015;43;OVEJA;1180;7,6;20;6,83;1,036;19,7;8,46;6,28;4,3;4,74
04/11/2015;43;CABRA;600;7,5;14;6,85;1,032;15,85;6,12;4,4;4,6;3,19
04/11/2015;38;CABRA;5520;4,5;14;6,86;1,032;15,47;6,04;3,9;4,69;2,89
04/11/2015;38;OVEJA;1540;3,7;19;6,83;1,036;18,54;7,64;5,84;4,4;4,33
04/11/2015;8;VACA;24700;5,5;15;6,78;1,03;12,6;3,68;3,35;4,9;2,4
04/11/2015;37;CABRA;2220;6,8;14;6,85;1,032;15,69;5,76;4,51;4,71;3,27
04/11/2015;25;VACA;10640;6,2;15;6,82;1,03;13,15;4,26;3,3;4,79;2,34
04/11/2015;27;VACA;12040;7,2;15;6,86;1,03;12,7;3,9;3,34;4,72;2,36
04/11/2015;42;CABRA;1980;6,5;14;6,84;1,032;14,4;5,11;3,87;4,62;2,82
04/11/2015;42;OVEJA;4580;5;20;6,73;1,036;19,59;8,56;5,62;4,6;4,35
04/11/2015;39;CABRA;1980;6,4;14;6,84;1,032;16,03;6,34;4,13;4,76;3,01
04/11/2015;39;OVEJA;8080;3,8;20;6,81;1,036;19,45;8,26;5,76;4,6;4,42
05/11/2015;30;VACA;15880;5,2;15;6,86;1,03;12,53;3,75;3,35;4,71;2,32
05/11/2015;30;VACA;11300;5,3;15;6,85;1,03;12,53;3,75;3,35;4,71;2,31
05/11/2015;40;OVEJA;4400;7;20;6,81;1,036;19,09;7,98;5,73;4,62;4,4
05/11/2015;43;OVEJA;400;8;20;6,78;1,036;20,63;9,05;6,47;4,54;4,78
05/11/2015;43;CABRA;2900;6,3;14;6,85;1,032;14,3;5,05;3,88;4,7;2,88
05/11/2015;32;VACA;24660;5,9;15;6,86;1,03;12,33;3,62;3,22;4,71;2,25
05/11/2015;26;VACA;6080;4,5;15;6,81;1,03;12,61;3,77;3,27;4,82;2,31
05/11/2015;42;OVEJA;3180;6;20;6,8;1,036;20,37;8,43;6,71;4,55;5,2
05/11/2015;42;CABRA;3580;6;14;6,86;1,032;15,25;5,61;4,1;4,79;3,03
05/11/2015;46;OVEJA;5680;7,3;20;6,78;1,036;18,59;7,57;5,59;4,66;4,41
05/11/2015;45;CABRA;3900;6;15;6,85;1,032;14,76;5,35;3,81;4,84;2,89
05/11/2015;3;CABRA;1380;7;15;6,85;1,032;14,73;5,51;3,85;4,63;2,87
05/11/2015;1;CABRA;2600;7;15;6,8;1,032;15,03;6;4,01;4,3;2,85
05/11/2015;25;VACA;10240;5;15;6,85;1,03;13,01;4,19;3,23;4,73;2,3
05/11/2015;27;VACA;13340;7,8;15;6,83;1,03;12,66;3,86;3,31;4,8;2,35
05/11/2015;38;CABRA;840;6;14;6,85;1,032;15,97;6,35;4,38;4,56;3,2
05/11/2015;38;OVEJA;180;5;21;6,83;1,036;19,3;7,52;6,61;4,45;5,1
05/11/2015;36;CABRA;12480;5;14;6,8;1,032;15,03;5,72;3,88;4,67;2,83
06/11/2015;22;VACA;23860;6;15;6,84;1,03;12,35;3,55;3,21;4,84;2,33
06/11/2015;26;VACA;6060;4,5;16;6,81;1,03;12,71;3,85;3,27;4,84;2,31
06/11/2015;24;VACA;16500;6,4;15;6,86;1,03;12,41;3,7;3,17;4,77;2,25
06/11/2015;24;VACA;7900;4,8;153;6,84;1,03;12,56;3,85;3,2;4,73;2,23
06/11/2015;41;CABRA;4420;5,3;15;6,82;1,032;15,08;5,6;4,11;4,66;2,97
06/11/2015;40;OVEJA;2400;6,2;20;6,81;1,036;19,47;8,32;5,6;4,71;4,35
06/11/2015;40;CABRA;4100;4,3;15;6,83;1,032;16,26;6,55;4,45;4,5;3,13
06/11/2015;32;VACA;25880;2;15;6,8;1,03;12,76;3,75;3,42;4,9;2,46
06/11/2015;42;CABRA;1900;5,3;14;6,83;1,032;15,03;5,75;3,86;4,6;2,84
06/11/2015;42;OVEJA;4560;6,3;20;6,81;1,036;19,44;8,43;5,54;4,63;4,34
06/11/2015;28;VACA;16160;6,5;15;6,85;1,03;13,13;4,12;3,36;4,92;2,47
06/11/2015;29;VACA;15860;6,5;15;6,85;1,03;11,81;3,35;3,11;4,58;2,13
06/11/2015;29;VACA;13840;5,6;15;6,82;1,03;12,33;3,63;3,28;4,66;2,32
06/11/2015;37;CABRA;1860;6,3;14;6,86;1,032;15,57;5,74;4,34;4,77;3,23
06/11/2015;25;VACA;10400;5,7;15;6,81;1,03;13,04;4,22;3,25;4,8;2,29
06/11/2015;27;VACA;11980;7,2;15;6,86;1,03;12,65;3,87;3,33;4,72;2,32
06/11/2015;39;CABRA;2080;6;14;6,85;1,032;15,98;6,22;4,17;4,81;3,04
06/11/2015;39;OVEJA;8220;3,8;19;6,84;1,036;19,31;8,25;5,65;4,59;4,31
06/11/2015;38;CABRA;5400;7,5;14;7,5;1,032;14,98;5,69;3,72;4,7;2,75
06/11/2015;38;OVEJA;1040;5;20;6,81;1,036;18,74;7,8;5,84;4,45;4,36
07/11/2015;22;VACA;24560;6,2;15;6,85;1,03;12,35;3,5;3,23;4,9;2,31
07/11/2015;29;VACA;15900;4,8;15;6,84;1,03;11,91;3,25;3,18;4,72;2,19
07/11/2015;29;VACA;10080;4,2;15;6,82;1,03;12;3,31;3,13;4,78;2,17
07/11/2015;30;VACA;25740;4,5;15;6,86;1,03;12,45;3,63;3,38;4,74;2,34
07/11/2015;17;VACA;16380;4,5;15;6,86;1,03;12,57;3,7;3,35;4,87;2,38
07/11/2015;17;VACA;9100;6,6;15;6,85;1,03;12,42;3,52;3,34;4,92;2,36
07/11/2015;24;VACA;15700;6,8;15;6,84;1,03;12,56;3,8;3,28;4,72;2,28
07/11/2015;24;VACA;9700;7;15;6,84;1,03;12,73;3,97;3,29;4,67;2,31
07/11/2015;40;OVEJA;4980;5,2;20;6,82;1,036;19,23;8,29;5,6;4,58;4,25
07/11/2015;26;VACA;5960;6,5;15;6,85;1,03;12,72;3,87;3,27;4,83;2,3
07/11/2015;32;VACA;23200;5,5;15;6,86;1,03;12,22;3,63;3,17;4,66;2,2
07/11/2015;43;OVEJA;1480;7,5;19;6,78;1,036;19,08;8,12;6,01;4,3;4,51
07/11/2015;43;CABRA;580;8;14;6,82;1,032;15,83;6,09;4,44;4,57;3,2
07/11/2015;42;OVEJA;5240;5,3;20;6,82;1,036;19,46;7,88;6,34;4,54;4,81
07/11/2015;42;CABRA;1940;5,7;14;6,78;1,032;14,68;5,21;3,97;4,7;2,89
07/11/2015;25;VACA;9900;6,2;15;6,84;1,03;13,03;4,28;3,22;4,73;2,26
07/11/2015;27;VACA;13000;8,7;15;6,82;1,03;12,75;3,96;3,29;4,78;2,3
07/11/2015;46;OVEJA;6100;7,5;21;6,78;1,036;18,4;7,42;5,51;4,66;4,32
07/11/2015;45;CABRA;3600;8,2;14;6,82;1,032;15,09;5,52;3,94;4,81;2,98
07/11/2015;1;CABRA;2320;8,5;15;6,84;1,032;14,83;5,77;3,89;4,29;2,76
07/11/2015;1;CABRA;1220;8,3;14;6,82;1,032;14,64;5,39;3,73;4,72;2,79
07/11/2015;38;OVEJA;180;8,8;21;6,8;1,036;19,16;7,4;6,34;4,66;4,95
07/11/2015;38;CABRA;1180;6,5;14;6,84;1,032;15,54;6,01;4,16;4,55;3,03
08/11/2015;22;VACA;23740;6,3;15;6,84;1,03;12,37;3,55;3,22;4,89;2,26
08/11/2015;41;CABRA;4460;7;14;6,8;1,032;15,22;5,61;4,22;4,67;3,07
08/11/2015;40;OVEJA;1800;5;20;6,82;1,036;19,13;8,41;5,64;4,33;4,21
08/11/2015;40;CABRA;4400;4;15;6,84;1,032;16,43;6,62;4,57;4,47;3,18
08/11/2015;43;OVEJA;420;7;21;6,74;1,036;19,83;8,33;6,17;4,69;4,67
08/11/2015;43;CABRA;3520;6,4;15;6,83;1,032;13,84;4,72;3,65;4,74;2,73
08/11/2015;26;VACA;6120;4,5;15;6,82;1,03;12,65;3,87;3,25;4,8;2,28
08/11/2015;29;VACA;15980;5;15;6,84;1,03;12,05;3,37;3,22;4,71;2,21
08/11/2015;29;VACA;14100;5,5;15;6,82;1,03;12,34;3,61;3,29;4,66;2,29
08/11/2015;28;VACA;15880;6,6;15;6,84;1,03;13,11;4,1;3,36;4,9;2,42
08/11/2015;32;VACA;25480;2,5;15;6,85;1,03;12,75;3,75;3,42;4,9;2,4
08/11/2015;37;CABRA;2120;6,7;14;6,86;1,032;15,33;5,59;4,24;4,73;3,12
08/11/2015;25;VACA;9980;5,5;15;6,84;1,03;13,13;4,29;3,24;4,81;2,31
08/11/2015;27;VACA;11860;7,2;15;6,86;1,03;12,59;3,85;3,32;4,7;2,33
08/11/2015;39;CABRA;1940;6;14;6,83;1,032;15,9;6,27;4,09;4,72;2,96
08/11/2015;39;OVEJA;3720;5,4;20;6,8;1,036;19,62;8,37;5,91;4,55;4,47
08/11/2015;38;CABRA;5720;6,8;14;6,83;1,032;14,61;5,37;3,59;4,75;2,74
08/11/2015;38;OVEJA;680;8;19;6,78;1,036;19,57;8,35;6,05;4,48;4,53
08/11/2015;36;CABRA;11280;4,7;13;6,86;1,032;15,07;5,77;3,83;4,67;2,82
08/11/2015;33;VACA;23640;5;15;6,84;1,03;11,93;3,08;3,22;4,99;2,26
09/11/2015;22;VACA;24700;6;15;6,85;1,03;12,3;3,55;3,2;4,86;2,3
09/11/2015;30;VACA;15920;4,9;15;6,85;1,03;12,59;3,78;3,35;4,67;2,37
09/11/2015;30;VACA;9340;4,5;15;6,84;1,03;12,65;3,86;3,34;4,68;2,36
09/11/2015;40;OVEJA;7500;5,2;19;6,84;1,036;18,83;7,75;5,8;4,56;4,38
09/11/2015;24;VACA;15220;6,2;15;6,83;1,03;12,33;3,61;3,27;4,73;2,26
09/11/2015;24;VACA;7780;5,1;15;6,84;1,03;12,6;3,87;3,22;4,72;2,27
09/11/2015;26;VACA;6320;4,4;16;6,81;1,03;12,74;3,84;3,31;4,87;2,35
09/11/2015;32;VACA;22640;5,4;15;6,84;1,03;12,17;3,58;3,16;4,7;2,23
09/11/2015;42;CABRA;3500;5;14;0;1,032;15,17;5,77;4,01;4,63;2,93
09/11/2015;42;OVEJA;6180;5,3;20;6,81;1,036;19,68;8,37;5,98;4,62;4,62
09/11/2015;46;OVEJA;6900;5,8;20;6,8;1,036;18,39;7,41;5,52;4,68;4,35
09/11/2015;1;CABRA;1300;7,2;14;6,84;1,032;14,2;5,09;3,57;4,73;2,71
09/11/2015;45;CABRA;4780;6,5;14;6,85;1,032;14,46;5,15;3,64;4,88;2,79
09/11/2015;1;OVEJA;3400;4,3;20;6,78;1,036;18,67;7,85;5,62;4,45;4,27
09/11/2015;25;VACA;10040;7,5;15;6,75;1,03;13,08;4,26;3,22;4,83;2,3
09/11/2015;27;VACA;12960;8;15;6,85;1,03;12,63;3,88;3,28;4,79;2,32
09/11/2015;38;CABRA;860;6;14;6,8;1,032;15,42;5,96;4,07;4,59;2,94
09/11/2015;38;OVEJA;300;8,5;20;6,84;1,036;19,74;8,17;6,35;4,51;4,9
09/11/2015;18;VACA;24480;4,8;15;6,84;1,03;12,9;3,82;3,54;4,83;2,51
10/11/2015;22;VACA;23880;6;15;6,8;1,03;12,35;3,57;3,21;4,86;2,26
10/11/2015;41;CABRA;4840;7,2;14;6,86;1,032;15,36;5,81;4,1;4,72;3
10/11/2015;40;CABRA;4700;4,5;15;6,81;1,032;17,36;7,25;4,75;4,56;3,37
10/11/2015;40;OVEJA;1820;5;20;6,77;1,036;19,52;8,37;5,6;4,72;4,39
10/11/2015;24;VACA;19600;8;15;6,82;1,03;12,43;3,73;3,22;4,73;2,26
10/11/2015;28;VACA;15760;6,6;15;6,81;1,03;13,14;4,15;3,36;4,88;2,44
10/11/2015;42;OVEJA;5840;5,2;20;6,82;1,036;19,53;8,52;5,57;4,62;4,31
10/11/2015;42;CABRA;3840;4,6;14;6,84;1,032;15,32;5,68;4,11;4,77;2,98
10/11/2015;26;VACA;6320;6,8;15;6,81;1,03;12,76;3,87;3,33;4,87;2,36
10/11/2015;43;OVEJA;1040;6,1;20;6,81;1,036;19,84;8,66;6,29;4,32;4,71
10/11/2015;43;CABRA;1280;6,4;14;6,86;1,032;14,62;5,24;3,9;4,72;2,95
10/11/2015;29;VACA;16000;5;15;6,82;1,03;12,16;3,5;3,22;4,69;2,24
10/11/2015;29;VACA;13860;5,8;15;6,83;1,03;12,29;3,57;3,29;4,7;2,31
10/11/2015;38;CABRA;5260;8;14;6,84;1,032;14,98;5,7;3,78;4,68;2,8
10/11/2015;38;OVEJA;660;7,4;19;6,83;1,036;17,2;6,73;5,44;4,42;4,05
10/11/2015;37;CABRA;1820;7,3;14;6,86;1,032;15,24;5,57;4,16;4,78;3,08
10/11/2015;32;VACA;25600;2;15;6,81;1,03;12,76;3,74;3,44;4,91;2,46
10/11/2015;25;VACA;9840;5,4;15;6,84;1,03;12,9;4,11;3,25;4,76;2,31
10/11/2015;27;VACA;12080;7;15;6,82;1,03;12,59;3,85;3,33;4,68;2,36
10/11/2015;39;CABRA;2220;5,8;15;6,82;1,032;16,27;6,46;4,32;4,73;3,13
10/11/2015;39;OVEJA;5560;4,3;20;6,8;1,036;19,85;8,56;5,91;4,6;4,51
10/11/2015;33;VACA;23140;5,8;15;6,84;1,03;12,19;3,27;3,26;5;2,33
11/11/2015;22;VACA;24320;6;15;6,8;1,03;12,35;3,49;3,21;4,89;2,27
11/11/2015;18;VACA;25600;5,7;15;6,81;1,03;12,6;3,57;3,5;4,77;2,46
11/11/2015;30;VACA;15940;5,1;15;6,85;1,03;12,49;3,61;3,35;4,75;2,34
11/11/2015;30;VACA;9880;4,8;15;6,84;1,03;12,82;3,94;3,35;4,7;2,32
11/11/2015;40;OVEJA;3880;6,5;20;6,8;1,036;18,93;7,74;5,71;4,66;4,36
11/11/2015;24;VACA;12860;7,7;15;6,84;1,03;12,29;3,63;3,22;4,63;2,25
11/11/2015;24;VACA;9180;4,4;15;6,8;1,03;12,56;3,82;3,18;4,68;2,24
11/11/2015;43;CABRA;3020;5,5;14;6,84;1,032;14,21;4,89;3,84;4,76;2,88
11/11/2015;26;VACA;6460;4;15;6,81;1,03;12,66;3,7;3,32;4,87;2,35
11/11/2015;42;OVEJA;4540;5,8;20;6,81;1,036;19,68;8,1;6,31;4,57;4,77
11/11/2015;42;CABRA;1520;6,8;14;6,84;1,032;15,6;6,09;4,17;4,59;3,01
11/11/2015;46;OVEJA;6400;6,5;22;6,75;1,036;18,58;7,42;5,64;4,69;4,4
11/11/2015;1;CABRA;1320;5,2;14;6,8;1,032;14,35;5,19;3,65;4,73;2,74
11/11/2015;45;CABRA;3960;6,8;14;6,83;1,032;14,76;5,45;3,65;4,83;2,79
11/11/2015;1;CABRA;2020;4;16;6,67;1,032;14,38;5,56;3,73;4,25;2,66
11/11/2015;32;VACA;24020;5,5;15;6,8;1,03;12,25;3,51;3,21;4,69;2,24
11/11/2015;16;VACA;18320;4,6;15;6,82;1,03;12,17;3,17;3,37;4,86;2,37
11/11/2015;16;VACA;5540;5;15;6,82;1,03;11,9;3,22;3,22;4,75;2,26
11/11/2015;25;VACA;10440;6;15;6,8;1,03;13,02;4,11;3,26;4,83;2,34
11/11/2015;27;VACA;12940;7;15;6,82;1,03;12,64;3,83;3,27;4,78;2,33
11/11/2015;18;VACA;25300;6,2;15;6,86;1,03;13,01;3,84;3,55;4,84;2,54
11/11/2015;38;CABRA;1200;6;14;6,8;1,032;15,38;5,89;4,11;4,59;3,01
11/11/2015;38;OVEJA;200;8,2;20;6,75;1,036;19,08;6,99;6,62;4,71;5,15
11/11/2015;36;CABRA;12660;5,4;14;6,81;1,032;15,34;5,86;4,04;4,67;2,94
12/11/2015;14;VACA;19780;6;15;6,78;1,03;12,4;3,5;3,27;4,83;2,29
12/11/2015;41;CABRA;4660;6,3;14;6,86;1,032;15,21;5,64;4,08;4,75;3
12/11/2015;40;CABRA;3640;5,5;20;8;1,032;16,43;6,62;4,57;4,76;NA
12/11/2015;40;OVEJA;2580;5,5;20;6,78;1,036;18,86;7,67;5,61;4,73;4,33
12/11/2015;32;VACA;25680;3;15;6,84;1,03;12,77;3,68;3,43;4,9;2,46
12/11/2015;26;VACA;6420;4,5;15;8;1,03;12,62;3,65;3,32;4,88;2,37
12/11/2015;42;OVEJA;4420;6;20;6,78;1,036;19,65;8,49;5,68;4,64;4,4
12/11/2015;42;CABRA;2240;5,1;15;6,81;1,032;14,72;5,17;4,04;4,76;2,98
12/11/2015;28;VACA;16580;6,8;15;6,84;1,03;13,24;4,14;3,38;4,9;2,46
12/11/2015;37;CABRA;2120;6,1;14;6,84;1,032;15,12;5,54;4,11;4,71;3,03
12/11/2015;38;CABRA;5500;6,3;14;6,85;1,032;14,72;5,47;3,67;4,71;2,79
12/11/2015;38;OVEJA;620;7,8;19;6,83;1,036;19,92;8,49;6,28;4,49;4,69
12/11/2015;25;VACA;10860;6,5;15;6,8;1,03;12,88;3,96;3,28;4,82;2,33
12/11/2015;27;VACA;12240;7;15;6,82;1,03;12,7;3,87;3,34;4,68;2,35
12/11/2015;39;CABRA;1620;6,6;15;6,81;1,032;16,35;6,53;4,24;4,8;3,12
12/11/2015;39;OVEJA;3620;4,8;20;6,78;1,036;20,26;8,76;6,16;4,56;4,67
12/11/2015;33;VACA;22660;5,5;15;6,81;1,03;12,25;3,25;3,24;4,98;2,3
12/11/2015;40;CABRA;1240;0;0;0;1,032;NA;NA;NA;NA;NA
13/11/2015;22;VACA;24520;5,7;16;6,75;1,03;12,27;3,46;3,21;4,84;2,3
13/11/2015;30;VACA;25700;4;15;6,78;1,03;12,47;3,65;3,32;4,65;2,35
13/11/2015;29;VACA;15920;4;15;6,84;1,03;12,33;3,48;3,18;4,82;2,23
13/11/2015;29;VACA;10580;4;15;6,82;1,03;12,19;3,49;3,18;4,71;2,21
13/11/2015;24;VACA;16060;6,6;15;6,82;1,03;12,31;3,53;3,22;4,74;2,25
13/11/2015;24;VACA;9580;5,7;15;6,82;1,03;12,53;3,77;3,2;4,74;2,24
13/11/2015;40;OVEJA;5460;5;19;6,82;1,036;18,8;7,71;5,66;4,64;4,35
13/11/2015;32;VACA;9760;4,8;15;6,85;1,03;10,01;2,72;2,7;3,73;1,57
13/11/2015;42;CABRA;2280;6;14;6,8;1,032;15,38;5,86;4,15;4,61;3,01
13/11/2015;42;OVEJA;3120;4,5;20;6,82;1,036;20,12;8,23;6,66;4,56;5,11
13/11/2015;26;VACA;6300;5,2;15;6,83;1,03;12,63;3,66;3,33;4,88;2,38
13/11/2015;43;OVEJA;1520;7,5;19;6,82;1,036;19,56;8,29;6,22;4,45;4,66
13/11/2015;43;CABRA;1240;6,2;14;6,78;1,032;14,91;5,4;4,15;4,71;3,05
13/11/2015;46;OVEJA;6300;7,2;20;6,83;1,036;18,7;7,5;5,71;4,67;4,47
13/11/2015;45;CABRA;4680;5,8;14;6,8;1,032;14,63;5,18;3,85;4,84;2,9
13/11/2015;1;CABRA;2081;0;0;0;1,032;NA;NA;NA;NA;NA
13/11/2015;1;CABRA;1240;7;14;6,84;1,032;14,15;5,02;3,59;4,77;2,72
13/11/2015;25;VACA;10500;5,4;15;6,84;1,03;13,06;4,11;3,3;4,8;2,33
13/11/2015;27;VACA;12740;7,2;15;6,85;1,03;12,71;3,86;3,28;4,77;2,34
13/11/2015;38;CABRA;920;7;14;6,82;1,032;15,42;5,92;4,18;4,56;3,03
13/11/2015;38;OVEJA;200;8,2;20;6,84;1,036;19,91;7,96;6,75;4,46;5,17
13/11/2015;14;VACA;16300;6,3;15;6,85;1,03;12,5;3,57;3,31;4,85;2,34
13/11/2015;14;VACA;3740;6,3;15;6,85;1,03;12,49;3,49;3,27;4,91;2,31
14/11/2015;22;VACA;24540;6;15;6,85;1,03;12,42;3,51;3,25;4,89;2,29
14/11/2015;41;CABRA;4880;7;15;6,82;1,032;15,13;5,73;3,93;4,71;2,9
14/11/2015;40;OVEJA;2620;4,4;20;6,77;1,036;19,23;7,85;5,74;4,81;4,44
14/11/2015;40;CABRA;3800;5,1;15;6,79;1,032;16,05;6,56;4,24;4,51;2,99
14/11/2015;24;VACA;15760;6,6;15;6,83;1,03;12,36;3,6;3,25;4,73;2,27
14/11/2015;24;VACA;8040;6;15;6,81;1,03;12,47;3,77;3,24;4,62;2,28
14/11/2015;43;CABRA;3060;4,5;14;6,85;1,032;14,37;5,02;3,89;4,78;2,9
14/11/2015;26;VACA;6600;4;15;6,8;1,03;12,6;3,65;3,31;4,9;2,34
14/11/2015;28;VACA;15900;6,4;15;6,8;1,03;13,17;4,1;3,39;4,86;2,44
14/11/2015;25;VACA;10800;7;15;6,79;1,03;13;4,05;3,32;4,79;2,34
14/11/2015;27;VACA;12060;7,2;15;6,82;1,03;12,62;3,8;3,35;4,67;2,36
14/11/2015;37;CABRA;2000;6;14;6,84;1,032;15,26;5,63;4,11;4,77;3,07
14/11/2015;39;CABRA;2120;6,7;15;6,8;1,032;16,16;6,38;4,28;4,75;3,09
14/11/2015;39;OVEJA;5740;4,2;20;6,78;1,036;19,96;8,56;5,95;4,61;4,55
14/11/2015;32;VACA;26300;1,7;15;6,82;1,03;12,77;3,7;3,43;4,88;2,41
14/11/2015;33;VACA;22640;5,5;15;6,82;1,03;12,26;3,29;3,23;4,99;2,31
14/11/2015;38;CABRA;5660;7,1;14;6,84;1,032;14,84;5,53;3,69;4,78;2,78
14/11/2015;38;OVEJA;1220;5,4;20;6,81;1,036;18,72;7,63;5,99;4,44;4,45
14/11/2015;36;CABRA;9040;5,5;15;6,8;1,032;15,46;6,01;4,03;4,69;2,95
15/11/2015;30;VACA;15920;5;15;6,85;1,03;12,51;3,66;3,34;4,72;2,35
15/11/2015;30;VACA;9780;5,1;15;6,86;1,03;12,29;3,52;3,28;4,67;2,28
15/11/2015;40;OVEJA;6460;5,1;18;6,86;1,036;18,91;7,86;5,65;4,64;4,31
15/11/2015;22;VACA;24320;6,2;15;6,8;1,03;12,48;3,56;3,25;4,89;2,34
15/11/2015;32;VACA;23440;5,2;15;6,82;1,03;12,25;3,55;3,16;4,68;2,23
15/11/2015;26;VACA;6340;4,2;15;6,78;1,03;12,63;3,65;3,34;4,87;2,4
15/11/2015;42;OVEJA;6480;5;21;6,75;1,036;19,93;8,46;6,11;4,6;4,72
15/11/2015;42;CABRA;4220;4,6;15;6,81;1,032;14,97;5,47;3,93;4,82;2,92
15/11/2015;25;VACA;10040;6,7;15;6,79;1,03;13,02;4,07;3,31;4,76;2,41
15/11/2015;27;VACA;11980;7,7;15;6,82;1,03;12,6;3,79;3,3;4,76;2,37
15/11/2015;46;OVEJA;7680;6,3;19;6,75;1,036;18,67;7,45;5,72;4,65;4,48
15/11/2015;45;CABRA;4060;6,1;13;6,84;1,032;14,74;5,37;3,7;4,89;2,87
15/11/2015;1;OVEJA;4360;5,4;19;6,74;1,036;17,99;7,33;5,5;4,42;4,15
15/11/2015;1;CABRA;1300;6,2;13;6,84;1,032;14,51;5,18;3,66;4,92;2,82
15/11/2015;38;CABRA;1160;5;13;6,86;1,032;15,48;6,01;4,16;4,57;3,07
15/11/2015;38;OVEJA;300;5;21;6,78;1,036;20,02;8,31;6,33;4,63;5,01
16/11/2015;22;VACA;24700;5,8;15;6,81;1,03;12,47;3,55;3,25;4,91;2,34
16/11/2015;24;VACA;15380;6,6;15;6,85;1,03;12,28;3,51;3,29;4,71;2,31
16/11/2015;24;VACA;7200;5;15;6,8;1,03;12,59;3,77;3,21;4,75;2,26
16/11/2015;41;CABRA;4680;6,3;14;6,85;1,032;15,41;5,86;4,02;4,8;2,96
16/11/2015;40;CABRA;6000;5,6;15;6,8;1,032;16,66;6,87;4,39;4,61;3,13
16/11/2015;40;OVEJA;2560;4,2;20;6,78;1,036;19,69;8,44;5,64;4,72;4,38
16/11/2015;32;VACA;26440;3;15;6,81;1,03;12,66;3,62;3,4;4,88;2,4
16/11/2015;42;OVEJA;7040;5,8;20;6,76;1,036;19,55;8,3;5,96;4,57;4,52
16/11/2015;42;CABRA;2200;7;14;6,8;1,032;16,11;6,37;4,33;4,69;3,1
16/11/2015;28;VACA;15920;6,6;15;6,8;1,03;13,2;4,08;3,43;4,91;2,51
16/11/2015;26;VACA;6300;4,6;15;6,78;1,03;12,51;3,58;3,31;4,83;2,36
16/11/2015;38;CABRA;6740;5,5;14;6,84;1,032;14,86;5,54;3,74;4,76;2,82
16/11/2015;37;CABRA;1620;7;15;6,83;1,032;15,27;5,65;4,13;4,78;3,07
16/11/2015;43;OVEJA;1140;5,6;20;6,79;1,036;20,4;8,79;6,65;4,38;4,97
16/11/2015;43;CABRA;1200;5,4;14;6,84;1,032;14,41;5,03;3,96;4,78;2,99
16/11/2015;29;VACA;15940;6;15;6,84;1,03;12,1;3,44;3,2;4,63;2,18
16/11/2015;29;VACA;13780;5,8;15;6,81;1,03;12,3;3,48;3,35;4,66;2,32
16/11/2015;39;CABRA;2000;5,7;15;6,81;1,032;16,12;6,46;4,12;4,76;3,02
16/11/2015;39;OVEJA;5640;4,5;20;6,78;1,036;20,02;8,54;6,04;4,61;4,61
16/11/2015;33;VACA;22780;5,5;15;6,82;1,03;12,26;3,27;3,26;4,98;2,32
16/11/2015;25;VACA;11200;5,6;15;6,8;1,03;13,09;4,13;3,32;4,8;2,37
16/11/2015;27;VACA;12160;7;15;6,81;1,03;12,62;3,79;3,35;4,72;2,36
16/11/2015;18;VACA;25660;5,5;15;6,83;1,03;12,85;3,7;3,55;4,86;2,53
17/11/2015;22;VACA;24740;5,6;15;6,8;1,03;12,43;3,5;3,26;4,92;2,33
17/11/2015;30;VACA;25800;4;15;6,86;1,03;12,27;3,49;3,31;4,67;2,28
17/11/2015;29;VACA;15880;8,5;15;6,75;1,03;12,09;3,34;3,17;4,75;2,2
17/11/2015;29;VACA;9260;5,5;15;6,81;1,03;12,1;3,32;3,14;4,81;2,19
17/11/2015;40;OVEJA;5640;5,5;19;6,83;1,036;19,18;8,1;5,7;4,61;4,33
17/11/2015;43;CABRA;3120;4;14;6,84;1,032;14,82;5,27;4,1;4,75;3,05
17/11/2015;26;VACA;6040;4;16;6,79;1,03;12,47;3,55;3,32;4,84;2,35
17/11/2015;32;VACA;24180;4,5;15;6,8;1,03;12,25;3,56;3,18;4,66;2,2
17/11/2015;24;VACA;20280;6,5;15;6,8;1,03;12,56;3,69;3,25;4,77;2,3
17/11/2015;42;CABRA;1620;5,8;15;6,77;1,032;14,54;5,14;4,08;4,57;2,94
17/11/2015;42;OVEJA;2380;5,6;22;6,74;1,036;20,68;8,69;6,79;4,55;5,19
17/11/2015;25;VACA;10900;6,6;15;6,8;1,03;13,06;4,07;3,34;4,79;2,38
17/11/2015;27;VACA;13240;7,5;15;6,82;1,03;12,7;3,84;3,29;4,8;2,34
17/11/2015;38;CABRA;1100;4,4;14;6,86;1,032;15,98;6,03;4,56;4,62;3,35
17/11/2015;38;OVEJA;880;4,8;20;6,81;1,036;20,25;8,84;6,3;4,45;4,66
17/11/2015;36;CABRA;14360;6,8;14;6,81;1,032;15,64;6,16;4,01;4,68;2,93
17/11/2015;46;OVEJA;6560;7;21;6,73;1,036;18,76;7,52;5,71;4,67;4,46
17/11/2015;45;CABRA;4700;7,2;13;6,85;1,032;13,69;4,86;3,42;4,61;2,56
17/11/2015;1;OVEJA;2940;4;20;6,76;1,036;18,7;7,67;6,02;4,27;4,47
17/11/2015;1;CABRA;1300;7,3;13;6,86;1,032;13,59;4,8;3,31;4,65;2,48
17/11/2015;18;VACA;25780;5,7;15;6,81;1,03;13;3,85;3,51;4,87;2,5
18/11/2015;22;VACA;25400;5,7;16;6,82;1,03;12,45;3,52;3,26;4,88;2,31
18/11/2015;41;CABRA;5180;7;14;6,81;1,032;15,41;5,9;3,98;4,77;2,92
18/11/2015;24;VACA;13040;7,1;15;6,82;1,03;12,14;3,52;3,21;4,61;2,21
18/11/2015;24;VACA;7480;4;16;6,78;1,03;12,53;3,77;3,15;4,73;2,18
18/11/2015;40;CABRA;4660;5;15;6,76;1,032;16,14;6,57;4,17;4,59;2,99
18/11/2015;40;OVEJA;2660;4,2;19;6,78;1,036;19,39;8,19;5,58;4,74;4,3
18/11/2015;32;VACA;26440;2,2;15;6,81;1,03;12,69;3,6;3,4;4,92;2,39
18/11/2015;42;OVEJA;4600;5;20;6,8;1,036;19,63;8,36;5,82;4,64;4,49
18/11/2015;42;CABRA;3100;5;14;6,84;1,032;15,43;5,84;4;4,84;2,93
18/11/2015;28;VACA;16140;6,2;15;6,8;1,03;13,32;4,21;3,4;4,87;2,48
18/11/2015;38;OVEJA;540;6,4;20;6,8;1,036;17,33;6,63;5,64;4,38;4,21
18/11/2015;38;CABRA;6120;8;15;6,78;1,032;14,9;5,61;3,67;4,78;2,77
18/11/2015;26;VACA;5940;5;16;6,78;1,03;12,49;3,54;3,34;4,85;2,37
18/11/2015;37;CABRA;1680;6,5;14;6,83;1,032;15,27;5,6;4,12;4,85;3,08
18/11/2015;25;VACA;10400;6,4;15;6,8;1,03;13,21;4,17;3,35;4,79;2,41
18/11/2015;27;VACA;12220;7,2;15;6,81;1,03;12,59;3,75;3,35;4,7;2,36
18/11/2015;2;VACA;13960;5,8;15;6,8;1,03;12,48;3,52;3,31;4,85;2,37
18/11/2015;2;VACA;8140;5,6;15;6,77;1,03;12,53;3,69;3,25;4,75;2,32
18/11/2015;34;VACA;25760;5,8;15;6,8;1,03;12,59;3,56;3,45;4,86;2,45
18/11/2015;33;VACA;22800;5;15;6,82;1,03;12,28;3,3;3,24;4,95;2,31
18/11/2015;39;OVEJA;7800;4,3;20;6,78;1,036;19,93;8,41;6,07;4,61;4,59
18/11/2015;39;CABRA;2080;5,8;15;6,81;1,032;16,53;6,65;4,28;4,8;3,09
18/11/2015;18;VACA;25760;6,2;15;6,8;1,03;12,94;3,8;3,53;4,82;2,5
19/11/2015;18;VACA;25640;5,6;15;6,8;1,03;12,91;3,74;3,56;4,82;2,53
19/11/2015;22;VACA;24980;5,8;15;6,84;1,03;14,48;3,48;3,23;4,7;2,25
19/11/2015;29;VACA;9220;0;0;0;1,03;NA;NA;NA;NA;NA
19/11/2015;29;VACA;4360;5,5;17;6,77;1,03;12,21;3,25;3,4;4,78;2,39
19/11/2015;40;OVEJA;4540;6;20;6,78;1,036;19,27;8,22;5,53;4,68;4,23
19/11/2015;40;CABRA;3040;5;15;6,82;1,032;16,67;6,83;4,22;4,73;3,12
19/11/2015;32;VACA;23980;5,3;15;6,75;1,03;12,41;3,65;3,21;4,7;2,23
19/11/2015;26;VACA;6060;4,5;15;6,76;1,03;12,59;3,5;3,43;4,91;2,45
19/11/2015;43;OVEJA;1380;6,2;21;6,76;1,036;19,8;8,4;6,49;4,27;4,78
19/11/2015;43;CABRA;1180;5,8;13;6,86;1,032;14,31;4,87;4,03;4,76;3
19/11/2015;42;OVEJA;4860;6;19;6,79;1,036;20,25;8,38;6,64;4,55;5,03
19/11/2015;42;CABRA;2940;7,8;14;6,84;1,032;15,35;5,88;3,99;4,69;2,92
19/11/2015;38;CABRA;520;4,4;14;6,83;1,032;15,3;5,84;4,33;4,4;3,14
19/11/2015;38;OVEJA;180;8,5;19;6,77;1,036;19,88;7,7;6,95;4,47;5,3
19/11/2015;46;OVEJA;6840;7,1;20;6,75;1,036;18,83;7,63;5,71;4,63;4,46
19/11/2015;45;CABRA;4020;6,2;14;6,8;1,032;14,88;5,49;3,71;4,85;2,82
19/11/2015;1;CABRA;1380;7;15;6,8;1,032;14;4,94;3,54;4,77;2,65
19/11/2015;1;OVEJA;4660;6,2;21;6,74;1,036;18,57;7,55;5,64;4,46;4,29
19/11/2015;25;VACA;10700;6,5;15;6,77;1,03;13,13;4,16;3,33;4,78;2,35
19/11/2015;27;VACA;13420;8,5;15;6,79;1,03;12,69;3,84;3,28;4,8;2,33
19/11/2015;18;VACA;26380;5,2;15;6,8;1,03;13,1;3,82;3,61;4,86;2,59
19/11/2015;36;CABRA;9080;5,5;14;6,77;1,032;15,46;6,03;3,87;4,75;2,87
20/11/2015;26;VACA;6000;4,5;15;6,77;1,03;12,42;3,44;3,39;4,83;2,38
20/11/2015;41;CABRA;4900;6,5;15;6,78;1,032;15,29;5,81;3,91;4,81;2,91
20/11/2015;24;VACA;16620;8;15;6,81;1,03;12,13;3,41;3,2;4,71;2,2
20/11/2015;24;VACA;8960;4,5;15;6,84;1,03;12,44;3,8;3,16;4,64;2,18
20/11/2015;32;VACA;26160;2,3;15;6,78;1,03;12,64;3,59;3,41;4,88;2,43
20/11/2015;28;VACA;15840;6;15;6,82;1,03;13,25;4,19;3,37;4,84;2,43
20/11/2015;42;OVEJA;5920;5,3;20;6,78;1,036;19,35;8,2;5,83;4,54;4,47
20/11/2015;42;CABRA;2000;5,7;14;6,83;1,032;15,19;5,58;4,06;4,83;2,96
20/11/2015;29;VACA;15980;5,9;15;6,77;1,03;11,99;3,28;3,2;4,75;2,23
20/11/2015;29;VACA;14040;4,6;15;6,83;1,03;12,26;3,45;3,28;4,72;2,27
20/11/2015;38;CABRA;7140;5,7;14;6,85;1,032;14,65;5,38;3,64;4,78;2,74
20/11/2015;25;VACA;10620;5,3;15;6,8;1,03;13,11;4,13;3,33;4,81;2,37
20/11/2015;27;VACA;12380;7;15;6,85;1,03;12,64;3,76;3,37;4,72;2,39
20/11/2015;39;CABRA;2020;5,4;15;6,8;1,032;15,75;6,24;4,03;4,72;2,92
20/11/2015;37;CABRA;1760;6,7;20;6,78;1,032;15,29;5,65;4,15;4,78;3,06
21/11/2015;30;VACA;26040;4,3;15;6,83;1,03;12,62;3,79;3,34;4,66;2,3
21/11/2015;40;CABRA;5120;5,5;15;6,78;1,032;15,95;6,59;4,1;4,46;2,86
21/11/2015;40;OVEJA;3660;4,6;20;6,8;1,036;19,07;7,93;5,36;4,89;4,16
21/11/2015;43;CABRA;4860;4,8;15;6,8;1,032;14,79;5,24;4,08;4,76;3,03
21/11/2015;32;VACA;23680;5,4;15;6,78;1,03;12,3;3,59;3,17;4,7;2,22
21/11/2015;24;VACA;15220;7,5;15;6,75;1,03;12,45;3,62;3,29;4,75;2,32
21/11/2015;24;VACA;8520;6;15;6,75;1,03;12,63;3,86;3,2;4,71;2,24
21/11/2015;26;VACA;6000;4,3;15;6,83;1,03;12,56;3,43;3,45;4,91;2,44
21/11/2015;40;OVEJA;3660;4,7;20;6,8;1,036;18,59;7,57;5,63;4,67;4,29
21/11/2015;25;VACA;11000;6,3;15;6,78;1,03;13,04;4,05;3,33;4,82;2,36
21/11/2015;27;VACA;12960;7,3;15;6,83;1,03;12,66;3,83;3,26;4,79;2,31
21/11/2015;38;OVEJA;880;5;20;6,8;1,036;20,17;8,49;6,39;4,55;4,78
21/11/2015;38;CABRA;980;5,6;15;6,85;1,032;15,76;5,93;4,47;4,61;3,25
21/11/2015;45;CABRA;3920;6,4;14;6,85;1,032;14,59;5,19;3,67;4,94;2,77
21/11/2015;1;CABRA;1260;6,8;14;6,83;1,032;14,41;5,03;3,61;4,97;2,72
22/11/2015;41;CABRA;5200;7,3;14;6,85;1,032;15,4;5,89;3,93;4,81;2,9
22/11/2015;28;VACA;15760;5,7;15;6,83;1,03;13,22;4,15;3,38;4,89;2,43
22/11/2015;37;CABRA;1300;6,3;14;6,85;1,032;15,3;5,71;4,13;4,76;3,02
22/11/2015;43;OVEJA;1020;6,2;20;6,81;1,036;20,45;8,73;6,68;4,41;4,94
22/11/2015;43;CABRA;340;6;15;6,8;1,032;15,77;5,94;4,56;4,55;3,28
22/11/2015;32;VACA;25920;2,2;15;6,83;1,03;12,77;3,67;3,41;4,92;2,43
22/11/2015;38;OVEJA;540;5;20;6,82;1,036;17,47;6,48;5,92;4,39;4,39
22/11/2015;38;CABRA;7260;5,5;14;6,86;1,032;14,68;5,4;3,67;4,81;2,76
22/11/2015;42;CABRA;3520;5,8;15;6,82;1,032;15,28;5,76;4,09;4,67;2,96
22/11/2015;29;VACA;15980;3,8;15;6,85;1,03;12,23;3,46;3,19;4,81;2,26
22/11/2015;29;VACA;13980;5,3;15;6,85;1,03;12,28;3,53;3,3;4,63;2,29
22/11/2015;40;OVEJA;4380;6;20;6,77;1,036;19,71;8,48;5,6;4,83;4,26
22/11/2015;40;CABRA;4120;4,8;15;6,8;1,032;16,41;6,6;4,06;4,84;3,04
22/11/2015;25;VACA;10940;6,7;15;6,8;1,03;13,02;4,06;3,35;4,79;2,38
22/11/2015;27;VACA;12320;6;15;6,84;1,03;12,61;3,8;3,35;4,68;2,35
22/11/2015;26;VACA;6160;4,2;15;6,8;1,03;12,74;3,6;3,48;4,89;2,48
22/11/2015;39;OVEJA;4080;4,7;20;6,73;1,036;19,96;8,46;6,1;4,59;4,6
22/11/2015;39;CABRA;2120;5;15;6,77;1,032;16,49;6,61;4,36;4,75;3,19
22/11/2015;33;VACA;22520;4,5;15;6,82;1,03;12,49;3,45;3,29;4,97;2,35
23/11/2015;24;VACA;9540;6,3;15;6,81;1,03;12;3,36;3,25;4,64;2,26
23/11/2015;24;VACA;10540;6;15;6,83;1,03;12,62;3,79;3,25;4,75;2,3
23/11/2015;40;OVEJA;6260;4;20;6,8;1,036;18,96;7,9;5,55;4,72;4,29
23/11/2015;43;CABRA;3140;4,5;15;6,83;1,032;15;5,42;4,15;4,76;3,12
23/11/2015;32;VACA;23760;5,3;15;6,8;1,03;12,24;3,56;3,2;4,67;2,29
23/11/2015;26;VACA;5960;4;15;6,77;1,03;12,63;3,55;3,46;4,85;2,49
23/11/2015;42;CABRA;2880;5;15;6,83;1,032;15,16;5,71;3,86;4,81;2,86
23/11/2015;25;VACA;10360;5,8;15;6,77;1,03;13,23;4,22;3,38;4,76;2,42
23/11/2015;27;VACA;13360;7,7;15;6,8;1,03;12,73;3,86;3,3;4,8;2,39
23/11/2015;38;OVEJA;240;0;0;0;1,036;NA;NA;NA;NA;NA
23/11/2015;38;CABRA;620;5;15;6,85;1,032;16,31;6,39;4,72;4,55;3,45
23/11/2015;45;CABRA;3700;6,1;14;6,83;1,032;14,96;5,54;3,72;4,91;2,85
23/11/2015;1;CABRA;1260;6;14;6,81;1,032;14,55;5,16;3,67;4,93;2,8
23/11/2015;36;CABRA;14300;4,5;14;6,81;1,032;15,25;5,96;3,86;4,66;2,85
24/11/2015;41;CABRA;4920;6;15;6,85;1,032;15,19;5,75;3,88;4,8;NA
24/11/2015;40;OVEJA;2500;6;20;6,78;1,036;19,38;8,09;5,6;4,78;4,39
24/11/2015;40;CABRA;6020;4;15;6,83;1,032;16,09;6,58;3,88;4,78;2,9
24/11/2015;24;VACA;22060;6;15;6,86;1,03;12,7;3,71;3,31;4,84;2,34
24/11/2015;32;VACA;25800;2;15;6,83;1,03;12,66;3,63;3,43;4,83;2,42
24/11/2015;28;VACA;15860;5,6;15;6,83;1,03;13,36;4,2;3,45;4,88;2,51
24/11/2015;38;CABRA;6220;6,4;15;6,86;1,032;14,79;5,5;3,72;4,82;2,78
24/11/2015;26;VACA;5800;3,8;15;6,8;1,03;12,8;3,6;3,51;4,91;2,52
24/11/2015;37;CABRA;1800;5,6;15;6,85;1,032;15,61;5,87;4,31;4,81;3,13
24/11/2015;25;VACA;10420;4,8;15;6,78;1,03;13,27;4,22;3,39;4,76;2,42
24/11/2015;27;VACA;12340;6,6;15;6,82;1,03;12,74;3,81;3,4;4,71;2,39
24/11/2015;39;OVEJA;3320;5,8;20;6,82;1,036;20,37;8,63;6,41;4,59;4,8
24/11/2015;39;CABRA;1900;5;15;6,86;1,032;16,09;6,39;4,19;4,79;3,02
24/11/2015;42;CABRA;1500;5,5;15;6,85;1,032;15,74;6,26;3,95;4,74;2,91
25/11/2015;40;OVEJA;4180;4;20;6,83;1,036;19,66;8,47;5,62;4,71;4,35
25/11/2015;24;VACA;14620;6,8;15;6,82;1,03;12,22;3,55;3,25;4,61;2,24
25/11/2015;24;VACA;8020;5,4;15;6,77;1,03;12,42;3,64;3,17;4,74;2,21
25/11/2015;26;VACA;6320;4;15;6,82;1,03;12,63;3,5;3,48;4,85;2,46
25/11/2015;43;OVEJA;1860;5;20;6,81;1,036;19,79;8,36;6,39;4,42;4,78
25/11/2015;43;CABRA;1200;5,5;15;6,85;1,032;15,02;5,43;4,14;4,84;3,05
25/11/2015;32;VACA;24080;5;15;6,77;1,03;12,24;3,51;3,22;4,67;2,27
25/11/2015;38;CABRA;860;4,5;15;6,85;1,032;16,01;6,14;4,55;4,68;3,32
25/11/2015;38;OVEJA;540;3;20;6,8;1,036;20,45;8,89;6,46;4,46;4,82
25/11/2015;25;VACA;10800;6,2;15;6,77;1,03;13,13;4,1;3,35;4,79;2,38
25/11/2015;27;VACA;13020;7,5;15;6,8;1,03;12,8;3,9;3,32;4,79;2,38
25/11/2015;36;CABRA;7640;7,3;13;6,87;1,032;15,49;6,09;3,99;4,68;2,96
25/11/2015;45;CABRA;3820;6,2;14;6,83;1,032;14,5;5,19;3,6;4,94;NA
25/11/2015;1;CABRA;1220;6,5;13;6,87;1,032;14,68;5,2;3,88;4,89;2,85
26/11/2015;41;CABRA;2020;4,3;15;6,77;1,032;14,4;5,27;3,72;4,77;2,7
26/11/2015;40;OVEJA;2660;6;21;6,77;1,036;19,01;7,69;5,69;4,78;4,38
26/11/2015;40;CABRA;5640;5;15;6,77;1,032;15,88;6,39;3,97;4,72;2,87
26/11/2015;43;CABRA;3560;5;15;6,77;1,032;15,1;5,58;4,12;4,74;3,01
26/11/2015;38;CABRA;6680;5;14;6,85;1,032;14,7;5,51;3,71;4,81;2,75
26/11/2015;38;OVEJA;700;5;20;6,8;1,036;17,39;6,24;5,87;4,58;4,44
26/11/2015;28;VACA;15680;6,4;15;6,8;1,03;13,27;4,27;3,36;4,87;2,43
26/11/2015;32;VACA;25840;2;15;6,81;1,03;12,74;3,72;3,43;4,89;2,44
26/11/2015;37;CABRA;1380;6,5;15;6,85;1,032;15,46;5,86;4,32;4,79;3,11
26/11/2015;26;VACA;6180;4,5;15;6,8;1,03;12,67;3,62;3,47;4,87;2,49
26/11/2015;42;CABRA;3920;6;15;6,85;1,032;15,15;5,84;4,1;4,64;2,91
26/11/2015;39;OVEJA;3640;5,3;20;6,81;1,036;20,02;8,37;6,3;4,59;4,71
26/11/2015;39;CABRA;1720;5,2;15;6,85;1,032;15,58;6,15;4,09;4,68;2,92
26/11/2015;25;VACA;10360;7,5;15;6,78;1,03;13,13;4,19;3,35;4,85;2,41
26/11/2015;27;VACA;12400;7;15;6,81;1,03;12,58;3,85;3,35;4,66;2,34
26/11/2015;29;VACA;15860;5,3;15;6,79;1,03;12,28;3,56;3,26;4,76;2,29
26/11/2015;29;VACA;11560;5,5;16;6,75;1,03;12,41;3,71;3,29;4,6;2,28
26/11/2015;41;CABRA;3200;0;0;0;1,032;NA;NA;NA;NA;NA
27/11/2015;22;VACA;25480;6;15;6,8;1,03;12,45;3,57;3,26;4,92;2,31
27/11/2015;40;OVEJA;6800;4,6;18;6,84;1,036;19,14;8,04;5,67;4,67;4,31
27/11/2015;24;VACA;15980;7,5;15;6,8;1,03;12,29;3,6;3,21;4,72;2,24
27/11/2015;24;VACA;9060;6;15;6,8;1,03;12,24;3,71;3,1;4,67;2,14
27/11/2015;26;VACA;6160;4,4;15;6,81;1,03;12,69;3,62;3,44;4,9;2,46
27/11/2015;32;VACA;24340;5;14;6,83;1,03;12,31;3,64;3,21;4,68;2,27
27/11/2015;38;OVEJA;960;4,2;20;6,79;1,036;19,96;8,09;6,57;4,57;4,96
27/11/2015;38;CABRA;640;6,2;15;6,81;1,032;16,2;6,38;4,71;4,57;3,39
27/11/2015;42;OVEJA;3540;5,2;21;6,77;1,036;21,57;9,35;7,17;4,43;5,39
27/11/2015;42;CABRA;4100;4,3;14;6,82;1,032;15,35;5,86;4,07;4,82;2,92
27/11/2015;46;OVEJA;8080;6,6;20;6,73;1,036;18,6;7,33;5,75;4,71;4,48
27/11/2015;45;CABRA;4200;6,3;14;6,85;1,032;15,01;5,69;3,76;4,9;2,82
27/11/2015;1;OVEJA;4220;4,4;21;6,72;1,036;18,92;7,82;5,97;4,28;4,44
27/11/2015;1;CABRA;1240;6;14;6,85;1,032;14,15;5,1;3,68;4,75;2,71
27/11/2015;25;VACA;10880;5,7;15;6,8;1,03;13,06;4,13;3,33;4,82;2,34
27/11/2015;27;VACA;12680;7,8;15;6,81;1,03;12,73;3,93;3,3;4,79;2,32
27/11/2015;36;CABRA;9860;7,5;13;6,84;1,032;15,42;6,13;3,96;4,72;2,88
28/11/2015;22;VACA;25140;5,8;15;6,84;1,03;12,38;3,53;3,23;4,89;2,27
28/11/2015;40;OVEJA;2660;6;20;6,77;1,036;19,11;7,92;5,55;4,81;4,31
28/11/2015;40;CABRA;5520;6,5;15;6,82;1,032;15,88;6,52;3,95;4,79;2,88
28/11/2015;41;CABRA;2240;4,6;14;6,86;1,032;14,22;5,13;3,8;4,72;2,76
28/11/2015;24;VACA;14520;5,4;15;6,8;1,03;12,19;3,53;3,2;4,71;2,23
28/11/2015;24;VACA;8360;5,7;15;6,77;1,03;12,61;3,83;3,26;4,77;2,32
28/11/2015;42;OVEJA;5280;5,2;20;6,8;1,036;19,93;8,59;5,92;4,58;4,51
28/11/2015;42;CABRA;2020;5,4;14;6,83;1,032;15,36;6,06;3,96;4,73;2,86
28/11/2015;32;VACA;26280;2,7;15;6,8;1,03;12,71;3,69;3,43;4,89;2,42
28/11/2015;29;VACA;27280;4,5;14;6,84;1,03;12,12;3,49;3,2;4,71;2,2
28/11/2015;38;CABRA;7780;6,4;14;6,84;1,032;14,62;5,53;3,67;4,76;2,72
28/11/2015;28;VACA;15900;6,1;15;6,82;1,03;13,01;4,03;3,38;4,9;2,4
28/11/2015;26;VACA;6260;4,5;15;6,8;1,03;12,65;3,6;3,45;4,91;2,42
28/11/2015;43;OVEJA;1400;5,9;20;6,81;1,036;19,88;8,61;6,45;4,24;4,68
28/11/2015;43;CABRA;1260;5,8;15;6,82;1,032;15,17;5,71;4,2;4,72;3,07
28/11/2015;37;CABRA;1780;5,6;14;6,86;1,032;15,42;5,79;4,35;4,79;3,15
28/11/2015;25;VACA;10980;7;15;6,8;1,03;12,95;4,04;3,32;4,81;2,37
28/11/2015;27;VACA;12480;7,2;15;6,82;1,03;12,65;3,88;3,33;4,68;2,36
28/11/2015;39;CABRA;2180;6;14;6,82;1,032;15,86;6,37;4,16;4,77;2,98
28/11/2015;39;OVEJA;7420;4,8;19;6,77;1,036;20,1;8,53;6,19;4,58;4,67
28/11/2015;30;VACA;27140;4,2;14;6,86;1,03;12,28;3,46;3,35;4,73;2,32
29/11/2015;22;VACA;25320;6;15;6,83;1,03;12,38;3,53;3,23;4,88;2,28
29/11/2015;29;VACA;25660;3;15;6,83;1,03;12,12;3,42;3,15;4,81;2,2
29/11/2015;40;OVEJA;6480;4,5;19;6,8;1,036;19,06;8,06;5,57;4,67;4,25
29/11/2015;1;OVEJA;24260;2,5;18;6,73;1,036;18,04;6,97;5,72;4,59;4,33
29/11/2015;43;CABRA;3740;5,4;14;6,83;1,032;14,89;5,55;4,12;4,69;3
29/11/2015;32;VACA;23740;5;15;6,83;1,03;12,24;3,6;3,18;4,65;2,24
29/11/2015;26;VACA;6260;4,3;15;6,8;1,03;12,51;3,48;3,43;4,87;2,44
29/11/2015;38;CABRA;920;5;15;6,85;1,032;15,58;5,92;4,4;4,7;3,19
29/11/2015;38;OVEJA;300;5,2;20;6,8;1,036;19,57;7,57;6,55;4,63;5,07
29/11/2015;46;OVEJA;8500;6,5;22;6,75;1,036;18,67;7,39;5,71;4,74;4,44
29/11/2015;1;CABRA;1180;5,8;14;6,84;1,032;14,29;5,17;3,74;4,78;2,75
29/11/2015;1;OVEJA;4820;6;20;6,78;1,036;18,24;7,13;5,77;4,56;4,39
29/11/2015;45;CABRA;4100;5,6;14;6,86;1,032;14,46;5,36;3,73;4,74;2,74
29/11/2015;25;VACA;10440;5;15;6,82;1,03;13,09;4,13;3,35;4,82;2,37
29/11/2015;27;VACA;12840;8;15;6,85;1,03;12,64;3,84;3,29;4,77;2,32
30/11/2015;24;VACA;12780;5,6;15;6,86;1,03;12,34;3,58;3,27;4,7;2,3
30/11/2015;24;VACA;7400;4,8;15;6,84;1,03;12,35;3,69;3,12;4,73;2,19
30/11/2015;26;VACA;6260;4,5;15;6,81;1,03;12,68;3,61;3,46;4,88;2,47
30/11/2015;40;OVEJA;2700;6;20;6,76;1,036;18,81;7,58;5,58;4,77;4,23
30/11/2015;40;CABRA;5480;5,8;15;6,83;1,032;15,63;6,47;3,97;4,59;2,79
30/11/2015;41;CABRA;6460;8;14;6,86;1,032;15,27;5,91;3,89;4,87;2,84
30/11/2015;32;VACA;26300;2,2;15;6,83;1,03;12,81;3,73;3,46;4,9;2,44
30/11/2015;37;CABRA;1300;6,2;14;6,85;1,032;15,34;5,8;4,22;4,78;3,06
30/11/2015;28;VACA;16020;5,5;15;6,83;1,03;13,15;4,12;3,38;4,89;2,44
30/11/2015;38;OVEJA;680;2,5;20;6,77;1,036;16,85;5,9;5,55;4,68;4,23
30/11/2015;38;CABRA;7740;4,8;14;6,85;1,032;14,58;5,52;3,59;4,8;2,68
30/11/2015;42;CABRA;2560;6,4;15;6,82;1,032;15,3;5,9;4,13;4,65;2,94
30/11/2015;42;OVEJA;4640;4,8;20;6,79;1,036;19,72;8,54;5,72;4,68;4,42
30/11/2015;39;CABRA;1800;6,2;15;6,81;1,032;16,05;6,42;4,2;4,74;3,01
30/11/2015;39;OVEJA;7320;5,8;20;6,78;1,036;20,1;8,5;6,17;4,58;4,63
30/11/2015;25;VACA;11060;4,6;15;6,8;1,03;13;4,01;3,34;4,87;2,38
30/11/2015;27;VACA;12420;6;15;6,83;1,03;12,62;3,87;3,32;4,66;2,34
30/11/2015;30;VACA;27640;4;14;6,86;1,03;12,81;3,91;3,35;4,74;2,37
30/11/2015;33;VACA;23120;4,5;15;6,84;1,03;12,38;3,42;3,23;4,96;2,28
30/11/2015;18;VACA;25300;5;15;6,84;1,03;13,08;3,81;3,67;4,86;2,65
30/11/2015;36;CABRA;12840;5,2;14;6,83;1,032;15,15;5,88;3,86;4,78;2,87
30/11/2015;29;VACA;14620;3,3;14;6,78;1,03;12,18;3,42;3,22;4,84;2,26
30/11/2015;29;VACA;11040;5;14;6,77;1,03;12,51;3,72;3,33;4,69;2,32
01/12/2015;40;OVEJA;4380;4;20;6,8;1,036;19,13;7,99;5,61;4,72;4,31
01/12/2015;32;VACA;24240;5,5;15;6,81;1,03;12,21;3,61;3,21;4,63;2,23
01/12/2015;43;OVEJA;1640;5;20;6,81;1,036;19,63;8,13;6,36;4,49;4,8
01/12/2015;43;CABRA;1140;5;14;6,86;1,032;15,11;5,73;4,11;4,75;3,02
01/12/2015;26;VACA;6180;4,5;15;6,79;1,03;12,69;3,64;3,45;4,86;2,43
01/12/2015;24;VACA;16240;5,2;15;6,83;1,03;12,73;3,88;3,3;4,76;2,34
01/12/2015;24;VACA;3880;7,2;15;6,85;1,03;12,39;3,71;3,27;4,64;2,3
01/12/2015;42;OVEJA;6400;4,8;20;6,77;1,036;20,17;8,16;6,8;4,5;5,09
01/12/2015;42;CABRA;3640;6;14;6,86;1,032;15,58;6,03;4,12;4,84;2,99
01/12/2015;46;OVEJA;7900;6,7;20;6,76;1,036;18,77;7,47;5,72;4,75;4,48
01/12/2015;1;CABRA;1320;7,5;13;6,85;1,032;14,51;5,33;3,79;4,78;2,81
01/12/2015;45;CABRA;3920;5,3;14;6,85;1,032;15,04;5,73;3,82;4,85;2,88
01/12/2015;25;VACA;10460;5,5;15;6,8;1,03;13,24;4,23;3,39;4,77;2,44
01/12/2015;27;VACA;12640;6,2;15;6,84;1,03;12,72;3,92;3,31;4,79;2,37
01/12/2015;38;OVEJA;920;6,7;20;6,8;1,036;20,37;8,52;6,6;4,54;4,92
01/12/2015;38;CABRA;580;7;14;6,84;1,032;16,02;6,29;4,66;4,58;3,37
01/12/2015;18;VACA;25080;4,5;15;6,84;1,03;13,01;3,87;3,58;4,83;2,56
01/12/2015;29;VACA;25880;4,8;15;6,86;1,03;12,16;3,45;3,24;4,74;2,27
02/12/2015;40;CABRA;5500;5,8;15;6,82;1,032;15,65;6,32;3,87;4,78;2,83
02/12/2015;40;OVEJA;2700;5;20;6,72;1,036;19,14;7,95;5,53;4,78;4,27
02/12/2015;24;VACA;14420;7,5;15;6,85;1,03;12,03;3,49;3,19;4,57;2,19
02/12/2015;24;VACA;6180;4,2;15;6,85;1,03;12,5;3,71;3,16;4,83;2,28
02/12/2015;41;CABRA;4800;6;14;6,86;1,032;14,81;5,53;3,82;4,85;2,8
02/12/2015;43;CABRA;3540;4,5;14;6,85;1,032;14,98;5,57;4,08;4,77;3
02/12/2015;32;VACA;26020;2;15;6,84;1,03;12,82;3,8;3,42;4,83;2,38
02/12/2015;42;OVEJA;5340;7;20;6,77;1,036;19,83;8,52;5,89;4,59;4,52
02/12/2015;42;CABRA;2340;6,1;15;6,8;1,032;14,96;5,71;3,88;4,71;2,86
02/12/2015;28;VACA;15980;6,3;15;6,8;1,03;13,2;4,16;3,39;4,89;2,45
02/12/2015;38;CABRA;6220;8;14;6,85;1,032;14,76;5,65;3,66;4,75;2,69
02/12/2015;26;VACA;6340;4,4;16;6,8;1,03;12,73;3,68;3,43;4,88;2,41
02/12/2015;37;CABRA;1800;6;14;6,85;1,032;15,64;6,08;4,27;4,76;3,09
02/12/2015;25;VACA;10580;6,9;15;6,8;1,03;13,23;4,24;3,39;4,77;2,41
02/12/2015;27;VACA;12540;6,3;15;6,83;1,03;12,68;3,85;3,35;4,72;2,35
02/12/2015;39;CABRA;1080;6,2;14;6,86;1,032;14,88;5,82;3,81;4,61;2,76
02/12/2015;39;OVEJA;5380;5,5;20;6,79;1,036;20,53;8,82;6,36;4,52;4,77
02/12/2015;33;VACA;22540;4,4;15;6,8;1,03;12,44;3,54;3,22;4,92;2,3
02/12/2015;36;CABRA;10140;5,6;14;6,82;1,032;15,4;6,19;3,92;4,69;2,86
02/12/2015;30;VACA;26220;4;15;6,85;1,03;12,55;3,67;3,35;4,76;2,37
03/12/2015;40;OVEJA;3780;4,8;19;6,82;1,036;18,99;7,84;5,53;4,73;4,25
03/12/2015;32;VACA;24580;5,8;15;6,78;1,03;12,33;3,64;3,22;4,66;2,22
03/12/2015;50;OVEJA;4880;5;20;6,76;1,036;19,47;7,85;6,03;4,79;4,59
03/12/2015;26;VACA;6280;4,1;15;6,79;1,03;12,53;3,57;3,39;4,82;2,38
03/12/2015;29;VACA;16720;4;15;6,79;1,03;12,28;3,6;3,14;4,77;2,21
03/12/2015;29;VACA;7360;4;15;6,84;1,03;12,32;3,59;3,32;4,64;2,34
03/12/2015;38;CABRA;800;6;13;6,86;1,032;15,79;6,26;4,4;4,62;3,15
03/12/2015;38;OVEJA;820;6;19;6,82;1,036;20,01;8,26;6,47;4,61;4,82
03/12/2015;46;OVEJA;7680;7,3;21;6,74;1,036;18,69;7,33;5,75;4,8;4,49
03/12/2015;45;CABRA;4620;7;15;6,81;1,032;14,16;5,26;3,55;4,74;2,64
03/12/2015;1;CABRA;1700;5,8;15;6,84;1,032;14,63;5,45;3,85;4,76;2,81
03/12/2015;25;VACA;11200;7;16;6,75;1,03;12,94;3,99;3,35;4,82;2,36
03/12/2015;27;VACA;13400;7,8;16;6,74;1,03;12,65;3,84;3,29;4,8;2,34
04/12/2015;29;VACA;22860;3,4;15;6,85;1,03;12,09;3,46;3,08;4,8;2,17
04/12/2015;40;OVEJA;2760;5,9;20;6,76;1,036;18,91;7,69;5,54;4,82;4,26
04/12/2015;40;CABRA;5580;5,1;15;6,81;1,032;15,61;6,36;3,78;4,79;2,79
04/12/2015;24;VACA;15980;7,6;15;6,8;1,03;12,37;3,63;3,25;4,71;2,25
04/12/2015;24;VACA;8520;5,6;15;6,8;1,03;12,55;3,79;3,23;4,75;2,3
04/12/2015;41;CABRA;5200;6;14;6,86;1,032;14,66;5,42;3,83;4,86;2,83
04/12/2015;30;VACA;22840;4,2;15;6,86;1,03;12,85;4,03;3,31;4,73;2,33
04/12/2015;26;VACA;6420;4,3;15;6,83;1,03;12,68;3,63;3,42;4,87;2,43
04/12/2015;38;CABRA;6240;5;14;6,85;1,032;14,67;5,7;3,64;4,69;2,67
04/12/2015;38;OVEJA;880;6;20;6,82;1,036;17,46;6,37;5,71;4,6;4,35
04/12/2015;28;VACA;16000;6,5;15;6,8;1,03;13,21;4,17;3,4;4,89;2,45
04/12/2015;43;OVEJA;1240;5;20;6,8;1,036;19,93;8,44;6,56;4,37;4,84
04/12/2015;43;CABRA;1180;6,2;14;6,86;1,032;14,92;5,63;4,06;4,78;2,99
04/12/2015;32;VACA;26400;2,4;15;6,83;1,03;12,85;3,8;3,42;4,89;2,43
04/12/2015;37;CABRA;1400;7,8;14;6,82;1,032;15,46;5,93;4,25;4,69;3,04
04/12/2015;42;CABRA;2700;6;15;6,8;1,032;14,95;5,73;4,02;4,65;2,91
04/12/2015;42;OVEJA;4680;4,8;20;6,77;1,036;19,43;8,27;5,64;4,61;4,34
04/12/2015;25;VACA;11260;7,3;15;6,78;1,03;13,02;4,04;3,36;4,84;2,41
04/12/2015;27;VACA;12520;6,9;15;6,84;1,03;12,58;3,79;3,34;4,72;2,36
04/12/2015;39;CABRA;1000;6;14;6,83;1,032;14,88;5,65;3,85;4,77;2,86
04/12/2015;39;OVEJA;7360;6;20;6,77;1,036;20,38;8,75;6,26;4,56;4,7
04/12/2015;36;CABRA;8900;5,2;14;6,78;1,032;15,67;6,34;3,97;4,78;2,9
05/12/2015;33;VACA;21720;3;15;6,82;1,03;12,1;3,31;3,19;4,89;2,24
05/12/2015;40;OVEJA;6920;4,8;19;6,78;1,036;19,16;8,09;5,6;4,67;4,24
05/12/2015;24;VACA;15960;5;15;6,84;1,03;12,47;3,78;3,24;4,66;2,25
05/12/2015;24;VACA;6740;6;15;6,84;1,03;12,37;3,72;3,16;4,7;2,2
05/12/2015;43;CABRA;4040;5;14;6,86;1,032;14,68;5,5;3,96;4,7;2,9
05/12/2015;29;VACA;24480;5,5;15;6,84;1,03;12,39;3,67;3,19;4,79;2,22
05/12/2015;32;VACA;24340;5,5;15;6,81;1,03;12,41;3,71;3,22;4,69;2,24
05/12/2015;26;VACA;6240;4,2;16;6,8;1,03;12,69;3,64;3,39;4,91;2,39
05/12/2015;38;CABRA;580;5,5;14;6,86;1,032;15,98;6,28;4,7;4,58;3,37
05/12/2015;38;OVEJA;800;3,5;20;6,84;1,036;19,87;8,25;6,36;4,61;4,75
05/12/2015;42;OVEJA;6420;5,2;20;6,8;1,036;19,77;7,86;6,62;4,55;4,98
05/12/2015;42;CABRA;4420;4,2;14;6,85;1,032;15,5;6,01;4,05;4,88;2,94
05/12/2015;46;OVEJA;8320;6,6;21;6,76;1,036;18,56;7,28;5,63;4,83;4,39
05/12/2015;45;CABRA;4280;5,8;14;6,85;1,032;14,86;5,77;3,67;4,8;2,73
05/12/2015;1;CABRA;1640;5,5;15;6,87;1,032;14,41;5,34;3,61;4,84;2,7
05/12/2015;25;VACA;11280;6,8;15;6,84;1,03;13,12;4,1;3,38;4,8;2,4
05/12/2015;27;VACA;13300;5,8;15;6,84;1,03;12,75;3,9;3,31;4,79;2,35
06/12/2015;30;VACA;27480;4,2;15;6,86;1,03;12,61;3,79;3,31;4,74;2,31
06/12/2015;26;VACA;6240;4,2;15;6,81;1,03;12,73;3,72;3,4;4,86;2,4
06/12/2015;40;OVEJA;2720;5,7;20;6,76;1,036;19,17;7,92;5,53;4,88;4,19
06/12/2015;40;CABRA;5480;4,6;15;6,8;1,032;15,63;6,36;3,8;4,85;2,81
06/12/2015;41;CABRA;5100;6,5;14;6,86;1,032;14,56;5,37;3,74;4,89;2,75
06/12/2015;32;VACA;25380;2,4;15;6,83;1,03;12,79;3,75;3,41;4,9;2,44
06/12/2015;28;VACA;15880;6;15;6,8;1,03;13,15;4,14;3,36;4,88;2,41
06/12/2015;38;CABRA;8400;6;13;6,86;1,032;14,5;5,58;3,49;4,76;2,61
06/12/2015;37;CABRA;1460;6,8;14;6,85;1,032;15,39;5,99;4,08;4,79;2,95
06/12/2015;29;VACA;17560;4,8;15;6,86;1,03;12,21;3,54;3,15;4,76;2,2
06/12/2015;29;VACA;6980;3,7;15;6,84;1,03;12,26;3,58;3,16;4,75;2,21
06/12/2015;39;CABRA;1080;7,2;15;6,81;1,032;14,76;5,71;3,77;4,62;2,75
06/12/2015;39;OVEJA;7400;4,8;20;6,75;1,036;19,95;8,39;6,12;4,6;4,59
06/12/2015;25;VACA;11580;7;15;6,81;1,03;13,1;4,11;3,38;4,81;2,42
06/12/2015;27;VACA;12700;6,8;15;6,83;1,03;12,61;3,79;3,34;4,7;2,35
06/12/2015;33;VACA;22300;4,3;15;6,82;1,03;12,45;3,55;3,21;4,94;2,27
07/12/2015;40;OVEJA;7360;4,8;20;6,81;1,036;19,22;8,06;5,71;4,68;4,27
07/12/2015;24;VACA;12020;6,5;15;6,85;1,03;11,78;3,28;3,19;4,56;2,15
07/12/2015;24;VACA;11500;4,8;15;6,81;1,03;12,53;3,68;3,28;4,79;2,33
07/12/2015;32;VACA;25020;5,5;15;6,81;1,03;12,43;3,7;3,24;4,7;2,29
07/12/2015;43;OVEJA;1960;5;19;6,83;1,036;18,89;7,63;6,12;4,47;4,56
07/12/2015;43;CABRA;1220;5,3;15;6,81;1,032;14,45;5,41;3,9;4,67;2,86
07/12/2015;42;OVEJA;6500;4,5;20;6,76;1,036;19,8;8,4;5,96;4,64;4,54
07/12/2015;42;CABRA;3300;5;14;6,83;1,032;15,06;5,84;3,92;4,71;2,87
07/12/2015;26;VACA;6380;4,5;15;6,85;1,03;12,73;3,71;3,4;4,85;2,38
07/12/2015;46;OVEJA;8520;6,5;20;6,77;1,036;18,51;7,38;5,84;4,54;4,42
07/12/2015;1;CABRA;1740;5,4;14;6,83;1,032;14,44;5,32;3,63;4,89;2,7
07/12/2015;45;CABRA;4780;6;14;6,86;1,032;14,36;5,31;3,73;4,75;2,72
07/12/2015;1;OVEJA;3940;5,2;20;6,78;1,036;18,57;7,41;5,85;4,51;4,42
07/12/2015;38;OVEJA;820;4,8;20;6,81;1,036;20,22;8,66;6,28;4,61;4,65
07/12/2015;38;CABRA;800;6;14;6,84;1,032;15,46;6,06;4,34;4,57;3,09
07/12/2015;25;VACA;11540;6,3;15;6,8;1,03;13,1;4,1;3,39;4,79;2,39
07/12/2015;27;VACA;13160;7,4;15;6,81;1,03;12,76;3,92;3,3;4,79;2,34
07/12/2015;36;CABRA;13720;6,1;14;6,82;1,032;15,27;6,06;3,79;4,76;2,8
08/12/2015;41;CABRA;5240;5;15;6,83;1,032;14,42;5,22;3,77;4,84;2,81
08/12/2015;43;CABRA;3680;4,6;14;6,85;1,032;14,73;5,6;3,91;4,72;2,86
08/12/2015;32;VACA;25380;3;15;6,82;1,03;12,77;3,78;3,4;4,86;2,36
08/12/2015;26;VACA;6220;4,2;16;6,8;1,03;12,72;3,72;3,39;4,86;2,39
08/12/2015;24;VACA;23560;6,7;15;6,83;1,03;12,63;3,86;3,23;4,75;2,28
08/12/2015;29;VACA;17660;5;15;6,83;1,03;12,01;3,37;3,16;4,76;2,2
08/12/2015;29;VACA;7940;5,2;15;6,86;1,03;12,34;3,67;3,27;4,62;2,28
08/12/2015;40;OVEJA;2800;4,7;15;6,8;1,036;18,54;7,23;5,59;4,8;4,28
08/12/2015;40;CABRA;5720;6;19;6,75;1,032;15,69;6,42;3,79;4,8;2,78
08/12/2015;28;VACA;15800;6;15;6,8;1,03;13,27;4,24;3,39;4,86;2,43
08/12/2015;42;CABRA;1140;6,7;15;6,81;1,032;14,56;5,63;3,86;4,51;2,76
08/12/2015;42;OVEJA;5280;4,9;20;6,8;1,036;19,01;8;5,56;4,6;4,29
08/12/2015;30;VACA;27140;3,9;14;6,83;1,03;12,71;3,84;3,33;4,76;2,35
08/12/2015;37;CABRA;1740;6;15;6,81;1,032;15,61;6,11;4,3;4,71;3,12
08/12/2015;38;CABRA;7640;5,2;14;6,83;1,032;14,35;5,5;3,53;4,65;2,61
08/12/2015;38;OVEJA;1540;4,8;20;6,79;1,036;18,27;6,74;6,09;4,62;4,7
08/12/2015;25;VACA;11640;7,2;15;6,8;1,03;13,17;4,13;3,4;4,83;2,4
08/12/2015;27;VACA;12940;8;15;6,82;1,03;12,57;3,74;3,37;4,74;2,39
08/12/2015;39;CABRA;1020;5,2;15;6,81;1,032;14,83;5,6;3,79;4,8;2,82
08/12/2015;39;OVEJA;7340;4,8;20;6,77;1,036;19,92;8,44;6,1;4,6;4,58
08/12/2015;33;VACA;23060;4,7;15;6,86;1,03;12,66;3,81;3,19;4,91;2,27
09/12/2015;29;VACA;17620;3,6;15;6,83;1,03;12,01;3,44;3,08;4,77;2,17
09/12/2015;29;VACA;6380;3;14;6,86;1,03;11,95;3,46;3,06;4,67;2,13
09/12/2015;26;VACA;6500;5,2;15;6,83;1,03;12,64;3,71;3,35;4,86;2,39
09/12/2015;40;OVEJA;3880;5;20;6,83;1,036;19,08;7,84;5,74;4,69;4,34
09/12/2015;32;VACA;24900;5;15;6,78;1,03;12,4;3,66;3,23;4,72;2,26
09/12/2015;24;VACA;10940;5,2;15;6,86;1,03;12,26;3,59;3,25;4,67;2,25
09/12/2015;24;VACA;10420;5,6;15;6,81;1,03;12,67;3,89;3,23;4,77;2,31
09/12/2015;38;OVEJA;520;6,2;20;6,78;1,036;19,53;7,46;6,49;4,78;4,97
09/12/2015;38;CABRA;480;7,5;14;6,84;1,032;15,92;6,35;4,48;4,67;3,25
09/12/2015;42;OVEJA;5380;4,5;20;6,77;1,036;19,66;7,84;6,57;4,57;4,91
09/12/2015;42;CABRA;4720;4,6;14;6,84;1,032;15,3;5,95;3,96;4,85;2,89
09/12/2015;25;VACA;11640;6,8;15;6,82;1,03;13,12;4,1;3,4;4,82;2,45
09/12/2015;27;VACA;13160;7,8;15;6,82;1,03;12,76;3,97;3,29;4,77;2,34
09/12/2015;46;OVEJA;8540;5,3;20;6,83;1,036;18,42;7,2;5,62;4,82;4,39
09/12/2015;1;CABRA;1760;6,4;14;6,8;1,032;14,42;5,38;3,61;4,83;2,68
09/12/2015;1;OVEJA;3180;4,5;20;6,77;1,036;18,68;7,46;5,71;4,72;4,43
09/12/2015;45;CABRA;4180;6,5;14;6,84;1,032;14,66;5,59;3,73;4,79;2,74
09/12/2015;36;CABRA;9620;4,8;15;6,82;1,032;15,19;5,99;3,91;4,73;2,85
10/12/2015;18;VACA;26200;5,3;15;6,83;1,03;12,92;3,78;3,58;4,77;2,56
10/12/2015;40;OVEJA;2720;5,8;20;6,74;1,036;18,79;7,57;5,48;4,85;4,22
10/12/2015;40;CABRA;5300;5,3;15;6,78;1,032;15,53;6,26;3,77;4,85;2,8
10/12/2015;41;CABRA;5160;5,7;14;6,85;1,032;14,47;5,32;3,73;4,86;2,78
10/12/2015;38;CABRA;5560;7,1;14;6,83;1,032;14,7;5,66;3,66;4,75;2,74
10/12/2015;30;VACA;27960;4,3;15;6,85;1,03;12,48;3,68;3,3;4,75;2,31
10/12/2015;32;VACA;25100;2,6;15;6,8;1,03;12,52;3,68;3,36;4,77;2,34
10/12/2015;28;VACA;15840;6,2;15;6,82;1,03;13,2;4,2;3,36;4,87;2,42
10/12/2015;43;OVEJA;1180;7;20;6,8;1,036;19,77;8,17;6,5;4,48;4,81
10/12/2015;43;CABRA;1240;6;15;6,83;1,032;14,62;5,4;4,01;4,75;2,97
10/12/2015;26;VACA;6440;4;16;6,78;1,03;12,59;3,65;3,36;4,83;2,37
10/12/2015;29;VACA;17740;5,3;15;6,83;1,03;12,08;3,4;3,25;4,69;2,27
10/12/2015;29;VACA;7480;4,5;15;6,82;1,03;12,36;3,64;3,28;4,68;2,29
10/12/2015;37;CABRA;1380;5;14;6,85;1,032;15,43;6,01;4,22;4,76;3,07
10/12/2015;39;CABRA;1100;5,2;14;6,86;1,032;14,72;5,73;3,71;4,63;2,73
10/12/2015;39;OVEJA;7420;4,8;20;6,81;1,036;19,73;8,33;6,04;4,57;4,52
10/12/2015;25;VACA;11640;7,5;15;6,81;1,03;13,1;4,08;3,41;4,84;2,45
10/12/2015;27;VACA;12620;7;15;6,86;1,03;12,67;3,8;3,37;4,74;2,39
10/12/2015;33;VACA;21980;5;15;6,85;1,03;12,45;3,58;3,2;4,92;2,27
11/12/2015;24;VACA;14880;8;15;6,84;1,03;12,33;3,63;3,26;4,72;2,28
11/12/2015;24;VACA;7960;5,3;15;6,81;1,03;12,25;3,49;3,22;4,76;2,25
11/12/2015;43;CABRA;3820;5,1;13;6,86;1,032;14,92;5,58;4,03;4,82;3
11/12/2015;40;OVEJA;6620;6;18;6,85;1,036;19,09;7,95;5,62;4,72;4,3
11/12/2015;32;VACA;25700;5;15;6,83;1,03;12,36;3,65;3,24;4,71;2,28
11/12/2015;29;VACA;15980;5;14;6,85;1,03;12,24;3,67;3,11;4,66;2,17
11/12/2015;29;VACA;4580;6,5;14;6,86;1,03;11,91;3,26;3,28;4,61;2,26
11/12/2015;42;OVEJA;6280;5,5;19;6,84;1,036;19,81;8,37;6;4,64;4,58
11/12/2015;42;CABRA;4520;5,8;14;6,84;1,032;14,98;5,79;3,88;4,76;2,81
11/12/2015;26;VACA;6060;4,5;15;6,8;1,03;12,79;3,8;3,39;4,79;2,43
11/12/2015;46;OVEJA;7660;7,2;21;6,78;1,036;18,55;7,24;5,7;4,84;4,48
11/12/2015;1;CABRA;1640;6;14;6,83;1,032;14,51;5,35;3,67;4,9;2,76
11/12/2015;45;CABRA;4680;6,3;15;6,8;1,032;14,16;5,18;3,75;4,67;2,77
11/12/2015;25;VACA;11800;7;15;6,8;1,03;12,95;3,99;3,34;4,79;2,41
11/12/2015;27;VACA;13060;7,7;15;6,82;1,03;12,64;3,88;3,28;4,78;2,35
11/12/2015;38;OVEJA;840;4,7;19;6,83;1,036;19,7;8,02;6,28;4,71;4,77
11/12/2015;38;CABRA;660;6,2;13;6,87;1,032;15,6;6,14;4,31;4,68;3,1
11/12/2015;36;CABRA;10140;5,9;14;6,78;1,032;15,45;6,13;3,94;4,81;2,9
12/12/2015;30;VACA;16060;4,4;14;6,83;1,03;12,66;3,83;3,3;4,79;2,35
12/12/2015;30;VACA;8840;4,1;14;6,86;1,03;11,61;2,7;3,35;4,89;2,4
12/12/2015;22;VACA;24960;5,9;15;6,85;1,03;12,45;3,61;3,24;4,88;2,31
12/12/2015;40;OVEJA;2600;5,9;20;6,75;1,036;19,19;8,02;5,47;4,8;4,24
12/12/2015;40;CABRA;5400;5,8;15;6,8;1,032;15,55;6,28;3,83;4,84;2,83
12/12/2015;41;CABRA;4800;4,2;14;6,84;1,032;14,39;5,24;3,76;4,82;2,8
12/12/2015;24;VACA;16240;5,8;15;6,81;1,03;12,48;3,73;3,27;4,73;2,35
12/12/2015;24;VACA;8080;6,2;15;6,8;1,03;12,45;3,72;3,24;4,72;2,28
12/12/2015;28;VACA;15700;6;15;6,78;1,03;13,07;4,11;3,37;4,85;2,47
12/12/2015;26;VACA;6000;4,5;15;6,79;1,03;12,84;3,88;3,35;4,81;2,39
12/12/2015;37;CABRA;1560;6,7;14;6,84;1,032;15,62;6,14;4,32;4,71;3,1
12/12/2015;42;CABRA;1480;5,8;14;6,86;1,032;14,85;5,71;3,97;4,6;2,85
12/12/2015;42;OVEJA;6040;6,7;20;6,81;1,036;19,26;8,12;5,57;4,71;4,33
12/12/2015;32;VACA;25160;2,4;15;6,81;1,03;12,76;3,79;3,39;4,87;2,4
12/12/2015;39;CABRA;960;5,8;14;6,85;1,032;14,95;5,66;3,83;4,75;2,86
12/12/2015;39;OVEJA;7360;5,5;19;6,79;1,036;19,88;8,4;6,04;4,65;4,57
12/12/2015;25;VACA;11760;6,4;16;6,75;1,03;13,05;4,06;3,37;4,81;2,43
12/12/2015;27;VACA;12800;6,6;15;6,8;1,03;12,66;3,83;3,35;4,73;2,37
12/12/2015;38;CABRA;8460;5,4;14;6,8;1,032;13,24;5,11;3,21;4,3;2,32
12/12/2015;38;OVEJA;2940;4,4;20;6,78;1,036;17,36;6,16;5,59;4,84;4,41
12/12/2015;33;VACA;22300;4,4;15;6,76;1,03;12,41;3,52;3,21;4,96;2,32
13/12/2015;22;VACA;25500;5,6;15;6,84;1,03;12,41;3,57;3,25;4,9;2,32
13/12/2015;40;OVEJA;6520;4,6;20;6,81;1,036;19,24;8,05;5,71;4,69;4,4
13/12/2015;29;VACA;16560;5,2;15;6,85;1,03;12,1;3,51;3,19;4,65;2,22
13/12/2015;29;VACA;8200;5,2;15;6,85;1,03;12,51;3,73;3,35;4,64;2,35
13/12/2015;26;VACA;6380;4,1;15;6,79;1,03;12,64;3,73;3,34;4,84;2,36
13/12/2015;43;OVEJA;1680;4,9;20;6,76;1,036;19,01;7,74;6,13;4,5;4,6
13/12/2015;43;CABRA;1300;4,6;14;6,84;1,032;14,61;5,4;3,98;4,79;2,93
13/12/2015;32;VACA;25280;4,6;15;6,81;1,03;12,4;3,66;3,22;4,73;2,28
13/12/2015;46;OVEJA;8280;6,7;20;6,73;1,036;18,52;7,26;5,67;4,82;4,43
13/12/2015;1;CABRA;1760;5,6;14;6,86;1,032;14,27;5,28;3,56;4,8;2,67
13/12/2015;45;CABRA;4540;5,9;15;6,83;1,032;14,55;5,53;3,69;4,77;2,74
13/12/2015;1;CABRA;4260;8;14;6,79;1,032;15,18;6,08;3,98;4,54;2,85
13/12/2015;38;OVEJA;920;5;20;6,75;1,036;19,69;7,99;6,32;4,66;4,78
13/12/2015;38;CABRA;560;4,8;14;6,84;1,032;15,25;5,74;4,53;4,57;3,26
13/12/2015;27;VACA;13200;7,6;15;6,8;1,03;12,64;3,85;3,28;4,8;2,35
13/12/2015;25;VACA;11760;4,8;15;6,77;1,03;13,18;4,1;3,42;4,89;2,45
13/12/2015;1;CABRA;25840;3,6;14;6,77;1,032;15,02;5,94;3,75;4,75;2,73
13/12/2015;1;CABRA;22360;3,3;14;6,8;1,032;15,33;6,17;3,75;4,87;2,76
14/12/2015;29;VACA;15880;2,5;15;6,8;1,03;12,07;3,5;3,06;4,77;2,11
14/12/2015;29;VACA;5260;5,6;15;6,81;1,03;12,73;4,17;3,11;4,63;2,14
14/12/2015;40;OVEJA;2660;6,4;20;6,76;1,036;19,21;7,98;5,58;4,8;4,28
14/12/2015;40;CABRA;5300;6;15;6,82;1,032;15,65;6,43;3,79;4,78;2,77
14/12/2015;24;VACA;16520;7;15;6,85;1,03;12,46;3,74;3,26;4,72;2,26
14/12/2015;24;VACA;7660;5,3;15;6,83;1,03;12,55;3,73;3,25;4,78;2,26
14/12/2015;41;CABRA;4720;4,3;14;6,86;1,032;14,6;5,46;3,75;4,84;2,8
14/12/2015;26;VACA;6520;4,5;15;6,79;1,03;12,62;3,7;3,36;4,83;2,36
14/12/2015;43;CABRA;3980;6,5;14;6,86;1,032;15,02;5,74;3,94;4,85;2,92
14/12/2015;32;VACA;25540;2,4;15;6,82;1,03;12,78;3,81;3,4;4,86;2,4
14/12/2015;28;VACA;15720;6,5;15;6,81;1,03;13,23;4,22;3,39;4,87;2,45
14/12/2015;30;VACA;28020;5,5;15;6,85;1,03;12,59;3,73;3,35;4,81;2,36
14/12/2015;37;CABRA;1760;6,8;14;6,84;1,032;15,57;6,12;4,27;4,74;3,09
14/12/2015;39;CABRA;1060;5,5;14;6,86;1,032;14,63;5,77;3,71;4,51;2,68
14/12/2015;39;OVEJA;7100;4,7;20;6,76;1,036;19,78;8,34;6,05;4,64;4,53
14/12/2015;25;VACA;11720;7,2;15;6,81;1,03;13,06;4,04;3,42;4,83;2,44
14/12/2015;27;VACA;13000;7,1;15;6,83;1,03;12,64;3,79;3,38;4,73;2,39
14/12/2015;38;CABRA;7260;7;14;6,85;1,032;14,63;5,68;3,56;4,73;2,7
14/12/2015;38;OVEJA;1780;6,3;19;6,83;1,036;17,1;6,01;5,43;4,9;4,33
14/12/2015;18;VACA;26060;5,2;16;6,78;1,03;13,3;4,15;3,59;4,8;2,56
14/12/2015;42;OVEJA;6500;5;20;6,79;1,036;19,65;7,82;6,55;4,55;4,94
14/12/2015;42;CABRA;4860;4,4;15;6,84;1,032;14,92;5,64;3,89;4,81;2,87
14/12/2015;18;VACA;26540;5,3;15;6,8;1,03;13,01;3,77;3,66;4,86;2,61
14/12/2015;33;VACA;24840;4,6;14;6,84;1,03;12,39;3,47;3,26;4,94;2,32
14/12/2015;36;CABRA;12420;6,4;14;6,82;1,032;15,16;5,98;3,83;4,78;2,83
15/12/2015;1;CABRA;26180;2,8;14;6,84;1,032;14,33;5,28;3,72;4,83;2,75
15/12/2015;40;OVEJA;4300;4,7;15;6,82;1,036;19,46;8,28;5,68;4,75;4,31
15/12/2015;32;VACA;25720;5,6;15;6,82;1,03;12,17;3,64;3,2;4,61;2,18
15/12/2015;29;VACA;16120;4,4;15;6,84;1,03;11,99;3,42;3,19;4,69;2,17
15/12/2015;29;VACA;10540;5,7;15;6,86;1,03;12,3;3,58;3,38;4,65;2,34
15/12/2015;42;CABRA;3020;6;14;6,79;1,032;15,15;5,84;3,93;4,7;2,9
15/12/2015;42;OVEJA;6500;6;19;6,77;1,036;19,27;8,1;5,67;4,61;4,43
15/12/2015;24;VACA;17100;4,5;15;6,84;1,03;12,34;3,65;3,26;4,72;2,23
15/12/2015;38;OVEJA;820;5;20;6,8;1,036;19,25;7,64;6,3;4,61;4,8
15/12/2015;38;CABRA;660;5,2;13;6,86;1,032;15,27;5,85;4,24;4,61;3,09
15/12/2015;26;VACA;6460;4,6;16;6,79;1,03;12,62;3,71;3,38;4,83;2,33
15/12/2015;25;VACA;12020;6,5;15;6,79;1,03;13,1;4,04;3,46;4,83;2,44
15/12/2015;27;VACA;12820;7,8;15;6,81;1,03;12,75;3,95;3,34;4,8;2,33
15/12/2015;46;OVEJA;8480;7,3;20;6,78;1,036;18,45;7,34;5,54;4,77;4,35
15/12/2015;1;CABRA;1980;6,6;13;6,84;1,032;13,29;4,86;3,34;4,45;2,41
15/12/2015;45;CABRA;5020;5,7;15;6,83;1,032;14,26;5,21;3,71;4,72;2,74
15/12/2015;1;OVEJA;3760;4,6;20;6,79;1,036;18,69;7,55;5,77;4,56;4,45
15/12/2015;18;VACA;25480;5,8;15;6,79;1,03;13,09;3,96;3,63;4,79;2,55
15/12/2015;18;VACA;25460;6;15;6,8;1,03;13,22;4,14;3,63;4,77;2,56
16/12/2015;1;CABRA;21140;3,5;15;6,82;1,032;15,36;6,16;3,79;4,84;2,75
16/12/2015;40;OVEJA;2640;5,9;20;6,75;1,036;19,09;7,95;5,35;4,72;4,3
16/12/2015;40;CABRA;5480;5,1;14;6,8;1,032;15,49;6,25;3,73;4,77;2,73
16/12/2015;41;CABRA;4780;4,2;14;6,83;1,032;14,82;5,57;3,79;4,83;2,78
16/12/2015;24;VACA;15760;6,7;16;6,75;1,03;12,29;3,63;3,27;4,68;2,25
16/12/2015;24;VACA;8580;5,6;16;6,76;1,03;12,52;3,73;3,27;4,73;2,26
16/12/2015;30;VACA;28260;4,6;15;6,82;1,03;12,94;4,2;3,29;4,72;2,26
16/12/2015;29;VACA;15900;4,3;15;6,81;1,03;12,26;3,59;3,2;4,72;2,18
16/12/2015;29;VACA;6560;6,1;15;6,79;1,03;12,66;3,85;3,36;4,64;2,3
16/12/2015;32;VACA;25780;2,3;15;6,79;1,03;12,8;3,79;3,46;4,89;2,39
16/12/2015;28;VACA;15900;6,7;15;6,77;1,03;13,07;4,14;3,36;4,87;2,39
16/12/2015;26;VACA;6260;4,1;16;6,74;1,03;12,73;3,79;3,4;4,82;2,33
16/12/2015;37;CABRA;1520;6,9;14;6,82;1,032;15,39;5,99;4,12;4,74;2,98
16/12/2015;25;VACA;11920;5,9;16;6,75;1,03;13,12;4,08;3,43;4,86;2,44
16/12/2015;27;VACA;12860;6,6;15;6,77;1,03;12,57;3,73;3,41;4,75;2,34
16/12/2015;43;OVEJA;1340;5,8;21;6,73;1,036;19,21;7,81;6,13;4,6;4,61
16/12/2015;43;CABRA;1360;5,2;14;6,82;1,032;14,42;5,27;3,88;4,69;2,84
16/12/2015;39;CABRA;940;7;14;6,8;1,032;15,15;5,8;3,82;4,78;2,82
16/12/2015;39;OVEJA;7180;5,1;21;6,77;1,036;19,81;8,44;5,93;4,6;4,49
16/12/2015;38;CABRA;8380;5;14;6,77;1,032;14,47;5,66;3,4;4,64;2,52
16/12/2015;38;OVEJA;1880;7;19;6,83;1,036;16,86;6,06;5,19;4,88;4,13
16/12/2015;36;CABRA;10940;5,3;15;6,73;1,032;14,32;5,73;3,51;4,37;2,49
16/12/2015;33;VACA;22540;4,8;15;6,8;1,03;12,39;3,49;3,27;4,95;2,27
16/12/2015;1;CABRA;24640;3,8;14;6,82;1,032;15,32;6,03;3,83;4,83;2,8
17/12/2015;40;OVEJA;4600;4,5;19;6,83;1,036;19,05;7,95;5,54;4,76;4,23
17/12/2015;32;VACA;25960;5,3;15;6,77;1,03;12,27;3,66;3,2;4,66;2,17
17/12/2015;26;VACA;6200;4,2;15;6,79;1,03;12,65;3,72;3,38;4,79;2,32
17/12/2015;42;CABRA;2500;5,8;14;6,83;1,032;14,54;5,35;3,81;4,71;2,75
17/12/2015;42;OVEJA;10440;6;20;6,8;1,036;18,97;7,71;5,85;4,64;4,45
17/12/2015;43;CABRA;3940;6;14;6,78;1,032;15,1;5,71;3,93;4,86;2,89
17/12/2015;38;CABRA;500;6;14;6,81;1,032;15,14;5,77;4,3;4,53;3,08
17/12/2015;38;OVEJA;760;6;19;6,81;1,036;19,01;7,6;6,09;4,57;4,59
17/12/2015;25;VACA;11360;5,2;15;6,78;1,03;13,15;4,12;3,43;4,86;2,41
17/12/2015;27;VACA;13000;7,2;15;6,78;1,03;12,71;3,9;3,32;4,8;2,31
17/12/2015;1;OVEJA;4220;6;22;6,73;1,036;18,56;7,36;5,75;4,67;4,41
17/12/2015;1;CABRA;1940;5;14;6,8;1,032;14,54;5,36;3,62;4,91;2,7
17/12/2015;45;CABRA;5540;5,3;14;6,8;1,032;14,35;5,23;3,7;4,78;2,72
17/12/2015;46;OVEJA;8820;6,7;22;6,73;1,036;18,1;7,06;5,48;4,79;4,27
17/12/2015;1;CABRA;25200;4,6;14;6,77;1,032;14,97;5,87;3,67;4,73;2,68
18/12/2015;41;CABRA;4800;3,8;15;6,82;1,032;14,72;5,56;3,73;4,82;2,75
18/12/2015;24;VACA;16440;5,7;15;6,8;1,03;12,22;3,53;3,26;4,7;2,23
18/12/2015;24;VACA;10500;5,5;15;6,81;1,03;12,56;3,77;3,29;4,76;2,24
18/12/2015;26;VACA;6460;4;15;6,83;1,03;12,58;3,67;3,4;4,82;2,34
18/12/2015;42;OVEJA;4960;4,8;20;6,82;1,036;19,04;8,06;5,42;4,75;4,22
18/12/2015;42;CABRA;4320;4,9;14;6,85;1,032;15,06;5,64;4,02;4,81;2,87
18/12/2015;32;VACA;25160;2,3;15;6,85;1,03;12,79;3,81;3,37;4,94;2,36
18/12/2015;30;VACA;25440;5,3;15;6,85;1,03;12,55;3,82;3,29;4,73;2,27
18/12/2015;28;VACA;15900;6;15;6,83;1,03;13,08;4,1;3,41;4,86;2,41
18/12/2015;29;VACA;16440;5,8;14;6,85;1,03;12,26;3,71;3,2;4,62;2,16
18/12/2015;29;VACA;9260;4,6;14;6,84;1,03;12,28;3,54;3,36;4,71;2,28
18/12/2015;37;CABRA;1720;7,4;15;6,83;1,032;15,42;6,01;4,12;4,74;3,01
18/12/2015;25;VACA;11580;5,8;15;6,78;1,03;13,06;4,05;3,42;4,81;2,43
18/12/2015;27;VACA;12820;7,2;15;6,81;1,03;12,68;3,83;3,39;4,74;2,34
18/12/2015;39;CABRA;1100;5,3;14;6,86;1,032;14,62;5,7;3,66;4,53;2,65
18/12/2015;39;OVEJA;6940;4,4;20;6,8;1,036;19,83;8,46;5,98;4,59;4,52
18/12/2015;40;OVEJA;2600;6,3;20;6,8;1,036;18,82;7,7;5,41;4,88;4,18
18/12/2015;40;CABRA;5700;5;15;6,83;1,032;15,37;6,09;3,81;4,8;2,8
18/12/2015;38;CABRA;8460;8,4;14;6,86;1,032;14,79;5,84;3,49;4,69;2,61
18/12/2015;38;OVEJA;2080;5,6;30;6,84;1,036;17,11;6,15;5,27;4,94;4,21
18/12/2015;33;VACA;22300;4,5;15;6,78;1,03;12,4;3,5;3,27;4,95;2,32
18/12/2015;1;CABRA;25700;3,6;14;6,85;1,032;14,33;5,22;3,67;4,82;2,72
18/12/2015;36;CABRA;9580;5,8;14;6,83;1,032;15,06;5,76;3,83;4,82;2,83
19/12/2015;22;VACA;25540;6;15;6,8;1,03;12,1;3,28;3,27;4,91;2,28
19/12/2015;29;VACA;15980;3,1;15;6,86;1,03;12,39;3,76;3,1;4,74;2,13
19/12/2015;29;VACA;8840;5;15;6,85;1,03;12,64;3,96;3,21;4,61;2,22
19/12/2015;40;OVEJA;6580;5,3;20;6,77;1,036;19,13;8;5,6;4,74;4,29
19/12/2015;24;VACA;15780;6,2;15;6,8;1,03;12,19;3,5;3,3;4,69;2,29
19/12/2015;24;VACA;6680;5,9;15;6,78;1,03;12,42;3,71;3,27;4,7;2,3
19/12/2015;26;VACA;6120;0;0;0;1,03;12,6;3,65;3,38;4,86;2,4
19/12/2015;42;CABRA;2660;5,6;15;6,81;1,032;14,83;5,64;3,86;4,67;2,85
19/12/2015;42;OVEJA;3820;6,7;22;6,8;1,036;19,78;8,16;6,27;4,6;4,83
19/12/2015;32;VACA;25300;5;15;6,78;1,03;12,3;3,59;3,25;4,73;2,24
19/12/2015;38;CABRA;640;4,1;13;6,88;1,032;15,16;5,8;4,26;4,57;3,05
19/12/2015;38;OVEJA;760;3,5;20;6,84;1,036;19,24;7,77;6,1;4,63;4,62
19/12/2015;43;OVEJA;1740;6;20;6,8;1,036;18,65;7,37;5,94;4,67;4,53
19/12/2015;43;CABRA;1640;5,3;15;6,82;1,032;14,52;5,33;3,98;4,7;2,89
19/12/2015;25;VACA;11560;5,2;15;6,81;1,03;13,12;4,13;3,42;4,79;2,4
19/12/2015;27;VACA;13280;8,1;14;6,85;1,03;12,68;3,87;3,32;4,8;2,29
19/12/2015;46;OVEJA;8940;7,1;21;6,76;1,036;18,32;7,14;5,59;4,81;4,37
19/12/2015;1;CABRA;2080;5,7;14;6,82;1,032;14,38;5,29;3,59;4,86;2,69
19/12/2015;45;CABRA;4680;5,7;13;6,85;1,032;14,4;5,22;3,68;4,86;2,72
19/12/2015;1;CABRA;3220;9;15;6,76;1,032;14,92;5,71;4,02;4,53;2,83
20/12/2015;41;CABRA;4400;3,8;14;6,82;1,032;14,81;5,59;3,72;4,86;2,77
20/12/2015;18;VACA;25560;5,3;16;6,81;1,03;12,95;3,9;3,56;4,77;2,51
20/12/2015;22;VACA;25260;6,4;15;6,83;1,03;12,34;3,5;3,27;4,89;2,27
20/12/2015;18;VACA;25600;4,8;16;6,84;1,03;12,56;3,56;3,37;4,88;2,35
20/12/2015;30;VACA;26760;4,2;15;6,81;1,03;12,6;3,82;3,29;4,77;2,28
20/12/2015;32;VACA;25600;5;15;6,86;1,03;12,92;4,01;3,32;4,88;2,29
20/12/2015;26;VACA;6020;4,4;15;6,86;1,03;12,72;3,77;3,37;4,84;2,35
20/12/2015;28;VACA;15880;6,1;15;6,83;1,03;13,13;4,11;3,41;4,9;2,43
20/12/2015;29;VACA;11520;4;15;6,82;1,03;12,38;3,76;3,09;4,67;2,16
20/12/2015;29;VACA;9060;5,6;15;6,79;1,03;12,5;3,73;3,33;4,69;2,29
20/12/2015;37;CABRA;1620;7,7;14;6,86;1,032;15,32;5,88;4,12;4,77;3,03
20/12/2015;43;CABRA;3700;4,8;14;6,84;1,032;15,22;5,76;4,01;4,89;3,01
20/12/2015;25;VACA;11740;6;15;6,81;1,03;13,13;4,08;3,43;4,86;2,39
20/12/2015;27;VACA;12900;6,6;15;6,84;1,03;12,59;3,75;3,39;4,75;2,33
20/12/2015;39;CABRA;960;5,4;15;6,82;1,032;15,27;5,93;3,84;4,81;2,87
20/12/2015;39;OVEJA;6840;4,5;20;6,76;1,036;19,91;8,52;5,98;4,61;4,53
20/12/2015;40;CABRA;5200;5,3;14;6,83;1,032;15,34;6,05;3,73;4,86;2,74
20/12/2015;40;OVEJA;2660;6,2;20;6,78;1,036;19,18;7,91;5,58;4,8;4,32
20/12/2015;38;CABRA;8760;4,4;14;6,86;1,032;14,62;5,69;3,54;4,68;2,62
20/12/2015;38;OVEJA;2280;4,8;19;6,84;1,036;16,91;5,96;5,22;4,96;4,18
20/12/2015;33;VACA;22700;4,8;16;6,76;1,03;12,48;3,55;3,26;4,95;2,25
21/12/2015;40;OVEJA;6280;4,4;20;6,84;1,036;19,09;7,96;5,68;4,72;4,3
21/12/2015;32;VACA;25640;5,2;15;6,79;1,03;11,92;3,51;3,15;4,54;2,07
21/12/2015;24;VACA;11920;4,8;15;6,82;1,03;12,37;3,53;3,32;4,84;2,25
21/12/2015;24;VACA;9660;6,6;15;6,8;1,03;12,4;3,6;3,33;4,76;2,28
21/12/2015;42;OVEJA;4840;4,7;19;6,83;1,036;19,31;8,27;5,45;4,74;4,19
21/12/2015;42;CABRA;4320;4,4;14;6,85;1,032;15,12;5,63;4,11;4,76;2,93
21/12/2015;29;VACA;13800;3;14;6,85;1,03;12,22;3,65;3,1;4,69;2,1
21/12/2015;29;VACA;6820;5;15;6,83;1,03;12,21;3,44;3,35;4,73;2,28
21/12/2015;38;CABRA;560;6,4;13;6,86;1,032;15,17;5,83;4,3;4,51;3,02
21/12/2015;38;OVEJA;220;6;22;6,81;1,036;19,12;6,94;6,6;4,76;5,08
21/12/2015;26;VACA;5980;4,5;16;6,78;1,03;12,7;3,81;3,35;4,82;2,27
21/12/2015;45;CABRA;5500;5,6;14;6,84;1,032;14,2;5,14;3,64;4,77;2,66
21/12/2015;1;CABRA;2140;2,5;13;6,86;1,032;14,26;5,27;3,56;4,76;2,6
21/12/2015;46;OVEJA;8500;5,8;20;6,81;1,036;18,2;7,02;5,56;4,84;4,3
21/12/2015;1;OVEJA;5260;5;20;6,77;1,036;18,11;7,09;5,57;4,62;4,24
21/12/2015;25;VACA;11720;6,3;15;6,8;1,03;13,17;4,16;3,42;4,79;2,4
21/12/2015;27;VACA;13160;8;14;6,83;1,03;12,7;3,89;3,33;4,78;2,3
21/12/2015;36;CABRA;16300;4,7;14;6,84;1,032;15,02;5,82;3,73;4,8;2,76
22/12/2015;1;CABRA;25380;3,8;14;6,85;1,032;14,35;5,22;3,7;4,84;2,71
22/12/2015;41;CABRA;4720;4;14;6,86;1,032;14,42;5,31;3,67;4,84;2,74
22/12/2015;32;VACA;26420;2;15;6,8;1,03;12,89;3,96;3,42;4,82;2,36
22/12/2015;28;VACA;15880;6;15;6,83;1,03;13,18;4,19;3,39;4,89;2,41
22/12/2015;29;VACA;11640;4,2;15;6,83;1,03;12,41;3,77;3,14;4,71;2,14
22/12/2015;29;VACA;6780;6,7;15;6,86;1,03;12,53;3,75;3,34;4,67;2,28
22/12/2015;37;CABRA;1700;7,4;14;6,86;1,032;15,23;5,88;4,08;4,72;2,96
22/12/2015;42;CABRA;2860;5,5;14;6,86;1,032;15,52;6,16;3,96;4,8;2,89
22/12/2015;42;OVEJA;11760;5;20;6,76;1,036;18,95;7,71;5,85;4,65;4,43
22/12/2015;43;OVEJA;1300;5,3;22;6,79;1,036;19,12;7,83;6,03;4,65;4,52
22/12/2015;43;CABRA;1440;5,2;15;6,86;1,032;14,87;5,57;4,07;4,72;2,94
22/12/2015;25;VACA;11820;6;15;6,83;1,03;13,24;4,18;3,45;4,86;2,41
22/12/2015;27;VACA;12840;7;15;6,84;1,03;12,64;3,75;3,42;4,76;2,34
22/12/2015;24;VACA;12300;4,5;15;6,83;1,03;12,48;3,73;3,23;4,76;2,23
22/12/2015;39;CABRA;1000;6;14;6,86;1,032;14,87;5,89;3,67;4,57;2,67
22/12/2015;39;OVEJA;6800;4,8;20;6,81;1,036;19,81;8,5;5,95;4,61;4,49
22/12/2015;26;VACA;5780;4,7;16;6,79;1,03;12,73;3,81;3,38;4,86;2,34
22/12/2015;40;OVEJA;2780;5;20;6,79;1,036;18,84;7,58;5,65;4,89;4,3
22/12/2015;40;CABRA;5500;4,5;15;6,83;1,032;15,25;5,98;3,73;4,8;2,74
22/12/2015;38;CABRA;8120;5;14;6,86;1,032;14,67;5,75;3,46;4,75;2,54
22/12/2015;38;OVEJA;2500;4,6;19;6,84;1,036;17,18;6,16;5,36;4,99;4,26
22/12/2015;30;VACA;26840;4,4;15;6,85;1,03;12,58;3,79;3,31;4,8;2,28
22/12/2015;1;CABRA;26200;4,1;14;6,79;1,032;15,15;5,97;3,72;4,79;2,72
22/12/2015;1;CABRA;25740;4,2;14;6,84;1,032;14,87;5,83;3,62;4,76;2,66
23/12/2015;40;OVEJA;3180;4,2;20;6,79;1,036;18,83;7,83;5,55;4,7;4,23
23/12/2015;24;VACA;16180;4,7;15;6,84;1,03;12,27;3,49;3,34;4,76;2,28
23/12/2015;24;VACA;4620;4,5;15;6,83;1,03;12,11;3,37;3,28;4,77;2,2
23/12/2015;32;VACA;25880;5;15;6,82;1,03;12,31;3,61;3,26;4,71;2,25
23/12/2015;42;OVEJA;2480;7,6;20;6,83;1,036;19,2;7,69;6,23;4,65;4,82
23/12/2015;42;CABRA;2760;5,6;14;6,86;1,032;14,42;5,37;3,81;4,62;2,75
23/12/2015;29;VACA;13600;4;15;6,8;1,03;12,25;3,69;3,1;4,61;2,11
23/12/2015;29;VACA;7480;4,5;15;6,83;1,03;12,26;3,47;3,36;4,73;2,31
23/12/2015;43;CABRA;4060;4,7;14;6,83;1,032;15,07;5,75;3,91;4,82;2,86
23/12/2015;26;VACA;5960;4,2;16;6,81;1,03;12,72;3,8;3,34;4,82;2,27
23/12/2015;46;OVEJA;8680;5,6;21;6,8;1,036;18,25;7,1;5,58;4,8;4,34
23/12/2015;45;CABRA;5760;5,7;14;6,86;1,032;14,24;5,2;3,66;4,77;2,67
23/12/2015;1;OVEJA;7420;5,4;22;6,73;1,036;18,11;7,14;5,53;4,67;4,22
23/12/2015;1;CABRA;2400;5,2;13;6,86;1,032;14,29;5,22;3,56;4,85;2,63
23/12/2015;25;VACA;11580;5,3;15;6,79;1,03;13,18;4,18;3,42;4,8;2,38
23/12/2015;27;VACA;13020;7,6;15;6,82;1,03;12,68;3,9;3,31;4,8;2,29
23/12/2015;36;CABRA;13400;5,1;15;6,8;1,032;15,22;5,96;3,81;4,81;2,78
23/12/2015;38;OVEJA;740;4;20;6,84;1,036;19,71;8,07;6,33;4,65;4,75
23/12/2015;38;CABRA;880;4,6;13;6,86;1,032;14,89;5,58;4;4,76;2,95
24/12/2015;41;CABRA;4220;4,7;13;6,87;1,032;14,72;5,6;3,68;4,82;2,72
24/12/2015;30;VACA;26840;4,5;15;6,82;1,03;12,37;3,65;3,29;4,76;2,25
24/12/2015;29;VACA;18000;4,7;15;6,83;1,03;12,42;3,82;3,15;4,66;2,16
24/12/2015;28;VACA;15740;6,2;15;6,83;1,03;12,93;4;3,38;4,89;2,39
24/12/2015;39;CABRA;900;5,3;14;6,85;1,032;15,53;6,13;3,95;4,75;2,93
24/12/2015;39;OVEJA;6700;5,1;20;6,79;1,036;19,9;8,48;6,11;4,64;4,6
24/12/2015;38;CABRA;8780;3,8;13;6,87;1,032;14,56;5,61;3,46;4,78;2,53
24/12/2015;38;OVEJA;2760;5,2;18;6,84;1,036;17,12;6,16;5,35;4,96;4,25
24/12/2015;37;CABRA;1660;6,5;14;6,84;1,032;15,51;6,04;4,16;4,77;3,04
24/12/2015;42;OVEJA;5380;5;20;6,78;1,036;19,34;8,33;5,56;4,71;4,22
24/12/2015;42;CABRA;4720;4,7;14;6,85;1,032;15,16;5,76;3,98;4,81;2,91
24/12/2015;32;VACA;26660;2,2;15;6,82;1,03;12,87;3,88;3,45;4,85;2,37
24/12/2015;26;VACA;5920;4,4;16;6,79;1,03;12,8;3,8;3,4;4,75;NA
24/12/2015;24;VACA;16280;5,2;15;6,82;1,03;12,52;3,72;3,28;4,79;2,28
24/12/2015;24;VACA;9180;5,8;15;6,81;1,03;12,31;3,44;3,33;4,86;2,29
24/12/2015;43;OVEJA;1140;5,4;20;6,8;1,036;18,2;7,03;5,8;4,71;4,44
24/12/2015;43;CABRA;420;6;13;6,87;1,032;14,21;5,21;3,83;4,68;2,8
24/12/2015;40;CABRA;4700;5;15;6,78;1,032;15,01;5,8;3,69;4,83;2,73
24/12/2015;40;OVEJA;2760;6;20;6,77;1,036;19,16;8,05;5,57;4,84;4,23
24/12/2015;25;VACA;12040;7,4;15;6,8;1,03;12,93;4,06;3,38;4,74;2,34
24/12/2015;27;VACA;12840;6,6;16;6,78;1,03;12,59;3,77;3,41;4,73;2,34
25/12/2015;38;OVEJA;700;3,7;20;6,83;1,036;20,01;8,43;6,35;4,64;4,81
25/12/2015;38;CABRA;340;3,2;13;6,86;1,032;15,66;5,86;4,82;4,52;3,42
25/12/2015;32;VACA;21200;6,4;15;6,82;1,03;11,18;3,3;3;4,2;1,87
25/12/2015;40;OVEJA;5660;4,5;20;6,81;1,036;19,22;8,2;5,66;4,65;4,31
25/12/2015;26;VACA;5680;4,2;16;6,79;1,03;12,78;3,9;3,32;4,81;2,29
25/12/2015;25;VACA;11780;5,1;15;6,8;1,03;13;4,09;3,4;4,79;2,36
25/12/2015;27;VACA;13220;7,8;15;6,79;1,03;12,52;3,77;3,3;4,79;2,28
25/12/2015;46;OVEJA;8080;5,8;20;6,8;1,036;18,3;7,23;5,5;4,83;4,34
25/12/2015;1;CABRA;2480;5,1;13;6,86;1,032;14,36;5,36;3,56;4,84;2,62
25/12/2015;45;CABRA;5440;5,3;14;6,85;1,032;14,31;5,22;3,66;4,81;2,69
25/12/2015;1;OVEJA;4940;5,2;19;6,81;1,036;17,85;7,09;5,43;4,61;4,13
25/12/2015;1;CABRA;25540;3,8;14;6,82;1,032;14,39;5,38;3,71;4,73;2,66
25/12/2015;36;CABRA;10540;5;14;6,85;1,032;15,08;5,84;3,78;4,81;2,77
26/12/2015;22;VACA;25760;5,8;15;6,84;1,03;12,41;3,6;3,26;4,9;2,25
26/12/2015;41;CABRA;4340;4,3;13;6,87;1,032;14,69;5,53;3,76;4,82;2,77
26/12/2015;30;VACA;27900;4,5;15;6,83;1,03;12,66;3,84;3,33;4,8;2,28
26/12/2015;28;VACA;15880;5,8;15;6,8;1,03;13,02;4,04;3,37;4,92;2,35
26/12/2015;39;CABRA;1000;5,6;13;6,86;1,032;15,19;6,19;3,65;4,61;2,65
26/12/2015;39;OVEJA;3080;2;19;6,81;1,036;19,74;8,36;6,08;4,58;4,58
26/12/2015;37;CABRA;1700;6,3;14;6,83;1,032;15,48;6,03;4,17;4,76;3,02
26/12/2015;32;VACA;30980;3;15;6,85;1,03;12,79;3,87;3,44;4,78;2,33
26/12/2015;42;OVEJA;6480;5,3;20;6,79;1,036;19,23;7,66;6,25;4,67;4,76
26/12/2015;42;CABRA;3360;5;14;6,83;1,032;14,87;5,7;3,8;4,73;2,75
26/12/2015;43;CABRA;4920;4,5;14;6,82;1,032;15,03;5,72;3,91;4,86;2,87
26/12/2015;29;VACA;15140;5,2;14;6,86;1,03;12,17;3,66;3,11;4,66;2,09
26/12/2015;29;VACA;8880;5;15;6,84;1,03;12,53;3,74;3,37;4,71;2,32
26/12/2015;24;VACA;17340;5,2;15;6,8;1,03;12,53;3,6;3,38;4,83;2,3
26/12/2015;24;VACA;14040;5,1;15;6,81;1,03;12,36;3,6;3,26;4,77;2,19
26/12/2015;26;VACA;5760;4,4;15;6,81;1,03;12,8;3,95;3,32;4,81;2,29
26/12/2015;39;OVEJA;3660;4,5;20;6,78;1,036;19,61;8,23;5,94;4,66;4,51
26/12/2015;38;CABRA;8900;5;13;6,86;1,032;14,7;5,71;3,61;4,73;2,61
26/12/2015;38;OVEJA;2940;4,8;19;6,84;1,036;17,13;6,12;5,35;4,98;4,25
26/12/2015;40;CABRA;5860;4,4;14;6,83;1,032;15,22;5,93;3,78;4,84;2,74
26/12/2015;40;OVEJA;2700;6;20;6,76;1,036;19,33;8,19;5,6;4,8;4,25
26/12/2015;27;VACA;12620;7;15;6,81;1,03;12,91;4,12;3,36;4,7;2,3
26/12/2015;25;VACA;11900;4,9;16;6,77;1,03;13,19;4,15;3,43;4,85;2,39
26/12/2015;1;CABRA;25660;4,9;14;6,85;1,032;10,45;4,09;2,45;3,24;1,4
26/12/2015;33;VACA;25480;3;15;6,81;1,03;12,24;3,36;3,24;4,94;2,22
27/12/2015;40;OVEJA;5580;4,8;20;6,82;1,036;19,39;8,33;5,68;4,66;4,32
27/12/2015;22;VACA;25840;6;15;6,86;1,03;12,24;3,41;3,25;4,9;2,27
27/12/2015;29;VACA;27540;4;15;6,84;1,03;12,27;3,67;3,13;4,7;2,11
27/12/2015;32;VACA;26400;5,2;15;6,83;1,03;12,41;3,65;3,26;4,74;2,24
27/12/2015;26;VACA;6060;4,2;15;6,82;1,03;12,69;3,84;3,3;4,82;2,27
27/12/2015;42;CABRA;1280;5,3;14;6,82;1,032;14,96;5,73;3,98;4,6;2,9
27/12/2015;42;OVEJA;6480;5,6;20;6,81;1,036;19,32;8,1;5,77;4,72;4,41
27/12/2015;38;CABRA;800;4,3;15;6,83;1,032;15,01;5,64;4,05;4,72;2,96
27/12/2015;38;OVEJA;420;4,6;21;6,81;1,036;19,72;7,88;6,5;4,61;4,94
27/12/2015;43;OVEJA;1580;5,1;20;6,78;1,036;19,03;7,6;6,16;4,63;4,65
27/12/2015;43;CABRA;940;5;15;6,82;1,032;15,41;5,99;4,34;4,58;3,06
27/12/2015;46;OVEJA;8780;5,8;20;6,76;1,036;18,43;7,26;5,61;4,84;4,41
27/12/2015;1;CABRA;2500;5,2;13;6,86;1,032;14,36;5,3;3,59;4,82;2,67
27/12/2015;45;CABRA;6180;5,3;14;6,85;1,032;14,57;5,37;3,71;4,86;2,74
27/12/2015;1;OVEJA;5240;4,5;20;6,81;1,036;17,6;6,85;5,43;4,59;4,08
27/12/2015;25;VACA;11900;6;15;6,8;1,03;13,17;4,14;3,41;4,84;2,4
27/12/2015;27;VACA;12980;7,8;14;6,84;1,03;12,71;3,91;3,3;4,78;2,29
27/12/2015;18;VACA;24760;5,4;16;6,84;1,03;12,99;3,85;3,61;4,83;2,53
27/12/2015;18;VACA;26200;5,4;16;6,83;1,03;12,29;3,64;3,41;4,56;2,27
28/12/2015;41;CABRA;4260;3,3;14;6,86;1,032;14,69;5,45;3,76;4,85;2,77
28/12/2015;30;VACA;25480;4,3;15;6,86;1,03;12,16;3,4;3,31;4,77;2,32
28/12/2015;29;VACA;16340;3,5;15;6,85;1,03;12,12;3,58;3,05;4,72;2,11
28/12/2015;29;VACA;6500;6,7;15;6,86;1,03;12,52;3,77;3,32;4,7;2,33
28/12/2015;32;VACA;27480;2,5;15;6,84;1,03;12,93;3,91;3,49;4,84;2,45
28/12/2015;24;VACA;16480;4,6;15;6,83;1,03;12,33;3,49;3,36;4,76;2,27
28/12/2015;24;VACA;13380;5,5;15;6,86;1,03;12,57;3,74;3,26;4,83;2,28
28/12/2015;42;OVEJA;5700;4,5;20;6,8;1,036;19,17;8,18;5,55;4,7;4,29
28/12/2015;42;CABRA;4860;4,8;14;6,85;1,032;15,26;5,79;3,91;4,97;2,89
28/12/2015;28;VACA;15400;6,1;15;6,85;1,03;13,12;4,12;3,4;4,9;2,4
28/12/2015;26;VACA;5860;6,5;15;6,81;1,03;12,7;3,83;3,33;4,85;2,29
28/12/2015;37;CABRA;1840;5,4;14;6,78;1,032;15,55;6,12;4,11;4,79;3
28/12/2015;38;CABRA;8080;5,7;14;6,82;1,032;14,83;5,85;3,63;4,71;2,64
28/12/2015;38;OVEJA;3100;4,6;20;6,78;1,036;16,95;6,05;5,24;4,97;4,18
28/12/2015;25;VACA;12000;6,5;15;6,83;1,03;13,2;4,17;3,45;4,85;2,44
28/12/2015;27;VACA;12560;7;15;6,85;1,03;12,58;3,74;3,39;4,76;2,34
28/12/2015;39;CABRA;860;4,1;14;6,86;1,032;15,57;6,29;3,81;4,75;2,79
28/12/2015;39;OVEJA;7060;4,3;20;6,81;1,036;19,42;8,14;5,98;4,59;4,51
28/12/2015;40;CABRA;5120;4,3;15;6,85;1,032;14,97;5,71;3,7;4,87;2,74
28/12/2015;40;OVEJA;2820;6;20;6,74;1,036;19,25;8,13;5,57;4,78;4,28
28/12/2015;36;CABRA;15040;5,5;14;6,82;1,032;15,04;5,83;3,76;4,8;2,75
29/12/2015;1;CABRA;25760;3,5;14;6,84;1,032;14,66;5,47;3,8;4,82;2,74
29/12/2015;40;OVEJA;4460;4,7;20;6,8;1,036;19,05;8,01;5,55;4,7;4,25
29/12/2015;32;VACA;26180;5,7;15;6,82;1,03;12,31;3,6;3,26;4,71;2,22
29/12/2015;26;VACA;5940;4,5;15;6,78;1,03;12,68;3,86;3,28;4,84;2,22
29/12/2015;43;CABRA;4460;4,4;15;6,86;1,032;14,86;5,57;3,89;4,86;2,85
29/12/2015;42;CABRA;3100;5,3;14;6,86;1,032;14,79;5,62;3,78;4,74;2,71
29/12/2015;42;OVEJA;5960;5;20;6,82;1,036;19,15;7,53;6,23;4,7;4,75
29/12/2015;38;OVEJA;860;6;20;6,78;1,036;19,5;8,04;6,23;4,62;4,72
29/12/2015;38;CABRA;660;5;14;6,83;1,032;14,79;5,74;3,92;4,63;2,84
29/12/2015;46;OVEJA;8600;5,6;20;6,78;1,036;18,4;7,29;5,58;4,82;4,36
29/12/2015;1;CABRA;2540;7;14;6,83;1,032;14,4;5,33;3,65;4,83;2,71
29/12/2015;45;CABRA;5820;5,6;14;6,82;1,032;14,24;5,22;3,66;4,76;2,68
29/12/2015;1;OVEJA;8600;5,6;20;6,8;1,036;18,38;7,35;5,6;4,74;4,29
29/12/2015;27;VACA;13300;7,7;15;6,84;1,03;13,16;4,09;3,43;4,88;2,4
29/12/2015;25;VACA;11960;5,4;15;6,82;1,03;12,66;3,84;3,31;4,82;2,28
29/12/2015;1;CABRA;25980;4;14;6,82;1,032;15,06;5,87;3,75;4,82;2,73
29/12/2015;10;VACA;18000;5,2;15;6,84;1,03;12,46;3,67;3,24;4,82;2,26
29/12/2015;10;VACA;10240;5,4;15;6,86;1,03;12,28;3,61;3,2;4,76;2,23
29/12/2015;1;CABRA;26140;3,8;14;6,84;1,032;15,28;6,06;3,76;4,81;2,71
30/12/2015;41;CABRA;4680;2,5;14;6,85;1,032;14,31;5,17;3,71;4,84;2,74
30/12/2015;42;OVEJA;5120;8;20;6,81;1,036;18,94;8;5,46;4,69;4,22
30/12/2015;42;CABRA;3340;5,3;14;6,83;1,032;15,06;5,72;3,86;4,85;2,81
30/12/2015;28;VACA;15140;6,5;15;6,84;1,03;12,97;4,02;3,36;4,87;2,37
30/12/2015;32;VACA;27660;2,2;15;6,85;1,03;12,76;3,8;3,41;4,81;2,38
30/12/2015;24;VACA;16640;5;15;6,83;1,03;12,23;3,36;3,33;4,84;2,28
30/12/2015;24;VACA;14040;4,3;15;6,84;1,03;12,24;3,63;3,19;4,65;2,14
30/12/2015;29;VACA;14920;5;15;6,83;1,03;12,13;3,61;3,07;4,71;2,13
30/12/2015;29;VACA;9040;4,3;15;6,84;1,03;12,39;3,63;3,32;4,75;2,29
30/12/2015;37;CABRA;1920;5,1;15;6,83;1,032;15,42;6;4,05;4,81;2,97
30/12/2015;38;CABRA;8980;5;14;6,85;1,032;14,7;5,62;3,62;4,83;2,69
30/12/2015;38;OVEJA;3260;6;20;6,81;1,036;16,78;5,87;5,21;5,03;4,19
30/12/2015;25;VACA;11720;6,5;15;6,84;1,03;13,2;4,17;3,42;4,85;2,44
30/12/2015;27;VACA;12680;7,3;15;6,84;1,03;12,39;3,58;3,35;4,76;2,3
30/12/2015;43;OVEJA;1860;6;20;6,78;1,036;18,48;7,19;5,9;4,71;4,53
30/12/2015;43;CABRA;580;3,5;15;6,82;1,032;15,9;5,9;4,81;4,67;3,51
30/12/2015;39;CABRA;720;5,2;14;6,85;1,032;15,31;6,21;3,63;4,68;2,68
30/12/2015;39;OVEJA;7020;4,2;15;6,81;1,036;19,33;8,07;5,83;4,65;4,42
30/12/2015;26;VACA;6480;4,2;15;6,84;1,03;12,7;3,82;3,29;4,86;2,34
30/12/2015;40;CABRA;5460;3,2;15;6,79;1,032;14,73;5,51;3,69;4,87;2,76
30/12/2015;40;OVEJA;2900;4;20;6,75;1,036;19,12;8,03;5,5;4,78;4,24
30/12/2015;36;CABRA;9620;4;14;6,85;1,032;14,99;5,83;3,7;4,8;2,76
31/12/2015;30;VACA;28080;4,5;15;6,82;1,03;12,59;3,78;3,31;4,76;2,31
31/12/2015;29;VACA;27880;4,3;15;6,86;1,03;12,03;3,48;3,1;4,72;2,12
31/12/2015;40;OVEJA;4800;4,8;19;6,83;1,036;19,2;8,03;5,72;4,75;4,39
31/12/2015;39;CABRA;780;5,7;14;6,86;1,032;15,43;6,43;3,8;4,53;2,7
31/12/2015;39;OVEJA;1580;6,2;20;6,8;1,036;19,33;8,11;5,97;4,56;4,5
31/12/2015;24;VACA;14480;4,9;15;6,83;1,03;12,35;3,56;3,31;4,76;2,3
31/12/2015;24;VACA;13340;7,6;15;6,84;1,03;12,47;3,59;3,27;4,85;2,26
31/12/2015;42;CABRA;2700;5,4;14;6,8;1,032;14,72;5,54;3,83;4,69;2,75
31/12/2015;42;OVEJA;4000;8;20;6,81;1,036;19,43;8;6,1;4,7;4,7
31/12/2015;32;VACA;25980;5,5;15;6,83;1,03;12,36;3,62;3,26;4,75;2,24
31/12/2015;43;CABRA;3380;4,7;14;6,86;1,032;14,72;5,41;3,84;4,89;2,9
31/12/2015;38;OVEJA;2160;5;18;6,86;1,036;17,47;6,53;5,38;4,89;4,24
31/12/2015;38;CABRA;1020;4,2;14;6,87;1,032;16,12;6,21;4,64;4,72;3,38
31/12/2015;45;CABRA;6420;5,4;14;6,81;1,032;14,6;5,39;3,78;4,81;2,79
31/12/2015;46;OVEJA;8580;6,7;20;6,77;1,036;18,42;7,27;5,57;4,84;4,39
31/12/2015;1;OVEJA;8880;4;20;6,76;1,036;18,26;7,22;5,64;4,7;4,31
31/12/2015;1;CABRA;2500;5,4;14;6,82;1,032;14,79;5,55;3,73;4,89;2,78
31/12/2015;25;VACA;12500;7,4;15;6,8;1,03;12,83;3,88;3,38;4,82;2,36
31/12/2015;27;VACA;12040;8,2;15;6,82;1,03;12,86;4,07;3,32;4,78;2,32
01/01/2016;32;VACA;21220;2;15;6,82;1,03;12,67;3,79;3,36;4,82;2,33
01/01/2016;26;VACA;12600;5;15;6,82;1,03;12,6;3,72;3,32;4,87;2,31
01/01/2016;41;CABRA;3980;4,8;14;6,83;1,032;14,74;5,55;3,75;4,88;2,77
01/01/2016;1;CABRA;25440;4,3;14;6,81;1,032;14,17;5,2;3,64;4,75;2,65
01/01/2016;37;CABRA;1600;7,2;14;6,84;1,032;15,38;5,96;4,14;4,77;3,01
01/01/2016;28;VACA;15780;5,5;15;6,84;1,03;12,89;3,93;3,41;4,88;2,39
01/01/2016;25;VACA;11660;6,1;15;6,79;1,03;13,12;4,13;3,4;4,85;2,4
01/01/2016;27;VACA;12280;7,3;15;6,83;1,03;12,42;3,64;3,34;4,76;2,29
01/01/2016;40;CABRA;5320;4,5;14;6,81;1,032;14,82;5,65;3,66;4,83;2,71
01/01/2016;40;OVEJA;3000;5,8;20;6,76;1,036;19,23;8,13;5,54;4,79;4,31
01/01/2016;36;CABRA;9940;4,7;14;6,84;1,032;14,96;5,68;3,77;4,88;2,79
02/01/2016;22;VACA;26200;6;15;6,82;1,03;12,33;3,56;3,24;4,86;2,23
02/01/2016;30;VACA;26020;4,8;15;6,83;1,03;12,19;3,39;3,3;4,79;2,24
02/01/2016;40;OVEJA;7040;4,8;20;6,82;1,036;19,11;8,08;5,64;4,69;4,27
02/01/2016;26;VACA;6340;4,2;16;6,78;1,03;12,72;3,83;3,29;4,85;2,35
02/01/2016;39;CABRA;960;3,8;14;6,86;1,032;15,37;6,22;3,85;4,64;2,79
02/01/2016;39;OVEJA;3520;4,5;20;6,81;1,036;19,11;7,93;5,89;4,61;4,43
02/01/2016;29;VACA;15680;5,5;15;6,84;1,03;11,91;3,43;3,08;4,66;2,1
02/01/2016;29;VACA;9300;5;15;6,86;1,03;12,34;3,6;3,32;4,74;2,27
02/01/2016;32;VACA;26240;4,6;15;6,81;1,03;12,31;3,59;3,25;4,76;2,24
02/01/2016;42;OVEJA;6480;6,1;20;6,8;1,036;19,06;7,99;5,6;4,75;4,31
02/01/2016;42;CABRA;5020;4,6;14;6,83;1,032;14,91;5,54;3,85;4,93;2,85
02/01/2016;38;OVEJA;3540;4,7;20;6,83;1,036;16,69;5,94;5,12;5;4,08
02/01/2016;38;CABRA;12140;4,8;14;6,86;1,032;14,79;5,84;3,6;4,72;2,65
02/01/2016;24;VACA;17700;5,4;15;6,83;1,03;12,19;3,35;3,36;4,82;2,33
02/01/2016;24;VACA;13260;5;15;6,86;1,03;12,49;3,67;3,27;4,84;2,29
02/01/2016;39;OVEJA;5700;4,3;20;6,79;1,036;19,14;7,95;5,74;4,68;4,39
02/01/2016;43;OVEJA;1280;4;20;6,81;1,036;18,81;7,54;6;4,67;4,55
02/01/2016;43;CABRA;1480;6,3;15;6,83;1,032;15,66;6,12;4,29;4,77;3,07
02/01/2016;46;OVEJA;8700;6;20;6,78;1,036;18,24;7,19;5,49;4,85;4,36
02/01/2016;45;CABRA;6240;6;14;6,86;1,032;14,59;5,36;3,8;4,86;2,82
02/01/2016;1;OVEJA;8840;6;20;6,81;1,036;18,2;7,34;5,48;4,71;4,19
02/01/2016;25;VACA;12120;6,5;15;6,8;1,03;13,14;4,12;3,43;4,88;2,42
02/01/2016;27;VACA;13440;8,5;15;6,86;1,03;12,61;3,83;3,32;4,81;2,28
03/01/2016;22;VACA;25740;6,3;15;6,8;1,03;12,1;3,33;3,24;4,87;2,25
03/01/2016;41;CABRA;4600;3,8;14;6,86;1,032;14,52;5,24;3,81;4,9;2,8
03/01/2016;32;VACA;32540;2,5;15;6,82;1,03;12,75;3,8;3,39;4,86;2,35
03/01/2016;29;VACA;16100;2,8;15;6,86;1,03;11,79;3,28;3,06;4,77;2,09
03/01/2016;29;VACA;8660;4,7;15;6,86;1,03;12,31;3,55;3,33;4,71;2,26
03/01/2016;37;CABRA;1740;5,8;14;6,87;1,032;15,25;5,84;4,06;4,84;2,97
03/01/2016;26;VACA;6300;4,2;15;6,82;1,03;12,75;3,84;3,37;4,86;2,33
03/01/2016;42;CABRA;3200;5,3;14;6,85;1,032;14,82;5,7;3,75;4,73;2,72
03/01/2016;42;OVEJA;11260;5,4;21;6,83;1,036;18,89;7,65;5,87;4,73;4,48
03/01/2016;43;CABRA;4080;6;14;6,86;1,032;15,17;5,72;4,02;4,88;2,97
03/01/2016;28;VACA;16280;5,5;15;6,86;1,03;13,07;4,02;3,44;4,93;2,42
03/01/2016;25;VACA;11640;5,8;15;6,82;1,03;13,12;4,16;3,4;4,83;2,39
03/01/2016;27;VACA;12200;6,8;15;6,83;1,03;12,47;3,63;3,37;4,8;2,31
03/01/2016;38;OVEJA;1680;6;20;6,84;1,036;16,85;6,09;5,07;5,04;4,08
03/01/2016;38;CABRA;4140;5;14;6,86;1,032;14,77;5,8;3,74;4,62;2,72
03/01/2016;40;CABRA;5260;4;14;6,84;1,032;14,89;5,74;3,68;4,78;2,7
03/01/2016;40;OVEJA;3020;6;19;6,8;1,036;18,93;7,87;5,44;4,83;4,2
03/01/2016;18;VACA;25540;5,3;15;6,82;1,03;12,56;3,31;3,63;4,97;2,53
03/01/2016;18;VACA;24620;5,4;15;6,81;1,03;13,44;4,31;3,57;4,86;2,48
03/01/2016;33;VACA;23860;3;15;6,82;1,03;12,25;3,39;3,22;4,96;2,23
04/01/2016;30;VACA;22840;5,9;15;6,85;1,03;12,71;3,98;3,25;4,74;2,26
04/01/2016;40;OVEJA;5740;5;20;6,8;1,036;18,98;8,1;5,51;4,65;4,22
04/01/2016;29;VACA;25560;5,1;15;6,79;1,03;12,02;3,39;3,18;4,75;2,19
04/01/2016;32;VACA;26020;6;15;6,81;1,03;12,41;3,64;3,3;4,77;2,31
04/01/2016;26;VACA;6180;4,7;16;6,79;1,03;12,75;3,83;3,35;4,83;2,35
04/01/2016;42;OVEJA;2280;7;20;6,79;1,036;19,19;7,83;6,07;4,64;4,73
04/01/2016;42;CABRA;2240;5,2;15;6,82;1,032;14,33;5,16;3,84;4,71;2,81
04/01/2016;24;VACA;17300;5,2;15;6,8;1,03;12,25;3,43;3,33;4,83;2,35
04/01/2016;24;VACA;9700;5,4;15;6,82;1,03;12,34;3,65;3,22;4,72;2,25
04/01/2016;43;CABRA;300;6;15;6,81;1,032;16,26;6,61;4,8;4,34;3,38
04/01/2016;43;OVEJA;1080;6,2;20;6,81;1,036;18,72;7,51;5,91;4,71;4,52
04/01/2016;25;VACA;11940;7;15;6,82;1,03;13,24;4,19;3,44;4,9;2,47
04/01/2016;27;VACA;13160;8,1;15;6,84;1,03;12,66;3,88;3,32;4,8;2,34
04/01/2016;46;OVEJA;8960;6,3;20;6,78;1,036;18,25;7,2;5,51;4,83;4,36
04/01/2016;45;CABRA;6000;6;14;6,8;1,032;14,74;5,44;3,88;4,86;2,88
04/01/2016;1;OVEJA;8940;4,1;19;6,81;1,036;18,05;7,01;5,58;4,75;4,32
04/01/2016;39;CABRA;820;7,5;14;6,84;1,032;15,37;6,09;3,81;4,77;2,82
04/01/2016;39;OVEJA;6960;5,5;20;6,81;1,036;19,05;7,88;5,75;4,66;4,42
04/01/2016;38;CABRA;1700;4,3;13;6,86;1,032;14,93;5,77;3,9;4,63;2,83
04/01/2016;38;OVEJA;1560;3,7;20;6,81;1,036;19,26;7,65;6,23;4,72;4,78
04/01/2016;36;CABRA;13600;5,3;14;6,8;1,032;14,39;5,5;3,57;4,61;2,62
05/01/2016;30;VACA;22680;4,3;15;6,84;1,03;12,46;3,78;3,23;4,72;2,25
05/01/2016;41;CABRA;4600;4,1;14;6,86;1,032;14,91;5,57;3,92;4,85;2,89
05/01/2016;40;OVEJA;2980;5,8;20;6,76;1,036;18,94;7,8;5,49;4,85;4,28
05/01/2016;40;CABRA;4620;4,5;15;6,79;1,032;14,64;5,52;3,61;4,85;2,71
05/01/2016;29;VACA;26460;3,7;15;6,8;1,03;11,82;3,23;3,12;4,79;2,18
05/01/2016;28;VACA;15360;6,3;16;6,79;1,03;13,06;4,07;3,39;4,92;2,43
05/01/2016;24;VACA;18340;4,7;15;6,8;1,03;12,53;3,66;3,27;4,86;2,27
05/01/2016;32;VACA;32060;2,5;15;6,8;1,03;12,77;3,78;3,36;4,87;2,32
05/01/2016;43;CABRA;3280;6;14;6,8;1,032;15,08;5,68;3,91;4,92;2,91
05/01/2016;37;CABRA;2040;7;15;6,81;1,032;15,28;5,85;4,04;4,84;2,99
05/01/2016;26;VACA;6060;4,2;15;6,78;1,03;12,82;3,92;3,34;4,86;2,33
05/01/2016;42;CABRA;4640;5;14;6,8;1,032;14,71;5,51;3,67;4,94;2,75
05/01/2016;42;OVEJA;6520;6,6;20;6,75;1,036;19,13;8;5,67;4,73;4,4
05/01/2016;38;CABRA;9640;4,3;14;6,8;1,032;14,58;5,69;3,58;4,7;2,63
05/01/2016;38;OVEJA;3540;4,8;19;6,82;1,036;16,63;5,94;4,99;5,04;4,03
05/01/2016;25;VACA;11840;6;15;6,8;1,03;13,18;4,13;3,39;4,92;2,39
05/01/2016;27;VACA;12300;7,1;15;6,82;1,03;12,51;3,69;3,33;4,78;2,32
06/01/2016;40;OVEJA;4180;4,3;20;6,81;1,036;18,98;7,94;5,49;4,81;4,21
06/01/2016;32;VACA;22060;4,3;15;6,84;1,03;12,37;3,59;3,27;4,8;2,25
06/01/2016;18;VACA;25520;5,3;15;6,81;1,03;13,3;4,2;3,52;4,86;2,48
06/01/2016;38;CABRA;680;4,5;14;6,86;1,032;15,13;5,97;3,98;4,6;2,89
06/01/2016;38;OVEJA;940;2,5;20;6,85;1,036;19,24;7,72;6,17;4,7;4,68
06/01/2016;24;VACA;17460;4,2;15;6,85;1,03;12,48;3,62;3,33;4,83;2,29
06/01/2016;24;VACA;9680;3,8;15;6,86;1,03;12,38;3,72;3,17;4,76;2,19
06/01/2016;46;OVEJA;8420;3,7;20;6,79;1,036;18,49;7,4;5,47;4,84;4,32
06/01/2016;45;CABRA;5860;4,8;14;6,86;1,032;14,6;5,4;3,79;4,8;2,79
06/01/2016;1;OVEJA;9100;5,3;21;6,85;1,036;18,08;7,1;5,47;4,79;4,19
06/01/2016;39;CABRA;1180;5;14;6,85;1,032;15,14;6,13;3,74;4,59;2,71
06/01/2016;39;OVEJA;6740;4,6;20;6,8;1,036;19,25;8,06;5,77;4,66;4,38
06/01/2016;25;VACA;11860;5,8;16;6,77;1,03;13,19;4,16;3,42;4,85;2,41
06/01/2016;27;VACA;12480;8;16;6,8;1,03;12,78;3,96;3,33;4,81;2,34
06/01/2016;26;VACA;6060;4;15;6,81;1,03;12,21;3,26;3,34;4,91;2,34
06/01/2016;36;CABRA;8720;6;15;6,8;1,032;15,1;5,94;3,68;4,79;2,74
06/01/2016;18;VACA;25280;5,4;15;6,8;1,03;13,52;4,37;3,55;4,87;2,49
06/01/2016;18;VACA;25320;6;15;6,83;1,03;12,53;3,58;3,33;4,91;2,32
07/01/2016;41;CABRA;4640;3,7;14;6,82;1,032;14,62;5,43;3,76;4,85;2,78
07/01/2016;30;VACA;28420;4,5;15;6,82;1,03;12,06;3,3;3,31;4,8;2,28
07/01/2016;40;OVEJA;3140;5;20;6,82;1,036;19,26;7,94;5,73;4,84;4,4
07/01/2016;40;CABRA;4740;4,5;14;6,82;1,032;15,35;6,03;3,78;4,89;2,79
07/01/2016;28;VACA;16080;6;15;6,8;1,03;13,18;4,1;3,46;4,94;2,47
07/01/2016;26;VACA;5900;4;15;6,8;1,03;12,84;3,94;3,34;4,85;2,37
07/01/2016;29;VACA;16860;5;15;6,82;1,03;11,99;3,32;3,13;4,85;2,16
07/01/2016;29;VACA;9960;6;15;6,82;1,03;12,35;3,57;3,34;4,72;2,32
07/01/2016;32;VACA;28080;2;15;6,83;1,03;12,73;3,79;3,37;4,86;2,33
07/01/2016;37;CABRA;1800;5;15;6,82;1,032;15,3;5,92;4,09;4,78;2,96
07/01/2016;38;CABRA;8720;5;14;6,84;1,032;14,97;5,88;3,62;4,78;2,67
07/01/2016;38;OVEJA;3440;5;20;6,84;1,036;16,89;6,15;5,08;5,01;4,09
07/01/2016;42;OVEJA;5960;6;20;6,82;1,036;19,08;7,42;6,21;4,76;4,77
07/01/2016;42;CABRA;3360;6;14;6,82;1,032;14,57;5,41;3,74;4,82;2,75
07/01/2016;25;VACA;12020;6,5;15;6,8;1,03;13,19;4,15;3,43;4,84;2,4
07/01/2016;27;VACA;12280;7,5;15;6,84;1,03;12,52;3,69;3,33;4,78;2,31
07/01/2016;43;CABRA;1800;5,8;15;6,8;1,032;16,07;6,34;4,72;4,57;3,33
07/01/2016;43;OVEJA;2080;5,4;19;6,8;1,036;18,32;7,18;5,69;4,77;4,39
07/01/2016;18;VACA;25620;4;15;6,84;1,03;12,37;3,43;3,36;4,89;2,32
08/01/2016;33;VACA;24220;3,8;15;6,83;1,03;12,26;3,38;3,24;4,97;2,23
08/01/2016;18;VACA;26540;6;16;6,79;1,03;12,68;3,7;3,49;4,81;2,44
08/01/2016;18;VACA;25480;5,8;16;6,8;1,03;12,88;3,75;3,56;4,88;2,54
08/01/2016;29;VACA;26620;3,5;15;6,84;1,03;11,91;3,4;3,17;4,63;2,17
08/01/2016;40;OVEJA;7200;4,7;20;6,86;1,036;19,32;8,13;5,72;4,73;4,42
08/01/2016;32;VACA;27640;6,3;16;6,82;1,03;12,43;3,65;3,29;4,76;2,27
08/01/2016;26;VACA;5740;4;16;6,82;1,03;12,73;3,92;3,26;4,81;2,29
08/01/2016;42;OVEJA;6280;5;20;6,8;1,036;19,51;8,3;5,81;4,67;4,47
08/01/2016;42;CABRA;4740;4,5;13;6,87;1,032;14,82;5,55;3,68;5;2,79
08/01/2016;38;CABRA;1080;5,5;14;6,86;1,032;15,25;5,86;4,13;4,71;3,04
08/01/2016;38;OVEJA;880;4,5;21;6,82;1,036;19,69;7,92;6,53;4,61;4,94
08/01/2016;43;CABRA;3980;5;15;6,82;1,032;15,24;5,81;4;4,87;2,94
08/01/2016;25;VACA;11940;5;15;6,77;1,03;13,17;4,18;3,4;4,83;2,4
08/01/2016;27;VACA;13280;7;15;6,82;1,03;12,69;3,91;3,31;4,8;2,32
08/01/2016;45;CABRA;7000;7;15;6,82;1,032;15,03;5,67;4,06;4,73;2,92
08/01/2016;46;OVEJA;8800;5,8;21;6,8;1,036;18,47;7,44;5,5;4,81;4,33
08/01/2016;39;CABRA;1860;5,8;15;6,82;1,032;14,61;5,63;3,79;4,56;2,69
08/01/2016;39;OVEJA;7320;5;21;6,78;1,036;19,23;8,09;5,71;4,67;4,34
08/01/2016;36;CABRA;10120;6,5;15;6,8;1,032;14,94;5,72;3,74;4,78;2,75
08/01/2016;24;VACA;17220;4,6;15;6,84;1,03;12,44;3,64;3,32;4,8;2,31
08/01/2016;24;VACA;6260;4,4;15;6,86;1,03;12,48;3,64;3,27;4,87;2,25
09/01/2016;22;VACA;27240;6;15;6,82;1,03;12,44;3,6;3,25;4,92;2,24
09/01/2016;29;VACA;26660;3,6;15;6,8;1,03;12;3,38;3,17;4,7;2,21
09/01/2016;40;CABRA;4500;7,7;13;6,79;1,032;15,11;5,9;3,66;4,84;2,73
09/01/2016;40;OVEJA;3040;6;20;6,78;1,036;19,12;8,02;5,4;4,87;4,24
09/01/2016;41;CABRA;4620;3,5;15;6,85;1,032;14,53;5,36;3,74;4,82;2,78
09/01/2016;26;VACA;5880;4;15;6,8;1,03;12,68;3,86;3,28;4,83;2,32
09/01/2016;28;VACA;16080;6;15;6,81;1,03;13,08;4,05;3,4;4,93;2,41
09/01/2016;32;VACA;28740;2,3;15;6,83;1,03;12,69;3,77;3,35;4,88;2,33
09/01/2016;24;VACA;17080;4,3;15;6,85;1,03;12,45;3,7;3,18;4,84;2,24
09/01/2016;24;VACA;11560;7,5;15;6,85;1,03;12,31;3,45;3,29;4,86;2,29
09/01/2016;42;CABRA;1860;5,5;13;6,82;1,032;13,88;4,95;3,74;4,57;2,7
09/01/2016;42;OVEJA;6200;5,2;20;6,79;1,036;19,39;8,27;5,66;4,71;4,42
09/01/2016;38;OVEJA;3660;5;19;6,83;1,036;16,7;5,88;5,16;5,07;4,17
09/01/2016;38;CABRA;8920;5,5;14;6,85;1,032;14,76;5,76;3,55;4,8;2,66
09/01/2016;37;CABRA;1440;8;14;6,85;1,032;15,32;5,95;4,07;4,8;2,99
09/01/2016;25;VACA;12380;6,5;15;6,8;1,03;12,98;4,05;3,37;4,8;2,32
09/01/2016;27;VACA;12740;7;16;6,85;1,03;12,38;3,61;3,31;4,78;2,28
10/01/2016;22;VACA;26100;5,8;15;6,82;1,03;12,54;3,68;3,24;4,92;2,28
10/01/2016;40;OVEJA;6000;5;18;6,82;1,036;19,31;8,22;5,71;4,67;4,38
10/01/2016;30;VACA;28360;5;151;6,81;1,03;12,56;3,71;3,32;4,81;2,31
10/01/2016;32;VACA;26400;4,8;15;6,85;1,03;12,58;3,79;3,29;4,76;2,28
10/01/2016;29;VACA;16240;4,3;15;6,83;1,03;12,02;3,34;3,17;4,79;2,23
10/01/2016;29;VACA;10340;4,4;15;6,85;1,03;12,36;3,62;3,26;4,7;2,28
10/01/2016;26;VACA;5940;4;15;6,8;1,03;12,64;3,83;3,25;4,83;2,29
10/01/2016;43;OVEJA;1540;5,3;20;6,75;1,036;18,87;7,6;5,9;4,7;4,46
10/01/2016;43;CABRA;1380;5;15;6,83;1,032;14,76;5,43;3,99;4,81;2,94
10/01/2016;38;OVEJA;440;4,8;20;6,75;1,036;20,85;8,59;7,01;4,56;5,34
10/01/2016;38;CABRA;600;6;13;6,85;1,032;15,31;6,15;3,95;4,65;2,89
10/01/2016;25;VACA;12080;5,3;15;6,8;1,03;13,13;4,14;3,39;4,83;2,39
10/01/2016;27;VACA;13180;8,5;15;6,8;1,03;12,76;3,91;3,32;4,83;2,33
10/01/2016;1;OVEJA;7480;7;20;6,75;1,036;18,34;7,3;5,58;4,76;4,35
10/01/2016;45;CABRA;6880;5,8;14;6,8;1,032;15,2;5,69;3,97;4,91;2,97
10/01/2016;46;OVEJA;8140;6;20;6,75;1,036;18,05;7,18;5,31;4,79;4,2
10/01/2016;39;CABRA;1160;5;14;6,85;1,032;15,06;5,9;3,79;4,68;2,78
10/01/2016;39;OVEJA;6780;5;20;6,82;1,036;19,23;8,09;5,71;4,67;4,34
11/01/2016;41;CABRA;4840;4;14;6,84;1,032;14,44;5,29;3,7;4,8;2,73
11/01/2016;40;CABRA;4980;4,7;14;6,8;1,032;14,88;5,71;3,68;4,8;2,73
11/01/2016;40;OVEJA;3220;6;20;6,78;1,036;19;7,96;5,34;4,83;4,21
11/01/2016;28;VACA;15680;6,3;15;6,81;1,03;13,16;4,1;3,44;4,93;2,44
11/01/2016;32;VACA;28440;2,1;15;6,8;1,03;12,66;3,74;3,33;4,87;2,31
11/01/2016;24;VACA;16500;5;15;6,83;1,03;12,36;3,57;3,29;4,81;2,26
11/01/2016;24;VACA;7420;4,8;15;6,82;1,03;12,24;3,33;3,32;4,89;2,31
11/01/2016;30;VACA;28520;7,5;15;6,84;1,03;12,09;3,26;3,32;4,86;2,28
11/01/2016;43;CABRA;3900;4,9;14;6,8;1,032;15,21;5,83;3,92;4,84;2,89
11/01/2016;38;CABRA;8580;3,2;13;6,86;1,032;14,87;5,84;3,6;4,73;2,67
11/01/2016;38;OVEJA;3860;4,7;18;6,85;1,036;16,71;5,87;5,16;5,07;4,11
11/01/2016;37;CABRA;1900;7,2;14;6,83;1,032;15,36;5,98;4,01;4,84;2,92
11/01/2016;26;VACA;6060;4,5;15;6,79;1,03;12,78;3,92;3,26;4,87;2,25
11/01/2016;42;OVEJA;6180;5,5;19;6,81;1,036;19,05;7,59;6,05;4,71;4,63
11/01/2016;42;CABRA;4840;5,2;13;6,84;1,032;14,54;5,39;3,58;4,88;2,68
11/01/2016;25;VACA;12160;6,7;15;6,8;1,03;13,13;4,11;3,41;4,85;2,41
11/01/2016;27;VACA;12680;7,6;15;6,81;1,03;12,48;3,66;3,35;4,76;2,31
11/01/2016;18;VACA;25640;5,4;16;6,76;1,03;12,95;3,82;3,53;4,84;2,47
11/01/2016;36;CABRA;12660;6,6;14;6,81;1,032;14,61;5,58;3,63;4,72;2,71
12/01/2016;40;OVEJA;5040;4,5;20;6,81;1,036;18,86;7,77;5,58;4,74;4,36
12/01/2016;29;VACA;27100;4,2;15;6,84;1,03;12,09;3,43;3,19;4,7;2,18
12/01/2016;24;VACA;18960;5,4;14;6,84;1,03;12,39;3,64;3,21;4,81;2,22
12/01/2016;26;VACA;5940;4,5;15;6,8;1,03;12,78;3,94;3,26;4,83;2,25
12/01/2016;42;OVEJA;4840;5,3;20;6,79;1,036;19,3;8,24;5,59;4,73;4,33
12/01/2016;42;CABRA;4860;4,1;14;6,84;1,032;14,92;5,62;3,77;4,9;2,79
12/01/2016;38;CABRA;1100;4;14;6,83;1,032;15,25;5,83;4,05;4,77;2,95
12/01/2016;38;OVEJA;1160;4;20;6,79;1,036;19,43;7,86;6,19;4,71;4,76
12/01/2016;18;VACA;25540;4,4;15;6,79;1,03;12,25;3,58;3,05;4,86;2,14
12/01/2016;46;OVEJA;8660;7;20;6,78;1,036;18,36;7,34;5,45;4,8;4,3
12/01/2016;45;CABRA;6400;7;14;6,83;1,032;15,01;5,6;3,99;4,85;2,94
12/01/2016;1;OVEJA;7900;6,2;20;6,79;1,036;18,08;7,17;5,44;4,77;4,19
12/01/2016;25;VACA;12320;6,5;15;6,78;1,03;13,16;4,15;3,41;4,83;2,42
12/01/2016;27;VACA;13300;8,4;15;6,79;1,03;12,84;3,99;3,34;4,81;2,32
12/01/2016;39;CABRA;1060;6;14;6,81;1,032;15,61;6,17;3,95;4,76;2,9
12/01/2016;39;OVEJA;7040;6;20;6,78;1,036;19,18;8,07;5,65;4,64;4,31
12/01/2016;32;VACA;26680;5;15;6,81;1,03;12,54;3,72;3,31;4,77;2,26
13/01/2016;26;VACA;6060;8;15;6,84;1,03;12,65;3,9;3,23;4,77;2,25
13/01/2016;40;CABRA;4680;8;15;6,73;1,032;14,9;5,72;3,69;4,76;2,73
13/01/2016;40;OVEJA;3360;5,6;20;6,8;1,036;19;7,95;5,44;4,84;4,23
13/01/2016;41;CABRA;4420;3,5;14;6,84;1,032;14,83;5,61;3,74;4,87;2,79
13/01/2016;29;VACA;27100;3,7;14;6,85;1,03;12,17;3,49;3,21;4,71;2,22
13/01/2016;28;VACA;16220;5,8;15;6,8;1,03;13,13;4,09;3,44;4,91;2,46
13/01/2016;42;OVEJA;6420;5,5;20;6,78;1,036;19,17;8,11;5,7;4,62;4,38
13/01/2016;42;CABRA;2620;6,8;14;6,82;1,032;14,43;5,3;3,86;4,64;2,77
13/01/2016;37;CABRA;2000;6,5;14;6,84;1,032;15,2;5,73;4,05;4,83;3
13/01/2016;30;VACA;26700;6;15;6,82;1,03;12,82;4,06;3,3;4,8;2,26
13/01/2016;24;VACA;14820;5;14;6,83;1,03;12,28;3,44;3,28;4,86;2,29
13/01/2016;24;VACA;6660;8;14;6,81;1,03;12,45;3,68;3,3;4,79;2,29
13/01/2016;32;VACA;28540;2,5;15;6,79;1,03;12,59;3,7;3,35;4,87;2,33
13/01/2016;18;VACA;24940;5,7;16;6,8;1,03;12,97;3,87;3,54;4,87;2,5
13/01/2016;43;CABRA;1320;4,8;14;6,83;1,032;15,19;5,78;4,12;4,79;3
13/01/2016;43;OVEJA;2380;4,8;21;6,78;1,036;18,68;7,49;5,89;4,67;4,47
13/01/2016;25;VACA;11880;6,4;15;6,79;1,03;13,09;4,12;3,39;4,84;2,4
13/01/2016;27;VACA;12780;7;15;6,8;1,03;12,52;3,66;3,37;4,81;2,33
13/01/2016;38;CABRA;8500;3,5;14;6,81;1,032;14,78;5,79;3,67;4,7;2,7
13/01/2016;38;OVEJA;3780;5;19;6,81;1,036;16,72;5,92;5,14;5,05;4,11
13/01/2016;36;CABRA;11320;5;14;6,8;1,032;14,93;5,78;3,62;4,73;2,69
14/01/2016;40;OVEJA;5800;6,8;20;6,83;1,036;19,13;8,06;5,59;4,77;4,34
14/01/2016;32;VACA;26760;4,6;15;6,8;1,03;12,38;3,6;3,28;4,76;2,23
14/01/2016;26;VACA;5960;4,1;15;6,84;1,03;12,62;3,81;3,25;4,82;2,22
14/01/2016;29;VACA;16160;3,1;15;6,86;1,03;12,3;3,64;3,18;4,61;2,17
14/01/2016;29;VACA;10120;3,4;15;6,84;1,03;12,46;3,59;3,34;4,79;2,31
14/01/2016;43;CABRA;3820;4,7;13;6,86;1,032;15,35;5,93;3,97;4,87;2,91
14/01/2016;42;OVEJA;6480;5;20;6,8;1,036;19,18;7,63;6,12;4,77;4,67
14/01/2016;42;CABRA;1780;4,3;14;6,82;1,032;14,52;5,4;3,61;4,87;2,68
14/01/2016;38;OVEJA;960;3,8;21;6,82;1,036;19,12;7,56;6,21;4,69;4,72
14/01/2016;38;CABRA;700;5;13;6,85;1,032;15,45;6,21;4,04;4,63;2,89
14/01/2016;39;CABRA;1220;6,6;13;6,85;1,032;15,39;6,17;3,8;4,7;2,76
14/01/2016;39;OVEJA;6720;4,8;19;6,81;1,036;19,54;8,35;5,73;4,67;4,33
14/01/2016;25;VACA;12020;6;15;6,82;1,03;13,15;4,13;3,42;4,68;2,36
14/01/2016;27;VACA;13260;9;15;6,8;1,03;12,72;3,9;3,32;4,81;2,28
14/01/2016;46;OVEJA;8460;5,3;21;6,8;1,036;18,09;7,38;5,4;4,59;4,1
14/01/2016;45;CABRA;7200;7;14;6,82;1,032;14,85;5,58;3,83;4,82;2,8
14/01/2016;1;OVEJA;7700;7;21;6,75;1,036;18,24;7,46;5,44;4,64;4,11
15/01/2016;30;VACA;28380;4,1;14;6,86;1,03;12,08;3,25;3,36;4,85;2,3
15/01/2016;41;CABRA;4460;4,5;14;6,85;1,032;14,57;5,4;3,68;4,85;2,72
15/01/2016;29;VACA;17380;4;15;6,85;1,03;12,42;3,72;3,22;4,64;2,2
15/01/2016;29;VACA;8680;5,8;14;6,86;1,03;12,54;3,72;3,31;4,75;2,27
15/01/2016;40;CABRA;3680;4,1;14;6,82;1,032;14,64;5,53;3,73;4,74;2,69
15/01/2016;40;OVEJA;3500;6;21;6,79;1,036;18,73;7,66;5,3;4,91;4,16
15/01/2016;32;VACA;28040;2,5;15;6,83;1,03;12,69;3,76;3,35;4,89;2,31
15/01/2016;42;OVEJA;4820;6;21;6,8;1,036;19,29;8,19;5,64;4,75;4,29
15/01/2016;42;CABRA;4440;5;14;6,82;1,032;14,3;5,15;3,57;4,98;2,64
15/01/2016;28;VACA;15860;5,8;16;6,84;1,03;13,16;4,12;3,41;4,91;2,4
15/01/2016;38;CABRA;8680;5,2;13;6,86;1,032;14,87;5,79;3,7;4,73;2,69
15/01/2016;38;OVEJA;3740;4,6;18;6,84;1,036;16,79;6,02;5,06;5,07;4,06
15/01/2016;37;CABRA;1800;6,6;14;6,84;1,032;15,27;5,85;4,05;4,81;2,94
15/01/2016;26;VACA;6100;4;15;6,84;1,03;12,65;3,87;3,25;4,77;NA
15/01/2016;25;VACA;11900;6;15;6,84;1,03;13,16;4,17;3,39;4,83;2,38
15/01/2016;27;VACA;12780;7,2;15;6,86;1,03;12,45;3,64;3,34;4,79;2,3
15/01/2016;24;VACA;16860;4,4;15;6,86;1,03;12,21;3,48;3,29;4,79;2,26
15/01/2016;24;VACA;7680;5;15;6,84;1,03;12,24;3,36;3,33;4,84;2,27
15/01/2016;36;CABRA;8500;7;14;6,83;1,032;15,07;5,89;3,79;4,73;2,78
16/01/2016;22;VACA;26780;6;15;6,83;1,03;12,45;3,6;3,27;4,94;2,29
16/01/2016;40;OVEJA;6520;5,2;19;6,82;1,036;19,14;8,09;5,56;4,74;4,29
16/01/2016;26;VACA;6020;4;15;6,83;1,03;12,73;3,95;3,26;4,8;2,25
16/01/2016;42;OVEJA;4060;7,6;20;6,78;1,036;19,75;8,24;6,19;4,67;4,75
16/01/2016;42;CABRA;3000;5,4;14;6,83;1,032;15,24;5,97;3,91;4,73;2,85
16/01/2016;32;VACA;26740;4,5;15;6,82;1,03;12,41;3,63;3,28;4,78;2,27
16/01/2016;24;VACA;17160;4;15;6,83;1,03;12,41;3,64;3,22;4,85;2,24
16/01/2016;24;VACA;11340;6;15;6,84;1,03;12,46;3,54;3,32;4,88;2,31
16/01/2016;38;OVEJA;980;3,8;19;6,82;1,036;19,22;7,66;6,26;4,7;4,77
16/01/2016;38;CABRA;1080;4,2;14;6,84;1,032;15,11;5,75;3,95;4,8;2,91
16/01/2016;43;OVEJA;1860;5,1;20;6,79;1,036;19,05;7,79;6,04;4,63;4,54
16/01/2016;43;CABRA;1400;5;14;6,83;1,032;15,39;5,96;4,15;4,78;3,03
16/01/2016;46;OVEJA;8640;5,6;20;6,79;1,036;18,33;7,29;5,51;4,83;4,29
16/01/2016;45;CABRA;6660;5,5;14;6,83;1,032;15,21;5,78;3,94;4,94;2,92
16/01/2016;1;OVEJA;9240;4;20;6,78;1,036;19,19;7,9;5,8;4,75;4,43
16/01/2016;25;VACA;11900;5;15;6,81;1,03;13,18;4,2;3,38;4,86;2,37
16/01/2016;27;VACA;13420;8;15;6,81;1,03;12,72;3,87;3,32;4,84;2,31
16/01/2016;39;CABRA;1140;5;14;6,84;1,032;15,35;6;3,87;4,83;2,84
16/01/2016;39;OVEJA;7060;5;20;6,81;1,036;19,75;8,44;5,97;4,62;4,51
17/01/2016;22;VACA;26180;5,5;15;6,84;1,03;12,39;3,58;3,25;4,91;2,26
17/01/2016;30;VACA;28380;6;15;6,83;1,03;12,76;3,86;3,34;4,86;2,32
17/01/2016;40;CABRA;2240;3,8;15;6,83;1,032;14,7;5,52;3,63;4,83;2,68
17/01/2016;40;OVEJA;3460;5,7;19;6,78;1,036;18,48;7,32;5,39;4,95;4,24
17/01/2016;41;CABRA;4700;5;15;6,79;1,032;14,64;5,44;3,7;4,84;2,76
17/01/2016;29;VACA;16140;4,3;15;6,8;1,03;12,62;3,92;3,25;4,61;2,27
17/01/2016;29;VACA;7880;3,6;15;6,8;1,03;12,56;3,84;3,23;4,67;2,27
17/01/2016;28;VACA;15540;4,5;15;6,83;1,03;13,16;4,13;3,42;4,9;2,45
17/01/2016;32;VACA;25640;2;15;6,82;1,03;12,74;3,79;3,37;4,9;2,36
17/01/2016;26;VACA;5960;4;15;6,8;1,03;12,73;3,91;3,29;4,83;2,29
17/01/2016;37;CABRA;1960;6;14;6,84;1,032;15,31;5,85;4,02;4,87;2,98
17/01/2016;43;CABRA;4040;4;15;6,83;1,032;15,25;5,86;3,91;4,9;2,9
17/01/2016;25;VACA;12540;6,8;15;6,78;1,03;12,63;4,06;3,23;4,58;2,21
17/01/2016;27;VACA;12700;7;15;6,82;1,03;12,52;3,67;3,36;4,8;2,32
17/01/2016;38;CABRA;8400;3,7;14;6,83;1,032;15,1;5,94;3,83;4,67;2,78
17/01/2016;38;OVEJA;3840;4,4;19;6,8;1,036;16,76;6,02;4,99;5,1;4,01
17/01/2016;33;VACA;23920;3;15;6,84;1,03;12,48;3,55;3,22;5,03;2,27
17/01/2016;32;VACA;2280;3;15;6,82;1,03;12,36;3,54;3,38;4,75;2,3
18/01/2016;40;OVEJA;8360;5;20;6,8;1,036;19,22;8,15;5,67;4,67;4,32
18/01/2016;24;VACA;11840;7,2;15;6,84;1,03;12,21;3,31;3,37;4,85;2,34
18/01/2016;24;VACA;11440;6,2;15;6,82;1,03;12,42;3,65;3,27;4,76;2,26
18/01/2016;29;VACA;16560;4;15;6,85;1,03;12,23;3,51;3,26;4,74;2,26
18/01/2016;29;VACA;8820;5,6;15;6,85;1,03;12,4;3,52;3,41;4,81;2,37
18/01/2016;42;OVEJA;6580;5,7;22;6,77;1,036;19,82;8,53;5,91;4,67;4,56
18/01/2016;42;CABRA;4960;4,4;14;6,84;1,032;14,45;5,24;3,66;4,97;2,73
18/01/2016;38;CABRA;620;5,8;14;6,83;1,032;15,65;6,29;4,14;4,73;3,01
18/01/2016;38;OVEJA;520;6;21;6,77;1,036;20,73;8,85;6,48;4,74;5,01
18/01/2016;25;VACA;12000;6;15;6,82;1,03;13,13;4,15;3,37;4,85;2,36
18/01/2016;27;VACA;13120;8,5;15;6,83;1,03;12,77;3,92;3,35;4,8;2,33
18/01/2016;26;VACA;6200;4,3;15;6,81;1,03;12,63;3,83;3,29;4,84;2,28
18/01/2016;30;VACA;26280;4;15;6,83;1,03;12,61;3,75;3,33;4,85;2,29
18/01/2016;39;CABRA;1040;5,5;14;6,82;1,032;15,28;6,18;3,74;4,68;2,72
18/01/2016;39;OVEJA;7260;5,1;20;6,8;1,036;19,58;8,35;5,87;4,62;4,45
18/01/2016;46;OVEJA;8580;5,3;22;6,76;1,036;18,5;7,4;5,55;4,8;4,37
18/01/2016;45;CABRA;6540;5,6;15;6,77;1,032;14,97;5,66;3,84;4,89;2,84
18/01/2016;1;OVEJA;8380;6;22;6,77;1,036;18,62;7,51;5,63;4,79;4,39
18/01/2016;32;VACA;20100;4,6;15;6,81;1,03;12,36;3,59;3,29;4,79;2,27
18/01/2016;7;VACA;16240;5,5;15;6,82;1,03;12,2;3,3;3,27;4,98;2,29
18/01/2016;7;VACA;9180;4,8;15;6,83;1,03;12,28;3,58;3,28;4,84;2,26
18/01/2016;17;VACA;14820;5,1;15;6,82;1,03;12,47;3,69;3,29;4,85;2,28
18/01/2016;17;VACA;9800;4;15;6,83;1,03;12,77;3,86;3,33;4,92;2,34
18/01/2016;36;CABRA;13120;5,2;14;6,82;1,032;14,89;5,73;3,77;4,76;2,75
19/01/2016;41;CABRA;5040;5,8;15;6,85;1,032;14,74;5,44;3,93;4,78;2,9
19/01/2016;18;VACA;24700;4;15;6,78;1,03;12,08;3,18;3,33;4,9;2,33
19/01/2016;40;CABRA;2820;6;15;6,8;1,032;14,99;5,66;3,86;4,8;2,84
19/01/2016;40;OVEJA;3500;6;20;6,75;1,036;18,95;7,91;5,29;4,88;4,24
19/01/2016;29;VACA;16440;4;15;6,86;1,03;12,33;3,66;3,16;4,79;2,25
19/01/2016;29;VACA;8540;6;15;6,86;1,03;12,39;3,7;3,23;4,73;2,3
19/01/2016;24;VACA;21060;6;15;6,85;1,03;12,47;3,69;3,23;4,86;2,31
19/01/2016;28;VACA;15680;4,2;15;6,85;1,03;13,11;4,1;3,41;4,92;2,45
19/01/2016;32;VACA;28360;1,6;15;6,86;1,03;12,7;3,78;3,36;4,91;2,39
19/01/2016;26;VACA;6080;4,2;15;6,82;1,03;12,7;3,87;3,29;4,85;2,33
19/01/2016;42;CABRA;3200;5,4;14;6,84;1,032;15,25;5,9;3,86;4,89;2,88
19/01/2016;42;OVEJA;9020;4;19;6,78;1,036;19,03;7,69;5,81;4,81;4,49
19/01/2016;37;CABRA;1920;6;14;6,83;1,032;15,27;5,79;4,13;4,83;3,07
19/01/2016;25;VACA;12020;6,3;15;6,82;1,03;13,14;4,17;3,37;4,85;2,38
19/01/2016;27;VACA;12640;7;15;6,83;1,03;12,5;3,64;3,37;4,81;2,34
19/01/2016;43;OVEJA;2580;5,5;20;6,79;1,036;18,8;7,56;5,91;4,68;4,53
19/01/2016;43;CABRA;1360;5,6;14;6,81;1,032;15,43;5,82;4,26;4,85;3,11
19/01/2016;38;CABRA;9140;3,6;14;6,84;1,032;15,11;5,92;3,9;4,65;2,83
19/01/2016;38;OVEJA;3820;4,3;19;6,82;1,036;16,7;5,95;5,01;5,09;4,05
19/01/2016;17;VACA;17900;5,5;15;6,83;1,03;12,46;3,62;3,29;4,96;2,3
19/01/2016;17;VACA;7300;8;15;6,82;1,03;12,85;3,85;3,38;4,93;2,37
19/01/2016;6;VACA;24540;4,2;15;6,83;1,03;12,44;3,54;3,35;4,92;2,36
19/01/2016;33;VACA;24040;3,3;15;6,83;1,03;12,32;3,52;3,19;4,95;2,22
20/01/2016;40;OVEJA;4020;4,4;20;6,8;1,036;18,85;7,85;5,34;4,85;4,18
20/01/2016;30;VACA;26360;4,5;15;6,8;1,03;11,99;3,66;3,15;4,47;2,05
20/01/2016;29;VACA;16800;4;15;6,83;1,03;12,22;3,51;3,18;4,8;2,22
20/01/2016;29;VACA;6380;5;15;6,85;1,03;12,4;3,63;3,35;4,72;2,28
20/01/2016;42;CABRA;1980;6,3;15;6,82;1,032;14,77;5,49;3,98;4,68;2,94
20/01/2016;42;OVEJA;2920;5,6;20;6,77;1,036;20,1;8,7;6,16;4,62;4,71
20/01/2016;24;VACA;11980;6,4;15;6,82;1,03;12,41;3,58;3,27;4,85;2,26
20/01/2016;24;VACA;8740;5;15;6,83;1,03;12,54;3,67;3,32;4,86;2,34
20/01/2016;32;VACA;26640;4,7;15;6,82;1,03;12,33;3,54;3,29;4,79;2,29
20/01/2016;26;VACA;6100;4,2;15;6,83;1,03;12,7;3,89;3,27;4,85;2,27
20/01/2016;43;CABRA;4060;6,4;15;6,84;1,032;15,19;5,81;3,94;4,88;2,9
20/01/2016;38;OVEJA;1260;4,5;20;6,81;1,036;19,46;8;6,08;4,7;4,68
20/01/2016;38;CABRA;1120;4,4;13;6,86;1,032;15,23;5,92;3,93;4,8;2,92
20/01/2016;46;OVEJA;8960;5,2;21;6,75;1,036;18,2;7,22;5,43;4,8;4,27
20/01/2016;45;CABRA;7200;6;14;6,85;1,032;14,78;5,5;3,81;4,9;2,79
20/01/2016;1;OVEJA;5060;8;21;6,75;1,036;18,93;7,84;5,6;4,76;4,38
20/01/2016;25;VACA;12040;6,3;15;6,81;1,03;13,05;4,1;3,37;4,82;2,39
20/01/2016;27;VACA;13280;8,2;15;6,81;1,03;12,71;3,89;3,32;4,82;2,29
20/01/2016;39;CABRA;1380;5;13;6,85;1,032;15,06;5,76;3,7;4,92;2,78
20/01/2016;39;OVEJA;7480;5,4;20;6,8;1,036;19,53;8,24;5,9;4,64;4,5
20/01/2016;36;CABRA;10040;5;14;6,83;1,032;14,54;5,62;3,5;4,69;2,56
21/01/2016;40;CABRA;1720;6,8;14;6,8;1,032;15,09;5,91;3,79;4,77;2,74
21/01/2016;40;OVEJA;3580;5;19;6,82;1,036;18,75;7,76;5,21;4,89;4,16
21/01/2016;41;CABRA;5160;6,2;14;6,82;1,032;15,08;5,62;3,98;4,87;2,95
21/01/2016;42;OVEJA;4680;4,4;19;6,81;1,036;19,32;8,2;5,64;4,72;4,36
21/01/2016;42;CABRA;4600;5,6;13;6,86;1,032;14,35;5,21;3,62;4,95;2,67
21/01/2016;28;VACA;16000;4;14;6,84;1,03;13,11;4,04;3,44;4,95;2,47
21/01/2016;32;VACA;28460;2;15;6,86;1,03;12,65;3,76;3,35;4,9;2,33
21/01/2016;29;VACA;16580;4,5;15;6,84;1,03;12,12;3,48;3,14;4,78;2,23
21/01/2016;29;VACA;5360;5;15;6,84;1,03;12,37;3,65;3,26;4,74;2,29
21/01/2016;37;CABRA;1640;5,7;14;6,83;1,032;15,33;5,92;4,05;4,8;2,99
21/01/2016;26;VACA;5880;6,2;15;6,82;1,03;12,85;4,09;3,26;4,8;2,25
21/01/2016;38;CABRA;8760;3,7;14;6,85;1,032;14,95;5,79;3,75;4,79;2,78
21/01/2016;38;OVEJA;3760;4;18;6,85;1,036;16,59;5,85;5,02;5,1;4,04
21/01/2016;25;VACA;11940;5,6;15;6,83;1,03;13,12;4,12;3,39;4,85;2,38
21/01/2016;27;VACA;12760;6,8;16;6,86;1,03;12,39;3,57;3,35;4,79;2,32
21/01/2016;33;VACA;24560;2,7;15;6,83;1,03;12,23;3,3;3,26;5,02;2,27
22/01/2016;30;VACA;16120;3,9;15;6,86;1,03;12,51;3,63;3,35;4,84;2,3
22/01/2016;30;VACA;9840;3,6;14;6,84;1,03;11,86;3,01;3,36;4,84;2,33
22/01/2016;40;OVEJA;7620;4,6;19;6,84;1,036;18,91;7,89;5,53;4,74;4,26
22/01/2016;24;VACA;11800;5,2;15;6,84;1,03;12,21;3,48;3,21;4,78;2,2
22/01/2016;24;VACA;13380;5,4;15;6,84;1,03;12,5;3,73;3,16;4,85;2,21
22/01/2016;32;VACA;26480;3,4;15;6,8;1,03;12,29;3,54;3,26;4,78;2,27
22/01/2016;26;VACA;5740;4;15;6,82;1,03;12,64;3,83;3,27;4,82;2,29
22/01/2016;42;OVEJA;6300;5,2;19;6,81;1,036;18,74;7,22;6,04;4,78;4,67
22/01/2016;42;CABRA;3180;5,5;15;6,81;1,032;14,69;5,58;3,72;4,74;2,74
22/01/2016;38;CABRA;640;5;14;6,79;1,032;15,19;6,09;3,88;4,68;2,87
22/01/2016;38;OVEJA;1100;5,1;14;6,84;1,036;18,77;7,36;6,03;4,75;4,66
22/01/2016;39;CABRA;1000;6;14;6,78;1,032;15,13;6,02;3,72;4,69;2,74
22/01/2016;39;OVEJA;7540;5,2;19;6,8;1,036;19,31;8,15;5,74;4,66;4,42
22/01/2016;43;OVEJA;2160;5,8;20;6,8;1,036;18,85;7,66;5,95;4,64;4,5
22/01/2016;43;CABRA;1540;6;14;6,84;1,032;15,35;5,8;4,24;4,79;3,08
22/01/2016;25;VACA;12060;5,8;20;6,79;1,03;13;4,11;3,36;4,8;2,38
22/01/2016;27;VACA;13180;9;15;6,8;1,03;12,69;3,87;3,32;4,81;2,33
22/01/2016;45;CABRA;7420;6,8;14;6,8;1,032;14,52;5,34;3,74;4,85;2,76
22/01/2016;46;OVEJA;8820;7;20;6,76;1,036;18,3;7,25;5,52;4,82;4,31
22/01/2016;1;OVEJA;8540;8;20;6,74;1,036;17,9;7,14;5,45;4,65;4,24
22/01/2016;36;CABRA;9580;5,2;14;6,82;1,032;15,09;5,87;3,8;4,77;2,81
23/01/2016;22;VACA;26280;6;15;6,82;1,03;12,25;3,5;3,22;4,87;2,23
23/01/2016;24;VACA;16540;7,8;15;6,82;1,03;12,3;3,54;3,26;4,79;2,26
23/01/2016;24;VACA;10980;6,1;15;6,82;1,03;12,36;3,67;3,24;4,74;2,26
23/01/2016;29;VACA;16360;4,7;14;6,85;1,03;11,86;3,32;3,09;4,7;2,1
23/01/2016;29;VACA;8120;6,8;15;6,85;1,03;12,37;3,51;3,33;4,81;2,33
23/01/2016;41;CABRA;5480;5;14;6,83;1,032;14,35;5,24;3,71;4,77;2,77
23/01/2016;40;OVEJA;3500;6;19;6,79;1,036;18,62;7,75;5,09;4,87;4,07
23/01/2016;40;CABRA;2800;5,8;14;6,82;1,032;15,12;5,87;3,79;4,78;2,78
23/01/2016;28;VACA;15920;4,6;15;6,84;1,03;13,11;4,07;3,4;4,92;2,42
23/01/2016;26;VACA;5600;6;15;6,84;1,03;12,64;3,81;3,27;4,84;2,26
23/01/2016;42;OVEJA;6520;7,2;19;6,79;1,036;19,15;8;5,68;4,73;4,39
23/01/2016;42;CABRA;3720;6;14;6,84;1,032;14,45;5,32;3,67;4,87;2,74
23/01/2016;32;VACA;28440;2,3;15;6,83;1,03;12,57;3,67;3,33;4,92;2,33
23/01/2016;43;CABRA;4340;5,7;14;6,84;1,032;14,99;5,79;3,84;4,8;2,83
23/01/2016;37;CABRA;2240;7;14;6,84;1,032;15,16;5,73;4,05;4,83;3
23/01/2016;38;CABRA;9420;5,3;14;6,84;1,032;15,17;6,04;3,77;4,73;2,77
23/01/2016;38;OVEJA;3660;4,9;19;6,82;1,036;16,5;5,87;4,93;5,09;3,98
23/01/2016;25;VACA;12160;7,2;15;6,84;1,03;13,11;4,17;3,37;4,82;2,39
23/01/2016;27;VACA;12920;5,4;15;6,84;1,03;12,4;3,59;3,33;4,79;2,31
24/01/2016;22;VACA;25600;6;15;6,83;1,03;12,41;3,58;3,25;4,93;2,3
24/01/2016;40;OVEJA;6520;5;19;6,85;1,036;18,66;7,71;5,39;4,78;4,17
24/01/2016;30;VACA;27760;4,6;14;6,85;1,03;12,79;3,89;3,34;4,85;2,32
24/01/2016;29;VACA;16220;4,6;14;6,85;1,03;11,97;3,35;3,14;4,71;2,18
24/01/2016;29;VACA;8120;5;14;6,85;1,03;12,2;3,49;3,26;4,72;2,25
24/01/2016;32;VACA;26420;3,7;15;6,81;1,03;12,26;3,48;3,25;4,8;2,24
24/01/2016;26;VACA;5680;5;15;6,8;1,03;12,72;3,77;3,25;4,86;2,28
24/01/2016;38;OVEJA;860;5,4;19;6,82;1,036;18,58;7,01;6,02;4,84;4,69
24/01/2016;38;CABRA;1160;5;14;6,85;1,032;14,83;5,61;3,8;4,79;2,85
24/01/2016;39;CABRA;1160;5,3;14;6,82;1,032;14,96;5,8;3,61;4,83;2,7
24/01/2016;39;OVEJA;7520;5,2;20;6,78;1,036;19,29;8,12;5,76;4,67;4,42
24/01/2016;25;VACA;12040;5,8;15;6,81;1,03;13,18;4,2;3,39;4,84;2,39
24/01/2016;27;VACA;13420;8,5;15;6,82;1,03;12,65;3,83;3,31;4,85;2,31
24/01/2016;46;OVEJA;9040;6,4;19;6,78;1,036;18,05;7,11;5,38;4,82;4,23
24/01/2016;45;CABRA;6680;6,4;14;6,81;1,032;14,66;5,36;3,81;4,89;2,84
24/01/2016;1;OVEJA;6480;7,2;20;6,75;1,036;17,71;6,98;5,4;4,57;4,09
25/01/2016;34;VACA;26980;5,3;15;6,82;1,03;12,52;3,6;3,37;4,89;2,38
25/01/2016;29;VACA;16180;4,4;15;6,84;1,03;11,79;3,19;3,11;4,74;2,13
25/01/2016;29;VACA;10240;6;15;6,84;1,03;12,43;3,66;3,26;4,77;2,3
25/01/2016;40;CABRA;2720;5,4;14;6,83;1,032;14,86;5,85;3,64;4,66;2,64
25/01/2016;40;OVEJA;3560;5,8;19;6,8;1,036;18,49;7,52;5,23;4,94;4,17
25/01/2016;24;VACA;12220;6,5;15;6,82;1,03;12,26;3,37;3,3;4,9;2,29
25/01/2016;24;VACA;10520;6,3;15;6,82;1,03;12,45;3,65;3,26;4,83;2,26
25/01/2016;41;CABRA;5520;4,4;14;6,86;1,032;14,51;5,27;3,73;4,89;2,81
25/01/2016;32;VACA;28740;2,9;15;6,84;1,03;12,55;3,64;3,33;4,91;2,32
25/01/2016;28;VACA;16100;4,8;15;6,82;1,03;13,03;4,02;3,41;4,91;2,43
25/01/2016;26;VACA;5700;4,2;15;6,82;1,03;12,56;3,77;3,21;4,84;2,21
25/01/2016;37;CABRA;1840;7;14;6,83;1,032;15,19;5,74;4,14;4,74;3,04
25/01/2016;25;VACA;11820;6,7;15;6,8;1,03;13,21;4,26;3,37;4,8;2,36
25/01/2016;27;VACA;12620;7;15;6,79;1,03;12,48;3,64;3,34;4,78;2,32
25/01/2016;42;CABRA;3080;6;14;6,81;1,032;14,46;5,29;3,66;4,87;2,64
25/01/2016;42;OVEJA;6500;5,8;20;6,77;1,036;19,08;7,93;5,73;4,74;4,42
25/01/2016;43;OVEJA;2740;5,5;20;6,8;1,036;18,41;7,3;5,69;4,74;4,37
25/01/2016;43;CABRA;1520;5,8;14;6,82;1,032;14,91;5,29;4,03;4,85;3,03
25/01/2016;38;CABRA;9040;5,5;14;6,84;1,032;14,87;5,69;3,49;4,8;2,65
25/01/2016;38;OVEJA;3700;6,5;19;6,83;1,036;16,54;5,98;4,87;5,06;3,92
25/01/2016;6;VACA;15460;6,5;15;6,83;1,03;12,38;3,59;3,25;4,92;2,27
25/01/2016;6;VACA;9820;6;15;6,85;1,03;12,44;3,48;3,35;4,93;2,37
25/01/2016;36;CABRA;12020;4,6;14;6,83;1,032;14,63;5,41;3,58;4,76;2,7
25/01/2016;17;VACA;15400;6,2;15;6,81;1,03;12,82;3,85;3,34;4,93;2,36
25/01/2016;17;VACA;8040;6,5;15;6,84;1,03;12,4;3,61;3,19;4,95;2,22
26/01/2016;30;VACA;28140;4,5;15;6,84;1,03;12,81;3,94;3,34;4,84;2,31
26/01/2016;40;OVEJA;5060;4,5;19;6,83;1,036;18,46;7,54;5,29;4,84;4,16
26/01/2016;32;VACA;26800;4,2;15;6,8;1,03;12,29;3,55;3,24;4,78;2,26
26/01/2016;24;VACA;23380;6;15;6,83;1,03;12,36;3,67;3,15;4,82;2,22
26/01/2016;43;CABRA;4400;5;14;6,85;1,032;14,97;5,6;3,76;4,82;2,89
26/01/2016;29;VACA;17640;4;15;6,84;1,03;11,71;3,14;3,13;4,69;2,16
26/01/2016;29;VACA;11280;6;15;6,86;1,03;12,3;3,53;3,34;4,71;2,33
26/01/2016;26;VACA;5520;4,4;15;6,82;1,03;12,61;3,81;3,24;4,85;2,28
26/01/2016;42;OVEJA;6500;5;20;6,82;1,036;18,16;6,78;5,84;4,85;4,48
26/01/2016;42;CABRA;4380;5;13;6,86;1,032;14,22;5,04;3,46;4,89;2,69
26/01/2016;38;OVEJA;1240;5;19;6,8;1,036;18,42;7,07;5,95;4,76;4,58
26/01/2016;38;CABRA;700;5;14;6,83;1,032;14,95;5,81;3,65;4,71;2,78
26/01/2016;25;VACA;12100;5,8;15;6,82;1,03;13,16;4,26;3,34;4,8;2,37
26/01/2016;27;VACA;14200;8;15;6,83;1,03;12,62;3,84;3,28;4,81;2,31
26/01/2016;39;CABRA;1240;5,3;15;6,8;1,032;14,68;5,58;3,42;4,73;2,63
26/01/2016;39;OVEJA;7500;5,3;20;6,78;1,036;19,11;8,03;5,64;4,71;4,34
26/01/2016;1;OVEJA;9300;5,8;20;6,77;1,036;17,95;7,01;5,51;4,76;4,29
26/01/2016;46;OVEJA;9040;5,8;20;6,77;1,036;17,63;6,86;5,19;4,85;4,09
26/01/2016;45;CABRA;8280;5,5;14;6,83;1,032;14,29;5,02;3,6;4,86;2,72
27/01/2016;30;VACA;16320;4,9;15;6,83;1,03;12,61;3,72;3,33;4,87;2,32
27/01/2016;30;VACA;10320;3,6;15;6,8;1,03;12,14;3,31;3,31;4,85;2,33
27/01/2016;41;CABRA;5780;4,9;14;6,85;1,032;14,45;5,21;3,52;4,87;2,74
27/01/2016;40;CABRA;2800;5,5;14;6,85;1,032;15,08;5,72;3,67;4,79;2,78
27/01/2016;40;OVEJA;3580;6;19;6,85;1,036;18,57;7,58;5,13;4,95;4,08
27/01/2016;26;VACA;5480;6;15;6,83;1,03;12,54;3,81;3,18;4,85;2,2
27/01/2016;24;VACA;11760;7,8;15;6,8;1,03;12,39;3,6;3,21;4,88;2,26
27/01/2016;24;VACA;10280;5;15;6,81;1,03;12,4;3,62;3,24;4,85;2,29
27/01/2016;32;VACA;28240;2,7;15;6,84;1,03;12,59;3,65;3,34;4,92;2,36
27/01/2016;28;VACA;16200;5;15;6,85;1,03;13,08;4,08;3,36;4,93;2,42
27/01/2016;42;OVEJA;6480;4,9;19;6,8;1,036;19,05;7,92;5,64;4,74;4,35
27/01/2016;42;CABRA;3340;5;14;6,82;1,032;14,44;5,25;3,52;4,85;2,7
27/01/2016;37;CABRA;1860;6;14;6,82;1,032;15,15;5,63;4;4,77;3
27/01/2016;38;CABRA;9040;4,4;14;6,82;1,032;14,88;5,72;3,47;4,79;2,64
27/01/2016;38;OVEJA;3600;4,3;21;6,82;1,036;16,41;5,77;4,89;5,04;3,91
27/01/2016;25;VACA;11820;6,7;15;6,8;1,03;13,14;4,24;3,32;4,82;2,37
27/01/2016;27;VACA;12680;7;15;6,8;1,03;12,37;3,56;3,31;4,8;2,27
27/01/2016;36;CABRA;10840;4,6;14;6,82;1,032;14,72;5,52;3,47;4,81;2,67
28/01/2016;29;VACA;17620;6,3;14;6,85;1,03;12,06;3,4;3,17;4,72;2,19
28/01/2016;29;VACA;11320;4,2;14;6,85;1,03;12,38;3,68;3,24;4,7;2,24
28/01/2016;40;OVEJA;6960;5,6;19;6,83;1,036;18,4;7,3;5,46;4,88;4,23
28/01/2016;42;OVEJA;3220;5,3;20;6,77;1,036;19,54;8,05;6,07;4,73;4,71
28/01/2016;42;CABRA;1880;5;13;6,84;1,032;15,03;5,88;3,61;4,66;2,73
28/01/2016;32;VACA;27400;4;15;6,8;1,03;12,23;3,51;3,25;4,78;2,27
28/01/2016;26;VACA;5180;4;15;6,82;1,03;12,66;3,9;3,24;4,83;2,29
28/01/2016;38;CABRA;1120;5;13;6,85;1,032;14,64;5,41;3,65;4,77;2,82
28/01/2016;38;OVEJA;1080;3,6;21;6,84;1,036;18,61;7,32;5,9;4,74;4,59
28/01/2016;25;VACA;13960;7;15;6,8;1,03;13,08;4,19;3,32;4,84;2,36
28/01/2016;27;VACA;11920;6,5;15;6,81;1,03;12,68;3,88;3,32;4,84;2,33
28/01/2016;46;OVEJA;9080;6;20;6,78;1,036;18,06;7,05;5,44;4,81;4,31
28/01/2016;45;CABRA;7480;6,7;14;6,85;1,032;14,42;5,11;3,65;4,92;2,82
28/01/2016;1;OVEJA;8500;5,2;20;6,78;1,036;17,65;6,96;5,33;4,67;4,14
28/01/2016;43;OVEJA;2540;5;20;6,77;1,036;18,52;7,34;5,8;4,73;4,43
28/01/2016;43;CABRA;1820;5,5;14;6,84;1,032;15,06;5,54;3,97;4,82;3
28/01/2016;39;CABRA;1200;5;14;6,85;1,032;14,73;5,47;3,52;4,86;2,74
28/01/2016;39;OVEJA;7600;5;20;6,8;1,036;19,17;8,04;5,67;4,71;4,33
29/01/2016;30;VACA;26260;4,7;15;6,85;1,03;12,51;3,74;3,3;4,8;2,33
29/01/2016;40;CABRA;2580;6;14;6,82;1,032;15,07;5,84;3,63;4,76;2,76
29/01/2016;40;OVEJA;3580;6;20;6,81;1,036;18,43;7,43;5,15;4,95;4,15
29/01/2016;41;CABRA;5980;6,5;13;6,86;1,032;14,48;5,21;3,53;4,95;2,78
29/01/2016;29;VACA;17660;5;14;6,85;1,03;11,98;3,29;3,2;4,71;2,24
29/01/2016;29;VACA;10320;4;14;6,85;1,03;12,26;3,47;3,32;4,78;2,32
29/01/2016;24;VACA;11920;4;14;6,85;1,03;12,22;3,42;3,25;4,89;2,27
29/01/2016;24;VACA;13340;5,2;14;6,83;1,03;12,29;3,55;3,18;4,86;2,24
29/01/2016;32;VACA;28580;2,5;15;6,83;1,03;12,57;3,65;3,36;4,9;2,4
29/01/2016;28;VACA;15360;5;15;6,82;1,03;13,11;4,1;3,41;4,94;2,49
29/01/2016;42;CABRA;1940;6,8;13;6,78;1,032;14,6;5,24;3,85;4,71;2,9
29/01/2016;42;OVEJA;6060;7;20;6,78;1,036;19;7,8;5,69;4,73;4,41
29/01/2016;43;CABRA;4440;5,3;13;6,85;1,032;15,02;5,65;3,8;4,82;2,89
29/01/2016;26;VACA;5560;4,4;15;6,81;1,03;12,47;3,74;3,21;4,83;2,27
29/01/2016;37;CABRA;2240;6;14;6,85;1,032;15,03;5,55;3,99;4,82;3,03
29/01/2016;38;CABRA;8620;4,4;19;6,78;1,032;14,96;5,78;3,55;4,78;2,72
29/01/2016;38;OVEJA;3660;4;20;6,82;1,036;16,56;5,81;5,01;5,1;4,03
29/01/2016;27;VACA;12820;7;15;6,82;1,03;12,38;3,56;3,34;4,82;2,33
29/01/2016;25;VACA;11540;5;15;6,8;1,03;13,21;4,3;3,34;4,81;2,35
29/01/2016;36;CABRA;8720;5;13;6,85;1,032;15,01;5,67;3,71;4,82;2,85
30/01/2016;22;VACA;25640;6;15;6,83;1,03;12,3;3,49;3,27;4,91;2,28
30/01/2016;40;OVEJA;7300;6,8;19;6,85;1,036;18,47;7,52;5,31;4,81;4,17
30/01/2016;24;VACA;15880;5,5;14;6,85;1,03;12,3;3,59;3,26;4,81;2,27
30/01/2016;24;VACA;9660;5,5;14;6,85;1,03;12,44;3,71;3,28;4,81;2,29
30/01/2016;29;VACA;17680;3,8;15;6,85;1,03;12,13;3,43;3,2;4,66;2,19
30/01/2016;29;VACA;11300;4;15;6,86;1,03;12,23;3,51;3,19;4,71;2,21
30/01/2016;32;VACA;26820;4,8;15;6,84;1,03;10,25;3;2,76;3,85;1,61
30/01/2016;42;OVEJA;6360;4,6;19;6,84;1,036;18,1;6,56;6,03;4,8;4,68
30/01/2016;42;CABRA;4780;5;13;6,86;1,032;14,34;5,13;3,45;4,98;2,68
30/01/2016;26;VACA;5720;4,4;15;6,8;1,03;12,61;3,88;3,22;4,83;2,24
30/01/2016;38;OVEJA;1220;7;20;6,8;1,036;18,79;7,31;6,03;4,77;4,67
30/01/2016;38;CABRA;700;5;13;6,85;1,032;14,96;5,84;3,72;4,63;2,84
30/01/2016;25;VACA;14200;6;15;6,86;1,03;13,07;4,13;3,35;4,89;2,41
30/01/2016;27;VACA;11380;8;15;6,8;1,03;12,64;3,8;3,34;4,87;2,34
30/01/2016;46;OVEJA;8840;6;19;6,8;1,036;17,88;7,03;5,31;4,77;4,21
30/01/2016;45;CABRA;7760;5,5;14;6,85;1,032;14,52;5,17;3,67;4,91;2,82
30/01/2016;1;OVEJA;8900;4;19;6,8;1,036;18,12;7,05;5,58;4,8;4,36
30/01/2016;39;CABRA;1300;5,5;13;6,86;1,032;14,56;5,48;3,49;4,76;2,72
30/01/2016;39;OVEJA;7600;4,7;18;6,8;1,036;19,14;8,04;5,63;4,71;4,35
31/01/2016;22;VACA;25500;6;15;6,82;1,03;12,3;3,52;3,24;4,89;2,25
31/01/2016;30;VACA;25840;4,7;15;6,85;1,03;12,54;3,68;3,31;4,85;2,28
31/01/2016;41;CABRA;5460;6;13;6,86;1,032;14,38;5,15;3,47;4,9;2,71
31/01/2016;40;CABRA;2500;6;14;6,81;1,032;15,17;5,87;3,6;4,81;2,72
31/01/2016;40;OVEJA;5280;6;20;6,78;1,036;18,42;7,39;5,2;4,92;4,16
31/01/2016;29;VACA;17660;4;15;6,85;1,03;12,1;3,39;3,16;4,74;2,16
31/01/2016;29;VACA;11340;4,2;15;6,85;1,03;12,45;3,62;3,33;4,81;2,32
31/01/2016;32;VACA;28160;3;15;6,83;1,03;12,63;3,69;3,36;4,89;2,33
31/01/2016;28;VACA;15360;5;15;6,85;1,03;12,98;4,01;3,39;4,91;2,41
31/01/2016;26;VACA;5780;4;15;6,82;1,03;12,62;3,84;3,22;4,84;2,24
31/01/2016;38;CABRA;8500;3,8;13;6,85;1,032;15,03;5,86;3,53;4,74;2,67
31/01/2016;38;OVEJA;3660;4,4;19;6,82;1,036;16,46;5,73;4,98;5,08;3,99
31/01/2016;37;CABRA;2100;7,5;13;6,8;1,032;15,17;5,68;3,97;4,82;2,98
31/01/2016;25;VACA;11600;6,7;15;6,8;1,03;13,19;4,25;3,37;4,82;2,35
31/01/2016;27;VACA;12940;6,7;15;6,84;1,03;12,47;3,64;3,34;4,78;2,31
31/01/2016;43;OVEJA;2480;5,5;20;6,76;1,036;17,97;7;5,62;4,68;4,3
31/01/2016;43;CABRA;1640;6;14;6,84;1,032;15,28;5,7;4,06;4,82;3,03
31/01/2016;33;VACA;25060;3;15;6,83;1,03;12,37;3,45;3,23;5;2,24
31/01/2016;30;VACA;25880;4;14;6,86;1,03;11,89;3,37;3,16;4,63;2,12
01/02/2016;40;OVEJA;9720;4,4;18;6,84;1,036;18,63;7,64;5,4;4,8;4,15
01/02/2016;24;VACA;12380;6,7;15;6,82;1,03;12,29;3,43;3,27;4,91;2,25
01/02/2016;24;VACA;10820;6,2;15;6,82;1,03;12,5;3,67;3,27;4,85;2,25
01/02/2016;32;VACA;26440;4,4;15;6,8;1,03;12,39;3,6;3,26;4,81;2,24
01/02/2016;42;OVEJA;6420;5;20;6,8;1,036;19,19;7,9;5,81;4,71;4,51
01/02/2016;42;CABRA;3920;5,3;13;6,83;1,032;14,65;5,36;3,67;4,75;2,76
01/02/2016;43;OVEJA;540;6;20;6,85;1,036;18,48;7,32;5,75;4,67;4,35
01/02/2016;43;CABRA;4560;4,7;15;6,85;1,032;14,91;5,5;3,74;4,87;2,85
01/02/2016;26;VACA;5860;4,3;15;6,82;1,03;12,53;3,72;3,26;4,88;2,23
01/02/2016;39;OVEJA;3420;5;18;6,76;1,036;19,63;8,46;5,69;4,67;4,31
01/02/2016;25;VACA;14260;6;15;6,8;1,03;12,98;4,06;3,33;4,87;2,32
01/02/2016;27;VACA;12660;8;15;6,82;1,03;12,62;3,76;3,34;4,86;2,33
01/02/2016;38;OVEJA;900;5,4;18;6,82;1,036;19,49;7,9;6,03;4,78;4,66
01/02/2016;38;CABRA;1160;5;13;6,86;1,032;14,92;5,62;3,75;4,76;2,87
01/02/2016;1;OVEJA;6180;5;20;6,8;1,036;17,81;6,92;5,47;4,71;4,21
01/02/2016;46;OVEJA;9220;5;18;6,73;1,036;18,01;7,09;5,35;4,77;4,2
01/02/2016;45;CABRA;7480;5,7;14;6,8;1,032;14,37;5,08;3,6;4,86;2,74
01/02/2016;18;VACA;25600;5,8;15;6,8;1,03;12,24;2,99;3,62;4,96;2,56
01/02/2016;18;VACA;26420;5,6;15;6,78;1,03;13,01;3,79;3,6;4,92;2,55
01/02/2016;36;CABRA;12240;4,7;15;6,83;1,032;14,4;5,22;3,55;4,78;2,72
02/02/2016;29;VACA;17640;5;14;6,86;1,03;12,17;3,46;3,14;4,87;4,14
02/02/2016;29;VACA;8040;4,4;14;6,86;1,03;12,04;3,59;3,11;4,54;2,15
02/02/2016;30;VACA;15400;4,9;15;6,86;1,03;12,62;3,78;3,28;4,85;2,29
02/02/2016;30;VACA;10120;5;15;6,86;1,03;12,15;3,58;3,23;4,61;2,22
02/02/2016;41;CABRA;5880;6;13;6,86;1,032;14,58;5,29;3,56;4,89;2,77
02/02/2016;40;OVEJA;6080;6;18;6,86;1,036;18,33;7,34;5,14;4,95;4,09
02/02/2016;40;CABRA;3340;5;13;6,8;1,032;15,16;5,8;3,7;4,82;2,84
02/02/2016;39;OVEJA;4940;6;20;6,75;1,036;18,92;7,88;5,47;4,81;4,23
02/02/2016;39;CABRA;1680;5;15;6,75;1,032;15,08;5,81;3,55;4,78;2,74
02/02/2016;24;VACA;22860;2,8;15;6,83;1,03;12,37;3,6;3,2;4,85;2,23
02/02/2016;32;VACA;29040;6;15;6,82;1,03;12,64;3,69;3,35;4,93;2,34
02/02/2016;28;VACA;15240;5;15;6,82;1,03;13,13;4,11;3,39;4,94;2,41
02/02/2016;37;CABRA;1840;7,5;13;6,84;1,032;15,08;5,71;3,81;4,81;2,9
02/02/2016;38;CABRA;9000;4;14;6,85;1,032;14,89;5,77;3,36;4,8;2,62
02/02/2016;38;OVEJA;3620;4,5;20;6,8;1,036;16,59;5,84;4,98;5,04;4
02/02/2016;26;VACA;6200;6;15;6,8;1,03;12,56;3,75;3,26;4,89;2,25
02/02/2016;42;OVEJA;6500;6;20;6,78;1,036;18,98;7,89;5,51;4,72;4,3
02/02/2016;42;CABRA;3940;5;13;6,8;1,032;14,39;5,13;3,5;4,92;2,72
02/02/2016;18;VACA;24380;7,3;15;6,8;1,03;13,12;4,1;3,48;4,84;2,48
02/02/2016;25;VACA;11900;6,8;15;6,8;1,03;13,18;4,22;3,35;4,83;2,38
02/02/2016;27;VACA;12860;7;15;6,82;1,03;12,45;3,62;3,33;4,8;2,3
02/02/2016;18;VACA;23900;5;15;6,8;1,03;12,61;3,66;3,31;4,94;2,3
02/02/2016;33;VACA;23500;4;15;6,8;1,03;12,3;3,37;3,23;5,02;2,23
03/02/2016;1;CABRA;26320;3,3;15;6,85;1,032;14,98;5,69;3,57;4,85;2,69
03/02/2016;1;CABRA;25660;4;14;6,82;1,032;15,08;5,74;3,61;4,87;2,73
03/02/2016;1;CABRA;24680;4,2;14;6,83;1,032;15,02;5,71;3,6;4,85;2,72
03/02/2016;40;OVEJA;3860;4,7;19;6,84;1,036;18,56;7,61;5,32;4,87;4,14
03/02/2016;29;VACA;16860;6;15;6,83;1,03;12,11;3,48;3,09;4,76;2,12
03/02/2016;29;VACA;9620;4;14;6,85;1,03;12,09;3,32;3,31;4,77;2,26
03/02/2016;24;VACA;12120;7,4;15;6,84;1,03;12,29;3,47;3,24;4,87;2,23
03/02/2016;24;VACA;10260;5;15;6,83;1,03;12,27;3,52;3,24;4,76;2,23
03/02/2016;32;VACA;26780;4,4;15;6,83;1,03;12,39;3,63;3,22;4,8;2,22
03/02/2016;26;VACA;5980;4,4;15;6,8;1,03;12,17;3,34;3,28;4,9;2,26
03/02/2016;38;CABRA;740;4,5;13;6,86;1,032;14,8;5,74;3,65;4,6;2,75
03/02/2016;38;OVEJA;1140;3,5;21;6,81;1,036;18,7;7,38;5,79;4,93;4,46
03/02/2016;42;OVEJA;6500;5,2;20;6,82;1,036;18,54;7,03;5,99;4,77;4,61
03/02/2016;42;CABRA;3520;6;15;6,85;1,032;14,31;5,05;3,64;4,76;2,75
03/02/2016;25;VACA;13940;6;15;6,77;1,03;12,99;4,11;3,31;4,84;2,33
03/02/2016;27;VACA;12580;8,5;15;6,78;1,03;12,28;3,42;3,33;4,84;2,33
03/02/2016;39;OVEJA;3580;5;21;6,77;1,036;19,73;8,45;5,76;4,7;4,37
03/02/2016;1;OVEJA;8680;4,6;20;6,79;1,036;18,05;7,07;5,5;4,73;4,28
03/02/2016;46;OVEJA;9320;6;20;6,79;1,036;18,03;7,07;5,36;4,78;4,21
03/02/2016;45;CABRA;8080;5,8;14;6,85;1,032;14,07;4,82;3,58;4,85;2,74
03/02/2016;43;OVEJA;1840;5;20;6,77;1,036;18,41;7,18;5,81;4,75;4,46
03/02/2016;43;CABRA;1980;5,4;14;6,83;1,032;14,67;5,31;3,84;4,77;2,9
03/02/2016;36;CABRA;10660;6,2;14;6,83;1,032;14,64;5,44;3,52;4,75;2,67
04/02/2016;30;VACA;28160;4,6;15;6,84;1,03;12,11;3,33;3,27;4,81;2,26
04/02/2016;41;CABRA;5540;7;14;6,86;1,032;14,1;5,02;3,36;4,83;2,64
04/02/2016;40;OVEJA;5700;6,2;20;6,79;1,036;18,12;7,21;5,06;4,89;4,04
04/02/2016;40;CABRA;3080;5;14;6,84;1,032;15,25;5,91;3,68;4,73;2,79
04/02/2016;29;VACA;17640;3,5;15;6,8;1,03;12;3,4;3,1;4,69;2,13
04/02/2016;29;VACA;11200;4,8;15;6,82;1,03;12,42;3,73;3,22;4,69;2,22
04/02/2016;39;CABRA;1220;5,6;14;6,82;1,032;14,72;5,47;3,39;4,88;2,69
04/02/2016;39;OVEJA;4140;6;20;6,79;1,036;19,07;7,99;5,56;4,75;4,29
04/02/2016;42;CABRA;940;7;14;6,81;1,032;14,33;5,4;3,58;4,47;2,66
04/02/2016;42;OVEJA;6220;5,2;20;6,77;1,036;19,03;7,92;5,5;4,76;4,3
04/02/2016;28;VACA;14940;5;15;6,84;1,03;13,13;4,11;3,4;4,92;2,47
04/02/2016;32;VACA;28880;3;15;6,8;1,03;12,54;3,6;3,36;4,9;2,35
04/02/2016;26;VACA;6020;5;15;6,8;1,03;12,46;3,67;3,27;4,87;2,31
04/02/2016;43;OVEJA;1100;6;18;6,83;1,036;17,55;6,66;5,55;4,64;4,27
04/02/2016;43;CABRA;4780;5,2;13;6,85;1,032;14,74;5,45;3,7;4,8;2,82
04/02/2016;37;CABRA;2400;6,7;14;6,82;1,032;15,14;5,64;3,91;4,82;2,95
04/02/2016;25;VACA;11260;6;15;6,81;1,03;13,34;4,32;3,32;4,79;2,36
04/02/2016;27;VACA;12920;7,5;15;6,82;1,03;12,41;3,56;3,29;4,76;2,32
04/02/2016;38;CABRA;8780;3,8;14;6,82;1,032;14,94;5,81;3,55;4,7;2,68
04/02/2016;38;OVEJA;3700;4,3;19;6,79;1,036;16,61;5,86;5,01;5,03;4,04
05/02/2016;1;CABRA;26280;3,8;14;6,84;1,032;14,67;5,57;3,52;4,7;2,64
05/02/2016;33;VACA;25120;4,8;15;6,86;1,03;12,27;3,33;3,18;5;2,27
05/02/2016;40;OVEJA;8560;7,5;19;6,85;1,036;18,74;7,87;5,25;4,73;4,14
05/02/2016;24;VACA;12000;5,4;15;6,8;1,03;12,16;3,26;3,22;4,9;2,28
05/02/2016;24;VACA;13560;4,1;15;6,84;1,03;12,28;3,46;3,16;4,82;2,24
05/02/2016;32;VACA;26620;4,8;15;6,81;1,03;12,23;3,5;3,17;4,73;2,22
05/02/2016;29;VACA;16440;5,6;15;6,84;1,03;11,96;3,32;3,1;4,69;2,15
05/02/2016;29;VACA;10740;5,4;15;6,84;1,03;12,24;3,47;3,23;4,73;2,27
05/02/2016;39;OVEJA;3640;3,8;20;6,76;1,036;19,71;8,46;5,66;4,7;4,38
05/02/2016;42;CABRA;5660;4,8;14;6,81;1,032;14,29;5,13;3,65;4,9;2,73
05/02/2016;42;OVEJA;4160;7;20;6,79;1,036;19,19;7,81;6,03;4,63;4,67
05/02/2016;26;VACA;5940;4,3;15;6,81;1,03;12,54;3,69;3,27;4,86;2,28
05/02/2016;25;VACA;13900;6,1;15;6,79;1,03;13,11;4,11;3,3;4,84;2,36
05/02/2016;27;VACA;12200;5,4;15;6,8;1,03;12,64;3,74;3,31;4,85;2,34
05/02/2016;46;OVEJA;9660;5,3;21;6,77;1,036;18,14;7,18;5,42;4,72;4,25
05/02/2016;45;CABRA;7980;5;14;6,83;1,032;14,3;5,16;3,64;4,88;2,74
05/02/2016;1;OVEJA;8760;5,6;20;6,79;1,036;18;7,04;5,48;4,75;4,22
05/02/2016;38;OVEJA;1520;3,8;19;6,8;1,036;18,96;7,51;5,91;4,84;4,58
05/02/2016;38;CABRA;1020;4,4;13;6,86;1,032;14,72;5,55;3,75;4,78;2,79
05/02/2016;36;CABRA;9000;5;14;6,82;1,032;14,95;5,7;3,83;4,74;2,81
06/02/2016;30;VACA;26260;4,5;15;6,84;1,03;12,82;4,04;3,25;4,74;2,28
06/02/2016;22;VACA;26040;6,3;15;6,84;1,03;11,99;3,06;3,25;4,95;2,31
06/02/2016;41;CABRA;5880;6,1;14;6,81;1,032;13,51;4,87;3,26;4,64;2,46
06/02/2016;24;VACA;16100;6,3;15;6,82;1,03;12,33;3,54;3,24;4,78;2,3
06/02/2016;24;VACA;10340;6,3;15;6,83;1,03;12,44;3,64;3,24;4,76;2,29
06/02/2016;40;OVEJA;6180;6;20;6,78;1,036;18,17;7,22;5,21;4,84;4,11
06/02/2016;40;CABRA;3180;5,5;15;6,8;1,032;15,16;5,91;3,83;4,73;2,83
06/02/2016;39;CABRA;1180;6;14;6,82;1,032;15,02;5,88;3,67;4,75;2,72
06/02/2016;39;OVEJA;5360;4,9;20;6,78;1,036;19,32;8,23;5,58;4,69;4,3
06/02/2016;42;CABRA;1680;7,9;14;6,81;1,032;14,32;5,26;3,78;4,65;2,76
06/02/2016;42;OVEJA;6440;8,7;20;6,76;1,036;19,15;8,05;5,52;4,68;4,34
06/02/2016;28;VACA;14880;5;15;6,81;1,03;13,11;4,03;3,37;4,91;2,48
06/02/2016;32;VACA;28380;2,6;15;6,8;1,03;12,6;3,6;3,32;4,87;2,36
06/02/2016;26;VACA;5800;4,1;15;6,83;1,03;12,44;3,55;3,26;4,89;2,35
06/02/2016;3;VACA;18060;5,6;16,5;6,58;1,03;12,35;3,53;3,23;4,77;2,3
06/02/2016;25;VACA;11700;6,9;15;6,81;1,03;13,14;4,12;3,31;4,86;2,36
06/02/2016;27;VACA;12960;7;15;6,83;1,03;12,42;3,54;3,29;4,78;2,34
06/02/2016;37;CABRA;2000;7,2;14;6,83;1,032;15,12;5,8;3,96;4,78;2,91
06/02/2016;43;OVEJA;2200;5,2;20;6,78;1,036;18,1;7,09;5,7;4,65;4,36
06/02/2016;43;CABRA;1880;6,5;14;6,84;1,032;14,85;5,48;3,99;4,83;2,95
06/02/2016;38;CABRA;8860;3,8;14;6,84;1,032;14,9;5,86;3,53;4,78;2,65
06/02/2016;38;OVEJA;3580;6;19;6,82;1,036;16,64;5,87;5,02;5,02;4,02
06/02/2016;33;VACA;23840;3,6;15;6,81;1,03;12,28;3,33;3,21;4,98;2,27
07/02/2016;22;VACA;25880;6,1;15;6,81;1,03;12,41;3,49;3,25;4,96;2,33
07/02/2016;40;OVEJA;8840;5,5;19;6,8;1,036;18,69;7,83;5,19;4,75;4,11
07/02/2016;32;VACA;26160;4,5;15;6,84;1,03;12,33;3,52;3,21;4,81;2,25
07/02/2016;26;VACA;6040;4;15;6,84;1,03;12,5;3,6;3,28;4,88;2,29
07/02/2016;43;OVEJA;1200;6,4;19;6,83;1,036;18,11;6,91;5,68;4,79;4,42
07/02/2016;43;CABRA;4960;5;14;6,84;1,032;14,73;5,51;3,83;4,81;2,86
07/02/2016;25;VACA;13660;6;15;6,81;1,03;13,07;4,07;3,32;4,84;2,36
07/02/2016;27;VACA;12440;7,3;15;6,79;1,03;12,61;3,72;3,31;4,84;2,32
07/02/2016;46;OVEJA;9800;4,9;20;6,77;1,036;18,15;7,12;5,47;4,79;4,3
07/02/2016;45;CABRA;8540;5,3;14;6,83;1,032;14,43;5,22;3,7;4,89;2,75
07/02/2016;1;OVEJA;9060;5,1;20;6,77;1,036;17,96;6,96;5,54;4,73;4,26
07/02/2016;38;CABRA;660;5;14;6,8;1,032;15,04;5,98;3,81;4,69;2,79
07/02/2016;38;OVEJA;1160;4,4;20;6,82;1,036;18,63;7,2;5,84;4,85;4,55
07/02/2016;30;VACA;26000;4,8;14;6,86;1,03;12,53;3,6;3,28;4,84;2,27
08/02/2016;41;CABRA;6000;4,3;14;6,83;1,032;14,17;5,13;3,49;4,89;2,64
08/02/2016;29;VACA;17360;5,4;15;6,82;1,03;12,03;3,4;3,06;4,74;2,11
08/02/2016;29;VACA;11340;4,3;14;6,82;1,03;12,31;3,59;3,17;4,7;2,21
08/02/2016;39;CABRA;1120;5,2;14;6,8;1,032;14,93;5,71;3,58;4,94;2,7
08/02/2016;39;OVEJA;4580;5;19;6,78;1,036;19,13;8,05;5,57;4,74;4,26
08/02/2016;24;VACA;12100;6;15;6,81;1,03;12,42;3,58;3,22;4,81;2,28
08/02/2016;24;VACA;11920;5,5;15;6,84;1,03;12,43;3,6;3,24;4,81;2,27
08/02/2016;32;VACA;29000;2;15;6,82;1,03;12,6;3,62;3,35;4,86;2,36
08/02/2016;28;VACA;15160;5;15;6,81;1,03;13,13;4,05;3,37;4,92;2,42
08/02/2016;26;VACA;6040;4;15;6,82;1,03;12,53;3,62;3,28;4,86;2,29
08/02/2016;25;VACA;11940;6,7;15;6,78;1,03;13,16;4,13;3,31;4,85;2,35
08/02/2016;27;VACA;12840;7;15;6,82;1,03;12,47;3,55;3,33;4,79;2,31
08/02/2016;38;CABRA;9120;4,6;14;6,81;1,032;14,83;5,75;3,65;4,73;2,67
08/02/2016;38;OVEJA;3620;4,5;19;6,77;1,036;16,68;5,92;5,01;5,02;3,99
08/02/2016;42;OVEJA;6520;6,5;18;6,79;1,036;18,17;6,71;5,85;4,86;4,53
08/02/2016;42;CABRA;4980;5,5;13;6,86;1,032;14,4;5,23;3,65;4,94;2,7
08/02/2016;37;CABRA;2160;5;14;6,78;1,032;14,99;5,63;4;4,8;2,9
08/02/2016;33;VACA;25320;4;15;6,82;1,03;12,23;3,22;3,27;5,02;2,3
08/02/2016;40;OVEJA;5120;6;18;6,8;1,036;18,38;7,37;5,23;4,85;4,11
08/02/2016;40;CABRA;3020;6;14;6,8;1,032;15,18;6;3,74;4,71;2,71
08/02/2016;18;VACA;26520;6;15;6,82;1,03;12,29;3,04;3,55;4,97;2,53
08/02/2016;36;CABRA;13440;3;14;6,8;1,032;15,22;5,77;4,05;4,73;2,95
08/02/2016;18;VACA;25780;4;15;6,82;1,03;12,23;3,4;3,1;4,89;2,15
09/02/2016;30;VACA;26620;5,6;14;6,85;1,03;12,74;3,85;3,26;4,81;2,28
09/02/2016;40;OVEJA;5600;5;19;6,82;1,036;18,89;7,99;5,31;4,75;4,13
09/02/2016;29;VACA;16480;3,1;15;6,84;1,03;12,14;3,42;3,06;4,78;2,13
09/02/2016;29;VACA;10320;5,6;14;6,86;1,03;12,28;3,4;3,31;4,79;2,3
09/02/2016;32;VACA;26460;4,5;15;6,81;1,03;12,37;3,54;3,23;4,77;2,27
09/02/2016;42;OVEJA;6420;8,3;20;6,79;1,036;19,23;8,01;5,69;4,72;4,41
09/02/2016;42;CABRA;4380;6,8;14;6,79;1,032;14,65;5,37;3,88;4,74;2,85
09/02/2016;39;OVEJA;5920;4,4;21;6,75;1,036;19,44;8,24;5,69;4,66;4,35
09/02/2016;25;VACA;14260;6,3;15;6,79;1,03;13,09;4,06;3,31;4,88;2,33
09/02/2016;27;VACA;12520;5,6;15;6,8;1,03;12,66;3,76;3,3;4,84;2,3
09/02/2016;46;OVEJA;10220;5;6,8;6,8;1,036;17,95;6,99;5,37;4,78;4,22
09/02/2016;45;CABRA;8100;5;14;6,82;1,032;14,35;5,14;3,69;4,91;2,76
09/02/2016;1;OVEJA;8940;4,2;20;6,77;1,036;18,13;7,05;5,56;4,77;4,31
09/02/2016;24;VACA;16700;5;15;6,82;1,03;12,33;3,51;3,21;4,8;2,24
09/02/2016;24;VACA;7820;5;15;6,82;1,03;12,48;3,58;3,18;4,87;2,25
09/02/2016;26;VACA;5860;4,5;15;6,8;1,03;12,57;3,68;3,3;4,83;2,3
09/02/2016;43;OVEJA;2360;5;20;6,77;1,036;18,31;7,1;5,78;4,75;4,43
09/02/2016;43;CABRA;2180;5;13;6,78;1,032;14,99;5,56;4;4,86;2,95
09/02/2016;38;OVEJA;1380;6;18;6,81;1,036;18,58;7,32;5,75;4,76;4,43
09/02/2016;38;CABRA;1040;7;13;6,84;1,032;14,15;5,41;3,57;4,53;2,58
09/02/2016;18;VACA;24980;4;15;6,82;1,03;12,19;3,31;3,2;4,89;2,24
09/02/2016;18;VACA;25800;6;15;6,78;1,03;12,71;3,5;3,53;4,93;2,53
10/02/2016;18;VACA;26140;7;15;6,78;1,03;12,45;3,41;3,46;4,84;2,44
10/02/2016;29;VACA;16340;7;15;6,8;1,03;12,12;3,43;3,07;4,75;2,14
10/02/2016;29;VACA;9560;4,6;14;6,86;1,03;12,4;3,68;3,19;4,69;2,26
10/02/2016;40;OVEJA;5780;6;20;6,74;1,036;18,52;7,42;5,46;4,79;4,23
10/02/2016;40;CABRA;3900;5,3;14;6,81;1,032;14,74;5,57;3,71;4,78;2,76
10/02/2016;41;CABRA;4360;6,6;14;6,83;1,032;14,32;5,28;3,44;4,97;2,6
10/02/2016;39;CABRA;1320;5,3;14;6,81;1,032;15,35;6,08;3,72;4,84;2,78
10/02/2016;39;OVEJA;3940;4,7;19;6,81;1,036;18,9;7,91;5,45;4,74;4,22
10/02/2016;24;VACA;11820;6;14;6,81;1,03;12,46;3,56;3,23;4,88;2,28
10/02/2016;24;VACA;8900;5,3;14;6,82;1,03;12,38;3,56;3,22;4,77;2,25
10/02/2016;32;VACA;2680;6;15;6,79;1,03;11,38;3,08;3,12;4,41;2,07
10/02/2016;28;VACA;15240;0;15;6,8;1,03;13,21;4,11;3,38;4,9;2,43
10/02/2016;42;CABRA;1040;6,7;14;6,78;1,032;13,26;4,47;3,64;4,55;2,6
10/02/2016;42;OVEJA;6080;5;19;6,8;1,036;19,02;7,88;5,56;4,75;4,32
10/02/2016;38;CABRA;8420;5;14;6,81;1,032;14,88;5,81;3,62;4,76;2,68
10/02/2016;38;OVEJA;3540;5;20;6,78;1,036;16,74;5,89;5,1;5,09;4,08
10/02/2016;37;CABRA;2000;6;14;6,82;1,032;15,06;5,7;4,01;4,82;2,95
10/02/2016;43;CABRA;3620;3;14;6,81;1,032;15,08;5,69;3,89;4,89;2,91
10/02/2016;26;VACA;6000;5;15;6,78;1,03;12,6;3,66;3,29;4,86;2,32
10/02/2016;18;VACA;25500;4,8;14;6,81;1,03;12,87;3,64;3,54;4,89;2,53
10/02/2016;36;CABRA;11900;4;14;6,8;1,032;14,96;5,72;3,74;4,79;2,76
10/02/2016;33;VACA;24980;4,4;14;6,82;1,03;12,22;3,22;3,25;5,03;2,32
10/02/2016;27;VACA;12940;7,7;15;6,8;1,03;12,37;3,49;3,3;4,77;2,31
10/02/2016;25;VACA;11440;5;15;6,8;1,03;13,12;4,18;3,29;4,78;2,3
11/02/2016;30;VACA;25960;5,2;15;6,84;1,03;12,06;3,19;3,27;4,85;2,31
11/02/2016;40;OVEJA;6780;6,5;18;6,82;1,036;18,6;7,73;5,24;4,78;4,11
11/02/2016;32;VACA;26240;2,3;15;6,8;1,03;12,61;3,62;3,31;4,89;2,33
11/02/2016;29;VACA;16820;6,6;14;6,83;1,03;11,97;3,35;2,97;4,8;2,12
11/02/2016;29;VACA;8680;6,7;14;6,82;1,03;12,32;3,56;3,14;4,72;2,19
11/02/2016;26;VACA;5660;4,2;15;6,81;1,03;12,59;3,68;3,27;4,83;2,31
11/02/2016;42;OVEJA;6520;4,5;20;6,8;1,036;18,11;6,62;5,78;4,94;4,49
11/02/2016;42;CABRA;4940;5,5;14;6,83;1,032;14,39;5,16;3,63;4,98;2,69
11/02/2016;39;OVEJA;4020;4,2;20;6,79;1,036;19,25;8,03;5,69;4,69;4,36
11/02/2016;18;VACA;26020;5;15;6,82;1,03;12,2;3,31;3,2;4,93;2,24
11/02/2016;25;VACA;13660;5,2;15;6,79;1,03;13,15;4,13;3,32;4,86;2,41
11/02/2016;27;VACA;12540;7,8;15;6,79;1,03;12,6;3,7;3,3;4,83;2,3
11/02/2016;38;OVEJA;620;5,8;21;6,8;1,036;18,38;7,07;5,74;4,82;4,46
11/02/2016;38;CABRA;680;8;14;6,8;1,032;14,86;5,76;3,35;4,78;2,61
11/02/2016;46;OVEJA;10540;6,9;21;6,78;1,036;18,09;7,09;5,38;4,81;4,22
11/02/2016;45;CABRA;8840;7;15;6,78;1,032;14,46;5,24;3,71;4,86;2,77
11/02/2016;1;OVEJA;8120;4,5;21;6,8;1,036;17,88;6,93;5,51;4,69;4,23
11/02/2016;18;VACA;25280;6;15;6,77;1,03;12,94;3,73;3,51;4,95;2,47
11/02/2016;43;OVEJA;2080;5,34;21;6,8;1,036;18,47;7,14;5,87;4,78;4,54
11/02/2016;43;CABRA;2720;6,2;14;6,83;1,032;14,95;5,46;4,01;4,93;3,01
11/02/2016;18;VACA;25560;5,2;16;6,78;1,03;12,78;3,6;3,5;4,9;2,48
11/02/2016;32;VACA;26880;4,5;15;6,78;1,03;12,44;3,6;3,22;4,79;2,24
12/02/2016;30;VACA;26160;5;14;6,81;1,03;12,8;4;3,2;4,78;2,22
12/02/2016;41;CABRA;6380;4,5;14;6,82;1,032;14,1;5,08;3,46;4,89;2,61
12/02/2016;40;OVEJA;6020;6;20;6,78;1,036;18,34;7,24;5,25;4,9;4,14
12/02/2016;40;CABRA;3280;5,7;15;6,8;1,032;16,44;6,27;4,61;4,88;3,44
12/02/2016;29;VACA;16200;4,4;14;6,81;1,03;11,96;3,34;2,95;4,77;2,08
12/02/2016;29;VACA;8780;7;14;6,81;1,03;12,13;3,32;3,19;4,84;2,24
12/02/2016;39;CABRA;1340;6,2;13;6,81;1,032;15,14;5,9;3,66;4,84;2,77
12/02/2016;39;OVEJA;3940;5,2;18;6,81;1,036;18,65;7,67;5,39;4,75;4,16
12/02/2016;24;VACA;12400;6;15;6,82;1,03;12,23;3,31;3,21;4,92;2,25
12/02/2016;24;VACA;13580;5;15;6,81;1,03;12,54;3,63;3,17;4,89;2,24
12/02/2016;28;VACA;15640;4,7;14;6,79;1,03;13,22;4,1;3,38;4,93;2,43
12/02/2016;32;VACA;29940;2,3;15;6,81;1,03;12,39;3,43;3,28;4,88;2,32
12/02/2016;26;VACA;5580;5;15;6,79;1,03;12,51;3,59;3,26;4,88;2,33
12/02/2016;37;CABRA;2340;4,8;15;6,8;1,032;14,88;5,54;3,95;4,83;2,91
12/02/2016;25;VACA;11660;6;15;6,77;1,03;13,1;4,1;3,3;4,83;2,35
12/02/2016;27;VACA;12900;7;15;6,81;1,03;12,33;3,44;3,26;4,82;2,25
12/02/2016;38;CABRA;8900;4;13;6,75;1,032;14,68;5,68;3,53;4,74;2,62
12/02/2016;38;OVEJA;3580;4,7;20;6,8;1,036;16,79;5,94;5,1;5,07;4,06
12/02/2016;42;OVEJA;6500;5,6;20;6,77;1,036;19,07;7,81;5,82;4,7;4,48
12/02/2016;42;CABRA;4300;5,5;13;6,8;1,032;14,61;5,33;3,82;4,79;2,82
12/02/2016;36;CABRA;10700;4,8;15;6,8;1,032;14,86;5,59;3,75;4,81;2,8
13/02/2016;22;VACA;26340;6,7;15;6,8;1,03;12,17;3,2;3,25;4,97;2,29
13/02/2016;29;VACA;16440;5,5;15;6,81;1,03;11,76;3,17;2,95;4,78;2,04
13/02/2016;29;VACA;9920;6,3;15;6,83;1,03;12,34;3,64;3,16;4,71;2,2
13/02/2016;40;OVEJA;8900;6,1;18;6,79;1,036;18,69;7,74;5,3;4,85;4,13
13/02/2016;24;VACA;15960;7,5;15;6,79;1,03;12,35;3,52;3,22;4,83;2,26
13/02/2016;24;VACA;12960;6,4;15;6,82;1,03;12,5;3,67;3,24;4,79;2,22
13/02/2016;42;OVEJA;5460;4,5;18;6,77;1,036;19,15;7,98;5,63;4,77;4,31
13/02/2016;42;CABRA;3000;5;13;6,82;1,032;14,34;5,14;3,61;4,95;2,7
13/02/2016;32;VACA;26440;6,3;15;6,77;1,03;12,35;3,53;3,19;4,81;2,21
13/02/2016;26;VACA;5020;4,5;15;6,78;1,03;12,62;3,66;3,28;4,88;2,31
13/02/2016;39;OVEJA;4320;3,8;20;6,77;1,036;19,05;7,93;5,59;4,67;4,27
13/02/2016;25;VACA;13960;6;16;6,75;1,03;13,1;4,09;3,3;4,87;2,36
13/02/2016;27;VACA;12520;7,7;15;6,78;1,03;12,65;3,76;3,26;4,84;2,29
13/02/2016;46;OVEJA;10960;6;20;6,76;1,036;17,98;6,97;5,36;4,85;4,19
13/02/2016;45;CABRA;8060;6,4;14;6,8;1,032;14,52;5,27;3,69;4,93;2,75
13/02/2016;1;OVEJA;8700;5,6;20;6,78;1,036;17,67;6,79;5,44;4,68;4,14
13/02/2016;43;OVEJA;2600;5,2;18;6,75;1,036;17,78;6,78;5,58;4,69;4,28
13/02/2016;43;CABRA;1920;6;13;6,8;1,032;14,75;5,31;3,92;4,91;2,92
13/02/2016;38;CABRA;1000;6;13;6,8;1,032;14,78;5,67;3,74;4,74;2,76
13/02/2016;38;OVEJA;800;7;18;6,78;1,036;18,7;7,81;5,41;4,7;4,12
14/02/2016;22;VACA;25560;6,6;15;6,77;1,03;12,56;3,61;3,23;4,95;2,28
14/02/2016;29;VACA;17160;5,6;15;6,82;1,03;11,9;3,21;3,01;4,79;2,1
14/02/2016;29;VACA;9120;4,6;15;6,84;1,03;12;3,16;3,16;4,88;2,21
14/02/2016;41;CABRA;5640;4;13;6,86;1,032;13,97;5,01;3,45;4,85;2,61
14/02/2016;39;CABRA;1120;5;13;6,83;1,032;15,03;5,85;3,56;4,85;2,7
14/02/2016;39;OVEJA;4020;4,8;20;6,8;1,036;18,74;7,75;5,39;4,77;4,14
14/02/2016;40;OVEJA;5920;5,1;18;6,73;1,036;18,48;7,47;5,22;4,92;4,07
14/02/2016;40;CABRA;3340;4,2;15;6,8;1,032;15,32;6,03;3,82;4,72;2,82
14/02/2016;32;VACA;29460;2,8;15;6,79;1,03;12,51;3,49;3,3;4,93;2,32
14/02/2016;28;VACA;15200;5;15;6,78;1,03;13,31;4,19;3,37;4,9;2,44
14/02/2016;26;VACA;4920;4,2;15;6,78;1,03;12,71;3,74;3,29;4,87;2,31
14/02/2016;37;CABRA;1920;7;13;6,79;1,032;15,13;5,72;4,01;4,81;2,97
14/02/2016;43;CABRA;4040;5,2;14;6,79;1,032;14,64;5,5;3,65;4,84;2,71
14/02/2016;25;VACA;11680;6;15;6,77;1,03;13,22;4,16;3,35;4,87;2,39
14/02/2016;27;VACA;12780;7,6;15;6,8;1,03;12,36;3,44;3,26;4,83;2,28
14/02/2016;38;CABRA;8960;3,5;13;6,8;1,032;15,01;5,88;3,64;4,77;2,69
14/02/2016;38;OVEJA;3460;4,4;18;6,77;1,036;16,7;5,93;5,05;5,01;4,03
14/02/2016;33;VACA;25660;4;15;6,8;1,03;12,22;3,25;3,2;5,04;2,25
14/02/2016;30;VACA;25700;6,4;15;6,85;1,03;12,14;3,37;3,2;4,82;2,23
15/02/2016;15;VACA;16460;4,5;15;6,82;1,03;12,76;3,71;3,33;4,96;2,39
15/02/2016;15;VACA;8220;4;15;6,82;1,03;12,69;3,67;3,31;4,93;2,35
15/02/2016;40;OVEJA;8000;5,8;20;6,8;1,036;18,52;7,49;5,48;4,84;4,27
15/02/2016;29;VACA;17180;4,3;15;6,8;1,03;11,78;3,15;2,97;4,85;2,12
15/02/2016;29;VACA;10440;4,2;15;6,81;1,03;12,33;3,6;3,16;4,72;2,2
15/02/2016;4;VACA;15420;4,2;15;6,8;1,03;12,45;3,48;3,27;4,99;2,35
15/02/2016;4;VACA;11420;4,7;15;6,8;1,03;12,63;3,62;3,31;4,97;2,36
15/02/2016;24;VACA;12280;6,7;15;6,78;1,03;12,25;3,31;3,27;4,91;2,3
15/02/2016;24;VACA;12340;6,7;15;6,75;1,03;12,4;3,48;3,27;4,84;2,25
15/02/2016;32;VACA;26440;4,1;15;6,78;1,03;12,38;3,58;3,19;4,8;2,28
15/02/2016;26;VACA;5180;4,3;15;6,8;1,03;12,67;3,71;3,28;4,9;2,34
15/02/2016;39;OVEJA;4280;3,8;18;6,78;1,036;19,15;7,97;5,62;4,72;4,36
15/02/2016;25;VACA;13660;5,7;15;6,77;1,03;13,21;4,18;3,33;4,88;2,41
15/02/2016;27;VACA;12420;7,3;15;6,78;1,03;12,67;3,77;3,29;4,88;2,34
15/02/2016;42;CABRA;3640;5,8;15;6,79;1,032;14,29;5,03;3,85;4,83;2,88
15/02/2016;42;OVEJA;6560;6,8;20;6,78;1,036;18,96;7,74;5,75;4,72;4,47
15/02/2016;43;OVEJA;1980;4,3;20;6,78;1,036;18,49;7,18;5,88;4,79;4,55
15/02/2016;43;CABRA;2800;5,8;14;6,8;1,032;14,81;5,39;3,97;4,94;2,97
15/02/2016;46;OVEJA;11800;5,4;20;6,75;1,036;18,1;7,09;5,43;4,8;4,3
15/02/2016;45;CABRA;8540;5;14;6,82;1,032;14,51;5,34;3,68;4,88;2,77
15/02/2016;1;OVEJA;6620;4,4;20;6,76;1,036;17,99;6,94;5,53;4,82;4,27
15/02/2016;38;CABRA;560;5;15;6,8;1,032;15,47;6,23;4,12;4,65;3,01
15/02/2016;38;OVEJA;920;3,2;18;6,79;1,036;18,63;7,72;5,4;4,69;4,21
15/02/2016;18;VACA;25520;5,4;15;6,78;1,03;12,44;3,15;3,53;5,03;2,56
15/02/2016;17;VACA;17020;5;15;6,77;1,03;12,39;3,48;3,21;4,99;2,27
15/02/2016;17;VACA;9100;5;15;6,79;1,03;12,39;3,46;3,3;4,93;2,34
15/02/2016;36;CABRA;15060;4,7;13;6,86;1,032;14,65;5,46;3,72;4,82;2,81
16/02/2016;30;VACA;15720;4,1;15;6,83;1,03;12,17;3,33;3,23;4,87;2,28
16/02/2016;30;VACA;9820;4,1;15;6,83;1,03;13,22;4,48;3,18;4,72;2,22
16/02/2016;15;VACA;16700;4,1;15;6,8;1,03;12,63;3,67;3,28;4,91;2,37
16/02/2016;15;VACA;8180;4,5;15;6,82;1,03;12,74;3,75;3,3;4,9;2,34
16/02/2016;40;OVEJA;3620;4,5;22;6,75;1,036;18,07;6,9;5,32;4,97;4,19
16/02/2016;40;CABRA;3420;4,7;15;6,8;1,032;15,38;5,9;3,9;4,9;2,92
16/02/2016;41;CABRA;5460;5,3;14;6,84;1,032;14,35;5,18;3,59;4,96;2,74
16/02/2016;29;VACA;16540;5,8;15;6,8;1,03;11,97;3,27;3,02;4,81;2,17
16/02/2016;29;VACA;7680;5,6;15;6,8;1,03;12,14;3,25;3,27;4,89;2,35
16/02/2016;28;VACA;15300;4,4;15;6,8;1,03;13,39;4,26;3,38;4,92;2,49
16/02/2016;24;VACA;22660;5,8;15;6,8;1,03;12,53;3,6;3,22;4,89;2,32
16/02/2016;39;CABRA;1180;6;14;6,82;1,032;15,1;5,97;3,55;4,89;2,71
16/02/2016;39;OVEJA;4520;5,5;20;6,8;1,036;18,89;7,87;5,49;4,74;4,28
16/02/2016;32;VACA;29700;2,3;15;6,79;1,03;12,52;3,51;3,32;4,92;2,38
16/02/2016;26;VACA;5100;4;15;6,8;1,03;12,64;3,7;3,25;4,9;2,32
16/02/2016;37;CABRA;2580;2,3;15;6,79;1,032;15,42;5,74;4,29;4,83;3,17
16/02/2016;25;VACA;11180;6;15;6,79;1,03;13,32;4,28;3,35;4,82;2,39
16/02/2016;27;VACA;12860;7;15;6,78;1,03;12,41;3,5;3,29;4,83;2,33
16/02/2016;42;CABRA;4120;6,2;14;6,79;1,032;14,54;5,2;3,81;4,95;2,85
16/02/2016;42;OVEJA;11740;4,6;20;6,77;1,036;18,57;7,33;5,59;4,88;4,36
16/02/2016;38;CABRA;7920;3,5;14;6,75;1,032;15,13;5,96;3,69;4,84;2,79
16/02/2016;38;OVEJA;3420;4,3;20;6,8;1,036;16,88;6,16;5,1;4,95;4,1
16/02/2016;17;VACA;16480;4,1;15;6,8;1,03;12,69;3,72;3,28;4,95;2,34
16/02/2016;17;VACA;8440;4,1;15;6,8;1,03;12,54;3,62;3,22;4,92;2,27
17/02/2016;4;VACA;17660;4,4;15;6,79;1,03;12,92;3,84;3,36;4,95;2,4
17/02/2016;4;VACA;8400;4,4;15;6,8;1,03;12,33;3,43;3,23;5;2,28
17/02/2016;33;VACA;23060;2,9;16;6,75;1,03;12,28;3,25;3,24;5,07;2,27
17/02/2016;29;VACA;16240;4,2;15;6,85;1,03;11,8;3,25;2,9;4,74;2,04
17/02/2016;29;VACA;9500;4,7;15;6,85;1,03;12,51;3,74;3,2;4,71;2,23
17/02/2016;40;OVEJA;1440;5;20;6,76;1,036;18,86;7,63;5,72;4,79;4,46
17/02/2016;30;VACA;27540;3,7;15;6,79;1,03;12,31;3,36;3,28;4,9;2,32
17/02/2016;24;VACA;11960;6,8;15;6,8;1,03;12,43;3,48;3,25;4,91;2,32
17/02/2016;24;VACA;11220;6,7;15;6,79;1,03;12,53;3,64;3,26;4,81;2,28
17/02/2016;32;VACA;26720;4,6;15;6,78;1,03;12,19;3,33;3,23;4,83;2,29
17/02/2016;26;VACA;5180;4,2;15;6,78;1,03;12,57;3,66;3,24;4,88;2,3
17/02/2016;42;CABRA;3840;4,4;14;6,81;1,032;14,63;5,26;3,81;4,94;2,85
17/02/2016;42;OVEJA;5500;4,3;20;6,79;1,036;19,39;8,22;5,75;4,66;4,43
17/02/2016;39;OVEJA;4160;4,5;20;6,75;1,036;19,37;8,06;5,78;4,68;4,49
17/02/2016;43;OVEJA;2480;4,4;20;6,78;1,036;18,58;7,24;5,86;4,8;4,53
17/02/2016;43;CABRA;1800;5,4;15;6,81;1,032;14,85;5,44;4,03;4,83;2,96
17/02/2016;25;VACA;13920;6;15;6,76;1,03;13,16;4,14;3,33;4,84;2,39
17/02/2016;27;VACA;12280;7,3;15;6,79;1,03;12,73;3,84;3,26;4,85;2,32
17/02/2016;46;OVEJA;10860;5,7;20;6,77;1,036;17,93;7;5,33;4,76;4,26
17/02/2016;45;CABRA;7860;5;13;6,84;1,032;14,43;5,26;3,7;4,86;2,77
17/02/2016;1;OVEJA;6500;5;21;6,75;1,036;17,87;6,81;5,49;4,82;4,24
17/02/2016;38;CABRA;960;4,5;14;6,83;1,032;15,1;5,85;3,9;4,79;2,87
17/02/2016;38;OVEJA;400;5;20;6,76;1,036;19,04;7,97;5,66;4,7;4,3
17/02/2016;36;CABRA;12140;5,7;14;6,8;1,032;14,82;5,66;3,58;4,83;2,71
17/02/2016;17;VACA;24120;4,6;15;6,8;1,03;12,36;3,58;3,17;4,86;2,2
18/02/2016;40;OVEJA;3420;6;21;6,74;1,036;18,51;7,38;5,37;4,88;4,25
18/02/2016;40;CABRA;3420;4,3;14;6,77;1,032;15,56;6,17;3,82;4,8;2,86
18/02/2016;41;CABRA;5940;6;14;6,85;1,032;14,35;5,17;3,64;4,85;2,74
18/02/2016;29;VACA;16760;4,3;15;6,8;1,03;11,9;3,24;3,05;4,75;2,13
18/02/2016;29;VACA;6300;6,8;15;6,83;1,03;12,01;3,38;3,09;4,72;2,16
18/02/2016;39;CABRA;1580;4,6;15;6,8;1,032;15,3;6;3,71;4,83;2,83
18/02/2016;39;OVEJA;4460;5;19;6,8;1,036;18,95;7,87;5,61;4,72;4,33
18/02/2016;32;VACA;29700;2,5;15;6,78;1,03;12,41;3,42;3,32;4,9;2,3
18/02/2016;26;VACA;5020;4;15;6,8;1,03;12,69;3,76;3,29;4,88;2,32
18/02/2016;28;VACA;15220;4,7;15;6,8;1,03;13,34;4,23;3,39;4,91;2,42
18/02/2016;43;CABRA;3980;4,7;14;6,8;1,032;15,31;5,92;3,92;4,92;2,9
18/02/2016;42;CABRA;3720;6,5;15;6,8;1,032;14,57;5,33;3,81;4,77;2,82
18/02/2016;42;OVEJA;5240;7,4;20;6,78;1,036;19,33;8,13;5,59;4,74;4,38
18/02/2016;37;CABRA;2160;7,2;14;6,8;1,032;15,22;5,81;4,02;4,85;2,95
18/02/2016;25;VACA;11960;6,3;15;6,8;1,03;13;4,1;3,32;4,76;2,31
18/02/2016;27;VACA;12840;7,2;15;6,8;1,03;12,43;3,54;3,32;4,78;2,31
18/02/2016;38;CABRA;9680;4,5;14;6,8;1,032;15,02;5,84;3,8;4,72;2,77
18/02/2016;38;OVEJA;3580;4,5;20;6,78;1,036;17,29;6,43;5,21;4,94;4,14
18/02/2016;33;VACA;24740;4,4;15;6,8;1,03;12,39;3,39;3,23;5,05;2,24
18/02/2016;17;VACA;15860;5,3;153;6,81;1,03;12,45;3,53;3,29;4,96;2,3
18/02/2016;17;VACA;9840;4,1;15;6,82;1,03;12,33;3,5;3,12;4,95;2,15
18/02/2016;30;VACA;26380;3,6;15;6,84;1,03;12,78;3,96;3,24;4,8;2,27
19/02/2016;40;OVEJA;7940;5,6;20;6,82;1,036;19,11;8;5,56;4,76;4,31
19/02/2016;29;VACA;16280;4,8;15;6,81;1,03;11,78;3,18;3,03;4,73;2,12
19/02/2016;29;VACA;8700;5,3;15;6,8;1,03;12,3;3,46;3,28;4,78;2,29
19/02/2016;24;VACA;12100;5,6;15;6,82;1,03;12,26;3,31;3,3;4,91;2,31
19/02/2016;24;VACA;13560;4,5;15;6,84;1,03;12,59;3,61;3,22;4,93;2,31
19/02/2016;32;VACA;26820;4,4;15;6,84;1,03;12,35;3,53;3,2;4,81;2,21
19/02/2016;26;VACA;5080;4,5;15;6,82;1,03;12,6;3,7;3,28;4,87;2,3
19/02/2016;42;OVEJA;10200;5,3;20;6,82;1,036;18,13;6,83;5,74;4,8;4,44
19/02/2016;42;CABRA;3840;5;14;6,86;1,032;14,1;4,97;3,64;4,87;2,7
19/02/2016;39;OVEJA;4300;4;20;6,8;1,036;19,31;8,18;5,63;4,63;4,31
19/02/2016;25;VACA;13860;5,5;15;6,82;1,03;13,18;4,12;3,35;4,86;2,38
19/02/2016;27;VACA;12240;7,5;15;6,8;1,03;12,57;3,7;3,25;4,88;2,28
19/02/2016;43;OVEJA;2080;4,6;20;6,8;1,036;18,64;7,31;5,86;4,76;4,49
19/02/2016;43;CABRA;3000;5,6;14;6,84;1,032;15,16;5,69;4;4,89;2,92
19/02/2016;1;OVEJA;7940;5,2;21;6,79;1,036;17,63;6,62;5,5;4,78;4,23
19/02/2016;46;OVEJA;11120;5,2;21;6,78;1,036;17,98;6,9;5,45;4,81;4,31
19/02/2016;45;CABRA;8780;5;14;6,81;1,032;14,46;5,24;3,68;4,88;2,75
19/02/2016;38;OVEJA;260;3,8;20;6,82;1,036;18,3;7,14;5,68;4,7;4,41
19/02/2016;38;CABRA;680;4,5;13;6,87;1,032;15,16;6,01;4;4,61;2,9
19/02/2016;36;CABRA;11020;6,5;14;6,81;1,032;14,9;5,62;3,66;4,89;2,78
20/02/2016;22;VACA;26300;6,4;15;6,84;1,03;12,26;3,32;3,28;4,94;2,33
20/02/2016;41;CABRA;6280;6;14;6,86;1,032;14,52;5,31;3,69;4,82;2,8
20/02/2016;40;OVEJA;3860;4;20;6,76;1,036;18,9;7,83;5,27;4,85;4,2
20/02/2016;40;CABRA;3460;6;14;6,79;1,032;15,5;6,17;3,76;4,86;2,84
20/02/2016;24;VACA;15480;7;15;6,85;1,03;12,45;3,56;3,26;4,82;2,3
20/02/2016;24;VACA;11700;6,3;15;6,85;1,03;12,45;3,64;3,23;4,78;2,25
20/02/2016;29;VACA;16760;6,8;15;6,84;1,03;11,77;3,11;3,07;4,78;2,16
20/02/2016;29;VACA;6140;7;15;6,86;1,03;12,25;3,52;3,14;4,75;2,19
20/02/2016;39;CABRA;1140;5,7;15;6,82;1,032;15,13;5,9;3,59;4,89;2,72
20/02/2016;39;OVEJA;4320;5,5;20;6,81;1,036;19,08;7,98;5,56;4,7;4,29
20/02/2016;26;VACA;5180;4,3;15;6,84;1,03;12,42;3,5;3,25;4,88;2,32
20/02/2016;42;CABRA;1800;5,2;14;6,82;1,032;15,26;5,93;3,87;4,83;2,92
20/02/2016;42;OVEJA;6100;6,6;20;6,8;1,036;19,38;8,23;5,55;4,73;4,35
20/02/2016;32;VACA;29920;2,6;15;6,83;1,03;12,31;3,29;3,32;4,91;2,33
20/02/2016;28;VACA;15420;4,7;15;6,82;1,03;13,3;4,17;3,39;4,91;2,44
20/02/2016;37;CABRA;2360;6,5;14;6,84;1,032;15,22;5,77;3,94;4,88;2,94
20/02/2016;25;VACA;11860;7,2;15;6,82;1,03;13,31;4,21;3,37;4,85;2,4
20/02/2016;27;VACA;12920;7,3;15;6,84;1,03;12,34;3,46;3,29;4,78;2,29
20/02/2016;38;CABRA;9060;4,5;14;6,8;1,032;14,91;5,87;3,61;4,71;2,66
20/02/2016;38;OVEJA;3640;4,8;20;6,8;1,036;17,21;6,41;5,09;4,96;4,07
20/02/2016;30;VACA;26360;4,5;15;6,84;1,03;12,34;3,46;3,26;4,85;2,29
21/02/2016;40;OVEJA;7820;5,9;20;6,82;1,036;19,07;7,93;5,56;4,8;4,33
21/02/2016;22;VACA;25340;6,2;15;6,84;1,03;12,08;3,08;3,29;4,98;2,34
21/02/2016;29;VACA;14900;3,3;15;6,85;1,03;12,03;3,32;3;4,83;2,1
21/02/2016;29;VACA;11220;5,7;15;6,85;1,03;12,3;3,38;3,33;4,79;2,32
21/02/2016;32;VACA;26400;4,2;15;6,83;1,03;12,35;3,5;3,21;4,85;2,29
21/02/2016;26;VACA;5100;6,2;15;6,83;1,03;12,76;3,8;3,23;4,9;2,29
21/02/2016;39;OVEJA;4380;4,2;20;6,81;1,036;19,37;8,21;5,62;4,63;4,3
21/02/2016;43;OVEJA;2600;5;20;6,78;1,036;17,87;6,83;5,66;4,68;4,36
21/02/2016;43;CABRA;2020;4,9;14;6,82;1,032;14,69;5,44;3,87;4,8;2,87
21/02/2016;25;VACA;13220;6;15;6,81;1,03;13,45;4,31;3,39;4,85;2,43
21/02/2016;27;VACA;12460;6,79;15;6,82;1,03;12,55;3,67;3,26;4,89;2,35
21/02/2016;38;CABRA;1000;4;14;6,82;1,032;14,88;5,69;3,8;4,76;2,83
21/02/2016;38;OVEJA;940;4,5;20;6,8;1,036;18,59;7,67;5,48;4,59;4,25
21/02/2016;46;OVEJA;11800;5,5;20;6,79;1,036;17,96;6,88;5,46;4,8;4,3
21/02/2016;45;CABRA;8820;5,3;15;6,81;1,032;14,57;5,29;3,69;4,95;2,78
21/02/2016;1;OVEJA;6540;5,6;20;6,79;1,036;17,17;6,54;5,31;4,57;4,06
22/02/2016;30;VACA;27020;4;15;6,8;1,03;12,13;3,22;3,23;4,89;2,31
22/02/2016;41;CABRA;6440;4;15;6,84;1,032;14,44;5,29;3,65;4,86;2,78
22/02/2016;40;OVEJA;4140;4,5;20;6,8;1,036;18,53;7,31;5,52;4,84;4,35
22/02/2016;40;CABRA;3420;5,1;14;6,84;1,032;15,49;6,17;3,76;4,85;2,84
22/02/2016;29;VACA;16480;5;15;6,83;1,03;11,88;3,23;3,04;4,73;2,14
22/02/2016;29;VACA;8080;5,8;15;6,84;1,03;12,28;3,48;3,21;4,78;2,28
22/02/2016;24;VACA;11840;5,2;15;6,83;1,03;12,29;3,32;3,27;4,93;2,31
22/02/2016;24;VACA;12720;5,6;15;6,82;1,03;12,24;3,55;3,17;4,73;2,18
22/02/2016;39;CABRA;1620;6;14;6,83;1,032;15,2;5,96;3,68;4,9;2,81
22/02/2016;39;OVEJA;4260;5;21;6,8;1,036;19,18;8,15;5,5;4,75;4,24
22/02/2016;32;VACA;29860;2,7;15;6,83;1,03;12,34;3,31;3,34;4,93;2,36
22/02/2016;28;VACA;15660;5,2;15;6,82;1,03;13,25;4,16;3,38;4,9;2,43
22/02/2016;43;CABRA;4280;4;14;6,78;1,032;15,1;5,76;3,89;4,88;2,92
22/02/2016;37;CABRA;2340;5,6;14;6,83;1,032;14,99;5,61;3,93;4,89;2,94
22/02/2016;26;VACA;5140;3,5;15;6,83;1,03;12,66;3,74;3,24;4,9;2,3
22/02/2016;38;OVEJA;3600;4,2;20;6,8;1,036;17,41;6,59;5,12;4,96;4,1
22/02/2016;38;CABRA;9200;4,7;14;6,82;1,032;15;5,88;3,67;4,72;2,71
22/02/2016;25;VACA;11900;5,4;15;6,78;1,03;13,18;4,15;3,35;4,85;2,41
22/02/2016;27;VACA;12340;6;15;6,84;1,03;12,39;3,49;3,3;4,8;2,31
22/02/2016;42;CABRA;3600;5,2;14;6,8;1,032;14,52;5,24;3,75;4,91;2,79
22/02/2016;42;OVEJA;6480;5,2;20;6,8;1,036;19,08;7,89;5,76;4,66;4,42
22/02/2016;33;VACA;25200;6,2;15;6,84;1,03;12,29;3,29;3,21;5,05;2,24
22/02/2016;36;CABRA;15600;5,3;14;6,8;1,032;14,72;5,52;3,67;4,83;2,75
23/02/2016;18;VACA;25340;6,3;15;6,84;1,03;13,22;4,12;3,46;4,85;2,49
23/02/2016;18;VACA;26260;6,4;15;6,83;1,03;12,93;3,8;3,45;4,9;2,46
23/02/2016;40;OVEJA;4320;5,7;18;6,83;1,036;18,96;7,92;5,53;4,78;4,27
23/02/2016;29;VACA;16360;7;15;6,85;1,03;11,7;3,12;3,02;4,7;2,11
23/02/2016;29;VACA;5460;6,2;15;6,85;1,03;12,44;3,67;3,25;4,68;2,25
23/02/2016;24;VACA;22460;6;15;6,83;1,03;12,5;3,59;3,21;4,91;2,29
23/02/2016;32;VACA;26800;5,3;15;6,8;1,03;12,32;3,51;3,22;4,8;2,25
23/02/2016;26;VACA;5320;4,2;15;6,82;1,03;12,56;3,67;3,22;4,9;2,25
23/02/2016;43;OVEJA;1760;4,5;20;6,8;1,036;18,29;6,95;5,87;4,79;4,52
23/02/2016;43;CABRA;3060;5,6;15;6,8;1,032;14,78;5,41;3,9;4,91;2,91
23/02/2016;25;VACA;13840;5;15;6,83;1,03;13,21;4,2;3,32;4,83;2,39
23/02/2016;27;VACA;12440;5;15;6,85;1,03;12,55;3,66;3,25;4,87;2,28
23/02/2016;46;OVEJA;12360;6,1;20;6,8;1,036;17,77;6,78;5,39;4,75;4,2
23/02/2016;45;CABRA;8800;5,6;14;6,84;1,032;14,42;5,21;3,7;4,87;2,77
23/02/2016;38;CABRA;640;5,1;14;6,83;1,032;15,09;5,97;3,9;4,63;2,83
23/02/2016;38;OVEJA;900;5,5;20;6,81;1,036;18,74;7,72;5,5;4,7;4,26
23/02/2016;42;CABRA;3820;4,9;15;6,83;1,032;14,78;5,47;3,92;4,78;2,86
23/02/2016;42;OVEJA;11560;4,7;21;6,8;1,036;18,01;6,75;5,64;4,85;4,37
24/02/2016;30;VACA;26960;4,8;15;6,86;1,03;12,42;3,6;3,18;4,82;2,2
24/02/2016;41;CABRA;6000;5;14;6,82;1,032;14,51;5,37;3,61;4,86;2,74
24/02/2016;40;OVEJA;4140;5;20;6,8;1,036;18,9;7,75;5,35;4,86;4,24
24/02/2016;40;CABRA;3520;5,1;14;6,84;1,032;15,33;6,09;3,68;4,78;2,77
24/02/2016;29;VACA;16620;4;15;6,84;1,03;11,8;3,2;2,99;4,72;2,08
24/02/2016;29;VACA;7260;6,2;15;6,84;1,03;12,18;3,33;3,29;4,77;2,29
24/02/2016;24;VACA;11740;4,7;15;6,81;1,03;12,37;3,47;3,19;4,92;2,24
24/02/2016;24;VACA;10940;4,9;15;6,8;1,03;12,5;3,55;3,23;4,87;2,29
24/02/2016;39;CABRA;1200;6;14;6,82;1,032;14,93;5,76;3,54;4,84;2,7
24/02/2016;39;OVEJA;4500;4,8;20;6,77;1,036;18,98;7,95;5,46;4,72;4,21
24/02/2016;32;VACA;29840;2,9;15;6,82;1,03;12,39;3,33;3,34;4,92;2,33
24/02/2016;28;VACA;15780;4,8;15;6,83;1,03;13,16;4,09;3,37;4,87;2,42
24/02/2016;26;VACA;5460;4,2;15;6,82;1,03;12,51;3,64;3,2;4,9;2,24
24/02/2016;37;CABRA;2620;5;14;6,82;1,032;14,95;5,62;3,87;4,86;2,88
24/02/2016;25;VACA;11180;5,2;15;6,8;1,03;13,32;4,27;3,37;4,8;2,41
24/02/2016;27;VACA;13000;7,7;15;6,82;1,03;12,24;3,39;3,26;4,79;2,29
24/02/2016;38;CABRA;9540;5,6;14;6,82;1,032;15;5,88;3,63;4,79;2,72
24/02/2016;38;OVEJA;3660;5,2;20;6,8;1,036;17,18;6,36;5,16;4,98;4,1
24/02/2016;33;VACA;25060;4,3;15;6,8;1,03;12,32;3,31;3,23;5,04;2,28
24/02/2016;42;OVEJA;6420;5,6;20;6,83;1,036;18,99;7,91;5,49;4,75;4,27
24/02/2016;42;CABRA;5020;4,8;14;6,84;1,032;14,29;5,06;3,68;4,92;2,74
24/02/2016;18;VACA;25400;5,2;15;6,81;1,03;12,77;3,64;3,44;4,89;2,45
24/02/2016;36;CABRA;12720;7;14;6,82;1,032;14,72;5,55;3,6;4,86;2,75
24/02/2016;18;VACA;25580;6,2;15;6,78;1,03;12,84;3,72;3,42;4,9;2,42
25/02/2016;40;OVEJA;3780;6;20;6,82;1,036;18,89;7,81;5,59;4,73;4,28
25/02/2016;29;VACA;17180;4,3;15;6,85;1,03;11,72;3,05;3,04;4,78;2,08
25/02/2016;29;VACA;5440;5,2;15;6,85;1,03;12,31;3,56;3,22;4,68;2,22
25/02/2016;42;OVEJA;4240;3,5;20;6,82;1,036;18,87;7,82;5,64;4,68;4,35
25/02/2016;42;CABRA;3920;6;14;6,84;1,032;14,77;5,54;3,69;4,86;2,72
25/02/2016;32;VACA;26980;4,9;15;6,83;1,03;12,39;3,56;3,21;4,81;2,25
25/02/2016;1;OVEJA;17000;5,5;21;6,75;1,036;17,77;6,88;5,41;4,72;4,18
25/02/2016;39;OVEJA;5960;4;20;6,83;1,036;18,91;7,85;5,52;4,67;4,19
25/02/2016;26;VACA;5320;4;15;6,84;1,03;12,61;3,7;3,23;4,89;2,26
25/02/2016;25;VACA;14180;6,2;15;6,78;1,03;13,18;4,16;3,32;4,87;2,36
25/02/2016;27;VACA;12520;7,5;15;6,82;1,03;12,57;3,67;3,25;4,9;2,29
25/02/2016;43;OVEJA;2380;5;20;6,8;1,036;17,83;6,63;5,74;4,77;4,45
25/02/2016;43;CABRA;2020;4,4;14;6,83;1,032;14,65;5,31;3,85;4,9;2,87
25/02/2016;46;OVEJA;12320;5,5;18;6,77;1,036;17,73;6,79;5,33;4,81;4,2
25/02/2016;45;CABRA;8900;5,6;14;6,81;1,032;14,36;5,16;3,71;4,88;2,77
25/02/2016;18;VACA;25380;6;15;6,83;1,03;13,05;3,86;3,45;4,94;2,48
25/02/2016;38;CABRA;1080;5;14;6,85;1,032;14,74;5,55;3,77;4,8;2,83
25/02/2016;38;OVEJA;260;4,3;20;6,8;1,036;18,08;6,95;5,58;4,8;4,34
25/02/2016;30;VACA;27440;6;15;6,83;1,03;12,21;3,45;3,17;4,82;2,17
25/02/2016;18;VACA;25600;6,4;15;6,8;1,03;12,85;3,67;3,46;4,92;2,43
26/02/2016;40;OVEJA;4360;6;20;6,78;1,036;18,53;7,37;5,34;4,91;4,25
26/02/2016;40;CABRA;3640;4,2;14;6,8;1,032;NA;NA;NA;NA;NA
26/02/2016;41;CABRA;7460;4,5;14;6,83;1,032;14,4;5,27;3,58;4,87;2,7
26/02/2016;29;VACA;16400;5,7;15;6,86;1,03;11,85;3,16;3,04;4,79;2,11
26/02/2016;29;VACA;7940;5,5;15;6,86;1,03;12,11;3,33;3,18;4,76;2,23
26/02/2016;24;VACA;11620;5,6;15;6,81;1,03;12,27;3,33;3,24;4,93;2,29
26/02/2016;24;VACA;13540;4,6;15;6,8;1,03;12,61;3,62;3,22;4,94;2,28
26/02/2016;39;CABRA;1660;5;14;6,82;1,032;15,07;5,9;3,54;4,87;2,72
26/02/2016;39;OVEJA;4240;5,2;20;6,8;1,036;19,01;7,94;5,49;4,74;4,23
26/02/2016;32;VACA;30240;3;15;6,83;1,03;12,3;3,34;3,3;4,92;2,32
26/02/2016;28;VACA;16000;4,3;15;6,82;1,03;13,2;4,11;3,37;4,88;2,41
26/02/2016;43;CABRA;4600;4,8;14;6,85;1,032;15,04;5,62;3,9;4,89;2,92
26/02/2016;26;VACA;5220;4,3;15;6,83;1,03;12,71;3,76;3,23;4,9;2,27
26/02/2016;37;CABRA;2200;7,2;14;6,82;1,032;15,36;5,73;4;4,82;2,97
26/02/2016;42;CABRA;1980;5,5;14;6,82;1,032;13,77;4,76;3,83;4,61;2,79
26/02/2016;42;OVEJA;5400;4,6;20;6,79;1,036;19,18;8,09;5,57;4,74;4,29
26/02/2016;38;CABRA;9480;4,5;14;6,82;1,032;15,13;6,04;3,66;4,73;2,7
26/02/2016;38;OVEJA;3760;4,2;20;6,78;1,036;17,03;6,13;5,24;4,98;4,16
26/02/2016;27;VACA;12960;7,2;15;6,85;1,03;12,2;3,33;3,28;4,82;2,29
26/02/2016;25;VACA;11420;4,3;15;6,82;1,03;13,25;4,22;3,36;4,85;2,39
26/02/2016;36;CABRA;11380;6,5;14;6,82;1,032;14,69;5,51;3,65;4,83;2,75
27/02/2016;22;VACA;24960;5,7;15;6,84;1,03;12,38;3,43;3,27;4,94;2,31
27/02/2016;30;VACA;27500;4,5;15;6,82;1,03;12,21;3,39;3,23;4,86;2,27
27/02/2016;29;VACA;16320;3;15;6,85;1,03;12,01;3,27;3,04;4,83;2,09
27/02/2016;29;VACA;8400;7,1;15;6,85;1,03;12,32;3,46;3,27;4,78;2,3
27/02/2016;24;VACA;15000;7;15;6,84;1,03;12,44;3,57;3,26;4,87;2,31
27/02/2016;24;VACA;11780;6;15;6,86;1,03;12,56;3,64;3,27;4,85;2,3
27/02/2016;40;OVEJA;8260;5,2;20;6,8;1,036;18,96;7,89;5,52;4,77;4,23
27/02/2016;32;VACA;26480;5,4;15;6,84;1,03;12,45;3,59;3,23;4,83;2,28
27/02/2016;26;VACA;5300;4,7;15;6,81;1,03;12,71;3,78;3,25;4,86;2,28
27/02/2016;39;OVEJA;4520;4;20;6,84;1,036;19,22;8,18;5,52;4,69;4,23
27/02/2016;38;OVEJA;980;3,7;20;6,81;1,036;18,4;7,5;5,35;4,73;4,17
27/02/2016;38;CABRA;720;5;14;6,85;1,032;14,87;5,82;3,88;4,59;2,84
27/02/2016;43;OVEJA;1960;4,5;20;6,8;1,036;17,85;6,84;5,74;4,62;4,34
27/02/2016;43;CABRA;2940;6;15;6,83;1,032;14,72;5,34;3,91;4,93;2,92
27/02/2016;46;OVEJA;12280;5;20;6,8;1,036;17,94;6,88;5,39;4,86;4,28
27/02/2016;45;CABRA;9360;5;14;6,82;1,032;14,44;5,21;3,69;4,92;2,78
27/02/2016;25;VACA;13900;5,5;15;6,8;1,03;13,29;4,26;3,35;4,86;2,37
27/02/2016;27;VACA;12420;7;15;6,83;1,03;12,65;3,71;3,29;4,9;2,31
27/02/2016;42;CABRA;1880;4,6;14;6,86;1,032;14,68;5,48;3,75;4,83;2,77
27/02/2016;42;OVEJA;4860;3;20;6,8;1,036;18,5;7,32;5,7;4,77;4,42
28/02/2016;22;VACA;25640;6;15;6,82;1,03;12,31;3,28;3,31;4,98;2,39
28/02/2016;41;CABRA;6420;6;14;6,85;1,032;14,41;5,3;3,54;4,9;2,69
28/02/2016;40;OVEJA;3840;4;20;6,79;1,036;18,65;7,59;5,22;4,94;4,16
28/02/2016;40;CABRA;3060;5;15;6,8;1,032;15,06;5,73;3,61;4,95;2,8
28/02/2016;29;VACA;16320;4;15;6,85;1,03;12,14;3,4;3,04;4,81;2,11
28/02/2016;29;VACA;6460;4,7;15;6,85;1,03;12,38;3,56;3,2;4,79;2,29
28/02/2016;39;CABRA;1180;5,2;14;6,85;1,032;15,13;5,96;3,59;4,84;2,73
28/02/2016;39;OVEJA;4200;7;19;6,83;1,036;19,21;8,06;5,63;4,75;4,33
28/02/2016;32;VACA;29740;2,8;15;6,83;1,03;12,4;3,4;3,31;4,93;2,35
28/02/2016;28;VACA;15460;5;15;6,82;1,03;13,24;4,13;3,39;4,92;2,48
28/02/2016;26;VACA;5600;3,5;15;6,8;1,03;12,76;3,84;3,26;4,85;2,3
28/02/2016;25;VACA;11440;5,5;15;6,85;1,03;13,39;4,34;3,38;4,82;2,43
28/02/2016;27;VACA;12960;7,3;15;6,85;1,03;12,3;3,38;3,34;4,8;2,38
28/02/2016;38;CABRA;9320;3,9;15;6,85;1,032;15,01;5,75;3,82;4,8;2,79
28/02/2016;38;OVEJA;3720;4,2;20;6,78;1,036;17,01;6,14;5,2;4,95;4,13
28/02/2016;37;CABRA;2520;4,3;15;6,85;1,032;15,05;5,73;3,88;4,91;2,88
28/02/2016;42;CABRA;3620;4;15;6,85;1,032;14,73;5,46;3,78;4,93;2,78
28/02/2016;42;OVEJA;11600;4,2;20;6,8;1,036;18,42;7,05;5,72;4,89;4,4
28/02/2016;33;VACA;25000;4,2;15;6,84;1,03;12,51;3,42;3,27;5,08;2,32
29/02/2016;15;VACA;25460;5;15;6,86;1,03;12,84;3,8;3,4;4,91;2,43
29/02/2016;30;VACA;27700;4,5;15;6,85;1,03;12,47;3,61;3,25;4,86;2,27
29/02/2016;40;OVEJA;7040;5,6;20;6,84;1,036;19,34;8,17;5,67;4,77;4,37
29/02/2016;29;VACA;16440;5,7;15;6,85;1,03;12,08;3,32;3,04;4,83;2,12
29/02/2016;29;VACA;10020;4,3;15;6,85;1,03;12,45;3,5;3,35;4,83;2,37
29/02/2016;24;VACA;11780;8;15;6,8;1,03;12,4;3,37;3,31;4,97;2,32
29/02/2016;24;VACA;12120;6;15;6,8;1,03;12,65;3,64;3,32;4,92;2,33
29/02/2016;32;VACA;25960;4,5;15;6,8;1,03;12,2;3,55;3,17;4,72;2,19
29/02/2016;42;CABRA;5260;5;14;6,84;1,032;14,5;5,21;3,8;4,88;2,81
29/02/2016;42;OVEJA;4420;4,4;20;6,81;1,036;18,9;7,61;5,81;4,8;4,53
29/02/2016;43;OVEJA;2160;4,5;22;6,78;1,036;18,49;7,09;5,96;4,78;4,62
29/02/2016;43;CABRA;2120;4,5;15;6,84;1,032;14,88;5,49;3,94;4,89;2,93
29/02/2016;26;VACA;5540;4,3;15;6,8;1,03;12,66;3,75;3,24;4,89;2,29
29/02/2016;39;OVEJA;4460;4,8;20;6,82;1,036;19,21;8,18;5,48;4,75;4,19
29/02/2016;25;VACA;13360;5,7;15;6,81;1,03;13,34;4,33;3,33;4,84;2,39
29/02/2016;27;VACA;12540;4,6;15;6,8;1,03;12,66;3,74;3,28;4,88;2,33
29/02/2016;38;CABRA;1060;4;14;6,85;1,032;15;5,71;3,89;4,79;2,91
29/02/2016;38;OVEJA;340;3,4;20;6,77;1,036;18,89;7,49;5,89;4,8;4,59
29/02/2016;7;VACA;22400;5,2;15;6,83;1,03;12,47;3,53;3,22;4,99;2,29
29/02/2016;17;VACA;23720;5;15;6,82;1,03;12,21;3,36;3,2;4,95;2,26
29/02/2016;46;OVEJA;12780;6;20;6,82;1,036;17,99;6,92;5,42;4,87;4,24
29/02/2016;45;CABRA;8460;5;15;6,8;1,032;14,75;5,42;3,8;4,93;2,83
29/02/2016;1;OVEJA;6280;5,8;20;6,8;1,036;17,83;6,83;5,41;4,84;4,15
29/02/2016;36;CABRA;15660;4,7;14;6,81;1,032;14,79;5,54;3,68;4,89;2,8
01/03/2016;1;CABRA;25200;3;14;6,82;1,032;14,19;5,14;3,62;4,84;2,68
01/03/2016;41;CABRA;7160;5,6;15;6,84;1,032;14,39;5,34;3,49;4,84;2,67
01/03/2016;40;OVEJA;3540;7;20;6,82;1,036;18,56;7,42;5,32;4,9;4,29
01/03/2016;40;CABRA;4120;6,5;14;6,84;1,032;14,86;5,69;3,65;4,81;2,76
01/03/2016;30;VACA;27700;6,7;15;6,85;1,03;12,64;3,82;3,24;4,76;2,27
01/03/2016;29;VACA;16560;3,7;15;6,85;1,03;12,15;3,46;3;4,79;2,09
01/03/2016;29;VACA;5200;6;15;6,85;1,03;12,79;3,88;3,27;4,79;2,32
01/03/2016;32;VACA;29460;2,8;15;6,84;1,03;12,14;3,1;3,33;4,94;2,34
01/03/2016;39;CABRA;1740;5;14;6,82;1,032;15,11;5,96;3,54;4,88;2,72
01/03/2016;39;OVEJA;4260;6;20;6,77;1,036;19,16;8,06;5,58;4,72;4,27
01/03/2016;43;CABRA;4380;4,8;15;6,75;1,032;15,14;5,75;3,9;4,9;2,92
01/03/2016;42;CABRA;2580;7,3;15;6,82;1,032;14,35;5,31;3,61;4,76;2,66
01/03/2016;42;OVEJA;5260;5,2;20;6,78;1,036;19,3;8,07;5,67;4,8;4,35
01/03/2016;37;CABRA;2020;4,8;15;6,83;1,032;15,06;5,78;3,83;4,87;2,83
01/03/2016;24;VACA;21360;5,5;15;6,81;1,03;12,57;3,63;3,24;4,9;2,3
01/03/2016;26;VACA;5640;4,7;15;6,81;1,03;12,52;3,69;3,23;4,82;2,25
01/03/2016;4;VACA;15220;5;15;6,8;1,03;12,43;3,44;3,28;5;2,32
01/03/2016;4;VACA;8480;5;15;6,81;1,03;12,69;3,65;3,37;4,91;2,38
01/03/2016;27;VACA;12860;5,2;15;6,82;1,03;12,45;3,56;3,3;4,8;2,32
01/03/2016;38;CABRA;9660;4,7;14;6,83;1,032;15,1;5,88;3,71;4,78;2,76
01/03/2016;38;OVEJA;3960;4,7;19;6,77;1,036;17,15;6,28;5,22;4,9;4,16
01/03/2016;25;VACA;25220;5,2;15;6,8;1,03;13,37;4,3;3,35;4,86;2,4
01/03/2016;15;VACA;23700;7,6;15;6,8;1,03;12,68;3,64;3,31;4,96;2,36
01/03/2016;15;VACA;25700;6;15;6,82;1,03;12,85;3,78;3,36;4,94;2,43
01/03/2016;1;CABRA;25080;5;14;6,85;1,032;15,03;5,79;3,62;4,89;2,68
01/03/2016;17;VACA;27240;5;15;6,84;1,03;12,51;3,55;3,25;4,98;2,31
02/03/2016;1;CABRA;24860;3,8;14;6,83;1,032;14,76;5,64;3,6;4,87;2,66
02/03/2016;1;CABRA;25840;3,8;14;6,83;1,032;14,91;5,73;3,65;4,89;2,69
02/03/2016;40;OVEJA;1120;5,2;20;6,78;1,036;19,25;7,75;6,19;4,65;4,66
02/03/2016;29;VACA;16400;3,2;15;6,81;1,03;11,95;3,26;2,94;4,83;2,02
02/03/2016;29;VACA;7600;5,4;14;6,85;1,03;12,29;3,5;3,29;4,71;2,27
02/03/2016;32;VACA;27080;4,5;15;6,82;1,03;12,39;3,53;3,23;4,8;2,23
02/03/2016;24;VACA;22480;5,3;15;6,82;1,03;12,2;3,38;3,23;4,79;2,24
02/03/2016;26;VACA;5620;4;15;6,79;1,03;12,5;3,63;3,23;4,86;2,26
02/03/2016;42;CABRA;1480;7,5;14;6,82;1,032;14,71;5,39;3,78;4,86;2,79
02/03/2016;42;OVEJA;11100;5,8;20;6,81;1,036;17,86;6,56;5,69;4,83;4,4
02/03/2016;43;OVEJA;2160;5,5;20;6,77;1,036;18,46;7,08;5,97;4,75;4,59
02/03/2016;43;CABRA;3000;5,8;14;6,82;1,032;14,83;5,46;3,81;4,86;2,85
02/03/2016;38;CABRA;780;5,5;14;6,83;1,032;15,02;5,89;3,76;4,66;2,8
02/03/2016;38;OVEJA;920;4;20;6,8;1,036;18,6;7,63;5,53;4,69;4,19
02/03/2016;1;OVEJA;10640;5,5;20;6,78;1,036;17,48;6,55;5,33;4,82;4,08
02/03/2016;45;CABRA;9800;4,2;15;6,8;1,032;14,36;5,1;3,65;4,87;2,75
02/03/2016;46;OVEJA;13140;5,9;20;6,76;1,036;17,74;6,74;5,36;4,85;4,26
02/03/2016;25;VACA;23320;5,8;15;6,8;1,03;13,05;3,97;3,36;4,92;2,4
02/03/2016;36;CABRA;12380;5;14;6,81;1,032;14,71;5,48;3,52;4,88;2,68
02/03/2016;1;CABRA;25740;3,4;14;6,84;1,032;14,8;5,55;3,56;4,91;2,68
02/03/2016;1;CABRA;24880;3,7;15;6,85;1,032;14,88;5,61;3,58;4,92;2,69
03/03/2016;30;VACA;27240;5,1;15;6,83;1,03;12,31;3,51;3,2;4,81;2,22
03/03/2016;41;CABRA;6880;5,8;13;6,85;1,032;14,18;5,08;3,44;4,87;2,64
03/03/2016;40;OVEJA;4560;6,7;20;6,78;1,036;18,98;7,89;5,31;4,87;4,24
03/03/2016;40;CABRA;3680;6;14;6,82;1,032;14,81;5,51;3,58;4,87;2,76
03/03/2016;29;VACA;17180;4;15;6,85;1,03;11,91;3,19;3;4,86;2,09
03/03/2016;29;VACA;5460;5;16;6,82;1,03;12,57;3,67;3,25;4,78;2,29
03/03/2016;39;CABRA;1280;8;14;6,8;1,032;15,05;5,77;3,56;4,9;2,73
03/03/2016;39;OVEJA;3900;5;19;6,81;1,036;19,53;8,41;5,63;4,71;4,28
03/03/2016;32;VACA;29300;2,5;15;6,83;1,03;12,28;3,29;3,3;4,92;2,33
03/03/2016;26;VACA;5880;4;15;6,79;1,03;12,56;3,66;3,27;4,86;2,3
03/03/2016;42;OVEJA;5320;7;20;6,8;1,036;18,89;7,9;5,46;4,74;4,21
03/03/2016;42;CABRA;4920;5,6;14;6,83;1,032;14,5;5,17;3,74;4,88;2,8
03/03/2016;27;VACA;15420;8;15;6,82;1,03;12,35;3,52;3,26;4,78;2,28
03/03/2016;38;CABRA;10020;4,3;14;6,8;1,032;15,04;5,89;3,55;4,75;2,62
03/03/2016;38;OVEJA;3920;5;20;6,78;1,036;16,85;6,09;5,09;4,96;4,08
03/03/2016;37;CABRA;2620;6,2;14;6,81;1,032;14,87;5,5;3,83;4,89;2,87
03/03/2016;25;VACA;24700;5,1;15;6,81;1,03;13,27;4,24;3,31;4,92;2,39
03/03/2016;33;VACA;24940;5,1;15;6,82;1,03;12,21;3,18;3,27;5,05;2,34
03/03/2016;17;VACA;15160;5,2;15;6,8;1,03;12,5;3,6;3,27;4,93;2,37
03/03/2016;17;VACA;6300;4,6;15;6,81;1,03;12,31;3,57;3,17;4,88;2,28
03/03/2016;1;CABRA;25880;4,7;14;6,81;1,032;14,68;5,48;3,54;4,89;2,66
03/03/2016;1;CABRA;25580;2,6;14;6,84;1,032;14,77;5,46;3,73;4,85;2,76
04/03/2016;29;VACA;16880;3,8;14;6,84;1,03;11,84;3,11;3,01;4,86;2,09
04/03/2016;29;VACA;7880;6,4;14;6,85;1,03;12,28;3,48;3,28;4,72;2,28
04/03/2016;40;OVEJA;7460;5,6;20;6,81;1,036;18,9;7,85;5,57;4,72;4,27
04/03/2016;24;VACA;11940;5,7;15;6,82;1,03;12,28;3,32;3,27;4,9;2,29
04/03/2016;24;VACA;13280;4,6;15;6,81;1,03;12,52;3,54;3,24;4,91;2,3
04/03/2016;26;VACA;6000;4,5;15;6,8;1,03;12,57;3,68;3,25;4,84;2,3
04/03/2016;32;VACA;26900;4;15;6,81;1,03;12,41;3,55;3,22;4,81;2,23
04/03/2016;43;OVEJA;2280;4,5;20;6,81;1,036;17,7;6,51;5,71;4,8;4,46
04/03/2016;43;CABRA;2060;5,2;14;6,83;1,032;14,56;5,23;3,77;4,87;2,81
04/03/2016;38;CABRA;1120;6,3;14;6,8;1,032;14,79;5,39;3,87;4,77;2,9
04/03/2016;38;OVEJA;440;5,3;21;6,77;1,036;18,1;7,05;5,5;4,71;4,27
04/03/2016;42;CABRA;2840;8;14;6,84;1,032;14,63;5,46;3,56;4,78;2,65
04/03/2016;42;OVEJA;4360;6,7;20;6,79;1,036;18,68;7,56;5,63;4,79;4,4
04/03/2016;45;CABRA;8680;6;14;6,83;1,032;14,46;5,11;3,68;4,92;2,82
04/03/2016;39;OVEJA;4580;4,2;20;6,8;1,036;18,88;7,97;5,35;4,71;4,14
04/03/2016;25;VACA;23400;6,7;15;6,8;1,03;13;3,97;3,31;4,85;2,4
04/03/2016;46;OVEJA;13600;5,7;20;6,78;1,036;17,64;6,7;5,26;4,86;4,19
04/03/2016;36;CABRA;11160;6,3;14;6,82;1,032;14,72;5,44;3,54;4,87;2,72
05/03/2016;22;VACA;25780;6;15;6,78;1,03;12,31;3,4;3,25;4,91;2,3
05/03/2016;30;VACA;26560;7,2;15;6,78;1,03;12,22;3,36;3,21;4,83;2,24
05/03/2016;40;OVEJA;5600;6,1;20;6,78;1,036;18,94;7,77;5,39;4,88;4,26
05/03/2016;40;CABRA;3520;5,9;14;6,8;1,032;14,83;5,55;3,53;4,86;2,72
05/03/2016;24;VACA;15960;7,4;15;6,8;1,03;12,34;3,46;3,27;4,8;2,29
05/03/2016;24;VACA;11940;6,6;15;6,78;1,03;12,51;3,64;3,29;4,75;2,29
05/03/2016;29;VACA;16320;4,1;15;6,83;1,03;11,86;3,14;3,06;4,79;2,13
05/03/2016;29;VACA;7620;5,1;15;6,82;1,03;12,23;3,44;3,15;4,78;2,21
05/03/2016;41;CABRA;7320;6;14;6,8;1,032;14,12;5,04;3,39;4,88;2,63
05/03/2016;39;CABRA;1700;5;14;6,79;1,032;14,4;5,55;3,33;4,67;2,51
05/03/2016;39;OVEJA;5020;5,2;20;6,77;1,036;19,03;7,92;5,5;4,77;4,28
05/03/2016;43;CABRA;4780;5;15;6,8;1,032;14,76;5,49;3,71;4,81;2,8
05/03/2016;26;VACA;6080;4,1;15;6,78;1,03;12,6;3,72;3,24;4,84;2,27
05/03/2016;42;OVEJA;5120;6;20;6,79;1,036;19,15;8,05;5,52;4,75;4,25
05/03/2016;42;CABRA;3240;5;14;6,83;1,032;14,28;5,03;3,66;4,89;2,73
05/03/2016;32;VACA;29100;2,9;15;6,82;1,03;12,49;3,48;3,29;4,93;2,33
05/03/2016;27;VACA;15360;7,5;15;6,81;1,03;12,27;3,43;3,29;4,79;2,3
05/03/2016;25;VACA;24660;5,5;15;6,78;1,03;13,12;4,04;3,36;4,91;2,4
05/03/2016;37;CABRA;2380;6,6;14;6,84;1,032;14,83;5,5;3,77;4,86;2,83
05/03/2016;38;CABRA;9780;4,8;15;6,8;1,032;14,77;5,61;3,61;4,74;2,68
05/03/2016;38;OVEJA;3960;4,7;21;6,76;1,036;16,71;5,92;5,13;4,97;4,09
05/03/2016;17;VACA;26120;5;15;6,81;1,03;11,99;3,27;3,17;4,85;2,17
06/03/2016;29;VACA;10920;5,8;15;6,78;1,03;12,25;3,38;3,31;4,77;2,34
06/03/2016;22;VACA;24960;5,8;15;6,81;1,03;12,59;3,58;3,31;4,98;2,39
06/03/2016;40;OVEJA;8880;6;20;6,8;1,036;19,18;8,01;5,6;4,76;4,32
06/03/2016;30;VACA;27040;5,3;15;6,82;1,03;12,21;3,4;3,22;4,83;2,24
06/03/2016;32;VACA;26640;5;15;6,81;1,03;12,35;3,5;3,22;4,82;2,28
06/03/2016;26;VACA;6220;4;15;6,79;1,03;12,61;3,69;3,29;4,84;2,3
06/03/2016;43;OVEJA;2360;4,5;20;6,8;1,036;17,6;6,51;5,77;4,67;4,46
06/03/2016;43;CABRA;3340;5,8;14;6,82;1,032;14,73;5,32;3,79;4,9;2,84
06/03/2016;1;OVEJA;9860;4,3;20;6,75;1,036;17,27;6,34;5,34;4,84;4,21
06/03/2016;45;CABRA;8900;5,6;14;6,8;1,032;14,28;5,09;3,58;4,87;2,71
06/03/2016;42;CABRA;2620;5;14;6,84;1,032;14,75;5,41;3,86;4,78;2,87
06/03/2016;42;OVEJA;11020;5,4;20;6,8;1,036;17,8;6,49;5,64;4,9;4,41
06/03/2016;38;CABRA;880;5,1;15;6,8;1,032;14,76;5,7;3,7;4,63;2,75
06/03/2016;38;OVEJA;1100;4,3;20;6,78;1,036;18,63;7,73;5,46;4,62;4,22
06/03/2016;46;OVEJA;13700;4;20;6,77;1,036;17,49;6,61;5,27;4,86;4,19
06/03/2016;39;OVEJA;4760;4;20;6,77;1,036;18,68;7,75;5,35;4,74;4,17
06/03/2016;25;VACA;25460;5,9;15;6,8;1,03;12,92;3,9;3,37;4,86;2,41
07/03/2016;30;VACA;26300;6;14;6,82;1,03;12,42;3,62;3,17;4,86;2,23
07/03/2016;26;VACA;6180;5;15;6,82;1,03;12,62;3,72;3,27;4,88;2,3
07/03/2016;29;VACA;10980;4,8;15;6,82;1,03;12,42;3,54;3,22;4,83;2,27
07/03/2016;40;OVEJA;4380;6;18;6,82;1,036;18,56;7,61;5,09;4,92;4,13
07/03/2016;40;CABRA;3620;5,3;14;6,82;1,032;14,82;5,56;3,59;4,85;2,78
07/03/2016;41;CABRA;6600;5,4;13;6,86;1,032;14,22;5,13;3,41;4,88;2,66
07/03/2016;24;VACA;11780;5,5;15;6,84;1,03;12,35;3,36;3,3;4,93;2,34
07/03/2016;24;VACA;13040;5,9;15;6,84;1,03;12,62;3,65;3,33;4,85;2,38
07/03/2016;39;CABRA;1280;4;14;6,8;1,032;14,97;5,74;3,52;4,88;2,72
07/03/2016;39;OVEJA;4920;5,5;21;6,78;1,036;19,09;7,94;5,61;4,73;4,34
07/03/2016;32;VACA;29460;2,7;15;6,82;1,03;12,52;3,48;3,29;4,97;2,31
07/03/2016;27;VACA;15340;7,9;15;6,82;1,03;12,36;3,51;3,3;4,79;2,33
07/03/2016;38;CABRA;9680;5,1;15;6,79;1,032;14,83;5,62;3,72;4,74;2,76
07/03/2016;38;OVEJA;3900;6;20;6,75;1,036;16,88;6,01;5,22;4,97;4,17
07/03/2016;25;VACA;26380;5;15;6,81;1,03;13,16;4,1;3,38;4,89;2,45
07/03/2016;37;CABRA;2480;5,6;13;6,86;1,032;14,91;5,55;3,82;4,87;2,87
07/03/2016;42;CABRA;2900;4,3;15;6,8;1,032;14,42;5,27;3,63;4,78;2,74
07/03/2016;42;OVEJA;5060;4,8;20;6,82;1,036;19,29;8,16;5,62;4,75;4,36
07/03/2016;33;VACA;24960;5;15;6,81;1,03;12,41;3,39;3,27;5,03;2,35
07/03/2016;17;VACA;13760;5,4;15;6,78;1,03;12,37;3,47;3,27;4,96;2,32
07/03/2016;17;VACA;7340;6;13;6,82;1,03;12,98;3,95;3,4;4,91;2,38
07/03/2016;36;CABRA;16000;5,5;15;6,8;1,032;14,47;5,31;3,52;4,83;2,7
07/03/2016;6;VACA;28680;4,5;15;6,77;1,03;12,53;3,58;3,27;4,97;2,3
08/03/2016;40;OVEJA;5680;4,8;18;6,86;1,036;19,26;8,14;5,53;4,78;4,32
08/03/2016;29;VACA;16380;3,4;14;6,84;1,03;11,93;3,18;3,07;4,84;2,13
08/03/2016;29;VACA;9540;6;14;6,84;1,03;12,41;3,63;3,24;4,73;2,26
08/03/2016;24;VACA;22620;6,5;15;6,8;1,03;12,65;3,68;3,25;4,9;2,29
08/03/2016;32;VACA;26980;4,4;15;6,8;1,03;12,39;3,57;3,23;4,81;2,27
08/03/2016;26;VACA;6060;4;15;6,81;1,03;12,61;3,72;3,27;4,87;2,3
08/03/2016;43;OVEJA;2720;5;18;6,79;1,036;17,88;6,63;5,75;4,86;4,51
08/03/2016;43;CABRA;2100;5;14;6,82;1,032;14,69;5,24;3,88;4,91;2,93
08/03/2016;45;CABRA;8920;5,2;15;6,8;1,032;14,38;5,1;3,65;4,9;2,77
08/03/2016;1;OVEJA;6460;3,7;21;6,77;1,036;17,18;6,28;5,34;4,83;4,21
08/03/2016;39;OVEJA;4420;5;18;6,82;1,036;19;8,03;5,32;4,8;4,21
08/03/2016;42;OVEJA;4100;5;20;6,8;1,036;18,71;7,56;5,7;4,78;4,49
08/03/2016;42;CABRA;4600;5,6;14;6,81;1,032;14,31;5,04;3,68;4,92;2,75
08/03/2016;46;OVEJA;13920;5,6;21;6,75;1,036;17,55;6,63;5,25;4,89;4,2
08/03/2016;38;OVEJA;400;6;20;6,8;1,036;18,46;7,51;5,5;4,64;4,28
08/03/2016;38;CABRA;1320;5;13;6,84;1,032;14,89;5,37;3,93;4,88;2,98
08/03/2016;25;VACA;25060;5,8;15;6,81;1,03;12,92;3,92;3,34;4,85;2,39
08/03/2016;1;CABRA;25700;3,5;14;6,83;1,032;14,64;5,5;3,52;4,85;2,63
08/03/2016;17;VACA;23260;4,5;15;6,85;1,03;12,26;3,39;3,2;4,95;2,28
08/03/2016;1;CABRA;24840;3,3;14;6,8;1,032;14,69;5,49;3,54;4,88;2,69
08/03/2016;30;VACA;24700;5,6;15;6,8;1,03;12,43;3,52;3,25;4,91;2,26
09/03/2016;1;CABRA;24260;2,7;14;6,78;1,032;14,24;5,17;3,47;4,85;2,61
09/03/2016;26;VACA;6240;4;15;6,82;1,03;12,53;3,65;3,27;4,85;2,29
09/03/2016;29;VACA;21460;4;15;6,82;1,03;11,87;3,15;3,12;4,79;2,17
09/03/2016;41;CABRA;7040;5,8;14;6,82;1,032;14,18;5,12;3,35;4,86;2,61
09/03/2016;40;CABRA;3680;5,3;14;6,8;1,032;14,8;5,49;3,6;4,9;2,75
09/03/2016;40;OVEJA;3120;9,3;20;6,8;1,036;18,17;7,19;5,12;4,98;4,18
09/03/2016;24;VACA;11980;6,4;14;6,82;1,03;12,53;3,54;3,28;4,92;2,33
09/03/2016;24;VACA;11160;7,5;14;6,82;1,03;12,51;3,62;3,29;4,8;2,32
09/03/2016;39;CABRA;1540;4,6;14;6,8;1,032;15,16;5,9;3,54;4,9;2,75
09/03/2016;39;OVEJA;4160;4,3;20;6,78;1,036;19,22;8,01;5,68;4,75;4,39
09/03/2016;43;CABRA;4800;5;15;6,76;1,032;15,01;5,6;3,81;4,9;2,89
09/03/2016;32;VACA;29800;2,4;15;6,82;1,03;12,46;3,43;3,3;4,96;2,34
09/03/2016;37;CABRA;2040;5,2;14;6,83;1,032;14,82;5,5;3,75;4,92;2,85
09/03/2016;27;VACA;15380;2,4;15;6,81;1,03;12,32;3,47;3,28;4,81;2,33
09/03/2016;25;VACA;26080;7;15;6,76;1,03;13,16;4,1;3,37;4,9;2,42
09/03/2016;42;OVEJA;4960;6;18;6,8;1,036;19,24;8,11;5,63;4,72;4,34
09/03/2016;42;CABRA;2440;6;13;6,81;1,032;14,7;5,32;3,82;4,81;2,87
09/03/2016;38;CABRA;9880;3,9;14;6,79;1,032;14,96;5,66;3,71;4,83;2,77
09/03/2016;38;OVEJA;3880;5;20;6,77;1,036;16,9;5,99;5,25;4,99;4,21
09/03/2016;13;VACA;18120;4,8;16;6,82;1,03;13,11;4,17;3,29;4,84;2,35
09/03/2016;36;CABRA;12580;5,5;13;6,86;1,032;14,54;5,38;3,48;4,84;2,68
09/03/2016;1;CABRA;25880;3,8;14;6,83;1,032;14,62;5,41;3,58;4,85;2,7
09/03/2016;1;CABRA;26380;4;14;6,85;1,032;14,62;5,41;3,53;4,92;2,65
09/03/2016;1;CABRA;24600;3,8;14;6,84;1,032;14,72;5,57;3,51;4,86;2,64
10/03/2016;11;VACA;13620;4;15;6,82;1,03;12,54;3,62;3,27;4,94;2,34
10/03/2016;11;VACA;9920;4,8;16;6,82;1,03;12,56;3,63;3,34;4,83;2,35
10/03/2016;40;OVEJA;6440;5;18;6,75;1,036;19,31;8,18;5,53;4,79;4,32
10/03/2016;29;VACA;16480;5;15;6,8;1,03;12,1;3,32;3,18;4,8;2,25
10/03/2016;29;VACA;8140;5;15;6,8;1,03;11,79;3,08;3,11;4,8;2,18
10/03/2016;32;VACA;26820;4;15;6,8;1,03;12,4;3,56;3,24;4,81;2,3
10/03/2016;26;VACA;5940;5;15;6,82;1,03;12,71;3,8;3,27;4,85;2,32
10/03/2016;42;CABRA;3200;5;14;6,8;1,032;14,54;5,24;3,76;4,91;2,8
10/03/2016;42;OVEJA;11120;6;20;6,82;1,036;17,78;6,52;5,63;4,89;4,42
10/03/2016;39;OVEJA;4460;3,4;21;6,75;1,036;19,01;8,1;5,34;4,77;4,18
10/03/2016;45;CABRA;9520;5;14;6,8;1,032;14,39;5,05;3,69;4,96;2,83
10/03/2016;1;OVEJA;6640;4,3;21;6,75;1,036;17,1;6,05;5,49;4,88;4,34
10/03/2016;43;OVEJA;2300;5;18;6,8;1,036;17,81;6,46;5,86;4,84;4,59
10/03/2016;43;CABRA;2620;5;14;6,8;1,032;14,75;5,37;3,85;4,9;2,9
10/03/2016;38;CABRA;840;6;14;6,8;1,032;14,77;5,73;3,72;4,65;2,77
10/03/2016;38;OVEJA;1000;5;20;6,82;1,036;18,85;7,98;5,4;4,65;4,24
10/03/2016;46;OVEJA;13860;6;20;6,78;1,036;17,57;6,66;5,25;4,87;4,16
10/03/2016;25;VACA;25020;5;15;6,82;1,03;13,04;3,96;3,36;4,91;2,41
11/03/2016;9;VACA;14720;4;15;6,75;1,03;12,93;3,86;3,36;4,95;2,44
11/03/2016;9;VACA;8120;4;15;6,77;1,03;12,51;3,76;3,2;4,8;2,27
11/03/2016;41;CABRA;6820;6;13;6,85;1,032;14,18;5,06;3,41;4,9;2,66
11/03/2016;40;OVEJA;4000;4;20;6,8;1,036;18,61;7,36;5,44;4,97;4,36
11/03/2016;40;CABRA;3760;6;14;6,82;1,032;14,81;5,48;3,58;4,9;2,77
11/03/2016;29;VACA;15800;3;15;6,82;1,03;11,68;2,99;3,09;4,79;2,15
11/03/2016;29;VACA;9160;5;15;6,82;1,03;12,44;3,58;3,29;4,71;2,33
11/03/2016;24;VACA;12600;5,5;15;6,83;1,03;12,44;3,42;3,28;4,94;2,35
11/03/2016;24;VACA;13400;4,6;15;6,8;1,03;12,67;3,66;3,27;4,93;2,35
11/03/2016;32;VACA;29640;2,7;15;6,8;1,03;12,39;3,36;3,29;4,96;2,36
11/03/2016;39;CABRA;1500;4,9;14;6,8;1,032;14,86;5,57;3,51;4,97;2,73
11/03/2016;39;OVEJA;5060;4,5;20;6,77;1,036;19,39;8,16;5,68;4,75;4,43
11/03/2016;26;VACA;6000;5;15;6,1;1,03;12,69;3,79;3,26;4,84;2,3
11/03/2016;27;VACA;14820;8;15;6,81;1,03;12,32;3,48;3,26;4,77;2,3
11/03/2016;25;VACA;26060;5,4;15;6,81;1,03;13,25;4,16;3,34;4,92;2,45
11/03/2016;42;CABRA;2380;6;14;6,82;1,032;14,35;5,19;3,62;4,8;2,73
11/03/2016;42;OVEJA;5120;5;20;6,79;1,036;19,28;8,07;5,67;4,78;4,4
11/03/2016;37;CABRA;2820;6,5;13;6,86;1,032;14,66;5,27;3,77;4,97;2,89
11/03/2016;38;CABRA;10320;4,4;14;6,78;1,032;14,94;5,62;3,73;4,79;2,81
11/03/2016;38;OVEJA;3860;4,4;20;6,76;1,036;16,7;5,8;5,24;4,97;4,2
11/03/2016;36;CABRA;11180;7;14;6,81;1,032;14,59;5,35;3,57;4,85;2,74
12/03/2016;40;OVEJA;8800;5,4;18;6,81;1,036;19,32;8,19;5,55;4,78;4,31
12/03/2016;24;VACA;16000;6,5;15;6,8;1,03;12,41;3,52;3,28;4,83;2,32
12/03/2016;24;VACA;12080;6;15;6,82;1,03;12,45;3,59;3,28;4,84;2,32
12/03/2016;29;VACA;6700;4;14;6,83;1,03;11,89;3,11;3,1;4,82;2,19
12/03/2016;29;VACA;16900;7;14;6,86;1,03;12,22;3,43;3,21;4,74;2,29
12/03/2016;32;VACA;26540;4,5;15;6,78;1,03;12,43;3,55;3,24;4,82;2,29
12/03/2016;26;VACA;5940;4,2;15;6,82;1,03;12,52;3,66;3,24;4,83;2,29
12/03/2016;43;OVEJA;2760;4,7;18;6,8;1,036;17,41;6,39;5,64;4,71;4,4
12/03/2016;43;CABRA;2620;5;13;6,83;1,032;14,66;5,23;3,86;4,92;2,91
12/03/2016;39;OVEJA;4360;3;19;6,78;1,036;19,06;8,15;5,26;4,79;4,17
12/03/2016;45;CABRA;8960;5;13;6,86;1,032;12,86;4,6;3,25;4,32;2,33
12/03/2016;1;OVEJA;6460;3,7;21;6,76;1,036;17,88;6,87;5,42;4,88;4,21
12/03/2016;25;VACA;23760;5,5;15;6,8;1,03;13,09;4,05;3,34;4,86;2,37
12/03/2016;42;CABRA;5860;5,6;13;6,82;1,032;14,58;5,21;3,82;4,87;2,84
12/03/2016;42;OVEJA;3920;4,2;20;6,81;1,036;18,8;7,71;5,65;4,76;4,44
12/03/2016;46;OVEJA;13820;6,1;20;6,76;1,036;17,44;6,57;5,24;4,86;4,15
12/03/2016;38;OVEJA;1020;4,3;20;6,8;1,036;18,95;7,89;5,57;4,7;4,35
12/03/2016;38;CABRA;1260;4;14;6,8;1,032;14,87;5,44;3,86;4,86;2,91
12/03/2016;15;VACA;21520;5,2;15;6,78;1,03;12,4;3,53;3,3;4,9;2,36
13/03/2016;29;VACA;16800;3;14;6,82;1,03;11,63;2,96;3,03;4,79;2,11
13/03/2016;29;VACA;9400;5,5;14;6,81;1,03;12,41;3,51;3,33;4,77;2,32
13/03/2016;41;CABRA;6780;5,6;13;6,85;1,032;14,14;5,12;3,38;4,85;2,58
13/03/2016;40;OVEJA;4860;6;20;6,81;1,036;19,09;8,04;5,31;4,86;4,25
13/03/2016;40;CABRA;3740;5;14;6,83;1,032;14,65;5,38;3,56;4,88;2,73
13/03/2016;26;VACA;6200;4;15;6,81;1,03;12,5;3,67;3,24;4,84;2,26
13/03/2016;32;VACA;29480;2,8;15;6,82;1,03;12,44;3,44;3,26;4,92;2,31
13/03/2016;39;CABRA;1780;5;13;6,82;1,032;15,34;6,04;3,55;4,95;2,73
13/03/2016;39;OVEJA;5040;5,8;20;6,81;1,036;19,25;8,13;5,58;4,76;4,32
13/03/2016;43;CABRA;4920;5;14;6,83;1,032;14,62;5,37;3,73;4,81;2,83
13/03/2016;27;VACA;15060;8,5;15;6,81;1,03;12,36;3,48;3,3;4,8;2,31
13/03/2016;42;CABRA;1300;7,8;13;6,82;1,032;14,59;5,34;3,7;4,79;2,77
13/03/2016;42;OVEJA;4800;4,6;18;6,8;1,036;19,22;8,14;5,54;4,74;4,3
13/03/2016;37;CABRA;2300;5;14;6,84;1,032;14,67;5,36;3,75;4,88;2,83
13/03/2016;38;CABRA;10360;5;14;6,83;1,032;14,69;5,54;3,61;4,76;2,67
13/03/2016;38;OVEJA;3840;5;19;6,8;1,036;16,74;5,96;5,19;4,94;4,13
13/03/2016;25;VACA;26120;5;15;6,82;1,03;13,2;4,15;3,33;4,91;2,39
13/03/2016;33;VACA;25260;5,5;15;6,83;1,03;12,4;3,31;3,29;5,05;2,34
14/03/2016;41;OVEJA;6340;5;20;6,8;1,036;19,51;8,24;5,81;4,7;4,46
14/03/2016;40;OVEJA;4460;5;19;6,82;1,036;18,47;7,38;5,28;4,9;4,16
14/03/2016;40;CABRA;1640;4,3;15;6,8;1,032;14,46;5,13;3,52;4,95;2,79
14/03/2016;29;VACA;8640;4;15;6,8;1,03;12,33;3,42;3,28;4,81;2,32
14/03/2016;29;VACA;17200;5,8;15;6,82;1,03;11,67;2,95;3,08;4,84;2,14
14/03/2016;30;VACA;25320;3,3;15;6,82;1,03;12,27;3,34;3,23;4,89;2,3
14/03/2016;24;VACA;12500;6;15;6,84;1,03;12,5;3,56;3,27;4,91;2,32
14/03/2016;24;VACA;11960;6;15;6,83;1,03;12,41;3,38;3,29;4,95;2,35
14/03/2016;26;VACA;5520;4,4;15;6,81;1,03;12,47;3,62;3,24;4,86;2,25
14/03/2016;43;OVEJA;2380;5;20;6,8;1,036;17,74;6,5;5,76;4,82;4,49
14/03/2016;43;CABRA;2980;5;14;6,8;1,032;14,57;5,19;3,81;4,89;2,89
14/03/2016;42;CABRA;2760;5,2;13;6,84;1,032;14,69;5,28;3,83;4,94;2,86
14/03/2016;42;OVEJA;11260;4,5;20;6,79;1,036;17,72;6,49;5,56;4,93;4,4
14/03/2016;46;OVEJA;13860;5,3;20;6,78;1,036;17,39;6,5;5,24;4,89;4,17
14/03/2016;25;VACA;24020;4,1;15;6,8;1,03;12,99;3,98;3,33;4,89;2,43
14/03/2016;38;CABRA;740;6,7;14;6,82;1,032;14,95;5,64;3,72;4,8;2,82
14/03/2016;38;OVEJA;360;5,2;20;6,8;1,036;18,53;7,58;5,47;4,66;4,29
14/03/2016;18;VACA;25400;4,7;15;6,8;1,03;12,45;3,59;3,04;4,96;2,19
14/03/2016;45;CABRA;10260;6;14;6,82;1,032;14,25;5;3,61;4,9;2,76
14/03/2016;1;OVEJA;6480;5;20;6,82;1,036;17,55;6,58;5,33;4,87;4,17
14/03/2016;1;CABRA;25320;4,3;15;6,8;1,032;14,62;5,45;3,5;4,91;2,65
14/03/2016;1;CABRA;25940;3,7;13;6,82;1,032;14,08;4,93;3,64;4,81;2,73
14/03/2016;36;CABRA;15840;6;15;6,8;1,032;14,53;5,31;3,57;4,87;2,74
14/03/2016;1;CABRA;24700;3,7;13;6,84;1,032;14,69;5,5;3,53;4,9;2,7
14/03/2016;1;CABRA;25860;4,1;14;6,81;1,032;14,72;5,51;3,55;4,86;2,69
14/03/2016;18;VACA;25300;7,1;16;6,75;1,03;13,09;3,81;3,54;4,99;2,57
14/03/2016;17;VACA;15720;5;15;6,8;1,03;12,46;3,6;3,29;4,88;2,37
14/03/2016;17;VACA;9020;5;15;6,8;1,03;12,39;3,55;3,15;4,98;2,24
15/03/2016;32;VACA;26360;4,5;15;6,84;1,03;12,35;3,49;3,23;4,83;2,27
15/03/2016;11;VACA;9360;6,3;15;6,82;1,03;12,24;3,54;3,13;4,79;2,2
15/03/2016;11;VACA;13300;5,6;14;6,86;1,03;12,69;3,74;3,31;4,87;2,38
15/03/2016;18;VACA;26000;6,4;16;6,74;1,03;13,08;3,78;3,56;4,95;2,58
15/03/2016;40;OVEJA;7080;5,7;20;6,82;1,036;18,74;7,71;5,31;4,89;4,19
15/03/2016;41;CABRA;6920;5,3;14;6,81;1,032;14,05;5;3,42;4,86;2,64
15/03/2016;29;VACA;16640;3,5;14;6,8;1,03;11,98;3,26;3,07;4,82;2,17
15/03/2016;29;VACA;7900;4,7;15;6,82;1,03;12,4;3,53;3,27;4,77;2,3
15/03/2016;24;VACA;22840;7,8;15;6,77;1,03;12,52;3,65;3,19;4,87;2,25
15/03/2016;39;CABRA;1360;6;13;6,82;1,032;14,86;5,69;3,44;4,91;2,66
15/03/2016;39;OVEJA;5200;5;18;6,8;1,036;19,21;8,07;5,56;4,8;4,3
15/03/2016;26;VACA;5980;4,5;15;6,8;1,03;12,55;3,68;3,25;4,86;2,29
15/03/2016;42;CABRA;3620;6,4;13;6,8;1,032;14,3;5,01;3,81;4,75;2,83
15/03/2016;42;OVEJA;5040;5;20;6,77;1,036;19,09;8,02;5,53;4,74;4,3
15/03/2016;27;VACA;14780;8,3;15;6,8;1,03;12,42;3,55;3,28;4,8;2,33
15/03/2016;37;CABRA;2520;6,7;13;6,83;1,032;14,72;5,45;3,74;4,85;2,83
15/03/2016;25;VACA;26120;5,5;15;6,8;1,03;13,14;4,1;3,33;4,91;2,42
15/03/2016;38;CABRA;9980;6;14;6,8;1,032;14,35;5,34;3,49;4,75;2,65
15/03/2016;38;OVEJA;3820;5;20;6,78;1,036;16,74;5,92;5,17;4,97;4,13
15/03/2016;33;VACA;25740;5;15;6,8;1,03;12,3;3,25;3,26;5,06;2,33
15/03/2016;1;CABRA;24060;2,8;14;6,81;1,032;14,37;5,35;3,5;4,77;2,65
15/03/2016;32;VACA;29600;2,4;15;6,81;1,03;12,42;3,4;3,27;4,96;2,31
15/03/2016;1;CABRA;25560;3,7;13;6,86;1,032;13,72;4,75;3,56;4,72;2,63
15/03/2016;1;CABRA;25020;3,9;14;6,8;1,032;14,6;5,45;3,52;4,82;2,66
16/03/2016;1;CABRA;26340;3,8;14;6,8;1,032;14,73;5,58;3,54;4,81;2,64
16/03/2016;10;VACA;10920;5,8;15;6,8;1,03;12,25;3,55;3,19;4,74;2,24
16/03/2016;10;VACA;10720;5,2;15;6,8;1,03;12,01;3,51;3,05;4,68;2,11
16/03/2016;26;VACA;5920;4,5;15;6,78;1,03;12,52;3,7;3,22;4,79;2,26
16/03/2016;40;OVEJA;4840;6,3;19;6,78;1,036;17,81;7,15;4,71;4,98;3,89
16/03/2016;40;CABRA;4120;5,3;14;6,83;1,032;14,33;5,17;3,52;4,84;2,73
16/03/2016;42;OVEJA;3340;4,8;20;6,77;1,036;18,93;7,92;5,57;4,72;4,41
16/03/2016;42;CABRA;4260;5;14;6,77;1,032;14,45;5,1;3,78;4,87;2,82
16/03/2016;24;VACA;11840;7,8;15;6,77;1,03;12,55;3,59;3,24;4,94;2,34
16/03/2016;24;VACA;11000;6;15;6,77;1,03;12,21;3,33;3,26;4,91;2,31
16/03/2016;32;VACA;10500;4;15;6,8;1,03;12,29;3,47;3,21;4,74;2,22
16/03/2016;43;OVEJA;2740;5,7;18;6,77;1,036;17,58;6,4;5,72;4,81;4,48
16/03/2016;43;CABRA;2380;5,4;14;6,77;1,032;14,49;5,14;3,84;4,86;2,93
16/03/2016;1;CABRA;24720;3,5;15;6,82;1,032;14,59;5,4;3,5;4,93;2,65
16/03/2016;39;OVEJA;2620;5,7;18;6,77;1,036;18,51;7,61;5,22;4,83;4,12
16/03/2016;38;CABRA;1320;5,8;15;6,76;1,032;14,68;5,35;3,72;4,85;2,86
16/03/2016;38;OVEJA;1000;4;19;6,77;1,036;18,75;7,81;5,41;4,68;4,23
16/03/2016;25;VACA;24880;5,8;20;6,75;1,03;12,93;3,9;3,32;4,91;2,37
16/03/2016;46;OVEJA;13660;6,5;20;6,78;1,036;17,31;6,48;5,2;4,86;4,16
16/03/2016;45;CABRA;9100;5;14;6,82;1,032;14,36;5,04;3,66;4,93;2,81
16/03/2016;1;OVEJA;6380;5;18;6,78;1,036;17,46;6,52;5,33;4,87;4,13
16/03/2016;36;CABRA;13540;6,5;14;6,75;1,032;14,56;5,38;3,52;4,83;2,69
16/03/2016;1;CABRA;25260;3;14;6,82;1,032;14,27;5,21;3,49;4,78;2,62
16/03/2016;1;CABRA;25880;3,6;14;6,8;1,032;14,63;5,48;3,51;4,87;2,64
16/03/2016;18;VACA;25500;6;15;6,79;1,03;13,07;3,83;3,53;4,9;2,52
17/03/2016;29;VACA;16240;4;15;6,84;1,03;12,29;3,47;3,25;4,74;2,3
17/03/2016;29;VACA;4020;5;15;6,84;1,03;12,22;3,46;3,16;4,74;2,21
17/03/2016;40;OVEJA;7180;4,5;20;6,82;1,036;19,13;8,02;5,66;4,7;4,35
17/03/2016;41;CABRA;7140;6,7;14;6,82;1,032;13,88;4,93;3,29;4,86;2,55
17/03/2016;39;CABRA;1800;4,8;14;6,81;1,032;14,71;5,6;3,4;4,88;2,62
17/03/2016;39;OVEJA;5220;5,4;20;6,8;1,036;19;7,96;5,48;4,77;4,26
17/03/2016;43;CABRA;4920;6;14;6,83;1,032;14,63;5,28;3,74;4,88;2,87
17/03/2016;26;VACA;5840;5;15;6,81;1,03;12,57;3,74;3,21;4,8;2,25
17/03/2016;32;VACA;16400;6,3;15;6,83;1,03;12,36;3,49;3,22;4,86;2,29
17/03/2016;18;VACA;25240;6;15;6,78;1,03;13,08;3,88;3,5;4,93;2,5
17/03/2016;27;VACA;15000;5,5;15;6,78;1,03;12,4;3,55;3,27;4,79;2,3
17/03/2016;37;CABRA;2440;8,3;13;6,82;1,032;14,42;5,24;3,68;4,84;2,79
17/03/2016;42;CABRA;2780;7;14;6,83;1,032;14,4;5,14;3,78;4,77;2,83
17/03/2016;42;OVEJA;4720;5,3;20;6,8;1,036;18,92;7,89;5,48;4,72;4,27
17/03/2016;25;VACA;25880;5,6;15;6,77;1,03;13,07;4,06;3,31;4,9;2,42
17/03/2016;18;VACA;25340;5;15;6,79;1,03;13,1;3,83;3,53;4,93;2,55
17/03/2016;38;CABRA;10060;4,5;14;6,82;1,032;14,5;5,3;3,61;4,82;2,72
17/03/2016;38;OVEJA;3760;4,8;20;6,78;1,036;16,65;5,83;5,2;4,96;4,14
17/03/2016;33;VACA;25160;4,3;15;6,81;1,03;12,33;3,24;3,28;5,07;2,32
17/03/2016;32;VACA;25300;1,6;15;6,81;1,03;12,35;3,34;3,28;4,93;2,28
18/03/2016;30;VACA;26000;5,6;15;6,8;1,03;12,31;3,6;3,16;4,76;2,2
18/03/2016;29;VACA;16620;4;14;6,83;1,03;11,91;3,17;3,05;4,82;2,14
18/03/2016;29;VACA;6820;6;15;6,8;1,03;12,26;3,33;3,24;4,88;2,3
18/03/2016;41;OVEJA;4200;6,5;20;6,8;1,036;19,25;8,06;5,79;4,61;4,42
18/03/2016;40;OVEJA;5280;7;20;6,81;1,036;17,85;7,13;4,77;4,96;3,92
18/03/2016;40;CABRA;4020;5,4;14;6,83;1,032;14,27;5,05;3,65;4,85;2,8
18/03/2016;24;VACA;12360;5,2;15;6,78;1,03;12,42;3,43;3,24;4,94;2,28
18/03/2016;24;VACA;13440;4,6;15;6,77;1,03;12,81;3,92;3,2;4,86;2,27
18/03/2016;26;VACA;5460;4;15;6,81;1,03;12,63;3,88;3,16;4,76;2,21
18/03/2016;43;OVEJA;2220;5;20;6,78;1,036;17,45;6,24;5,71;4,85;4,45
18/03/2016;43;CABRA;2920;5,8;14;6,82;1,032;14,24;4,99;3,75;4,84;2,82
18/03/2016;42;CABRA;3360;5,2;15;6,8;1,032;14,49;5,17;3,76;4,89;2,78
18/03/2016;42;OVEJA;11660;6;20;6,78;1,036;17,59;6,51;5,42;4,94;4,27
18/03/2016;38;CABRA;980;6,4;14;6,8;1,032;14,35;5,41;3,58;4,67;2,69
18/03/2016;38;OVEJA;480;3,8;20;6,75;1,036;17,89;6,92;5,43;4,71;4,23
18/03/2016;46;OVEJA;13580;6,2;21;6,74;1,036;17,33;6,58;5,19;4,83;4,16
18/03/2016;39;OVEJA;4780;4;20;6,81;1,036;18,64;7,76;5,18;4,83;4,09
18/03/2016;25;VACA;25200;5,6;15;6,8;1,03;12,78;3,76;3,33;4,92;2,37
18/03/2016;1;OVEJA;6280;6,3;21;6,7;1,036;17,42;6,42;5,4;4,84;4,16
18/03/2016;45;CABRA;10100;6;14;6,7;1,032;13,73;4,83;3,46;4,64;2,58
18/03/2016;32;VACA;24340;4,4;15;6,8;1,03;12,36;3,57;3,2;4,79;2,22
18/03/2016;36;CABRA;10280;6,5;14;6,82;1,032;14,43;5,24;3,57;4,85;2,76
19/03/2016;22;VACA;22000;5,7;15;6,8;1,03;12,39;3,51;3,24;4,91;2,27
19/03/2016;40;OVEJA;8560;6,8;20;6,82;1,036;18,52;7,59;5,27;4,82;4,19
19/03/2016;41;CABRA;7040;5,2;14;6,86;1,032;13,93;4,95;3,33;4,82;2,61
19/03/2016;29;VACA;11340;4,8;15;6,82;1,03;12,31;3,51;3,24;4,74;2,25
19/03/2016;29;VACA;16500;3,2;15;6,84;1,03;11,81;3,15;3,04;4,81;2,11
19/03/2016;24;VACA;16540;7;15;6,81;1,03;12,58;3,71;3,26;4,86;2,32
19/03/2016;24;VACA;11200;6,5;15;6,8;1,03;12,36;3,62;3,21;4,75;2,24
19/03/2016;39;CABRA;1340;5,8;15;6,82;1,032;14,6;5,56;3,32;4,81;2,58
19/03/2016;39;OVEJA;5300;5,6;20;6,81;1,036;18,94;7,93;5,42;4,75;4,2
19/03/2016;32;VACA;27580;2,8;15;6,8;1,03;12,39;3,39;3,29;4,93;2,32
19/03/2016;26;VACA;5680;2,8;15;6,8;1,03;12,65;3,85;3,21;4,82;2,24
19/03/2016;27;VACA;15340;8,2;15;6,79;1,03;12,39;3,57;3,25;4,79;2,26
19/03/2016;42;CABRA;2000;6,5;14;6,85;1,032;14,05;4,97;3,6;4,73;2,69
19/03/2016;42;OVEJA;2760;4,6;20;6,74;1,036;19,32;7,99;6,07;4,55;4,55
19/03/2016;25;VACA;25880;5,3;15;6,8;1,03;13;4;3,3;4,92;2,37
19/03/2016;38;CABRA;10060;4,8;15;6,82;1,032;11,88;4,38;2,98;3,81;2
19/03/2016;38;OVEJA;3720;4;20;6,77;1,036;16,58;5,78;5,21;4,95;4,12
19/03/2016;37;CABRA;2820;6,8;15;6,81;1,032;14,61;5,4;3,72;4,82;2,82
20/03/2016;22;VACA;24120;6,4;15;6,81;1,03;12,26;3,33;3,26;4,94;2,29
20/03/2016;29;VACA;8360;8,5;15;6,83;1,03;12,21;3,32;3,27;4,85;2,31
20/03/2016;29;VACA;15740;3,1;15;6,83;1,03;11,65;3,06;3,02;4,82;2,1
20/03/2016;41;OVEJA;4100;6,6;20;6,81;1,036;19,18;8,05;5,78;4,62;4,41
20/03/2016;40;OVEJA;5160;6,4;20;6,8;1,036;18,25;7,44;4,95;4,97;3,93
20/03/2016;40;CABRA;4060;5,4;14;6,82;1,032;14,37;5,18;3,51;4,86;2,72
20/03/2016;30;VACA;25940;7,6;15;6,81;1,03;12,24;3,47;3,17;4,85;2,21
20/03/2016;26;VACA;5920;4,5;15;6,78;1,03;12,52;3,72;3,23;4,84;2,26
20/03/2016;42;CABRA;5420;5,8;21;6,74;1,032;14,48;5,17;3,75;4,86;2,81
20/03/2016;42;OVEJA;4580;6,2;19;6,77;1,036;18,39;7,43;5,47;4,79;4,32
20/03/2016;32;VACA;29880;6,2;15;6,79;1,03;12,24;3,46;3,18;4,81;2,22
20/03/2016;46;OVEJA;13540;6,4;20;6,78;1,036;17,36;6,58;5,15;4,89;4,1
20/03/2016;25;VACA;24920;5,4;15;6,83;1,03;12,77;3,82;3,33;4,86;2,35
20/03/2016;1;CABRA;25080;3,6;14;6,81;1,032;14,3;5,3;3,42;4,79;2,58
20/03/2016;39;OVEJA;4780;3,6;20;6,81;1,036;18,5;7,65;5,14;4,86;4,04
20/03/2016;43;OVEJA;3480;6;20;6,79;1,036;17,25;6,25;5,6;4,73;4,32
20/03/2016;43;CABRA;3080;6;14;6,84;1,032;14,36;5,11;3,79;4,77;2,85
20/03/2016;45;CABRA;9500;6;14;6,82;1,032;14,01;4,91;3,56;4,84;2,7
20/03/2016;1;OVEJA;6580;6,3;20;6,77;1,036;16,74;6,16;5,17;4,7;3,96
20/03/2016;38;OVEJA;1140;3,8;20;6,8;1,036;18,59;7,73;5,38;4,74;4,15
20/03/2016;38;CABRA;1420;4;14;6,82;1,032;14,27;5,05;3,65;4,85;2,8
21/03/2016;30;VACA;25880;5;15;6,8;1,03;12,19;3,4;3,18;4,86;2,23
21/03/2016;40;OVEJA;8180;5,6;20;6,82;1,036;18,97;7,84;5,56;4,8;4,33
21/03/2016;41;CABRA;6800;4,8;14;6,8;1,032;13,66;4,74;3,25;4,86;2,55
21/03/2016;29;VACA;14260;5;15;6,84;1,03;11,5;2,92;3,04;4,81;2,13
21/03/2016;29;VACA;10980;4;15;6,84;1,03;11,98;3,28;3,15;4,77;2,18
21/03/2016;24;VACA;11860;7;15;6,82;1,03;12,3;3,31;3,26;4,95;2,31
21/03/2016;24;VACA;12780;7,4;15;6,82;1,03;12,55;3,63;3,26;4,9;2,32
21/03/2016;38;CABRA;9580;5;14;6,8;1,032;14,67;5,53;3,73;4,7;2,77
21/03/2016;38;OVEJA;3700;5;20;6,78;1,036;16,81;5,97;5,27;4,93;4,18
21/03/2016;39;CABRA;1700;5;13;6,8;1,032;14,42;5,44;3,33;4,82;2,58
21/03/2016;39;OVEJA;5540;5;20;6,76;1,036;18,72;7,8;5,28;4,81;4,15
21/03/2016;43;CABRA;5560;6;14;6,8;1,032;14,53;5,25;3,74;4,84;2,88
21/03/2016;32;VACA;30320;5;15;6,8;1,03;12,3;3,31;3,28;4,92;2,33
21/03/2016;26;VACA;5840;5;15;6,8;1,03;12,55;3,71;3,24;4,83;2,27
21/03/2016;37;CABRA;2300;7;13;6,8;1,032;14,49;5,29;3,66;4,86;2,78
21/03/2016;42;CABRA;2540;6;14;6,8;1,032;14,23;5,05;3,63;4,78;2,74
21/03/2016;42;OVEJA;2620;6;20;6,8;1,036;18,9;7,84;5,52;4,78;4,31
21/03/2016;27;VACA;15400;6;15;6,81;1,03;12,34;3,51;3,25;4,8;2,29
21/03/2016;25;VACA;25700;5;15;6,8;1,03;13,09;4,06;3,32;4,93;2,38
21/03/2016;1;CABRA;25660;5;14;6,72;1,032;14,44;5,38;3,46;4,79;2,6
21/03/2016;1;CABRA;25660;5;14;6,72;1,032;14,36;5,31;3,46;4,82;2,63
21/03/2016;36;CABRA;15720;5,3;14;6,75;1,032;14,28;5,17;3,5;4,81;2,71
21/03/2016;1;CABRA;24800;3,5;14;6,82;1,032;14,38;5,3;3,47;4,85;2,65
21/03/2016;33;VACA;24960;4,8;15;6,79;1,03;11,98;3;3,23;5,05;2,31
22/03/2016;1;CABRA;24740;2,7;14;6,81;1,032;13,96;4,98;3,56;4,67;2,61
22/03/2016;18;VACA;24680;5,8;15;6,77;1,03;12,78;3,63;3,48;4,93;2,48
22/03/2016;18;VACA;25520;7,8;16;6,75;1,03;12,29;3,35;3,27;4,93;2,32
22/03/2016;18;VACA;25100;4,5;15;6,81;1,03;13,46;4,32;3,47;4,91;2,49
22/03/2016;41;OVEJA;2100;5;18;6,85;1,036;18,62;7,69;5,42;4,82;4,25
22/03/2016;40;OVEJA;4360;5,8;19;6,8;1,036;18,33;7,55;5,02;4,92;4,02
22/03/2016;40;CABRA;4000;5,5;14;6,8;1,032;14,21;5,03;3,46;4,87;2,7
22/03/2016;24;VACA;23100;7;16;6,77;1,03;12,56;3,61;3,25;4,88;2,33
22/03/2016;29;VACA;15680;8,6;15;6,78;1,03;11,64;3,02;3,05;4,85;2,16
22/03/2016;29;VACA;9580;4;15;6,78;1,03;12,29;3,43;3,27;4,81;2,35
22/03/2016;32;VACA;19260;6,1;15;6,76;1,03;12,31;3,45;3,2;4,84;2,28
22/03/2016;26;VACA;5620;4,4;15;6,8;1,03;12,67;3,8;3,25;4,81;2,27
22/03/2016;42;CABRA;3580;5,1;14;6,8;1,032;14,3;4,92;3,78;4,92;2,84
22/03/2016;42;OVEJA;11300;5;19;6,8;1,036;17,58;6,46;5,45;4,96;4,3
22/03/2016;38;CABRA;740;6;13;6,82;1,032;14,33;5,43;3,53;4,65;2,7
22/03/2016;46;OVEJA;13260;6;18;6,74;1,036;17,43;6,58;5,23;4,89;4,17
22/03/2016;25;VACA;25360;5;15;6,82;1,03;12,88;3,87;3,35;4,93;2,4
22/03/2016;1;OVEJA;6400;5;20;6,74;1,036;17,27;6,39;5,32;4,87;4,18
22/03/2016;45;CABRA;9620;5;14;6,77;1,032;14,33;5;3,62;4,97;2,8
22/03/2016;39;OVEJA;5280;6;18;6,8;1,036;18,85;7,83;5,49;4,77;4,24
22/03/2016;43;OVEJA;2240;4,5;20;6,78;1,036;17,34;6,09;5,78;4,83;4,49
22/03/2016;43;CABRA;1100;4,7;13;6,8;1,032;14,3;5,09;3,55;4,92;2,78
22/03/2016;1;OVEJA;26380;2,7;18;6,76;1,036;17,21;6,39;5,15;4,94;4,07
22/03/2016;1;OVEJA;23800;3,2;20;6,77;1,036;17,14;6,35;5,14;4,92;4,07
22/03/2016;1;CABRA;26580;3;14;6,82;1,032;14,27;5,23;3,45;4,79;2,58
22/03/2016;1;CABRA;25920;4,2;14;6,81;1,032;14,64;5,46;3,54;4,83;2,67
23/03/2016;30;VACA;27220;6,3;15;6,82;1,03;12,17;3,35;3,22;4,85;2,25
23/03/2016;40;OVEJA;6240;5;19;6,78;1,036;18,74;7,71;5,35;4,9;4,21
23/03/2016;41;CABRA;6840;5;14;6,78;1,032;13,74;4,74;3,34;4,88;2,6
23/03/2016;43;CABRA;2720;5;14;6,78;1,032;14,71;5,32;3,82;4,88;2,92
23/03/2016;29;VACA;16060;5;14;6,8;1,03;11,9;3,3;3,01;4,82;2,1
23/03/2016;29;VACA;9140;4,9;14;6,8;1,03;12,43;3,66;3,22;4,69;2,26
23/03/2016;24;VACA;12020;9,6;16;6,76;1,03;12,56;3,6;3,27;4,92;2,3
23/03/2016;24;VACA;8660;6;16;6,77;1,03;12,42;3,56;3,23;4,89;2,28
23/03/2016;32;VACA;32300;2,3;15;6,8;1,03;12,39;3,4;3,31;4,93;2,33
23/03/2016;38;CABRA;10200;6;14;6,78;1,032;14,56;5,41;3,66;4,7;2,72
23/03/2016;38;OVEJA;4300;4,4;20;6,75;1,036;17,18;6,37;5,25;4,88;4,12
23/03/2016;39;CABRA;1580;6,5;14;6,8;1,032;14,58;5,46;3,35;4,94;2,59
23/03/2016;39;OVEJA;5240;5;20;6,82;1,036;18,39;7,55;5,12;4,81;4,04
23/03/2016;42;OVEJA;3040;5;20;6,76;1,036;18,83;7,75;5,56;4,76;4,32
23/03/2016;42;CABRA;3640;6,5;14;6,8;1,032;14,22;4,97;3,7;4,79;2,8
23/03/2016;27;VACA;15460;8,4;15;6,78;1,03;12,34;3,55;3,25;4,78;2,25
23/03/2016;26;VACA;5760;4,2;15;6,8;1,03;12,32;3,51;3,23;4,8;2,26
23/03/2016;25;VACA;25640;5,1;15;6,78;1,03;13,1;4,05;3,32;4,96;2,4
23/03/2016;37;CABRA;3020;7;14;6,82;1,032;14,31;5,09;3,61;4,88;2,75
23/03/2016;33;VACA;25360;5;15;6,8;1,03;12,3;3,25;3,26;5,05;2,31
23/03/2016;36;CABRA;12480;5,2;14;6,8;1,032;14,52;5,36;3,5;4,81;2,7
23/03/2016;1;CABRA;25820;3,6;14;6,8;1,032;14,45;5,3;3,48;4,85;2,64
23/03/2016;1;CABRA;26460;3,1;14;6,83;1,032;14,23;5,2;3,49;4,77;2,61
23/03/2016;1;CABRA;25720;3,3;14;6,82;1,032;14,53;5,43;3,49;4,84;2,64
24/03/2016;30;VACA;26900;5,7;15;6,8;1,03;12,14;3,31;3,23;4,83;2,25
24/03/2016;41;OVEJA;5520;6,5;20;6,8;1,036;18,73;7,64;5,72;4,61;4,41
24/03/2016;40;OVEJA;3840;5,3;20;6,8;1,036;18,09;7,34;4,89;5;3,92
24/03/2016;40;CABRA;3940;5,4;14;6,78;1,032;14,25;5,06;3,46;4,88;2,7
24/03/2016;29;VACA;16660;5,2;15;6,84;1,03;11,77;3,15;2,98;4,86;2,1
24/03/2016;29;VACA;5820;5,7;15;6,84;1,03;12,34;3,5;3,23;4,81;2,28
24/03/2016;42;CABRA;4340;4,8;14;6,82;1,032;14,27;5,05;3,66;4,84;2,75
24/03/2016;42;OVEJA;3400;4,7;20;6,78;1,036;18,59;7,56;5,56;4,83;4,4
24/03/2016;32;VACA;29500;5,4;15;6,82;1,03;12,41;3,61;3,21;4,79;2,24
24/03/2016;26;VACA;5520;4,2;15;6,82;1,03;12,57;3,75;3,22;4,82;2,23
24/03/2016;38;CABRA;1480;5,5;14;6,8;1,032;14,38;5,06;3,67;4,89;2,81
24/03/2016;46;OVEJA;13380;6;21;6,8;1,036;17,23;6,49;5,15;4,84;4,09
24/03/2016;45;CABRA;9080;5,3;14;6,8;1,032;13,36;4,67;3,39;4,6;2,51
24/03/2016;1;OVEJA;6280;5,5;21;6,77;1,036;16,87;6,15;5,32;4,72;4,12
24/03/2016;25;VACA;9040;4,8;15;6,8;1,03;12,57;3,5;3,36;4,97;2,39
24/03/2016;39;OVEJA;5480;5,2;20;6,8;1,036;18,88;7,95;5,39;4,78;4,14
24/03/2016;43;CABRA;1100;6;14;6,8;1,032;14,46;5,19;3,73;4,83;2,82
24/03/2016;43;OVEJA;3080;5,4;20;6,81;1,036;17,29;6,27;5,61;4,73;4,36
24/03/2016;25;VACA;680;0;0;0;1,03;NA;NA;NA;NA;NA
24/03/2016;25;VACA;14540;4,8;15;6,8;1,03;12,57;3,5;3,36;4,97;2,39
25/03/2016;1;CABRA;25740;5,8;15;6,77;1,032;13,81;4,71;3,59;4,84;2,69
25/03/2016;29;VACA;17220;4,2;15;6,8;1,03;11,99;3,27;3,01;4,93;2,15
25/03/2016;29;VACA;6080;6;15;6,78;1,03;12,52;3,72;3,27;4,68;2,28
25/03/2016;40;OVEJA;9540;5,6;20;6,77;1,036;18,69;7,63;5,57;4,75;4,33
25/03/2016;41;CABRA;6560;5,7;14;6,84;1,032;13,68;4,75;3,28;4,87;2,59
25/03/2016;39;CABRA;1540;4,8;14;6,78;1,032;14,47;5,34;3,39;4,95;2,66
25/03/2016;39;OVEJA;5200;3,7;20;6,76;1,036;18,51;7,61;5,22;4,85;4,12
25/03/2016;26;VACA;5940;4,5;15;6,8;1,03;12,46;3,69;3,19;4,81;2,23
25/03/2016;24;VACA;12300;7,8;15;6,82;1,03;12,42;3,46;3,26;4,97;2,34
25/03/2016;24;VACA;13500;5;15;6,78;1,03;12,5;3,58;3,23;4,92;2,29
25/03/2016;32;VACA;30580;3;15;6,8;1,03;12,34;3,37;3,29;4,91;2,33
25/03/2016;43;CABRA;5340;5,5;15;6,8;1,032;14,13;5,06;3,56;4,78;2,71
25/03/2016;27;VACA;15120;8;15;6,81;1,03;12,42;3,57;3,28;4,83;2,34
25/03/2016;37;CABRA;2400;8;14;6,83;1,032;14,37;5,17;3,63;4,9;2,8
25/03/2016;42;OVEJA;2680;7,5;20;6,76;1,036;18,99;7,85;5,59;4,75;4,33
25/03/2016;42;CABRA;2840;6,5;14;6,73;1,032;14,21;4,99;3,67;4,78;2,77
25/03/2016;25;VACA;25660;5,2;15;6,79;1,03;13,1;4,06;3,32;4,95;2,4
25/03/2016;38;CABRA;9660;6,2;105;6,8;1,032;14,68;5,65;3,61;4,65;2,68
25/03/2016;38;OVEJA;4860;4,4;20;6,78;1,036;17,38;6,64;5,19;4,84;4,09
25/03/2016;1;CABRA;24840;2,7;14;6,8;1,032;14,17;5,17;3,46;4,78;2,61
25/03/2016;36;CABRA;10819;6,4;14;6,82;1,032;14,33;5,18;3,57;4,8;2,74
26/03/2016;22;VACA;25360;6;15;6,8;1,03;12,3;3,38;3,26;4,95;2,31
26/03/2016;30;VACA;26100;6,3;15;6,85;1,03;12,37;3,6;3,17;4,79;2,24
26/03/2016;29;VACA;16760;3,6;15;6,8;1,03;11,72;3,1;3;4,84;2,09
26/03/2016;29;VACA;8040;7;15;6,78;1,03;12,37;3,6;3,22;4,73;2,28
26/03/2016;41;OVEJA;6300;7;20;6,8;1,036;18,66;7,54;5,66;4,72;4,41
26/03/2016;24;VACA;16320;7,4;15;6,78;1,03;12,29;3,52;3,22;4,84;2,27
26/03/2016;24;VACA;13020;6,7;15;6,76;1,03;12,44;3,57;3,26;4,82;2,31
26/03/2016;40;OVEJA;4380;6,2;20;6,73;1,036;17,62;6,78;4,93;5,01;3,95
26/03/2016;40;CABRA;4040;5,4;15;6,76;1,032;14,35;5,13;3,45;4,86;2,7
26/03/2016;32;VACA;25400;6;15;6,8;1,03;12,36;3,57;3,18;4,81;2,2
26/03/2016;26;VACA;5840;4;15;6,79;1,03;12,6;3,8;3,2;4,81;2,23
26/03/2016;43;CABRA;1520;6;14;6,83;1,032;14,3;5,1;3,57;4,87;2,79
26/03/2016;43;OVEJA;3140;5,5;20;6,81;1,036;17,3;6,44;5,53;4,69;4,29
26/03/2016;42;CABRA;3280;5,5;14;6,84;1,032;14,43;5,09;3,76;4,87;2,84
26/03/2016;42;OVEJA;11700;5,6;20;6,79;1,036;17,11;6,15;5,3;5,1;4,31
26/03/2016;38;CABRA;880;6;14;6,86;1,032;14,19;5,32;3,47;4,59;2,69
26/03/2016;45;CABRA;10360;7;15;6,83;1,032;13,8;4,85;3,43;4,76;2,62
26/03/2016;46;OVEJA;13560;6;20;6,77;1,036;17,24;6,41;5,19;4,9;4,14
26/03/2016;25;VACA;24880;5,8;16;6,78;1,03;12,88;3,86;3,35;4,9;2,38
26/03/2016;39;OVEJA;4920;4;20;6,82;1,036;17,43;6,78;5,25;4,66;4,14
27/03/2016;40;OVEJA;9000;4,8;20;6,82;1,036;18,78;7,8;5,36;4,85;4,21
27/03/2016;22;VACA;24100;6,7;15;6,81;1,03;12,36;3,39;3,27;4,96;2,3
27/03/2016;41;CABRA;6980;4,5;14;6,86;1,032;13,83;4,82;3,36;4,83;2,62
27/03/2016;29;VACA;16840;4;15;6,81;1,03;11,98;3,31;3,1;4,78;2,17
27/03/2016;29;VACA;8700;4,5;15;6,82;1,03;12,33;3,59;3,2;4,72;2,24
27/03/2016;30;VACA;26560;7,8;15;6,8;1,03;12,27;3,48;3,16;4,86;2,22
27/03/2016;43;CABRA;3580;5;14;6,83;1,032;14,09;4,97;3,61;4,78;2,74
27/03/2016;39;CABRA;1520;5,7;14;6,81;1,032;14,39;5,31;3,32;4,94;2,61
27/03/2016;39;OVEJA;5220;3,5;19;6,76;1,036;18,27;7,47;5,13;4,82;4,08
27/03/2016;27;VACA;14480;8;15;6,8;1,03;12,41;3,6;3,25;4,78;2,28
27/03/2016;26;VACA;5680;4,4;15;6,8;1,03;12,51;3,71;3,2;4,83;2,24
27/03/2016;32;VACA;29860;2,6;15;6,79;1,03;12,34;3,36;3,28;4,9;2,29
27/03/2016;38;CABRA;9300;5;14;6,84;1,032;14,31;5,27;3,4;4,8;2,61
27/03/2016;38;OVEJA;4560;4,3;20;6,77;1,036;17,48;6,65;5,25;4,88;4,13
27/03/2016;42;OVEJA;3220;6;20;6,81;1,036;18,86;7,77;5,6;4,74;4,29
27/03/2016;42;CABRA;3040;7;15;6,8;1,032;13,82;4,79;3,47;4,74;2,63
27/03/2016;25;VACA;25420;5;15;6,81;1,03;13,13;4,1;3,31;4,92;2,4
27/03/2016;37;CABRA;2780;7,5;15;6,83;1,032;14,45;5,23;3,67;4,82;2,8
27/03/2016;33;VACA;26020;5;15;6,8;1,03;12,25;3,25;3,23;5,04;2,27
27/03/2016;1;CABRA;25660;5,4;14;6,75;1,032;13,69;4,76;3,48;4,7;2,57
27/03/2016;1;CABRA;26080;4,3;15;6,78;1,032;14,43;5,34;3,45;4,81;2,62
28/03/2016;41;OVEJA;5140;4,6;19;6,8;1,036;18,47;7,51;5,54;4,69;4,33
28/03/2016;29;VACA;16540;4,8;15;6,8;1,03;12,14;3,4;3,12;4,8;2,18
28/03/2016;29;VACA;8420;6,3;15;6,8;1,03;12,35;3,51;3,22;4,78;2,28
28/03/2016;40;OVEJA;4280;4,7;19;6,82;1,036;17,67;6,84;4,95;5,05;3,96
28/03/2016;40;CABRA;4040;5;14;6,81;1,032;14,29;5,07;3,46;4,87;2,7
28/03/2016;24;VACA;12000;8;15;6,78;1,03;12,18;3,35;3,23;4,84;2,26
28/03/2016;24;VACA;12500;7,5;15;6,81;1,03;12,35;3,46;3,25;4,9;2,31
28/03/2016;32;VACA;26120;5,4;16;6,77;1,03;12,18;3,42;3,17;4,82;2,21
28/03/2016;26;VACA;6060;4,2;15;6,84;1,03;12,49;3,66;3,19;4,86;2,21
28/03/2016;43;CABRA;1180;5,9;14;6,84;1,032;14,18;4,84;3,81;4,84;2,92
28/03/2016;43;OVEJA;3180;5,5;22;6,78;1,036;17,51;6,35;5,67;4,86;4,45
28/03/2016;42;OVEJA;4140;6,3;15;6,81;1,036;18,42;7,37;5,51;4,85;4,4
28/03/2016;42;CABRA;6460;5,2;14;6,8;1,032;14,22;5,03;3,58;4,83;2,73
28/03/2016;45;CABRA;8980;5,4;14;6,8;1,032;14,05;4,87;3,56;4,87;2,71
28/03/2016;1;OVEJA;6480;5,6;20;6,78;1,036;17,61;6,86;5,26;4,77;4,07
28/03/2016;25;VACA;24640;5,2;15;6,82;1,03;12,96;3,9;3,38;4,91;2,41
28/03/2016;46;OVEJA;13460;5,7;20;6,8;1,036;17,2;6,32;5,24;4,88;4,15
28/03/2016;39;OVEJA;4720;6;20;6,8;1,036;18,35;7,52;5,27;4,8;4,11
28/03/2016;18;VACA;25200;5;15;6,82;1,03;12,88;3,6;3,58;4,93;2,53
28/03/2016;18;VACA;25520;6;15;6,82;1,03;12,89;3,62;3,56;4,98;2,52
28/03/2016;36;CABRA;14620;5,8;14;6,8;1,032;14,03;5;3,46;4,77;2,62
28/03/2016;38;CABRA;1520;5;14;6,8;1,032;14,19;4,91;3,64;4,81;2,79
29/03/2016;30;VACA;27000;6,4;15;6,8;1,03;12,44;3,66;3,2;4,84;2,21
29/03/2016;1;CABRA;25800;3;14;6,82;1,032;14,15;5,12;3,53;4,75;2,63
29/03/2016;1;CABRA;25640;3;14;6,82;1,032;14,53;5,33;3,53;4,87;2,66
29/03/2016;1;CABRA;24180;3;14;6,82;1,032;13,8;4,92;3,44;4,69;2,57
29/03/2016;40;OVEJA;8080;6,3;19;6,78;1,036;17,98;7,1;5,23;4,9;4,13
29/03/2016;41;CABRA;6900;6,5;13;6,85;1,032;13,83;4,85;3,34;4,84;2,59
29/03/2016;29;VACA;16340;3,7;15;6,82;1,03;12,04;3,45;3,04;4,72;2,11
29/03/2016;29;VACA;8520;5;15;6,79;1,03;12,36;3,69;3,22;4,65;2,25
29/03/2016;43;CABRA;4420;6,1;14;6,81;1,032;14,35;5,06;3,78;4,79;2,88
29/03/2016;24;VACA;23040;6,8;15;6,81;1,03;12,5;3,64;3,22;4,87;2,3
29/03/2016;32;VACA;30220;2,7;16;6,8;1,03;12,3;3,31;3,32;4,96;2,35
29/03/2016;39;CABRA;1700;5,6;14;6,78;1,032;14,33;5,3;3,31;4,88;2,56
29/03/2016;39;OVEJA;5240;3,8;20;6,76;1,036;18,25;7,41;5,18;4,87;4,01
29/03/2016;26;VACA;5820;4,1;15;6,83;1,03;12,45;3,71;3,21;4,85;2,22
29/03/2016;27;VACA;15120;8,2;15;6,8;1,03;12,45;3,63;3,27;4,81;2,28
29/03/2016;42;OVEJA;4360;8,2;20;6,82;1,036;18,71;7,63;5,49;4,82;4,29
29/03/2016;42;CABRA;2980;7,3;14;6,78;1,032;14,1;4,93;3,59;4,85;2,75
29/03/2016;37;CABRA;2440;7,8;14;6,8;1,032;14,32;5,17;3,66;4,83;2,77
29/03/2016;25;VACA;25120;5,5;15;6,81;1,03;13,1;4,11;3,34;4,93;2,39
29/03/2016;38;CABRA;11820;5,6;14;6,82;1,032;14,15;5,11;3,6;4,71;2,66
29/03/2016;38;OVEJA;3980;4,6;18;6,78;1,036;17,01;6,22;5,3;4,89;4,13
29/03/2016;33;VACA;26360;5;15;6,8;1,03;11,54;2,9;3,12;4,82;2,13
29/03/2016;18;VACA;25200;6;15;6,82;1,03;13,03;3,81;3,56;4,94;2,53
29/03/2016;18;VACA;26140;7;15;6,82;1,03;12,78;3,53;3,56;5;2,55
29/03/2016;1;CABRA;26160;4,3;14;6,81;1,032;14,07;5,09;3,45;4,75;2,57
29/03/2016;1;CABRA;25660;3,4;14;6,82;1,032;14,2;5,17;3,46;4,82;2,61
30/03/2016;1;CABRA;22000;4,3;14;6,82;1,032;13,86;4,75;3,61;4,82;2,7
30/03/2016;30;VACA;26100;6,6;15;6,82;1,03;11,74;3,24;3,09;4,71;2,09
30/03/2016;29;VACA;16520;4,8;15;6,82;1,03;11,8;3,27;2,91;4,8;2,06
30/03/2016;29;VACA;6380;7;14;6,85;1,03;12,26;3,52;3,25;4,75;2,27
30/03/2016;40;OVEJA;5580;6,4;18;6,81;1,036;17,62;7,07;4,63;4,92;3,83
30/03/2016;40;CABRA;4280;5,6;14;6,82;1,032;14,2;5,07;3,43;4,81;2,65
30/03/2016;32;VACA;27480;5,5;15;6,81;1,03;12,24;3,47;3,19;4,84;2,24
30/03/2016;24;VACA;11980;6,5;15;6,82;1,03;12,29;3,52;3,21;4,82;2,27
30/03/2016;24;VACA;10500;6,8;15;6,8;1,03;12,33;3,43;3,3;4,91;2,35
30/03/2016;26;VACA;5760;5;15;6,81;1,03;12,44;3,65;3,21;4,83;2,25
30/03/2016;43;CABRA;1540;5;14;6,8;1,032;14,19;4,98;3,73;4,81;2,81
30/03/2016;43;OVEJA;2960;5,2;20;6,8;1,036;17,54;6,37;5,73;4,85;4,47
30/03/2016;45;CABRA;10160;5,7;14;6,82;1,032;14,12;4,88;3,64;4,91;2,8
30/03/2016;1;OVEJA;6320;4,5;20;6,79;1,036;17,33;6,5;5,26;4,84;4,08
30/03/2016;42;CABRA;3560;5,8;14;6,82;1,032;14,2;4,97;3,72;4,85;2,76
30/03/2016;42;OVEJA;11300;5,5;19;6,8;1,036;17,21;6,14;5,42;4,96;4,23
30/03/2016;39;OVEJA;4740;4,5;20;6,78;1,036;18,36;7,56;5,17;4,85;4,07
30/03/2016;25;VACA;25280;5;15;6,8;1,03;13;3,94;3,36;4,96;2,41
30/03/2016;46;OVEJA;13560;5,5;20;6,77;1,036;17,19;6,35;5,22;4,88;4,12
30/03/2016;38;CABRA;960;8;14;6,8;1,032;14,2;5,26;3,57;4,62;2,71
30/03/2016;1;CABRA;25880;4,5;14;6,82;1,032;14,28;5,19;3,46;4,84;2,59
30/03/2016;36;CABRA;14540;4,6;15;6,8;1,032;14,21;5,2;3,38;4,8;2,59
30/03/2016;1;CABRA;24660;4;14;6,82;1,032;14,15;5,13;3,4;4,84;2,57
30/03/2016;1;CABRA;25140;3;14;6,8;1,032;14;4,89;3,57;4,8;2,66
31/03/2016;18;VACA;25580;6,5;16;6,78;1,03;12,54;3,43;3,52;4,88;2,47
31/03/2016;40;OVEJA;9140;5,4;18;6,84;1,036;18,22;7,36;5,34;4,77;4,13
31/03/2016;41;CABRA;7540;6;13;6,86;1,032;13,86;4,86;3,35;4,81;2,59
31/03/2016;30;VACA;26900;4,6;14;6,85;1,03;12,36;3,57;3,22;4,85;2,22
31/03/2016;29;VACA;16980;4;15;6,82;1,03;11,95;3,43;2,94;4,81;2,07
31/03/2016;29;VACA;6120;4,9;15;6,83;1,03;12,38;3,65;3,23;4,73;2,21
31/03/2016;43;CABRA;4060;5;14;6,84;1,032;14;4,79;3,72;4,82;2,8
31/03/2016;39;CABRA;1520;5,3;14;6,81;1,032;14,33;5,33;3,31;4,89;2,56
31/03/2016;39;OVEJA;2780;6;20;6,8;1,036;18,19;7,39;5,16;4,89;4,09
31/03/2016;32;VACA;29820;3,3;15;6,81;1,03;12,35;3,34;3,3;4,98;2,3
31/03/2016;27;VACA;15540;7,8;15;6,79;1,03;12,3;3,54;3,24;4,81;2,25
31/03/2016;26;VACA;5480;4;15;6,78;1,03;12,41;3,68;3,19;4,79;2,24
31/03/2016;25;VACA;23080;5,2;15;6,81;1,03;13,11;4,09;3,36;4,94;2,43
31/03/2016;42;OVEJA;4020;5;19;6,8;1,036;18,51;7,5;5,54;4,78;4,28
31/03/2016;42;CABRA;3400;6;14;6,83;1,032;14,18;4,97;3,67;4,81;2,77
31/03/2016;37;CABRA;3220;6,7;14;6,84;1,032;14,29;5,1;3,65;4,86;2,77
31/03/2016;38;CABRA;11160;4,5;14;6,82;1,032;14,01;4,95;3,52;4,73;2,65
31/03/2016;38;OVEJA;4440;4,1;20;6,78;1,036;17,17;6,41;5,25;4,85;4,07
31/03/2016;18;VACA;25160;6,3;15;6,8;1,03;12,82;3,58;3,57;4,96;2,54
31/03/2016;33;VACA;26180;5;15;6,81;1,03;12,06;3,14;3,2;5,04;2,27
01/04/2016;40;OVEJA;3960;4,6;20;6,8;1,036;17,99;7,44;4,65;4,96;3,75
01/04/2016;40;CABRA;4040;4,2;14;6,8;1,032;14,27;5,09;3,48;4,88;2,68
01/04/2016;41;OVEJA;6340;5,5;18;6,84;1,036;18,49;7,56;5,46;4,77;4,23
01/04/2016;29;VACA;16140;3,5;15;6,82;1,03;11,61;3,05;2,94;4,85;2,02
01/04/2016;29;VACA;6020;9,2;14;6,86;1,03;12,18;3,48;3,2;4,69;2,23
01/04/2016;24;VACA;11960;6,9;15;6,82;1,03;12,16;3,37;3,21;4,87;2,22
01/04/2016;24;VACA;13460;4,7;15;6,83;1,03;12,52;3,64;3,21;4,94;2,27
01/04/2016;32;VACA;27160;8,2;15;6,77;1,03;12,17;3,42;3,2;4,83;2,22
01/04/2016;42;OVEJA;4060;4;21;6,75;1,036;19,03;7,82;5,71;4,84;4,47
01/04/2016;42;CABRA;5380;5;14;6,83;1,032;13,97;4,78;3,63;4,86;2,75
01/04/2016;26;VACA;5360;4,2;15;6,82;1,03;12,74;3,93;3,24;4,78;2,27
01/04/2016;43;CABRA;1380;6,1;13;6,85;1,032;14,1;4,82;3,75;4,88;2,9
01/04/2016;43;OVEJA;3360;4,5;22;6,76;1,036;17,28;6,14;5,7;4,79;4,44
01/04/2016;25;VACA;23160;5,7;15;6,8;1,03;13,03;3,98;3,36;4,95;2,42
01/04/2016;45;CABRA;9140;5,1;14;6,83;1,032;14;4,85;3,54;4,86;2,7
01/04/2016;1;OVEJA;6400;3,4;20;6,78;1,036;16,78;6,04;5,27;4,79;4,13
01/04/2016;46;OVEJA;13680;5,4;21;6,77;1,036;17,15;6,41;5,08;4,89;4,06
01/04/2016;38;CABRA;1600;6;14;6,82;1,032;13,89;4,72;3,59;4,84;2,81
01/04/2016;1;CABRA;25980;4;14;6,81;1,032;14,25;5,19;3,47;4,8;2,6
01/04/2016;1;CABRA;24760;4;14;6,81;1,032;14,2;5,17;3,46;4,83;2,62
01/04/2016;36;CABRA;12000;6,8;14;6,8;1,032;14,13;5,03;3,51;4,8;2,67
01/04/2016;1;CABRA;24820;4;14;6,82;1,032;14,22;5,16;3,46;4,84;2,59
02/04/2016;40;OVEJA;10080;6,6;19;6,82;1,036;18,59;7,63;5,49;4,78;4,25
02/04/2016;24;VACA;15960;6,5;15;6,8;1,03;12,47;3,67;3,21;4,85;2,22
02/04/2016;24;VACA;11660;6,6;15;6,78;1,03;12,43;3,64;3,25;4,79;2,27
02/04/2016;30;VACA;26160;4,9;15;6,83;1,03;12,41;3,65;3,19;4,84;2,21
02/04/2016;41;CABRA;7000;5,3;14;6,86;1,032;14,08;4,9;3,52;4,89;2,71
02/04/2016;22;VACA;24720;6,2;15;6,8;1,03;12,42;3,59;3,24;4,89;2,28
02/04/2016;29;VACA;16220;4,1;15;6,82;1,03;11,69;3,14;3,03;4,8;2,09
02/04/2016;29;VACA;7760;4,5;15;6,8;1,03;12,2;3,48;3,24;4,74;2,23
02/04/2016;43;CABRA;4180;4,8;15;6,82;1,032;14,04;4,83;3,76;4,76;2,83
02/04/2016;32;VACA;29060;2,9;15;6,8;1,03;12,43;3,4;3,34;4,98;2,36
02/04/2016;39;CABRA;1340;7;15;6,79;1,032;14,51;5,38;3,4;4,93;2,62
02/04/2016;39;OVEJA;5260;4,8;20;6,8;1,036;18,46;7,59;5,21;4,86;4,11
02/04/2016;26;VACA;5440;4,2;15;6,81;1,03;12,63;3,87;3,2;4,8;2,25
02/04/2016;37;CABRA;2380;5,4;13;6,85;1,032;14,36;5,11;3,71;4,88;2,82
02/04/2016;42;CABRA;3400;7;14;6,84;1,032;14,15;4,93;3,6;4,87;2,75
02/04/2016;42;OVEJA;6060;4,5;21;6,73;1,036;18,81;7,72;5,56;4,79;4,36
02/04/2016;27;VACA;14980;7,4;15;6,79;1,03;13,94;4,87;3,35;4,91;2,65
02/04/2016;25;VACA;25040;5,2;15;6,78;1,03;13,08;4,12;3,29;4,91;2,34
02/04/2016;38;CABRA;10480;4,6;15;6,8;1,032;14,1;5,01;3,59;4,71;2,67
02/04/2016;38;OVEJA;4580;4;20;6,78;1,036;17,24;6,43;5,31;4,84;4,11
03/04/2016;29;VACA;16280;4;14;6,85;1,03;11,69;3,1;3,04;4,79;2,06
03/04/2016;29;VACA;10320;6;15;6,82;1,03;12,33;3,59;3,22;4,77;2,24
03/04/2016;40;OVEJA;5560;6,6;20;6,78;1,036;17,85;7,13;4,89;4,94;3,94
03/04/2016;40;CABRA;4260;6;14;6,79;1,032;14,3;5,05;3,57;4,89;2,76
03/04/2016;41;OVEJA;5960;6;18;6,84;1,036;18,5;7,58;5,46;4,78;4,25
03/04/2016;32;VACA;26660;6,3;15;6,79;1,03;12,23;3,49;3,19;4,82;2,22
03/04/2016;22;VACA;24100;6,4;15;6,81;1,03;12,56;3,61;3,27;4,98;2,29
03/04/2016;30;VACA;26180;8,1;15;6,78;1,03;12,25;3,53;3,14;4,84;2,2
03/04/2016;26;VACA;5360;4,4;15;6,8;1,03;12,65;3,92;3,17;4,77;2,21
03/04/2016;43;CABRA;1100;6,3;14;6,86;1,032;13,86;4,73;3,55;4,89;2,71
03/04/2016;43;OVEJA;2640;5,7;19;6,83;1,036;17,06;6,07;5,67;4,71;4,37
03/04/2016;45;CABRA;10160;6;14;6,84;1,032;14,03;4,82;3,63;4,89;2,75
03/04/2016;1;OVEJA;6400;5,5;21;6,78;1,036;17,16;6,38;5,31;4,78;4,12
03/04/2016;25;VACA;23780;5,1;15;6,81;1,03;12,96;3,98;3,36;4,92;2,36
03/04/2016;46;OVEJA;13800;7;20;6,78;1,036;17,27;6,46;5,2;4,88;4,12
03/04/2016;42;CABRA;2600;6,3;14;6,86;1,032;14,46;5,27;3,68;4,82;2,73
03/04/2016;42;OVEJA;11520;5,3;20;6,79;1,036;17,27;6,06;5,51;5;4,31
03/04/2016;39;OVEJA;5440;4,6;20;6,82;1,036;18,66;7,75;5,29;4,82;4,16
03/04/2016;38;CABRA;940;7;14;6,86;1,032;14,06;5,1;3,57;4,64;2,72
03/04/2016;18;VACA;24599;7;15;6,8;1,03;13,01;3,76;3,54;5,01;2,51
03/04/2016;18;VACA;25240;6,4;15;6,8;1,03;12,88;3,68;3,56;4,92;2,52
04/04/2016;30;VACA;26020;7;14;6,86;1,03;12,27;3,48;3,18;4,88;2,21
04/04/2016;40;OVEJA;11320;5,7;18;6,84;1,036;18,41;7,58;5,44;4,79;4,21
04/04/2016;29;VACA;17560;4;15;6,84;1,03;11,7;3,07;3,08;4,83;2,12
04/04/2016;29;VACA;11220;5,2;15;6,84;1,03;12,17;3,48;3,19;4,74;2,2
04/04/2016;41;CABRA;8140;5,7;13;6,87;1,032;13,95;4,85;3,47;4,83;2,68
04/04/2016;43;CABRA;4720;5;14;6,84;1,032;14,32;4,96;3,86;4,84;2,89
04/04/2016;39;CABRA;1980;5,4;13;6,86;1,032;14,54;5,37;3,44;4,93;2,66
04/04/2016;39;OVEJA;2560;5,3;19;6,84;1,036;18,08;7,34;5,1;4,83;4,08
04/04/2016;32;VACA;29680;2,7;15;6,81;1,03;12,43;3,4;3,33;4,96;2,33
04/04/2016;24;VACA;11780;5,7;14;6,85;1,03;12,24;3,49;3,19;4,83;2,22
04/04/2016;24;VACA;12540;6,6;15;6,81;1,03;12,48;3,64;3,26;4,87;2,31
04/04/2016;38;CABRA;9100;5,4;13;6,85;1,032;13,97;4,97;3,47;4,74;2,61
04/04/2016;38;OVEJA;4340;5;18;6,81;1,036;16,94;6,16;5,26;4,88;4,12
04/04/2016;27;VACA;14700;7,8;15;6,81;1,03;12,45;3,64;3,28;4,77;2,3
04/04/2016;26;VACA;5720;4,2;15;6,83;1,03;12,69;3,9;3,2;4,84;2,26
04/04/2016;25;VACA;25340;6,4;15;6,82;1,03;13,13;4,12;3,34;4,93;2,41
04/04/2016;37;CABRA;3320;7;14;6,83;1,032;14,33;5,19;3,7;4,84;2,79
04/04/2016;42;OVEJA;4120;4,8;18;6,84;1,036;18,8;7,7;5,57;4,78;4,32
04/04/2016;42;CABRA;3640;7,5;13;6,85;1,032;13,79;4,66;3,55;4,82;2,69
04/04/2016;18;VACA;25660;6;15;6,8;1,03;12,87;3,66;3,57;4,89;2,54
04/04/2016;18;VACA;26300;8;15;6,79;1,03;12,84;3,59;3,56;5,02;2,55
04/04/2016;18;VACA;25540;5,3;15;6,83;1,03;12,24;3,35;3,23;4,95;2,23
04/04/2016;36;CABRA;15260;4,6;13;6,83;1,032;14,14;5,05;3,54;4,75;2,68
04/04/2016;18;VACA;24500;7,6;15;6,82;1,03;13,01;3,82;3,53;4,98;2,51
05/04/2016;1;CABRA;24860;3;14;6,81;1,032;14,07;5,11;3,42;4,77;2,56
05/04/2016;1;CABRA;25200;4,2;14;6,83;1,032;14,18;4,98;3,64;4,84;2,68
05/04/2016;1;CABRA;25860;3,8;14;6,84;1,032;14,44;5,28;3,52;4,89;2,62
05/04/2016;41;OVEJA;3700;4,1;18;6,86;1,036;18,22;7,46;5,28;4,76;4,12
05/04/2016;29;VACA;16420;3,6;15;6,82;1,03;11,5;2,93;3,06;4,81;2,11
05/04/2016;29;VACA;9220;7,3;15;6,82;1,03;12,05;3,37;3,2;4,71;2,24
05/04/2016;40;OVEJA;6140;8;19;6,76;1,036;17,79;7,16;4,84;4,93;3,88
05/04/2016;40;CABRA;4420;5,8;15;6,83;1,032;14,33;5,12;3,53;4,86;2,72
05/04/2016;24;VACA;22700;4,4;15;6,79;1,03;12,64;3,78;3,19;4,92;2,28
05/04/2016;32;VACA;26800;5,8;16;6,82;1,03;12,21;3,41;3,21;4,85;2,26
05/04/2016;26;VACA;5500;4,2;15;6,83;1,03;12,63;3,81;3,23;4,86;2,29
05/04/2016;45;CABRA;8900;5,7;14;6,8;1,032;13,6;4,63;3,54;4,75;2,67
05/04/2016;1;OVEJA;8680;3,5;19;6,8;1,036;17,01;6,36;5,21;4,75;4,05
05/04/2016;43;CABRA;1320;6;13;6,85;1,032;13,6;4,51;3,51;4,91;2,71
05/04/2016;43;OVEJA;3080;4,6;20;6,82;1,036;17,37;6,12;5,76;4,87;4,52
05/04/2016;25;VACA;23980;5,1;15;6,83;1,03;12,94;3,93;3,36;4,94;2,42
05/04/2016;46;OVEJA;13820;5,4;18;6,78;1,036;17,23;6,39;5,2;4,92;4,12
05/04/2016;42;CABRA;6220;5,3;13;6,85;1,032;14,29;5,09;3,65;4,81;2,76
05/04/2016;42;OVEJA;4640;5,7;19;6,81;1,036;18,53;7,59;5,45;4,72;4,35
05/04/2016;38;CABRA;1600;5,2;14;6,8;1,032;14,09;4,91;3,57;4,84;2,78
05/04/2016;1;CABRA;25060;0;14;6,83;1,032;13,86;4,99;3,42;4,68;2,55
05/04/2016;1;CABRA;25880;3,7;14;6,84;1,032;14,44;5,33;3,47;4,81;2,64
06/04/2016;30;VACA;27120;6,8;14;6,83;1,03;11,93;3,24;3,2;4,84;2,19
06/04/2016;1;CABRA;25140;4,4;14;6,82;1,032;13,68;4,67;3,59;4,77;2,69
06/04/2016;29;VACA;15980;3,4;14;6,85;1,03;11,74;3,11;3,11;4,82;2,15
06/04/2016;29;VACA;9220;5,2;14;6,85;1,03;12,24;3,47;3,25;4,74;2,26
06/04/2016;40;OVEJA;6520;4,3;18;6,82;1,036;18,56;7,6;5,31;4,86;4,15
06/04/2016;41;CABRA;7320;6;13;6,86;1,032;14,1;4,95;3,51;4,85;2,72
06/04/2016;43;CABRA;4220;5;14;6,82;1,032;14,57;5,21;3,89;4,8;2,94
06/04/2016;24;VACA;11420;5,7;14;6,84;1,03;12,32;3,57;3,18;4,83;2,24
06/04/2016;24;VACA;11540;5,8;14;6,84;1,03;12,65;3,76;3,27;4,85;2,29
06/04/2016;42;CABRA;2640;7,6;13;6,85;1,032;14,18;5,04;3,58;4,83;2,72
06/04/2016;42;OVEJA;5940;5;20;6,83;1,036;18,86;7,75;5,54;4,79;4,35
06/04/2016;39;CABRA;1640;5,7;13;6,84;1,032;14,67;5,56;3,36;4,9;2,61
06/04/2016;39;OVEJA;5340;5,6;18;6,82;1,036;18,33;7,49;5,23;4,78;4,09
06/04/2016;32;VACA;29840;2,6;15;6,83;1,03;12,34;3,36;3,29;4,95;2,31
06/04/2016;26;VACA;5380;5;15;6,82;1,03;12,65;3,87;3,2;4,81;2,24
06/04/2016;27;VACA;14680;5;15;6,82;1,03;12,49;3,67;3,29;4,8;2,3
06/04/2016;25;VACA;25520;5;14;6,8;1,03;13,12;4,15;3,3;4,94;2,37
06/04/2016;38;CABRA;11280;5;14;6,82;1,032;14,17;5,03;3,57;4,79;2,69
06/04/2016;38;OVEJA;4460;5;20;6,79;1,036;17,17;6,41;5,26;4,84;4,12
06/04/2016;37;CABRA;2620;5;14;6,82;1,032;14,43;5,16;3,66;4,91;2,78
06/04/2016;36;CABRA;14520;4;15;6,8;1,032;14,46;5,33;3,5;4,77;2,72
06/04/2016;1;CABRA;24920;3;14;6,83;1,032;14,21;5,12;3,47;4,86;2,61
06/04/2016;1;CABRA;25680;3;14;6,84;1,032;14,05;5,05;3,45;4,78;2,62
06/04/2016;18;VACA;24920;5;15;6,8;1,03;12,82;3,62;3,58;4,93;2,54
07/04/2016;18;VACA;26100;4,7;15;6,82;1,03;12,3;3,33;3,28;5;2,3
07/04/2016;1;CABRA;24500;3,4;14;6,84;1,032;14,47;5,37;3,52;4,81;2,63
07/04/2016;18;VACA;26060;6;15;6,84;1,03;13,01;3,8;3,57;4,95;2,56
07/04/2016;41;OVEJA;5940;7,4;18;6,84;1,036;18,25;7,46;5,26;4,79;4,16
07/04/2016;40;OVEJA;5540;6;19;6,8;1,036;18,21;7,49;4,91;4,88;4
07/04/2016;40;CABRA;4400;6;14;6,83;1,032;14,35;5,17;3,56;4,84;2,75
07/04/2016;30;VACA;25800;5;14;6,85;1,03;12,26;3,39;3,27;4,91;2,33
07/04/2016;29;VACA;16680;4,1;15;6,86;1,03;11,73;3,09;3,09;4,88;2,2
07/04/2016;29;VACA;7400;7,2;15;6,85;1,03;12,22;3,46;3,2;4,82;2,32
07/04/2016;32;VACA;26240;6,5;15;6,8;1,03;12,19;3,45;3,18;4,81;2,24
07/04/2016;26;VACA;5460;4;15;6,8;1,03;12,51;3,74;3,2;4,82;2,3
07/04/2016;42;CABRA;3080;5,7;14;6,87;1,032;14,06;4,78;3,73;4,88;2,85
07/04/2016;42;OVEJA;11060;5,2;20;6,8;1,036;17,31;6,16;5,52;4,96;4,35
07/04/2016;43;CABRA;1340;7;14;6,84;1,032;13,57;4,47;3,56;4,88;2,75
07/04/2016;43;OVEJA;2980;5,2;20;6,83;1,036;17,54;6,36;5,75;4,86;4,52
07/04/2016;38;CABRA;860;4;15;6,8;1,032;14,22;5,22;3,64;4,69;2,78
07/04/2016;1;OVEJA;8520;4,8;20;6,75;1,036;17,7;6,77;5,42;4,85;4,26
07/04/2016;45;CABRA;10380;5,6;14;6,81;1,032;14,1;4,96;3,58;4,87;2,76
07/04/2016;25;VACA;22820;4,4;15;6,82;1,03;12,91;3,92;3,37;4,94;2,43
07/04/2016;18;VACA;24960;6,9;15;6,8;1,03;12,93;3,68;3,57;5,02;2,57
07/04/2016;46;OVEJA;13740;6;20;6,78;1,036;17,22;6,44;5,19;4,9;4,16
07/04/2016;1;CABRA;25820;4;14;6,86;1,032;14,15;5,09;3,51;4,84;2,69
07/04/2016;1;CABRA;21900;2,3;14;6,83;1,032;14,3;5,17;3,59;4,85;2,72
07/04/2016;18;VACA;26100;6,4;15;6,8;1,03;12,64;3,31;3,62;5,01;2,61
07/04/2016;1;CABRA;25900;3,9;14;6,84;1,032;14,37;5,21;3,48;4,9;2,68
08/04/2016;1;CABRA;25640;4;15;6,8;1,032;14,26;5,17;3,5;4,85;2,64
08/04/2016;29;VACA;15760;3,3;14;6,86;1,03;11,39;2,76;3,07;4,9;2,19
08/04/2016;29;VACA;8920;6,3;14;6,85;1,03;12,25;3,64;3,17;4,62;2,23
08/04/2016;40;OVEJA;10720;6,1;20;6,83;1,036;18,35;7,54;5,21;4,83;4,1
08/04/2016;41;CABRA;8400;5;13;6,86;1,032;13,84;4,84;3,35;4,83;2,62
08/04/2016;24;VACA;12440;6,1;15;6,8;1,03;12,02;3,32;3,16;4,84;2,23
08/04/2016;24;VACA;13360;5,4;15;6,81;1,03;12,59;3,69;3,2;4,91;2,29
08/04/2016;43;CABRA;4500;4,5;15;6,8;1,032;14,22;4,92;3,77;4,84;2,87
08/04/2016;39;CABRA;1680;4;14;6,8;1,032;14,42;5,39;3,4;4,87;2,62
08/04/2016;39;OVEJA;5140;4,7;19;6,78;1,036;18,29;7,51;5,17;4,8;4,14
08/04/2016;32;VACA;29320;3;15;6,82;1,03;12,38;3,42;3,27;4,97;2,3
08/04/2016;26;VACA;5460;4,1;15;6,8;1,03;12,63;3,85;3,2;4,81;2,24
08/04/2016;27;VACA;15040;8;15;6,8;1,03;12,49;3,68;3,27;4,81;2,3
08/04/2016;38;CABRA;10780;4,5;13;6,85;1,032;14,01;4,98;3,5;4,73;2,66
08/04/2016;38;OVEJA;4000;4,7;20;6,79;1,036;17,07;6,4;5,21;4,83;4,13
08/04/2016;25;VACA;25280;5;14;6,84;1,03;13,02;4,06;3,28;4,93;2,41
08/04/2016;42;CABRA;3340;6;14;6,85;1,032;14,09;4,9;3,66;4,79;2,8
08/04/2016;42;OVEJA;4880;4,3;20;6,83;1,036;18,6;7,62;5,44;4,79;4,27
08/04/2016;37;CABRA;3100;7;13;6,85;1,032;14,32;5,14;3,62;4,86;2,79
08/04/2016;1;CABRA;25640;3,7;14;6,83;1,032;14,28;5,22;3,46;4,85;2,63
08/04/2016;1;CABRA;25700;4,1;14;6,82;1,032;14,24;5,14;3,48;4,84;2,67
08/04/2016;30;VACA;25960;4,5;15;6,84;1,03;11,98;3,17;3,24;4,89;2,28
08/04/2016;1;CABRA;26240;5;14;6,83;1,032;14,07;5,04;3,49;4,8;2,67
08/04/2016;36;CABRA;12960;3,8;14;6,83;1,032;14,36;5,18;3,61;4,76;2,74
08/04/2016;1;CABRA;24860;3,5;14;6,84;1,032;13,7;4,59;3,57;4,84;2,69
09/04/2016;1;CABRA;25200;3,7;14;6,85;1,032;13,93;5,09;3,37;4,7;2,53
09/04/2016;22;VACA;25320;6;15;6,84;1,03;12,44;3,35;3,23;4,83;2,31
09/04/2016;29;VACA;15920;3,3;15;6,85;1,03;11,3;2,71;3,1;4,81;2,22
09/04/2016;29;VACA;8520;6,6;15;6,83;1,03;12,1;3,36;3,19;4,82;2,25
09/04/2016;24;VACA;15340;5,8;15;6,8;1,03;12,37;3,61;3,19;4,83;2,28
09/04/2016;24;VACA;10580;7,3;15;6,83;1,03;12,4;3,62;3,24;4,79;2,28
09/04/2016;41;OVEJA;6000;7;19;6,83;1,036;18,3;7,43;5,35;4,82;4,2
09/04/2016;40;OVEJA;4020;5;20;6,82;1,036;18,78;8,02;5,08;4,81;4,02
09/04/2016;40;CABRA;4520;5,3;14;6,83;1,032;14,48;5,19;3,59;4,85;2,81
09/04/2016;32;VACA;25860;3,8;15;6,8;1,03;12,15;3,37;3,18;4,84;2,24
09/04/2016;26;VACA;5440;4,3;15;6,8;1,03;12,64;3,89;3,2;4,78;2,3
09/04/2016;42;CABRA;6040;5,4;14;6,82;1,032;14,18;4,96;3,66;4,87;2,77
09/04/2016;42;OVEJA;4460;5,2;20;6,8;1,036;18,25;7,2;5,56;4,77;4,44
09/04/2016;43;CABRA;780;6;14;6,85;1,032;13,52;4,44;3,54;4,82;2,76
09/04/2016;43;OVEJA;3080;5,2;20;6,8;1,036;17,37;6,2;5,69;4,87;4,47
09/04/2016;38;CABRA;1600;6;14;6,85;1,032;14,09;4,97;3,51;4,8;2,74
09/04/2016;25;VACA;22480;6;15;6,79;1,03;12,98;3,98;3,35;4,93;2,4
09/04/2016;46;OVEJA;13640;6;20;6,78;1,036;17,21;6,49;5,11;4,86;4,1
09/04/2016;45;CABRA;9800;4,7;13;6,85;1,032;13,67;4,65;3,49;4,79;2,68
09/04/2016;1;OVEJA;9060;4,8;20;6,75;1,036;17,07;6,4;5,13;4,79;4,03
10/04/2016;40;OVEJA;10180;6,5;19;6,8;1,036;18,38;7,56;5,17;4,77;4,1
10/04/2016;13;VACA;15120;5,2;15;6,8;1,03;12,16;3,22;3,28;4,93;2,37
10/04/2016;13;VACA;10620;7;15;6,76;1,03;11,8;2,94;3,37;4,87;2,44
10/04/2016;22;VACA;24460;6,4;15;6,84;1,03;12,54;3,57;3,29;4,97;2,36
10/04/2016;30;VACA;25960;6,4;15;6,81;1,03;12,19;3,44;3,22;4,82;2,25
10/04/2016;41;CABRA;7700;6,3;14;6,85;1,032;13,87;4,74;3,47;4,87;2,73
10/04/2016;26;VACA;5560;4,2;15;6,78;1,03;12,31;3,51;3,21;4,84;2,3
10/04/2016;39;CABRA;1260;6;15;6,81;1,032;14,53;5,39;3,46;4,87;2,66
10/04/2016;39;OVEJA;5140;4,7;20;6,78;1,036;18,66;7,73;5,35;4,74;4,19
10/04/2016;32;VACA;29540;2,5;15;6,8;1,03;12,44;3,43;3,29;4,99;2,33
10/04/2016;27;VACA;14860;8;15;6,8;1,03;12,5;3,68;3,26;4,81;2,29
10/04/2016;42;CABRA;3060;6,4;14;6,81;1,032;14,12;4,99;3,61;4,74;2,74
10/04/2016;42;OVEJA;4800;4,5;19;6,78;1,036;18,6;7,61;5,34;4,84;4,25
10/04/2016;37;CABRA;2640;8;14;6,84;1,032;14,38;5,21;3,64;4,83;2,81
10/04/2016;25;VACA;25240;6;15;6,8;1,03;13,11;4,12;3,32;4,94;2,41
10/04/2016;38;CABRA;10720;3,8;14;6,82;1,032;13,84;4,82;3,56;4,71;2,67
10/04/2016;38;OVEJA;4680;4,6;20;6,85;1,036;17,17;6,42;5,3;4,81;4,16
10/04/2016;43;CABRA;4660;5,5;15;5,8;1,032;14,01;4,87;3,73;4,71;2,81
11/04/2016;30;VACA;27000;7,4;15;6,82;1,03;12,1;3,34;3,23;4,84;2,25
11/04/2016;41;OVEJA;5960;5,2;19;6,83;1,036;18,3;7,54;5,22;4,81;4,1
11/04/2016;40;OVEJA;5400;6,1;20;6,78;1,036;18,38;7,53;5,02;4,93;4,02
11/04/2016;40;CABRA;4600;5,4;14;6,82;1,032;14,41;5,16;3,55;4,87;2,77
11/04/2016;29;VACA;16200;3,6;15;6,86;1,03;11,3;2,72;3,04;4,82;2,15
11/04/2016;29;VACA;10300;6,1;15;6,83;1,03;12,27;3,52;3,21;4,76;2,25
11/04/2016;32;VACA;26100;6,1;15;6,8;1,03;12,17;3,42;3,18;4,84;2,25
11/04/2016;24;VACA;12120;6;14;6,84;1,03;12,01;3,31;3,2;4,83;2,27
11/04/2016;24;VACA;12740;6;14;6,84;1,03;12,5;3,62;3,28;4,91;2,34
11/04/2016;18;VACA;25840;6,4;14;6,78;1,03;12,93;3,67;3,55;5;2,56
11/04/2016;43;CABRA;1800;6,4;14;6,81;1,032;13,57;4,52;3,51;4,86;2,72
11/04/2016;43;OVEJA;2640;5,3;20;6,78;1,036;17,28;6,08;5,79;4,82;4,51
11/04/2016;26;VACA;5720;4;15;6,8;1,03;12,52;3,76;3,23;4,82;2,28
11/04/2016;45;CABRA;10820;5,3;14;6,83;1,032;13,86;4,73;3,53;4,88;2,73
11/04/2016;1;OVEJA;9020;4,4;20;6,77;1,036;17,61;6,73;5,4;4,81;4,19
11/04/2016;42;CABRA;3560;4,8;15;6,8;1,032;14,84;5,47;3,9;4,79;2,96
11/04/2016;42;OVEJA;11760;4,8;20;6,75;1,036;17,07;5,96;5,47;4,95;4,27
11/04/2016;46;OVEJA;13680;5,5;20;6,75;1,036;17,26;6,49;5,17;4,88;4,13
11/04/2016;25;VACA;23860;4;15;6,81;1,03;13,07;3,99;3,42;4,95;2,46
11/04/2016;38;CABRA;840;6,3;13;6,86;1,032;14,14;5,23;3,53;4,67;2,71
11/04/2016;18;VACA;25000;6,6;15;6,8;1,03;12,95;3,72;3,57;4,93;2,56
11/04/2016;18;VACA;25820;6;15;6,79;1,03;12,98;3,82;3,56;4,94;2,56
11/04/2016;7;VACA;22280;5,1;15;6,8;1,03;12,1;3,33;3,17;4,96;2,25
11/04/2016;36;CABRA;15860;6,5;14;6,82;1,032;14,47;5,33;3,64;4,7;2,77
11/04/2016;1;CABRA;25160;3,3;14;6,81;1,032;14,12;5,17;3,45;4,71;2,56
11/04/2016;1;CABRA;25780;4,7;14;6,78;1,032;14,24;5,2;3,51;4,76;2,6
11/04/2016;1;CABRA;25740;4;14;6,8;1,032;14,29;5,19;3,52;4,82;2,61
11/04/2016;1;CABRA;25760;4;14;6,8;1,032;13,95;4,97;3,47;4,76;2,59
12/04/2016;17;VACA;18680;4,9;15;6,81;1,03;12,1;3,33;3,16;4,94;2,17
12/04/2016;17;VACA;9740;4,1;15;6,82;1,03;12,48;3,53;3,2;5,03;2,27
12/04/2016;18;VACA;27220;6,5;15;6,78;1,03;12,07;2,74;3,63;5,03;2,59
12/04/2016;40;OVEJA;7280;6;20;6,8;1,036;17,87;7,2;4,92;4,9;3,97
12/04/2016;41;CABRA;8240;5;14;6,78;1,032;13,94;4,87;3,35;4,91;2,65
12/04/2016;18;VACA;25340;7,6;15;6,84;1,03;12,87;3,65;3,56;4,98;2,52
12/04/2016;29;VACA;16000;3,4;14;6,86;1,03;11,44;2,81;3,05;4,82;2,16
12/04/2016;29;VACA;7360;5;14;6,86;1,03;12,16;3,48;3,18;4,71;2,24
12/04/2016;24;VACA;21200;5,8;15;6,84;1,03;12,53;3,66;3,22;4,91;2,3
12/04/2016;38;CABRA;8200;5,5;13;6,85;1,032;14,12;5,07;3,56;4,76;2,68
12/04/2016;38;OVEJA;4280;7;19;6,81;1,036;17,23;6,41;5,37;4,82;4,2
12/04/2016;43;CABRA;4500;4,9;14;6,78;1,032;14,38;5,03;3,85;4,85;2,93
12/04/2016;32;VACA;29720;3;15;6,8;1,03;12,27;3,27;3,29;4,99;2,31
12/04/2016;39;CABRA;1980;4;13;6,86;1,032;14,42;5,35;3,45;4,86;2,64
12/04/2016;39;OVEJA;4320;6,2;18;6,79;1,036;18,78;7,89;5,43;4,69;4,22
12/04/2016;26;VACA;5940;4;15;6,81;1,03;12,41;3,65;3,22;4,84;2,24
12/04/2016;27;VACA;14880;8,2;15;6,8;1,03;12,55;3,7;3,27;4,83;2,28
12/04/2016;18;VACA;24540;7,5;15;6,8;1,03;13,92;4,81;3,46;4,88;2,46
12/04/2016;37;CABRA;3360;7;13;6,86;1,032;14,25;5,08;3,69;4,83;2,83
12/04/2016;25;VACA;24500;5,8;15;6,82;1,03;13,18;4,16;3,36;4,94;2,42
12/04/2016;42;CABRA;3300;7,2;14;6,82;1,032;13,91;4,8;3,6;4,8;2,75
12/04/2016;42;OVEJA;5140;5;20;6,76;1,036;18,82;7,8;5,56;4,75;4,38
12/04/2016;1;CABRA;25880;4;14;6,81;1,032;14,1;5,08;3,46;4,76;2,61
12/04/2016;1;CABRA;25760;4;14;6,82;1,032;14,13;5,1;3,47;4,78;2,62
12/04/2016;1;CABRA;25840;3,5;14;6,83;1,032;13,82;4,92;3,43;4,71;2,6
12/04/2016;17;VACA;23400;4,4;15;6,8;1,03;12;3,03;3,3;5,04;2,31
12/04/2016;30;VACA;26320;7;15;6,81;1,03;12,09;3,27;3,27;4,88;2,26
12/04/2016;1;CABRA;26340;4;14;6,8;1,032;14,26;5,16;3,54;4,79;2,64
13/04/2016;1;OVEJA;24300;4,2;20;6,78;1,036;16,93;6,36;5,02;4,88;3,96
13/04/2016;29;VACA;16020;4,7;15;6,86;1,03;11,43;2,77;3,05;4,81;2,13
13/04/2016;29;VACA;7800;7;15;6,86;1,03;12,1;3,5;3,16;4,67;2,18
13/04/2016;41;OVEJA;2800;7,3;20;6,82;1,036;18,12;7,39;5,14;4,86;4,07
13/04/2016;40;OVEJA;5000;6,4;20;6,76;1,036;17,94;7,45;4,63;4,92;3,82
13/04/2016;40;CABRA;4640;5,8;14;6,81;1,032;14,27;5,08;3,53;4,88;2,74
13/04/2016;24;VACA;11640;5,2;15;6,84;1,03;12,21;3,48;3,19;4,8;2,23
13/04/2016;24;VACA;11700;5,2;15;6,84;1,03;12,47;3,6;3,28;4,87;2,31
13/04/2016;32;VACA;25020;6;15;6,85;1,03;12,29;3,47;3,18;4,86;2,26
13/04/2016;43;OVEJA;3420;6,5;20;6,78;1,036;17,27;6,08;5,78;4,81;4,52
13/04/2016;43;CABRA;840;8;14;6,8;1,032;13,51;4,39;3,69;4,8;2,85
13/04/2016;26;VACA;5660;4,3;15;6,82;1,03;12,47;3,73;3,22;4,79;2,25
13/04/2016;42;CABRA;6320;5;15;6,85;1,032;14,23;5,04;3,68;4,77;2,73
13/04/2016;42;OVEJA;4860;8;20;6,8;1,036;19,07;7,7;5,92;4,82;4,59
13/04/2016;45;CABRA;9540;5,3;14;6,85;1,032;13,97;4,81;3,57;4,84;2,74
13/04/2016;1;OVEJA;8800;4,6;18;6,78;1,036;16,78;6,2;5,11;4,74;3,98
13/04/2016;25;VACA;22500;4,5;15;6,8;1,03;12,95;3,95;3,38;4,89;2,43
13/04/2016;46;OVEJA;13420;6;20;6,78;1,036;17,3;6,46;5,17;4,89;4,13
13/04/2016;18;VACA;25940;6,7;15;6,83;1,03;12,9;3,68;3,56;4,96;2,55
13/04/2016;38;CABRA;1500;4;14;6,83;1,032;14,12;5,03;3,6;4,75;2,8
13/04/2016;36;CABRA;15320;7,8;14;6,8;1,032;14,49;5,36;3,47;4,77;2,66
13/04/2016;18;VACA;25740;7,2;15;6,84;1,03;12,87;3,76;3,52;4,9;2,49
13/04/2016;1;CABRA;25820;4,3;14;6,82;1,032;14,18;5,1;3,45;4,82;2,62
13/04/2016;18;VACA;25940;6,3;16;6,77;1,03;12,99;3,74;3,57;4,95;2,55
14/04/2016;1;CABRA;25360;4,6;14;6,83;1,032;13,47;4,53;3,52;4,75;2,66
14/04/2016;40;OVEJA;10260;6,6;19;6,85;1,036;18,3;7,51;5,23;4,77;4,12
14/04/2016;30;VACA;26180;6,3;15;6,83;1,03;12,21;3,4;3,22;4,87;2,26
14/04/2016;41;CABRA;7680;6;14;6,85;1,032;13,66;4,69;3,33;4,85;2,62
14/04/2016;29;VACA;16340;3,8;15;6,85;1,03;11,47;2,79;3,1;4,79;2,2
14/04/2016;29;VACA;7840;4,8;15;6,85;1,03;12,08;3,41;3,21;4,71;2,28
14/04/2016;43;CABRA;4380;5,6;14;6,82;1,032;14,29;5,04;3,79;4,78;2,9
14/04/2016;32;VACA;30440;2,3;15;6,81;1,03;12,33;3,35;3,29;4,98;2,34
14/04/2016;26;VACA;5620;4,2;15;6,8;1,03;12,45;3,76;3,18;4,74;2,27
14/04/2016;39;CABRA;1900;5,8;14;6,78;1,032;14,32;5,18;3,49;4,86;2,69
14/04/2016;39;OVEJA;4460;6,4;20;6,8;1,036;18,77;7,92;5,4;4,72;4,23
14/04/2016;27;VACA;15400;8,3;15;6,82;1,03;12,51;3,7;3,26;4,83;2,32
14/04/2016;37;CABRA;2660;8;14;6,81;1,032;14,11;4,98;3,66;4,82;2,81
14/04/2016;42;CABRA;3660;7;15;6,83;1,032;14,29;5,1;3,72;4,75;2,84
14/04/2016;42;OVEJA;5080;6,4;20;6,75;1,036;18,66;7,69;5,36;4,81;4,29
14/04/2016;38;CABRA;11460;6;14;6,81;1,032;13,87;4,78;3,59;4,78;2,73
14/04/2016;38;OVEJA;4080;5;20;6,78;1,036;16,97;6,2;5,3;4,85;4,19
14/04/2016;25;VACA;24740;6,2;15;6,8;1,03;13,08;4,05;3,37;4,95;2,43
14/04/2016;18;VACA;26660;7,2;15;6,83;1,03;12,96;3,73;3,58;4,96;2,58
14/04/2016;18;VACA;25600;6,5;15;6,82;1,03;12,78;3,66;3,53;4,88;2,51
14/04/2016;1;CABRA;23800;4;14;6,84;1,032;13,77;4,94;3,4;4,64;2,56
14/04/2016;18;VACA;25040;7;15;6,82;1,03;12,86;3,72;3,48;4,95;2,48
15/04/2016;1;CABRA;25880;3,5;14;6,82;1,032;14,3;5,15;3,55;4,82;2,69
15/04/2016;1;CABRA;25140;4,8;14;6,81;1,032;13,75;4,71;3,5;4,81;2,65
15/04/2016;41;OVEJA;5740;6,4;19;6,82;1,036;18,16;7,36;5,12;4,83;4,06
15/04/2016;29;VACA;17000;4,6;15;6,84;1,03;11,38;2,78;3,09;4,76;2,13
15/04/2016;29;VACA;7840;8;15;6,84;1,03;12,05;3,39;3,18;4,73;2,23
15/04/2016;40;OVEJA;5440;6,3;20;6,78;1,036;17,91;7,22;4,69;4,9;3,89
15/04/2016;40;CABRA;4900;5,2;15;6,8;1,032;14,04;4,95;3,44;4,84;2,71
15/04/2016;24;VACA;12000;6;15;6,81;1,03;12,14;3,44;3,18;4,79;2,21
15/04/2016;24;VACA;13440;5;15;6,83;1,03;12,47;3,62;3,16;4,91;2,25
15/04/2016;32;VACA;26100;6,3;15;6,81;1,03;12,24;3,47;3,16;4,82;2,24
15/04/2016;26;VACA;5640;4,6;15;6,84;1,03;12,41;3,71;3,16;4,78;2,23
15/04/2016;42;CABRA;3560;5,3;14;6,84;1,032;14,23;5,03;3,68;4,81;2,77
15/04/2016;42;OVEJA;11540;5,2;20;6,78;1,036;17,23;6,07;5,44;4,91;4,3
15/04/2016;45;CABRA;10320;6,3;14;6,85;1,032;13,43;4,55;3,49;4,69;2,62
15/04/2016;1;OVEJA;7400;5,7;20;6,78;1,036;17,33;6,45;5,29;4,79;4,12
15/04/2016;43;CABRA;1860;6,1;14;6,8;1,032;13,88;4,72;3,64;4,79;2,78
15/04/2016;43;OVEJA;2780;5,5;21;6,75;1,036;17,31;5,93;5,8;4,87;4,58
15/04/2016;46;OVEJA;13320;6,3;19;6,82;1,036;17,18;6,37;5,1;4,85;4,11
15/04/2016;38;CABRA;760;8;13;6,75;1,032;13,98;5,1;3,49;4,63;2,71
15/04/2016;25;VACA;22880;5,5;15;6,82;1,03;12,97;3,96;3,36;4,91;2,42
15/04/2016;1;CABRA;25800;4,3;14;6,81;1,032;13,97;5,02;3,39;4,76;2,56
15/04/2016;1;CABRA;24840;3,2;14;6,82;1,032;13,89;4,95;3,42;4,72;2,6
15/04/2016;1;CABRA;25080;2;14;6,8;1,032;13,99;4,95;3,56;4,74;2,66
15/04/2016;36;CABRA;14580;8,1;14;6,78;1,032;14,47;5,33;3,56;4,75;2,72
15/04/2016;30;VACA;25900;7,1;14;6,82;1,03;12,14;3,31;3,24;4,87;2,26
16/04/2016;22;VACA;25680;6,6;15;6,82;1,03;12,41;3,51;3,26;4,95;2,32
16/04/2016;24;VACA;15580;7,6;15;6,84;1,03;12,41;3,63;3,2;4,84;2,27
16/04/2016;24;VACA;11800;6,1;15;6,79;1,03;12,37;3,62;3,23;4,79;2,25
16/04/2016;40;OVEJA;9580;6;19;6,81;1,036;18,14;7,33;5,12;4,81;4,04
16/04/2016;41;CABRA;8740;4,6;14;6,86;1,032;13,82;4,86;3,35;4,84;2,59
16/04/2016;29;VACA;16000;4,6;15;6,84;1,03;11,68;3,01;3,09;4,78;2,14
16/04/2016;29;VACA;9960;6;15;6,82;1,03;12,08;3,37;3,19;4,79;2,23
16/04/2016;32;VACA;29700;3;15;6,8;1,03;12,3;3,29;3,29;4,99;2,33
16/04/2016;43;CABRA;4480;4,8;14;6,86;1,032;13,89;4,81;3,71;4,7;2,79
16/04/2016;39;CABRA;1720;4;14;6,8;1,032;14,18;5,17;3,44;4,79;2,62
16/04/2016;39;OVEJA;4260;4;20;6,8;1,036;18,77;7,85;5,3;4,71;4,14
16/04/2016;26;VACA;5440;3,8;15;6,79;1,03;12,26;3,56;3,18;4,77;2,24
16/04/2016;27;VACA;15120;8,7;15;6,8;1,03;12,47;3,7;3,24;4,81;2,27
16/04/2016;42;CABRA;3660;5;14;6,82;1,032;13,95;4,84;3,56;4,81;2,71
16/04/2016;42;OVEJA;6380;7;20;6,79;1,036;18,37;7,38;5,32;4,75;4,25
16/04/2016;38;CABRA;10180;5;14;6,81;1,032;13,71;4,81;3,52;4,66;2,63
16/04/2016;38;OVEJA;4700;5;20;6,8;1,036;16,91;6,24;5,15;4,78;4,03
16/04/2016;25;VACA;24820;4,6;15;6,8;1,03;13,1;4,09;3,36;4,92;2,41
16/04/2016;37;CABRA;3660;8;14;6,8;1,032;14,2;5,02;3,69;4,81;2,81
16/04/2016;1;CABRA;25220;6,8;14;6,84;1,032;13,45;4,51;3,57;4,69;2,63
17/04/2016;29;VACA;16220;3,8;15;6,84;1,03;11,57;2,92;3,05;4,76;2,11
17/04/2016;29;VACA;8020;8;15;6,84;1,03;11,99;3,34;3,15;4,72;2,22
17/04/2016;22;VACA;24860;4;15;6,81;1,03;12,21;3,28;3,26;4,97;2,3
17/04/2016;41;OVEJA;5980;4,6;20;6,82;1,036;18,42;7,58;5,22;4,78;4,07
17/04/2016;40;CABRA;4940;5,7;14;6,8;1,032;14,07;4,91;3,47;4,87;2,74
17/04/2016;40;OVEJA;4900;6;19;6,8;1,036;17,55;7,01;4,52;4,93;3,76
17/04/2016;30;VACA;26420;5,1;15;6,8;1,03;12,13;3,29;3,22;4,87;2,23
17/04/2016;32;VACA;24280;4,2;14;6,83;1,03;12,16;3,44;3,18;4,82;2,2
17/04/2016;26;VACA;5520;5;15;6,81;1,03;12,53;3,78;3,2;4,78;2,24
17/04/2016;43;CABRA;840;4;15;6,8;1,032;13,41;4,35;3,52;4,83;2,75
17/04/2016;43;OVEJA;2940;5,8;20;6,8;1,036;16,74;5,72;5,67;4,7;4,44
17/04/2016;1;OVEJA;9060;2,6;20;6,78;1,036;17,02;6,29;5,15;4,77;4,08
17/04/2016;45;CABRA;9500;5,5;14;6,86;1,032;13,85;4,75;3,61;4,78;2,75
17/04/2016;46;OVEJA;13440;5,7;20;6,8;1,036;17,22;6,42;5,12;4,87;4,1
17/04/2016;25;VACA;22980;5;15;6,82;1,03;12,98;4;3,36;4,88;2,38
17/04/2016;42;CABRA;3920;6,8;15;6,82;1,032;14,32;5,04;3,74;4,79;2,82
17/04/2016;42;OVEJA;5080;7;20;6,79;1,036;18,4;7,38;5,48;4,76;4,35
17/04/2016;38;CABRA;1620;6;14;6,82;1,032;13,87;4,8;3,6;4,74;2,75
18/04/2016;40;OVEJA;10180;5,7;18;6,84;1,036;18,34;7,4;5,25;4,81;4,11
18/04/2016;29;VACA;16340;3,6;15;6,84;1,03;11,57;2,95;3,01;4,73;2,07
18/04/2016;29;VACA;7540;7;15;6,84;1,03;12;3,31;3,16;4,75;2,22
18/04/2016;41;CABRA;7860;4;15;6,8;1,032;13,8;4,8;3,33;4,89;2,59
18/04/2016;43;CABRA;4340;5;13;6,78;1,032;14,31;5,09;3,73;4,77;2,86
18/04/2016;39;CABRA;1940;5,5;14;6,83;1,032;14,2;5,09;3,49;4,79;2,68
18/04/2016;39;OVEJA;4380;4,2;20;6,78;1,036;18,75;7,72;5,33;4,76;4,15
18/04/2016;42;OVEJA;3300;6;21;6,74;1,036;16,95;5,65;5,48;4,99;4,23
18/04/2016;24;VACA;11940;6,8;14;6,8;1,03;12,2;3,39;3,21;4,87;2,25
18/04/2016;24;VACA;13040;5,8;14;6,77;1,03;12,53;3,63;3,25;4,91;2,31
18/04/2016;32;VACA;29840;3,3;15;6,79;1,03;12,4;3,38;3,28;4,99;2,34
18/04/2016;27;VACA;15040;8;15;6,8;1,03;12,49;3,69;3,22;4,82;2,26
18/04/2016;26;VACA;5620;5;15;6,79;1,03;12,49;3,68;3,21;4,84;2,24
18/04/2016;25;VACA;25240;6;15;6,8;1,03;13,1;4,09;3,36;4,91;2,41
18/04/2016;38;CABRA;10000;5;13;6,81;1,032;13,83;4,85;3,46;4,72;2,64
18/04/2016;38;OVEJA;3860;4,6;18;6,75;1,036;16,88;6,12;5,22;4,8;4,13
18/04/2016;30;VACA;26320;8;15;6,81;1,03;11,95;3,13;3,25;4,88;2,25
18/04/2016;37;CABRA;2660;7,6;14;6,82;1,032;14,01;4,91;3,58;4,81;2,77
18/04/2016;36;CABRA;15480;6,4;13;6,8;1,032;14,12;5,06;3,57;4,7;2,7
19/04/2016;42;CABRA;6440;5,5;14;6,83;1,032;13,94;4,86;3,56;4,81;2,65
19/04/2016;42;OVEJA;5060;5,2;20;6,82;1,036;18,49;7,46;5,36;4,78;4,23
19/04/2016;1;CABRA;25240;5,7;14;6,83;1,032;13,3;4,47;3,5;4,64;2,6
19/04/2016;1;CABRA;25140;4,5;14;6,83;1,032;13,68;4,82;3,38;4,72;2,54
19/04/2016;1;CABRA;25440;3,6;14;6,85;1,032;13,31;4,4;3,56;4,73;2,68
19/04/2016;1;CABRA;26040;3,1;14;6,84;1,032;13,97;4,97;3,44;4,79;2,61
19/04/2016;18;VACA;25280;7,9;14;6,78;1,03;13,21;4,13;3,48;4,83;2,47
19/04/2016;41;OVEJA;2920;6,7;18;6,84;1,036;18,05;7,27;5,04;4,88;4,02
19/04/2016;40;CABRA;5060;5,6;14;6,8;1,032;13,93;4,79;3,43;4,85;2,67
19/04/2016;40;OVEJA;4860;7;19;6,8;1,036;17,52;6,83;4,68;4,98;3,85
19/04/2016;24;VACA;22880;6,6;15;6,81;1,03;12,48;3,65;3,17;4,9;2,28
19/04/2016;32;VACA;10380;6,5;15;6,8;1,03;12,05;3,28;3,21;4,82;2,23
19/04/2016;29;VACA;16300;4,8;14;6,8;1,03;11,79;3,13;3,12;4,75;2,16
19/04/2016;29;VACA;9100;5,5;14;6,8;1,03;11,95;3,24;3,19;4,81;2,25
19/04/2016;26;VACA;5640;4;15;6,79;1,03;12,49;3,7;3,21;4,83;2,22
19/04/2016;43;CABRA;1660;7,1;14;6,82;1,032;13,66;4,59;3,55;4,81;2,73
19/04/2016;43;OVEJA;2820;5,7;20;6,8;1,036;17,29;5,95;5,81;4,84;4,54
19/04/2016;42;CABRA;3940;7,4;14;6,84;1,032;14,27;5,14;3,6;4,8;2,71
19/04/2016;42;OVEJA;11500;6;18;6,8;1,036;17,36;6,24;5,46;4,89;4,28
19/04/2016;18;VACA;25260;6,8;15;6,78;1,03;13,05;3,76;3,6;4,95;2,6
19/04/2016;45;CABRA;10980;5,8;14;6,8;1,032;13,82;4,69;3,63;4,84;2,77
19/04/2016;1;OVEJA;8680;5;21;6,75;1,036;17,05;6,42;5,12;4,73;4,04
19/04/2016;25;VACA;22520;5,2;15;6,8;1,03;12,99;4,01;3,37;4,87;2,44
19/04/2016;46;OVEJA;13200;6,4;19;6,8;1,036;17,25;6,47;5,07;4,88;4,09
19/04/2016;39;OVEJA;5540;3,3;19;6,8;1,036;18,18;7,32;5,08;4,88;4,01
19/04/2016;38;CABRA;800;8;14;6,84;1,032;13,98;5,07;3,55;4,63;2,73
19/04/2016;18;VACA;25840;7,5;15;6,8;1,03;13,17;3,95;3,55;4,99;2,52
19/04/2016;1;CABRA;25060;4;14;6,82;1,032;14,01;5,02;3,44;4,79;2,59
19/04/2016;1;CABRA;25660;4;15;6,8;1,032;14,13;5,09;3,4;4,85;2,57
19/04/2016;1;CABRA;25780;3,5;14;6,82;1,032;13,62;4,81;3,37;4,71;2,55
19/04/2016;1;CABRA;24700;4;14;6,83;1,032;13,86;4,91;3,34;4,84;2,56
20/04/2016;30;VACA;25960;6,7;15;6,86;1,03;12,43;3,73;3,22;4,76;2,19
20/04/2016;18;VACA;25580;6,2;15;6,8;1,03;12,85;3,65;3,56;4,96;2,51
20/04/2016;29;VACA;17320;3,6;15;6,83;1,03;11,51;2,9;3,1;4,76;2,18
20/04/2016;29;VACA;10140;5;15;6,82;1,03;12,22;3,54;3,2;4,72;2,23
20/04/2016;40;OVEJA;6220;6,4;19;6,8;1,036;18,2;7,39;4,91;4,94;3,96
20/04/2016;41;CABRA;8800;5;14;6,8;1,032;13,72;4,74;3,31;4,86;2,58
20/04/2016;39;CABRA;1740;5;13;6,82;1,032;14,23;5,17;3,49;4,81;2,65
20/04/2016;39;OVEJA;3980;5,5;18;6,82;1,036;18,83;7,86;5,37;4,75;4,23
20/04/2016;32;VACA;15220;7;15;6,79;1,03;12;3,27;3,15;4,91;2,23
20/04/2016;26;VACA;5620;4,5;15;6,8;1,03;12,69;3,88;3,23;4,82;2,25
20/04/2016;43;CABRA;4020;5;13;6,82;1,032;14,16;4,86;3,78;4,85;2,83
20/04/2016;27;VACA;15020;8,3;15;6,8;1,03;12,45;3,68;3,22;4,83;2,29
20/04/2016;42;CABRA;3300;6,5;13;6,82;1,032;13,98;4,8;3,71;4,75;2,79
20/04/2016;42;OVEJA;4960;5;20;6,8;1,036;18,59;7,45;5,42;4,87;4,31
20/04/2016;24;VACA;11780;5;15;6,8;1,03;12,06;3,34;3,17;4,83;2,22
20/04/2016;24;VACA;9040;5;15;6,8;1,03;12,49;3,59;3,25;4,92;2,31
20/04/2016;18;VACA;25600;6,2;15;6,8;1,03;12,09;3,3;3,18;4,93;2,23
20/04/2016;38;CABRA;9620;4,3;14;6,84;1,032;13,94;4,94;3,57;4,7;2,67
20/04/2016;38;OVEJA;4540;3,8;19;6,78;1,036;17,13;6,33;5,22;4,84;4,1
20/04/2016;25;VACA;24880;5,4;15;6,81;1,03;13,25;4,21;3,35;4,95;2,41
20/04/2016;36;CABRA;16340;7,4;14;6,81;1,032;14,27;5,14;3,48;4,78;2,68
20/04/2016;37;CABRA;3100;5;13;6,82;1,032;13,93;4,84;3,6;4,83;2,75
20/04/2016;18;VACA;26200;6,5;15;6,83;1,03;12,95;3,69;3,58;4,99;2,54
20/04/2016;1;CABRA;25880;3,3;14;6,83;1,032;14,18;5,14;3,48;4,79;2,61
20/04/2016;32;VACA;28880;3,4;15;6,8;1,03;12,36;3,36;3,28;5;2,29
21/04/2016;1;CABRA;25040;4,4;14;6,8;1,032;13,43;4,56;3,5;4,69;2,59
21/04/2016;41;OVEJA;5480;7,4;19;6,74;1,036;18,24;7,45;5,12;4,83;4,06
21/04/2016;40;CABRA;5220;5,8;13;6,8;1,032;13,92;4,75;3,47;4,89;2,72
21/04/2016;40;OVEJA;3240;6,4;20;6,82;1,036;18,33;7,55;4,77;4,94;3,95
21/04/2016;30;VACA;27060;7,5;14;6,86;1,03;11,72;3,23;3,1;4,69;2,1
21/04/2016;29;VACA;16660;6;14;6,86;1,03;11,77;3,13;3,1;4,74;2,17
21/04/2016;29;VACA;8360;6;14;6,8;1,03;12,08;3,35;3,19;4,75;2,28
21/04/2016;32;VACA;26620;6,2;14;6,8;1,03;12,16;3,34;3,21;4,87;2,23
21/04/2016;26;VACA;5660;4,3;14;6,8;1,03;12,43;3,59;3,24;4,86;2,31
21/04/2016;43;CABRA;840;5;14;6,83;1,032;13,31;4,31;3,55;4,78;2,73
21/04/2016;43;OVEJA;3320;5,5;19;6,8;1,036;17,49;6,17;5,78;4,84;4,51
21/04/2016;42;CABRA;6060;6;13;6,85;1,032;13,74;4,66;3,55;4,84;2,67
21/04/2016;42;OVEJA;4960;6;19;6,8;1,036;18,29;7,24;5,45;4,79;4,34
21/04/2016;46;OVEJA;11020;6;20;6,76;1,036;17,39;6,53;5,14;4,87;4,11
21/04/2016;25;VACA;24280;6;15;6,81;1,03;12,92;3,93;3,35;4,91;2,39
21/04/2016;18;VACA;25020;7;15;6,77;1,03;12,89;3,62;3,6;4,98;2,58
21/04/2016;45;CABRA;10220;6;13;6,83;1,032;13,82;4,69;3,56;4,86;2,72
21/04/2016;1;OVEJA;8760;4;21;6,74;1,036;17,08;6,32;5,18;4,82;4,09
21/04/2016;38;CABRA;1680;6,3;13;6,85;1,032;13,81;4,77;3,51;4,76;2,69
21/04/2016;39;OVEJA;5820;4,9;21;6,79;1,036;18,31;7,38;5,17;4,81;4,12
21/04/2016;18;VACA;25900;6,6;16;6,75;1,03;12,87;3,71;3,56;4,92;2,55
21/04/2016;18;VACA;25840;6,2;16;6,75;1,03;12,88;3,66;3,57;4,97;2,52
21/04/2016;1;CABRA;25360;4;15;6,83;1,032;13,94;4,94;3,51;4,77;2,61
21/04/2016;1;CABRA;26040;4;14;6,85;1,032;13,49;4,82;3,3;4,62;2,43
21/04/2016;1;CABRA;25240;3,3;14;6,85;1,032;13,6;4,64;3,58;4,71;2,68
22/04/2016;1;CABRA;24360;4;14;6,83;1,032;14,05;5,03;3,39;4,86;2,56
22/04/2016;1;CABRA;25340;5,4;14;6,81;1,032;13,54;4,51;3,66;4,76;2,71
22/04/2016;29;VACA;16100;4,2;16;6,75;1,03;11,87;3,13;3,11;4,8;2,19
22/04/2016;29;VACA;7920;7;16;6,74;1,03;12,05;3,38;3,19;4,73;2,23
22/04/2016;40;OVEJA;10920;5,8;19;6,81;1,036;18,35;7,46;5,22;4,82;4,14
22/04/2016;41;CABRA;8600;4,7;13;6,85;1,032;13,95;4,86;3,42;4,87;2,7
22/04/2016;24;VACA;13580;6,7;15;6,79;1,03;12,17;3,35;3,24;4,88;2,28
22/04/2016;24;VACA;11720;4,8;15;6,82;1,03;12,47;3,61;3,19;4,91;2,28
22/04/2016;32;VACA;29860;3;15;6,79;1,03;12,36;3,32;3,29;5,01;2,31
22/04/2016;39;CABRA;1660;5,7;14;6,8;1,032;14,18;5,11;3,47;4,82;2,65
22/04/2016;39;OVEJA;4420;5,5;21;6,76;1,036;19,1;8,03;5,43;4,72;4,25
22/04/2016;43;CABRA;4700;5,2;13;6,83;1,032;14,17;4,99;3,71;4,77;2,82
22/04/2016;26;VACA;5620;4,5;15;6,8;1,03;12,46;3,66;3,23;4,82;2,27
22/04/2016;27;VACA;14680;8,4;15;6,81;1,03;12,47;3,68;3,22;4,83;2,26
22/04/2016;25;VACA;24440;6,3;15;6,79;1,03;13,1;4,1;3,34;4,94;2,42
22/04/2016;37;CABRA;2640;7,6;13;6,79;1,032;13,94;4,84;3,6;4,81;2,76
22/04/2016;38;CABRA;9520;5,4;13;6,77;1,032;13,85;4,87;3,53;4,68;2,68
22/04/2016;38;OVEJA;3920;4,4;18;6,77;1,036;17,14;6,37;5,2;4,8;4,1
22/04/2016;42;CABRA;3700;5,5;14;6,8;1,032;14,2;4,97;3,72;4,75;2,8
22/04/2016;42;OVEJA;5180;4,7;19;6,79;1,036;18,82;7,71;5,4;4,77;4,27
22/04/2016;30;VACA;26300;6,8;15;6,81;1,03;12,16;3,39;3,22;4,86;2,23
22/04/2016;1;CABRA;25440;3,3;13;6,85;1,032;13,73;4,85;3,39;4,72;2,53
22/04/2016;36;CABRA;16340;8,5;14;6,85;1,032;14,15;5,07;3,5;4,74;2,67
22/04/2016;1;CABRA;25860;3,7;15;6,86;1,032;13,57;4,65;3,4;4,7;2,52
22/04/2016;1;CABRA;25420;5,2;14;6,82;1,032;13,65;4,64;3,54;4,79;2,62
23/04/2016;22;VACA;26020;7;15;6,8;1,03;11,94;2,93;3,29;5,06;2,34
23/04/2016;41;OVEJA;5420;7;19;6,82;1,036;17,84;7,1;5,01;4,9;3,97
23/04/2016;24;VACA;15600;6;15;6,8;1,03;13,62;4,87;3,15;4,75;2,2
23/04/2016;24;VACA;11880;8;15;6,81;1,03;12,34;3,61;3,22;4,79;2,24
23/04/2016;29;VACA;16120;6;15;6,8;1,03;11,91;3,15;3,18;4,83;2,2
23/04/2016;29;VACA;9620;6;15;6,8;1,03;12,05;3,29;3,21;4,83;2,23
23/04/2016;40;CABRA;5160;5,5;13;6,82;1,032;13,92;4,79;3,45;4,86;2,69
23/04/2016;40;OVEJA;4900;6;19;6,8;1,036;17,7;6,89;4,84;4,99;3,94
23/04/2016;32;VACA;25480;6;15;6,8;1,03;12,18;3,39;3,19;4,86;2,22
23/04/2016;43;CABRA;1780;2,6;15;6,8;1,032;13,73;4,63;3,61;4,78;2,75
23/04/2016;43;OVEJA;3100;6;20;6,79;1,036;17,38;6,37;5,57;4,74;4,32
23/04/2016;42;CABRA;3380;8;13;6,86;1,032;13,89;4,84;3,52;4,75;2,66
23/04/2016;42;OVEJA;11260;7;20;6,81;1,036;16,82;5,63;5,49;4,95;4,3
23/04/2016;26;VACA;5540;5;15;6,8;1,03;12,56;3,76;3,21;4,82;2,24
23/04/2016;45;CABRA;10220;5,5;14;6,82;1,032;13,75;4,65;3,51;4,84;2,65
23/04/2016;1;OVEJA;8880;4,8;20;6,79;1,036;16,99;6,42;5,09;4,7;3,94
23/04/2016;25;VACA;24820;6;15;6,8;1,03;12,98;3,99;3,36;4,91;2,39
23/04/2016;38;CABRA;520;5;14;6,8;1,032;13,45;4,81;3,48;4,46;2,6
23/04/2016;39;OVEJA;5320;4;20;6,8;1,036;18,39;7,42;5,23;4,81;4,1
23/04/2016;46;OVEJA;13060;6;18;6,8;1,036;17,31;6,49;5,12;4,87;4,09
23/04/2016;30;VACA;26240;7,3;15;6,85;1,03;12,11;3,37;3,21;4,89;2,22
24/04/2016;22;VACA;25620;6,4;15;6,86;1,03;12,42;3,5;3,26;4,99;2,29
24/04/2016;29;VACA;15300;3,6;15;6,82;1,03;12;3,27;3,13;4,83;2,19
24/04/2016;29;VACA;11340;5,8;15;6,82;1,03;12,14;3,45;3,19;4,75;2,21
24/04/2016;40;OVEJA;10500;8,3;20;6,82;1,036;17,98;7,2;5,07;4,89;4,02
24/04/2016;41;CABRA;8460;3,2;13;6,86;1,032;13,73;4,77;3,33;4,85;2,58
24/04/2016;26;VACA;5580;4,6;15;6,79;1,03;12,5;3,73;3,21;4,82;2,27
24/04/2016;43;CABRA;4680;5;14;6,83;1,032;13,82;4,77;3,7;4,68;2,76
24/04/2016;32;VACA;29720;5;15;6,8;1,03;12,42;3,41;3,31;4,97;2,32
24/04/2016;39;CABRA;2020;5;15;6,87;1,032;14,21;5,22;3,4;4,77;2,63
24/04/2016;39;OVEJA;4300;5;20;6,8;1,036;18,72;7,71;5,38;4,77;4,18
24/04/2016;27;VACA;13980;7,6;15;6,84;1,03;12,47;3,7;3,23;4,83;2,24
24/04/2016;42;CABRA;5980;5,6;13;6,76;1,032;13,93;4,89;3,54;4,8;2,65
24/04/2016;42;OVEJA;5140;9;20;6,82;1,036;18,32;7,37;5,37;4,77;4,26
24/04/2016;25;VACA;24520;5,4;15;6,82;1,03;13,18;4,14;3,35;4,93;2,39
24/04/2016;38;CABRA;9680;5;14;6,8;1,032;13,92;4,96;3,58;4,66;2,66
24/04/2016;38;OVEJA;4680;3,7;20;6,82;1,036;17,09;6,39;5,16;4,81;4
24/04/2016;37;CABRA;3160;5;13;6,82;1,032;13,99;4,85;3,63;4,82;2,76
24/04/2016;1;CABRA;24960;3,5;14;6,82;1,032;13,79;4,85;3,42;4,76;2,57
24/04/2016;1;CABRA;26000;3,3;14;6,81;1,032;13,37;4,41;3,58;4,73;2,63
25/04/2016;42;OVEJA;6120;5;20;6,82;1,036;19,12;7,91;5,52;4,78;4,28
25/04/2016;42;CABRA;3720;5;14;6,82;1,032;14,15;4,97;3,66;4,76;2,77
25/04/2016;36;CABRA;16400;5;14;6,82;1,032;13,92;4,99;3,35;4,74;2,58
25/04/2016;29;VACA;15120;6;15;6,84;1,03;11,87;3,21;3,1;4,79;2,16
25/04/2016;29;VACA;10200;6,3;15;6,84;1,03;11,9;3,21;3,17;4,82;2,22
25/04/2016;41;OVEJA;5120;4,2;20;6,8;1,036;17,81;7,15;4,96;4,85;3,95
25/04/2016;32;VACA;24960;5,7;15;6,84;1,03;12,18;3,42;3,16;4,86;2,22
25/04/2016;40;CABRA;5200;4,6;20;6,78;1,032;13,9;4,78;3,43;4,9;2,66
25/04/2016;40;OVEJA;4480;5;20;6,82;1,036;18,86;7,77;5,32;4,83;4,21
25/04/2016;24;VACA;11480;8;15;6,82;1,03;12,29;3,42;3,23;4,9;2,25
25/04/2016;24;VACA;12600;7;15;6,82;1,03;12,59;3,72;3,24;4,88;2,27
25/04/2016;43;CABRA;1100;5,8;13;6,86;1,032;14,42;4,88;4,15;4,77;3,16
25/04/2016;43;OVEJA;2440;4;19;6,81;1,036;17,46;6,23;5,65;4,84;4,45
25/04/2016;26;VACA;5900;4,4;15;6,82;1,03;12,41;3,65;3,17;4,84;2,24
25/04/2016;45;CABRA;9720;5,5;14;6,82;1,032;13,57;4,59;3,48;4,77;2,62
25/04/2016;1;OVEJA;16820;5;19;6,81;1,036;17,15;6,48;5,1;4,76;3,94
25/04/2016;25;VACA;23920;6,6;15;6,82;1,03;13;4,03;3,3;4,9;2,38
25/04/2016;46;OVEJA;12640;6;20;6,82;1,036;17,31;6,68;5,09;4,71;3,97
25/04/2016;38;CABRA;2020;5;14;6,8;1,032;13,98;4,97;3,49;4,71;2,68
25/04/2016;1;CABRA;25700;4;14;6,8;1,032;13,96;4,99;3,41;4,78;2,55
25/04/2016;1;CABRA;25400;5;14;6,8;1,032;14,15;5,11;3,43;4,81;2,54
25/04/2016;39;OVEJA;5600;5;20;6,82;1,036;18,38;7,47;5,22;4,74;4,1
25/04/2016;42;CABRA;460;6;15;6,77;1,032;13,44;4,65;3,36;4,64;2,55
25/04/2016;42;OVEJA;3340;5;21;6,8;1,036;18,13;7,16;5,35;4,79;4,28
25/04/2016;1;CABRA;24420;3,8;14;6,82;1,032;13,68;4,82;3,36;4,74;2,54
25/04/2016;1;CABRA;24720;3,4;14;6,82;1,032;14,19;5,04;3,55;4,85;2,65
26/04/2016;30;VACA;25960;5,2;15;6,81;1,03;11,97;3,1;3,24;4,94;2,24
26/04/2016;40;OVEJA;8720;6;20;6,82;1,036;18,17;7,38;5,02;4,85;4,02
26/04/2016;41;CABRA;8960;5;14;6,8;1,032;13,61;4,72;3,26;4,81;NA
26/04/2016;29;VACA;17280;5,6;15;6,84;1,03;11,96;3,31;3,16;4,72;2,21
26/04/2016;32;VACA;28820;3;15;6,82;1,03;12,48;3,51;3,26;4,95;2,31
26/04/2016;43;CABRA;4480;4;15;6,81;1,032;14,03;4,87;3,68;4,78;2,8
26/04/2016;39;CABRA;1720;5,8;13;6,82;1,032;14,18;5,19;3,31;4,83;2,55
26/04/2016;39;OVEJA;4140;6,2;20;6,82;1,036;18,76;7,7;5,39;4,78;4,21
26/04/2016;27;VACA;14520;7;15;6,82;1,03;12,43;3,67;3,2;4,82;2,25
26/04/2016;26;VACA;6080;4;14;6,8;1,03;12,29;3,57;3,15;4,83;2,17
26/04/2016;25;VACA;24460;4,7;15;6,84;1,03;13,31;4,27;3,33;4,92;2,38
26/04/2016;1;CABRA;25860;4;14;6,8;1,032;13,8;4,88;3,38;4,77;2,55
26/04/2016;37;CABRA;2860;5;15;6,82;1,032;13,91;4,79;3,59;4,82;2,71
26/04/2016;38;CABRA;9940;5;14;6,82;1,032;13,93;4,97;3,58;4,63;2,66
26/04/2016;38;OVEJA;4000;4,4;20;6,8;1,036;17,08;6,34;5,19;4,83;4,05
26/04/2016;36;CABRA;15740;8,4;14;6,84;1,032;14,09;5,05;3,4;4,78;2,59
26/04/2016;1;CABRA;24660;3,3;14;6,82;1,032;13,74;4,86;3,36;4,74;2,51
26/04/2016;1;CABRA;24780;4,5;14;6,83;1,032;13,7;4,9;3,38;4,67;2,5
26/04/2016;24;VACA;16800;4,4;14;6,85;1,03;12,38;3,69;3,11;4,8;2,19
26/04/2016;24;VACA;5380;6,2;14;6,86;1,03;12,32;3,49;3,19;4,91;2,24
26/04/2016;42;CABRA;6440;5,8;13;6,85;1,032;13,52;4,57;3,41;4,79;2,55
26/04/2016;42;OVEJA;5120;5;19;6,82;1,036;18,91;7,81;5,39;4,83;4,19
27/04/2016;30;VACA;25980;7,5;14;6,84;1,03;12,43;3,62;3,24;4,85;2,24
27/04/2016;41;OVEJA;2100;8,8;20;6,8;1,036;17,88;7,14;4,98;4,88;3,97
27/04/2016;40;CABRA;5180;6,3;14;6,8;1,032;13,83;4,69;3,41;4,91;2,64
27/04/2016;40;OVEJA;4540;6,6;20;6,82;1,036;17,7;6,99;4,72;4,94;3,84
27/04/2016;32;VACA;25600;6;15;6,84;1,03;12,08;3,33;3,16;4,86;2,22
27/04/2016;24;VACA;12060;6;15;6,84;1,03;12,26;3,43;3,2;4,88;2,23
27/04/2016;24;VACA;11680;6;15;6,82;1,03;12,28;3,5;3,23;4,86;2,25
27/04/2016;43;CABRA;1520;7,8;14;6,8;1,032;13,76;4,65;3,52;4,83;2,72
27/04/2016;43;OVEJA;2980;5,2;20;6,82;1,036;17,4;6,2;5,63;4,86;4,4
27/04/2016;42;CABRA;3780;9,7;13;6,86;1,032;13,91;4,81;3,55;4,79;2,68
27/04/2016;42;OVEJA;11600;7,3;19;6,83;1,036;17,16;6,15;5,37;4,83;4,17
27/04/2016;45;CABRA;11080;7;14;6,8;1,032;13,67;4,61;3,52;4,81;2,66
27/04/2016;1;OVEJA;10240;7,4;20;6,78;1,036;17,09;6,41;5,03;4,81;3,86
27/04/2016;26;VACA;6080;4,5;15;6,82;1,03;12,35;3,54;3,2;4,86;2,19
27/04/2016;1;CABRA;26040;4,3;13;6,85;1,032;13,57;4,85;3,3;4,62;2,4
27/04/2016;46;OVEJA;13000;6,6;20;6,8;1,036;17,39;6,54;5,18;4,84;4,13
27/04/2016;25;VACA;23240;4,7;15;6,82;1,03;13,04;4,06;3,33;4,89;2,36
27/04/2016;18;VACA;25460;5;15;6,83;1,03;12,24;3,24;3,28;4,98;2,28
27/04/2016;18;VACA;24960;6,5;15;6,82;1,03;13,06;3,82;3,56;4,94;2,51
27/04/2016;1;CABRA;25500;3,9;13;6,85;1,032;14,04;5,06;3,39;4,78;2,52
27/04/2016;38;CABRA;680;7,5;13;6,84;1,032;13,73;5,03;3,34;4,53;2,57
27/04/2016;39;OVEJA;2900;4,7;19;6,83;1,036;18,4;7,45;5,23;4,75;4,1
27/04/2016;1;CABRA;24480;3,5;13;6,86;1,032;13,66;4,81;3,4;4,7;2,52
27/04/2016;1;CABRA;26180;3;14;6,83;1,032;13,79;4,77;3,53;4,75;2,63
28/04/2016;1;CABRA;26320;5,2;13;6,85;1,032;13,4;4,39;3,54;4,79;2,64
28/04/2016;30;VACA;26320;4;14;6,8;1,03;12,19;3,38;3,23;4,88;2,28
28/04/2016;40;OVEJA;9880;7,8;19;6,8;1,036;18,04;7,24;5;4,88;3,95
28/04/2016;29;VACA;16060;6,2;15;6,83;1,03;12,21;3,48;3,21;4,76;2,23
28/04/2016;41;CABRA;8920;5,1;13;6,85;1,032;13,66;4,75;3,21;4,82;2,53
28/04/2016;43;CABRA;4760;6;13;6,85;1,032;13,96;4,74;3,75;4,77;2,82
28/04/2016;32;VACA;27280;2,2;15;6,82;1,03;12,48;3,57;3,19;4,94;2,25
28/04/2016;39;CABRA;2280;6,8;13;6,82;1,032;14,09;5,09;3,36;4,8;2,56
28/04/2016;39;OVEJA;4460;5,8;20;6,8;1,036;18,49;7,47;5,37;4,77;4,16
28/04/2016;26;VACA;6240;4,6;15;6,8;1,03;12,35;3,54;3,26;4,87;2,25
28/04/2016;27;VACA;14840;8,2;15;6,82;1,03;12,43;3,67;3,21;4,84;2,23
28/04/2016;42;CABRA;3260;7,5;13;6,86;1,032;13,83;4,7;3,66;4,71;2,73
28/04/2016;42;OVEJA;5000;5,2;20;6,84;1,036;18,11;7,16;5,2;4,83;4,12
28/04/2016;25;VACA;24780;5,9;15;6,84;1,03;13,13;4,1;3,33;4,96;2,39
28/04/2016;18;VACA;25600;6;15;6,82;1,03;13,01;3,68;3,58;5,03;2,56
28/04/2016;38;CABRA;9600;5;14;6,82;1,032;13,81;4,9;3,44;4,64;2,58
28/04/2016;38;OVEJA;3840;5;20;6,84;1,036;16,98;6,22;5,16;4,84;4,01
28/04/2016;37;CABRA;3080;4,5;15;6,81;1,032;13,82;4,74;3,55;4,8;2,71
28/04/2016;18;VACA;26240;5;15;6,8;1,03;12,56;3,52;3,5;4,81;2,42
28/04/2016;1;CABRA;24980;3,7;13;6,84;1,032;13,3;4,38;3,53;4,68;2,6
28/04/2016;36;CABRA;14980;8;13;6,86;1,032;13,99;5;3,41;4,72;2,63
29/04/2016;29;VACA;17240;3,2;15;6,84;1,03;11,94;3,26;3,08;4,8;2,15
29/04/2016;41;OVEJA;5800;3,8;20;6,82;1,036;18,11;7,29;5,08;4,87;3,97
29/04/2016;40;CABRA;5320;5;14;6,8;1,032;13,98;4,8;3,5;4,89;NA
29/04/2016;40;OVEJA;4040;5;20;6,82;1,036;18,19;7,48;4,72;4,86;3,87
29/04/2016;26;VACA;5860;4,3;15;6,82;1,03;12,48;3,62;3,21;4,84;NA
29/04/2016;24;VACA;12420;4,5;15;6,82;1,03;12,51;3,56;3,32;4,54;2,3
29/04/2016;24;VACA;13340;5,6;15;6,82;1,03;12,42;3,57;3,18;4,91;2,24
29/04/2016;32;VACA;22820;5;15;6,84;1,03;12,08;3,33;3,15;4,87;2,2
29/04/2016;43;CABRA;1140;5;13;6,82;1,032;13,21;4,19;3,52;4,83;2,73
29/04/2016;43;OVEJA;3800;6;18;6,82;1,036;17,42;6,19;5,75;4,79;4,43
29/04/2016;25;VACA;21840;4,4;15;6,84;1,03;12,97;4,03;3,29;4,88;2,35
29/04/2016;46;OVEJA;13040;6;20;6,82;1,036;17,37;6,53;5,19;4,81;4,11
29/04/2016;39;OVEJA;6060;3,8;18;6,86;1,036;18,22;7,24;5,24;4,79;4,09
29/04/2016;38;CABRA;1940;5;14;6,8;1,032;13,82;4,85;3,47;4,67;2,64
29/04/2016;45;CABRA;9980;5,2;14;6,82;1,032;13,7;4,61;3,53;4,82;2,66
29/04/2016;1;OVEJA;10040;5;20;6,8;1,036;16,93;6,23;5,06;4,82;3,93
29/04/2016;30;VACA;26280;7;15;6,8;1,03;12,14;3,35;3,22;4,86;2,2
29/04/2016;42;CABRA;6060;5,7;15;6,8;1,032;13,51;4,57;3,44;4,81;2,58
29/04/2016;42;OVEJA;5160;7;20;6,8;1,036;17,94;6,95;5,4;4,81;4,25
29/04/2016;1;CABRA;26380;4,3;14;6,82;1,032;13,89;4,96;3,41;4,77;2,56
30/04/2016;1;CABRA;25460;3,6;14;6,84;1,032;13,64;4,65;3,55;4,77;2,66
30/04/2016;1;CABRA;24920;4,5;14;6,8;1,032;13,21;4,33;3,54;4,72;2,68
30/04/2016;24;VACA;15700;4;15;6,84;1,03;12,34;3,57;3,19;4,87;2,28
30/04/2016;24;VACA;10900;8,6;15;6,84;1,03;12,31;3,56;3,21;4,83;2,27
30/04/2016;40;OVEJA;12120;7,4;20;6,83;1,036;18,57;7,57;5,08;4,91;4,11
30/04/2016;41;CABRA;8940;6;13;6,83;1,032;13,55;4,64;3,27;4,88;2,58
30/04/2016;22;VACA;25260;7;15;6,85;1,03;12,41;3,47;3,24;5;2,3
30/04/2016;29;VACA;17640;7,3;15;6,82;1,03;12,14;3,38;3,17;4,83;2,22
30/04/2016;29;VACA;11320;6,7;15;6,82;1,03;12;3,31;3,23;4,76;2,25
30/04/2016;43;CABRA;4820;4,6;15;6,8;1,032;13,66;4,65;3,66;4,68;2,76
30/04/2016;32;VACA;27400;5;14;6,82;1,03;12,39;3,46;3,24;4,96;2,33
30/04/2016;39;CABRA;2120;7,7;13;6,85;1,032;14,16;5,11;3,42;4,85;2,66
30/04/2016;39;OVEJA;4280;5,8;20;6,81;1,036;18,59;7,51;5,47;4,77;4,29
30/04/2016;27;VACA;14540;7;15;6,82;1,03;12,35;3,62;3,22;4,81;2,27
30/04/2016;26;VACA;5680;5;15;6,82;1,03;12,63;3,73;3,26;4,89;2,32
30/04/2016;25;VACA;25140;5;15;6,8;1,03;13,19;4,16;3,34;4,95;2,43
30/04/2016;38;CABRA;9620;3,6;14;6,84;1,032;13,72;4,79;3,57;4,62;2,69
30/04/2016;38;OVEJA;3920;4,8;20;6,78;1,036;16,96;6,22;5,17;4,85;4,04
30/04/2016;37;CABRA;3280;7,6;14;6,8;1,032;13,66;4,61;3,56;4,8;2,73
30/04/2016;30;VACA;26200;6,2;15;6,84;1,03;12,16;3,34;3,26;4,9;2,26
30/04/2016;42;CABRA;3820;6;14;6,8;1,032;13,64;4,6;3,57;4,76;2,69
30/04/2016;42;OVEJA;5160;4,8;20;6,82;1,036;18,8;7,76;5,3;4,78;4,18
30/04/2016;36;CABRA;16320;8;14;6,82;1,032;14,12;5,13;3,35;4,77;2,59
30/04/2016;22;VACA;24440;6,3;15;6,84;1,03;12,05;3,1;3,26;5,03;2,32
30/04/2016;18;VACA;26520;7,3;15;6,82;1,03;12,72;3,52;3,55;4,95;2,51
01/05/2016;29;VACA;17640;4,3;15;6,83;1,03;11,98;3,24;3,16;4,83;2,24
01/05/2016;29;VACA;8900;4;15;6,85;1,03;12,28;3,57;3,19;4,7;2,26
01/05/2016;41;OVEJA;6000;6,1;20;6,8;1,036;18,16;7,22;5,21;4,88;4,1
01/05/2016;40;CABRA;5220;4,6;13;6,86;1,032;13,71;4,65;3,43;4,87;2,71
01/05/2016;40;OVEJA;3240;5,4;5;20;1,036;18,66;7,77;4,94;4,86;4,02
01/05/2016;32;VACA;26680;6,6;15;6,83;1,03;12,08;3,32;3,16;4,88;2,22
01/05/2016;26;VACA;5700;5,5;13;6,86;1,03;12,63;3,76;3,23;4,84;2,27
01/05/2016;43;CABRA;1840;5;14;6,82;1,032;13,4;4,44;3,46;4,84;2,7
01/05/2016;43;OVEJA;3020;5;19;6,76;1,036;17,04;6,06;5,59;4,73;4,37
01/05/2016;38;CABRA;1280;6;4,3;15;1,032;13,8;4,85;3,55;4,67;2,72
01/05/2016;46;OVEJA;12940;3,6;19;6,8;1,036;17,44;6,53;5,2;4,85;4,13
01/05/2016;1;OVEJA;8780;4,8;20;6,79;1,036;16,92;6,27;5,1;4,8;4,03
01/05/2016;45;CABRA;11220;5;14;6,84;1,032;13,4;4,53;3,47;4,71;2,62
01/05/2016;25;VACA;24200;5,1;15;6,82;1,03;12,82;3,93;3,33;4,86;2,43
01/05/2016;1;CABRA;24920;5,8;14;6,82;1,032;13,55;4,7;3,38;4,7;2,51
01/05/2016;39;OVEJA;6260;3,8;20;6,8;1,036;18,36;7,19;5,39;4,83;4,23
01/05/2016;42;CABRA;2980;5;14;6,83;1,032;14,1;4,86;3,73;4,79;2,83
01/05/2016;42;OVEJA;11560;7;20;6,8;1,036;17,14;5,99;5,44;4,93;4,28
01/05/2016;30;VACA;22620;4;15;6,81;1,03;12,43;3,54;3,29;4,91;2,27
01/05/2016;1;CABRA;24920;4,4;14;6,84;1,032;12,8;4,21;3,37;4,55;2,45
02/05/2016;18;VACA;25640;6,7;15;6,81;1,03;12,91;3,69;3,57;4,96;2,59
02/05/2016;24;VACA;16480;5,5;15;6,84;1,03;13,7;4,93;3,21;4,81;2,25
02/05/2016;29;VACA;16820;5,7;15;6,8;1,03;12,01;3,21;3,15;4,9;2,26
02/05/2016;29;VACA;6960;3,6;14;6,8;1,03;12,09;3,36;3,24;4,81;2,26
02/05/2016;40;OVEJA;10080;6,9;18;6,85;1,036;18,06;7,14;5,14;4,86;4,05
02/05/2016;41;CABRA;8600;5,5;13;6,86;1,032;13,6;4,69;3,24;4,85;2,55
02/05/2016;43;CABRA;4420;7;14;6,82;1,032;14,1;4,84;3,82;4,78;2,9
02/05/2016;39;CABRA;1820;5,3;14;6,8;1,032;14,41;5,34;3,43;4,84;2,65
02/05/2016;39;OVEJA;3840;7;20;6,8;1,036;18,56;7,47;5,4;4,78;4,26
02/05/2016;26;VACA;5820;4,5;15;6,8;1,03;12,99;4,15;3,22;4,83;2,27
02/05/2016;42;OVEJA;2480;6;18;6,84;1,036;17,82;6,81;5,33;4,84;4,29
02/05/2016;42;CABRA;5000;5,3;13;6,86;1,032;13,62;4,65;3,4;4,89;2,6
02/05/2016;27;VACA;14620;7,6;15;6,82;1,03;12,32;3,54;3,23;4,85;2,26
02/05/2016;25;VACA;24540;5,2;15;6,84;1,03;13,27;4,21;3,35;4,96;2,44
02/05/2016;37;CABRA;3040;5,4;22;6,8;1,032;13,98;4,9;3,61;4,76;2,75
02/05/2016;38;CABRA;9400;5,1;15;6,82;1,032;13,88;4,91;3,54;4,67;2,67
02/05/2016;38;OVEJA;3800;4,2;19;6,82;1,036;17,17;6,42;5,23;4,81;4,12
02/05/2016;18;VACA;25600;4;14;6,81;1,03;13;3,67;3,61;5;2,59
02/05/2016;18;VACA;24640;5;14;6,8;1,03;12,29;3,31;3,32;4,94;2,34
02/05/2016;1;CABRA;25340;3;14;6,82;1,032;13,57;4,71;3,39;4,71;2,54
02/05/2016;18;VACA;26360;5;15;6,8;1,03;13,5;4,26;3,55;4,94;2,52
02/05/2016;36;CABRA;16360;5;14;6,82;1,032;14,17;5,08;3,4;4,81;2,62
02/05/2016;42;OVEJA;6400;5;20;6,82;1,036;19,07;8,02;5,41;4,72;4,27
02/05/2016;42;CABRA;2420;5;14;6,82;1,032;13,98;4,85;3,62;4,81;2,75
02/05/2016;1;CABRA;25740;3;14;6,84;1,032;14,05;5,02;3,46;4,78;2,61
02/05/2016;1;OVEJA;26760;3;20;6,83;1,036;16,68;6,05;4,87;4,92;3,91
02/05/2016;1;CABRA;25680;4;14;6,82;1,032;14,07;5,04;3,47;4,78;2,6
03/05/2016;32;VACA;28480;4;15;6,81;1,03;12,43;3,46;3,25;4,97;2,3
03/05/2016;1;CABRA;24080;3;14;6,82;1,032;13,77;4,87;3,38;4,74;2,58
03/05/2016;1;CABRA;25000;6;14;6,82;1,032;13,37;4,51;3,48;4,71;2,62
03/05/2016;41;OVEJA;2760;6,8;19;6,3;1,036;18,04;7,23;5,07;4,81;4,01
03/05/2016;29;VACA;16820;3,7;14;6,85;1,03;11,9;3,25;3,13;4,8;2,2
03/05/2016;29;VACA;9520;6,6;14;6,85;1,03;11,56;2,8;3,24;4,8;2,27
03/05/2016;40;CABRA;5200;6,2;14;6,83;1,032;13,9;4,77;3,46;4,89;2,69
03/05/2016;40;OVEJA;3920;6,7;18;6,82;1,036;17,9;7,05;4,8;4,95;3,98
03/05/2016;30;VACA;27000;6,2;14;6,85;1,03;12,19;3,24;3,29;4,95;2,31
03/05/2016;24;VACA;28060;4,4;15;6,83;1,03;12,34;3,53;3,17;4,87;2,27
03/05/2016;26;VACA;5860;4;15;6,82;1,03;12,35;3,58;3,2;4,85;2,27
03/05/2016;43;CABRA;880;4,5;14;6,8;1,032;13,27;4,19;3,48;4,87;2,74
03/05/2016;43;OVEJA;3660;5,4;20;6,78;1,036;17,62;6,3;5,77;4,82;4,53
03/05/2016;25;VACA;24500;5,3;15;6,83;1,03;12,85;3,87;3,35;4,89;2,41
03/05/2016;39;OVEJA;5780;4;18;6,83;1,036;18,61;7,56;5,32;4,73;4,18
03/05/2016;46;OVEJA;12460;6;19;6,78;1,036;17,46;6,58;5,21;4,81;4,15
03/05/2016;38;CABRA;1280;5,6;14;6,82;1,032;13,94;5;3,49;4,64;2,71
03/05/2016;42;CABRA;3140;6;14;6,8;1,032;13,38;4,35;3,55;4,71;2,73
03/05/2016;42;OVEJA;4560;6,3;20;6,78;1,036;17,81;6,67;5,49;4,86;4,4
03/05/2016;45;CABRA;10920;6,8;14;6,82;1,032;13,68;4,61;3,53;4,79;2,69
03/05/2016;1;OVEJA;9040;5,3;20;6,8;1,036;17,07;6,39;5,04;4,78;3,95
03/05/2016;1;CABRA;25780;4;14;6,8;1,032;14,04;5,03;3,41;4,79;2,52
03/05/2016;1;CABRA;24960;4;14;6,82;1,032;14,03;5,01;3,45;4,77;2,57
03/05/2016;1;CABRA;24880;4;14;6,82;1,032;13,42;4,62;3,36;4,69;2,49
03/05/2016;32;VACA;17900;5;15;6,82;1,03;12,16;3,38;3,16;4,9;2,19
03/05/2016;1;CABRA;25180;4;14;6,84;1,032;13,31;4,33;3,54;4,74;2,63
04/05/2016;24;VACA;16140;6;15;6,83;1,03;12,44;3,52;3,28;4,9;2,3
04/05/2016;40;OVEJA;7800;4;19;6,8;1,036;18,19;7,26;5,17;4,85;4,1
04/05/2016;29;VACA;16680;3,7;14;6,84;1,03;11,91;3,23;3,12;4,78;2,18
04/05/2016;29;VACA;9100;6,3;14;6,84;1,03;12,2;3,47;3,21;4,75;2,26
04/05/2016;41;CABRA;9060;4;15;6,8;1,032;13,62;4,72;3,24;4,79;2,54
04/05/2016;43;CABRA;4400;5,6;15;6,85;1,032;13,95;4,72;3,75;4,78;2,86
04/05/2016;39;CABRA;1920;5,4;13;6,86;1,032;14,24;5,21;3,39;4,79;2,62
04/05/2016;39;OVEJA;4200;5,6;20;6,8;1,036;18,98;7,84;5,47;4,68;4,23
04/05/2016;26;VACA;5780;4;14;6,8;1,03;12,27;3,46;3,18;4,86;2,24
04/05/2016;27;VACA;14220;8,5;15;6,83;1,03;12,38;3,62;3,18;4,83;2,27
04/05/2016;37;CABRA;3120;8;14;6,82;1,032;13,79;4,75;3,53;4,78;2,72
04/05/2016;38;CABRA;9660;5,4;13;6,83;1,032;13,87;4,94;3,45;4,69;2,61
04/05/2016;38;OVEJA;4280;4,4;20;6,76;1,036;17,44;6,66;5,19;4,78;4,06
04/05/2016;25;VACA;24840;5,6;15;6,79;1,03;13,22;4,15;3,34;4,95;2,43
04/05/2016;32;VACA;30660;2,3;15;6,81;1,03;12,31;3,35;3,26;4,99;2,31
04/05/2016;30;VACA;26040;6,5;15;6,84;1,03;12,42;3,51;3,27;4,92;2,27
04/05/2016;36;CABRA;16400;8;14;6,8;1,032;14,05;5,03;3,36;4,78;2,61
04/05/2016;1;CABRA;25360;4,3;14;6,8;1,032;13,9;4,94;3,43;4,76;2,59
04/05/2016;1;CABRA;24860;3,4;14;6,85;1,032;13,8;4,89;3,4;4,75;2,59
04/05/2016;1;CABRA;25840;4;14;6,84;1,032;14,14;5,09;3,48;4,82;2,61
04/05/2016;42;OVEJA;6380;5;20;6,78;1,036;18,73;7,72;5,28;4,8;4,16
04/05/2016;42;CABRA;5060;5;14;6,78;1,032;13,49;4,56;3,34;4,86;2,53
05/05/2016;1;CABRA;25200;4,3;14;6,84;1,032;13,86;4,92;3,41;4,75;2,56
05/05/2016;29;VACA;16840;4,5;15;6,82;1,03;11,75;3,17;3,08;4,72;2,18
05/05/2016;29;VACA;8860;4,2;14;6,85;1,03;12,13;3,51;3,22;4,67;2,29
05/05/2016;41;OVEJA;5820;7;18;6,85;1,036;18,07;7,31;5,21;4,82;4,1
05/05/2016;40;CABRA;5440;6,3;14;6,82;1,032;13,55;4,65;3,43;4,84;2,66
05/05/2016;40;OVEJA;3680;6,3;19;6,8;1,036;18,04;7,39;4,82;4,91;3,87
05/05/2016;26;VACA;5620;4,4;15;6,83;1,03;12,35;3,65;3,12;4,84;2,24
05/05/2016;32;VACA;29320;5,5;15;6,84;1,03;11,98;3,31;3,13;4,82;2,24
05/05/2016;43;CABRA;1840;7,4;13;6,85;1,032;13,37;4,51;3,51;4,81;2,71
05/05/2016;43;OVEJA;2840;6;18;6,75;1,036;17,33;6,24;5,74;4,75;4,46
05/05/2016;1;OVEJA;8600;6,8;18;6,75;1,036;16,86;6,38;5,07;4,7;3,91
05/05/2016;45;CABRA;10820;6,4;13;6,78;1,032;13,54;4,68;3,51;4,8;2,68
05/05/2016;25;VACA;21940;5,6;15;6,8;1,03;12,72;3,86;3,34;4,89;2,41
05/05/2016;24;VACA;16720;4,5;15;6,83;1,03;12,2;3,53;3,07;4,84;2,21
05/05/2016;46;OVEJA;13360;6,3;19;6,78;1,036;17,14;6,46;5,14;4,82;4,08
05/05/2016;38;CABRA;1360;7,5;13;6,86;1,032;13,52;4,86;3,49;4,63;2,65
05/05/2016;39;OVEJA;6300;3,7;18;6,77;1,036;18,27;7,36;5,43;4,68;4,21
05/05/2016;42;CABRA;3840;5,6;13;6,84;1,032;13,44;4,57;3,54;4,77;2,7
05/05/2016;42;OVEJA;11480;5;20;6,78;1,036;16,77;5,76;5,41;4,93;4,21
06/05/2016;1;CABRA;25180;5;14;6,75;1,032;13,21;4,47;3,63;4,61;2,65
06/05/2016;24;VACA;17020;5,7;15;6,81;1,03;12,28;3,49;3,24;4,85;2,26
06/05/2016;40;OVEJA;9580;5,7;19;6,82;1,036;18,1;7,23;5,3;4,85;4,1
06/05/2016;30;VACA;25840;6,9;15;6,84;1,03;12,06;3,24;3,26;4,89;2,26
06/05/2016;29;VACA;17240;4;15;6,82;1,03;11,98;3,32;3,11;4,76;2,16
06/05/2016;29;VACA;11220;6,3;15;6,81;1,03;12,09;3,39;3,19;4,76;2,26
06/05/2016;26;VACA;5720;4,4;15;6,82;1,03;12,44;3,75;3,13;4,82;2,24
06/05/2016;41;CABRA;8520;4,7;13;6,85;1,032;13,27;4,53;3,3;4,85;2,54
06/05/2016;42;CABRA;1880;5;13;6,86;1,032;13,81;4,72;3,81;4,78;2,87
06/05/2016;42;OVEJA;3800;6,3;20;6,8;1,036;17,8;6,8;5,54;4,84;4,35
06/05/2016;43;CABRA;4240;5,2;13;6,83;1,032;13,77;4,7;3,83;4,76;2,85
06/05/2016;32;VACA;29240;3;15;6,83;1,03;12,08;3,23;3,23;4,92;2,29
06/05/2016;39;CABRA;2080;5,3;13;6,85;1,032;13,94;5,06;3,41;4,82;2,58
06/05/2016;39;OVEJA;4140;5,1;20;6,8;1,036;18,5;7,62;5,4;4,72;4,17
06/05/2016;27;VACA;14440;8,2;15;6,81;1,03;12,24;3,55;3,22;4,8;2,28
06/05/2016;25;VACA;24880;5,4;16;6,8;1,03;11,61;3,66;2,92;4,3;1,95
06/05/2016;37;CABRA;3120;7,6;13;6,83;1,032;13,57;4,8;3,56;4,71;2,66
06/05/2016;38;OVEJA;4280;4;20;6,8;1,036;17,35;6,73;5,22;4,77;4,05
06/05/2016;38;CABRA;10040;4;13;6,85;1,032;13,58;4,84;3,47;4,7;2,6
06/05/2016;36;CABRA;12560;7;14;6,82;1,032;13,96;5,07;3,46;4,79;2,64
06/05/2016;42;OVEJA;6560;4;20;6,8;1,036;18,61;7,74;5,33;4,83;4,16
06/05/2016;42;CABRA;2980;5;13;6,8;1,032;13,32;4,57;3,56;4,67;2,63
06/05/2016;1;CABRA;24960;3,3;13;6,84;1,032;13,45;4,78;3,45;4,68;2,55
07/05/2016;22;VACA;25800;6,4;15;6,8;1,03;12,29;3,51;3,18;4,91;2,25
07/05/2016;24;VACA;16620;5,5;15;6,83;1,03;14,17;3,55;3,04;4,72;2,12
07/05/2016;41;OVEJA;5640;5,8;20;6,8;1,036;18,31;7,46;5,32;4,82;4,13
07/05/2016;29;VACA;16620;5;15;6,84;1,03;11,84;3,24;3,11;4,78;2,18
07/05/2016;29;VACA;8880;7,4;15;6,84;1,03;11,94;3,33;3,19;4,71;2,25
07/05/2016;40;CABRA;5320;5,9;14;6,82;1,032;13,6;4,74;3,46;4,81;2,63
07/05/2016;40;OVEJA;3840;7;20;6,8;1,036;18,92;8,01;5,3;4,86;4,12
07/05/2016;32;VACA;23720;6,4;15;6,82;1,03;12,06;3,32;3,16;4,87;2,23
07/05/2016;42;OVEJA;2880;7,4;20;6,8;1,036;17,8;6,85;5,45;4,86;4,29
07/05/2016;42;CABRA;5220;6,6;14;6,78;1,032;13,15;4,52;3,36;4,8;2,47
07/05/2016;26;VACA;5700;4,4;15;6,83;1,03;12,31;3,71;3,17;4,82;2,31
07/05/2016;43;CABRA;1240;6,5;14;6,83;1,032;13,17;4,44;3,56;4,72;2,67
07/05/2016;43;OVEJA;3360;5,6;20;6,8;1,036;17,12;6,28;5,58;4,68;4,28
07/05/2016;46;OVEJA;12660;5,6;20;6,8;1,036;17,32;6,6;5,23;4,82;4,1
07/05/2016;38;CABRA;1360;7;14;6,82;1,032;13,7;4,97;3,55;4,63;2,66
07/05/2016;25;VACA;22200;5,2;15;6,82;1,03;12,95;4,04;3,38;4,87;2,42
07/05/2016;45;CABRA;10560;5,7;14;6,8;1,032;13,24;4,59;3,48;4,66;2,57
07/05/2016;1;OVEJA;3120;6,5;20;6,81;1,036;17,38;6,58;5,17;4,91;4,09
07/05/2016;39;OVEJA;6860;6;19;6,77;1,036;18,05;7,17;5,42;4,67;4,16
07/05/2016;30;VACA;26240;6,2;15;6,82;1,03;11,7;3,12;3,17;4,7;2,17
08/05/2016;1;CABRA;25520;4;15;6,8;1,032;12,71;4,25;3,5;4,53;2,54
08/05/2016;22;VACA;23620;6,6;15;6,79;1,03;12,33;3,49;3,21;4,95;2,28
08/05/2016;40;OVEJA;10240;6,5;19;6,81;1,036;18,04;7,21;5,19;4,89;4,05
08/05/2016;29;VACA;16340;3,5;15;6,83;1,03;11,71;3,1;3,06;4,78;2,15
08/05/2016;29;VACA;8080;7,5;15;6,84;1,03;11,92;3,33;3,16;4,7;2,21
08/05/2016;41;CABRA;8740;5,3;13;6,86;1,032;13,49;4,74;3,33;4,83;2,54
08/05/2016;43;CABRA;4200;5,2;14;6,82;1,032;13,62;4,78;3,78;4,59;2,79
08/05/2016;32;VACA;28000;3;15;6,8;1,03;12,53;3,59;3,27;4,97;2,28
08/05/2016;27;VACA;14820;7,8;15;6,81;1,03;12,35;3,62;3,22;4,85;2,27
08/05/2016;39;CABRA;1900;7;14;6,83;1,032;13,94;5,08;3,45;4,74;2,59
08/05/2016;39;OVEJA;4080;7,3;20;6,78;1,036;18,64;7,67;5,48;4,73;4,23
08/05/2016;26;VACA;5880;4,8;15;6,8;1,03;12,32;3,6;3,16;4,84;2,21
08/05/2016;25;VACA;24700;6;15;6,81;1,03;13,16;4,18;3,36;4,98;2,41
08/05/2016;24;VACA;16960;4;15;6,83;1,03;12,23;3,46;3,15;4,9;2,21
08/05/2016;38;CABRA;9020;6,2;14;6,81;1,032;13,84;5;3,5;4,76;2,61
08/05/2016;38;OVEJA;4340;4;20;6,75;1,036;17,47;6,78;5,31;4,75;4,09
08/05/2016;37;CABRA;3220;4;15;6,8;1,032;13,71;4,89;3,59;4,7;2,7
08/05/2016;36;CABRA;16380;8;13;6,78;1,032;13,94;5,1;3,43;4,74;2,6
08/05/2016;42;CABRA;4040;5,3;13;6,84;1,032;13,56;4,66;3,7;4,66;2,76
08/05/2016;42;OVEJA;6400;4,7;20;6,8;1,036;18,67;7,72;5,47;4,8;4,21
09/05/2016;22;VACA;25440;6,4;15;6,81;1,03;12,21;3,39;3,21;4,94;2,29
09/05/2016;24;VACA;16320;6,7;15;6,81;1,03;12,14;3,29;3,22;4,84;2,31
09/05/2016;30;VACA;26300;8,5;14;6,85;1,03;11,82;3;3,2;4,84;2,3
09/05/2016;41;OVEJA;4320;6,4;19;6,81;1,036;18,86;7,67;5,73;4,81;4,49
09/05/2016;40;CABRA;5420;6,1;14;6,82;1,032;13,81;4,83;3,53;4,77;2,72
09/05/2016;40;OVEJA;4900;6,7;18;6,78;1,036;17,8;6,99;4,94;4,97;3,96
09/05/2016;29;VACA;16760;4,2;15;6,82;1,03;11,77;3,16;3,08;4,78;2,21
09/05/2016;29;VACA;8680;7;15;6,82;1,03;11,79;3,1;3,15;4,83;2,26
09/05/2016;26;VACA;5880;4,3;15;6,8;1,03;12,4;3,65;3,16;4,85;2,27
09/05/2016;32;VACA;24680;5,8;15;6,8;1,03;12,07;3,3;3,17;4,84;2,29
09/05/2016;43;CABRA;1440;7;13;6,83;1,032;13,38;4,58;3,52;4,69;2,74
09/05/2016;43;OVEJA;2420;6;20;6,78;1,036;17,67;6,59;5,73;4,7;4,5
09/05/2016;42;CABRA;2920;6,3;13;6,84;1,032;13,14;4,37;3,49;4,73;2,69
09/05/2016;42;OVEJA;11620;6,2;20;6,8;1,036;17,05;6;5,43;4,9;4,28
09/05/2016;46;OVEJA;12740;6,6;20;6,78;1,036;17,33;6,62;5,2;4,71;4,09
09/05/2016;25;VACA;23300;5;15;6,82;1,03;12,98;4,07;3,38;4,85;2,43
09/05/2016;39;OVEJA;6120;3,8;18;6,83;1,036;18,01;7,13;5,21;4,74;4,12
09/05/2016;38;CABRA;1280;6;13;6,85;1,032;13,74;5,01;3,53;4,6;2,69
09/05/2016;2;VACA;15260;5,8;15;6,8;1,03;12,19;3,45;3,16;4,9;2,25
09/05/2016;2;VACA;8940;5,8;15;6,8;1,03;12,57;3,75;3,14;4,94;2,26
09/05/2016;8;VACA;13960;5,9;15;6,83;1,03;12,36;3,64;3,21;4,82;2,28
09/05/2016;8;VACA;8460;5,1;15;6,83;1,03;12,47;3,58;3,28;4,87;2,31
09/05/2016;45;CABRA;10900;5,7;13;6,84;1,032;13,46;4,78;3,49;4,6;2,61
09/05/2016;1;OVEJA;10380;8;20;6,8;1,036;17,58;6,78;5,34;4,74;4,19
09/05/2016;1;CABRA;25800;4,2;13;6,82;1,032;13,99;5,11;3,46;4,75;2,57
09/05/2016;1;CABRA;25440;3,6;13;6,81;1,032;13,98;5,1;3,5;4,77;2,61
09/05/2016;1;CABRA;25880;3,8;13;6,83;1,032;13,81;5;3,41;4,78;2,57
09/05/2016;1;CABRA;24680;2,9;14;6,83;1,032;13,29;4,6;3,43;4,72;2,57
09/05/2016;1;CABRA;25240;2,9;14;6,83;1,032;13,53;4,66;3,64;4,72;2,71
10/05/2016;1;CABRA;25080;4,8;14;6,82;1,032;13,05;4,48;3,54;4,57;2,59
10/05/2016;40;OVEJA;8100;5,9;18;6,84;1,036;18,04;7,1;5,29;4,9;4,15
10/05/2016;29;VACA;17400;4;14;6,83;1,03;11,7;3,08;3,06;4,86;2,18
10/05/2016;29;VACA;9000;6,5;14;6,83;1,03;12,08;3,5;3,19;4,64;2,27
10/05/2016;41;CABRA;8500;4,3;13;6,83;1,032;13,41;4,7;3,32;4,8;2,56
10/05/2016;32;VACA;28320;4;15;6,8;1,03;12,27;3,33;3,26;4,96;2,31
10/05/2016;43;CABRA;3860;4,8;13;6,83;1,032;14,14;4,94;3,88;4,75;2,91
10/05/2016;26;VACA;5980;4,5;15;6,8;1,03;12,45;3,76;3,15;4,82;2,26
10/05/2016;39;CABRA;1940;5,2;13;6,85;1,032;14,06;5,08;3,51;4,79;2,68
10/05/2016;39;OVEJA;3940;4,3;20;6,83;1,036;18,74;7,77;5,5;4,73;4,27
10/05/2016;42;CABRA;5980;6;13;6,85;1,032;13,22;4,5;3,41;4,8;2,56
10/05/2016;27;VACA;14640;8;15;6,76;1,03;12,34;3,65;3,2;4,84;2,26
10/05/2016;24;VACA;20300;4,5;15;6,81;1,03;12,42;3,67;3,15;4,84;2,27
10/05/2016;25;VACA;25360;5,6;16;6,82;1,03;13,2;4,25;3,38;4,94;2,42
10/05/2016;30;VACA;26320;5,1;14;6,84;1,03;12,45;3,71;3,23;4,79;2,27
10/05/2016;38;CABRA;8960;5;14;6,82;1,032;14,13;5,22;3,63;4,69;2,71
10/05/2016;38;OVEJA;3580;5;20;6,8;1,036;17,68;7;5,33;4,68;4,15
10/05/2016;37;CABRA;3040;7,4;14;6,85;1,032;13,85;4,95;3,66;4,74;2,74
10/05/2016;1;CABRA;25120;3,4;13;6,78;1,032;13,42;4,78;3,39;4,66;2,53
10/05/2016;36;CABRA;15840;6,8;14;6,82;1,032;13,85;5,05;3,36;4,73;2,57
10/05/2016;42;CABRA;1880;5,5;13;6,83;1,032;14,26;5,19;3,72;4,68;2,81
10/05/2016;42;OVEJA;9600;5;20;6,78;1,036;18,45;7,55;5,39;4,78;4,21
10/05/2016;1;CABRA;25720;3,3;14;6,78;1,032;13,88;5,07;3,48;4,72;2,59
11/05/2016;1;CABRA;25500;3,7;14;6,82;1,032;13,4;4,62;3,58;4,71;2,65
11/05/2016;22;VACA;23460;5;15;6,8;1,03;12,21;3,47;3,17;4,87;2,28
11/05/2016;24;VACA;16500;6,5;15;6,81;1,03;12,23;3,38;3,27;4,87;2,3
11/05/2016;29;VACA;16860;3,3;15;6,83;1,03;11,59;2,94;3,07;4,84;2,19
11/05/2016;29;VACA;7960;6,5;15;6,81;1,03;12,2;3,6;3,18;4,64;2,25
11/05/2016;41;OVEJA;2660;4,8;18;6,83;1,036;17,99;7,18;5,21;4,83;4,1
11/05/2016;40;OVEJA;3980;5;21;6,78;1,036;18,36;7,61;4,91;4,88;3,95
11/05/2016;40;CABRA;5180;5;14;6,8;1,032;13,76;4,84;3,46;4,83;2,67
11/05/2016;32;VACA;25000;5,8;15;6,79;1,03;12,15;3,4;3,16;4,85;2,25
11/05/2016;26;VACA;5780;4,5;15;6,82;1,03;12,44;3,7;3,14;4,85;2,27
11/05/2016;42;CABRA;2320;5;14;6,82;1,032;13,31;4,43;3,63;4,65;2,76
11/05/2016;42;OVEJA;2760;6,2;20;6,8;1,036;18,21;7,23;5,58;4,79;4,37
11/05/2016;38;CABRA;1300;7,4;13;6,84;1,032;13,93;5,12;3,66;4,6;2,74
11/05/2016;25;VACA;23520;5,4;15;6,79;1,03;12,97;4,05;3,4;4,86;2,43
11/05/2016;43;CABRA;1180;5;14;6,81;1,032;13,63;4,81;3,58;4,67;2,69
11/05/2016;43;OVEJA;3020;5,3;20;6,78;1,036;18,06;6,99;5,76;4,67;4,46
11/05/2016;45;CABRA;9880;4;15;6,8;1,032;13,55;4,77;3,51;4,71;2,63
11/05/2016;46;OVEJA;12600;4;20;6,8;1,036;17,49;6,69;5,27;4,79;4,18
11/05/2016;39;OVEJA;7360;5,6;18;6,84;1,036;17,67;7,02;5,2;4,68;4,04
11/05/2016;1;CABRA;25760;3;13;6,81;1,032;13,89;5,03;3,49;4,73;2,59
11/05/2016;1;CABRA;25760;3,8;13;6,82;1,032;13,93;5,05;3,46;4,8;2,59
11/05/2016;1;CABRA;26120;3,5;13;6,82;1,032;13,47;4,8;3,41;4,68;2,54
11/05/2016;1;CABRA;26640;2,3;14;6,81;1,032;13,67;4,87;3,58;4,69;2,63
12/05/2016;1;CABRA;25540;3,8;14;6,82;1,032;13,5;4,65;3,63;4,76;2,63
12/05/2016;40;OVEJA;10700;6,6;19;6,82;1,036;18,17;7,25;5,39;4,84;4,16
12/05/2016;41;CABRA;8880;4;14;6,8;1,032;13,5;4,77;3,33;4,82;2,53
12/05/2016;26;VACA;5820;4,6;15;6,8;1,03;12,38;3,66;3,13;4,83;2,24
12/05/2016;39;CABRA;1760;4;16;6,85;1,032;14,08;5,15;3,51;4,74;2,64
12/05/2016;39;OVEJA;3960;5;20;6,8;1,036;18,86;7,92;5,52;4,68;4,22
12/05/2016;43;CABRA;4000;5;13;6,85;1,032;14,11;5,04;3,81;4,71;2,81
12/05/2016;32;VACA;29120;2,2;15;6,82;1,03;12,03;3,12;3,24;4,95;2,26
12/05/2016;27;VACA;14460;7,6;15;6,82;1,03;12,41;3,67;3,21;4,84;2,24
12/05/2016;25;VACA;24680;5,5;16;6,77;1,03;13,16;4,18;3,37;4,92;2,42
12/05/2016;24;VACA;16820;3,9;15;6,81;1,03;12,63;3,74;3,19;4,94;2,27
12/05/2016;38;CABRA;8940;5;13;6,84;1,032;14,02;5,14;3,59;4,66;2,65
12/05/2016;38;OVEJA;3380;5;20;6,82;1,036;17,86;7,13;5,37;4,67;4,14
12/05/2016;37;CABRA;2740;5,5;16;6,82;1,032;13,93;4,99;3,68;4,76;2,75
12/05/2016;42;OVEJA;6140;5;20;6,8;1,036;18,79;7,98;5,33;4,74;4,12
12/05/2016;42;CABRA;4640;4;15;6,8;1,032;13,55;4,62;3,56;4,75;NA
12/05/2016;36;CABRA;15460;4;13;6,82;1,032;13,89;5,08;3,41;4,71;2,6
13/05/2016;1;CABRA;25860;3,8;14;6,82;1,032;13,72;4,97;3,46;4,68;2,53
13/05/2016;30;VACA;26160;3,9;14;6,85;1,03;12,15;3,38;3,25;4,84;2,24
13/05/2016;24;VACA;16980;6,3;15;6,81;1,03;12,2;3,38;3,25;4,88;2,26
13/05/2016;41;OVEJA;5140;5,2;19;6,84;1,036;18,15;7,29;5,32;4,86;4,15
13/05/2016;40;CABRA;5240;6;13;6,86;1,032;13,62;4,75;3,41;4,82;2,62
13/05/2016;40;OVEJA;4680;6,4;20;6,79;1,036;18,19;7,37;5,02;4,92;4
13/05/2016;29;VACA;16920;3,8;14;6,84;1,03;11,81;3,04;3,14;4,89;2,2
13/05/2016;29;VACA;9800;6;14;6,84;1,03;12,03;3,43;3,18;4,74;2,23
13/05/2016;26;VACA;5840;4;15;6,82;1,03;12,49;3,75;3,18;4,87;2,28
13/05/2016;32;VACA;25220;6,3;15;6,8;1,03;11,99;3,31;3,15;4,83;2,21
13/05/2016;43;CABRA;1020;6,4;13;6,86;1,032;13,58;4,75;3,49;4,81;2,66
13/05/2016;43;OVEJA;2580;5,3;20;6,82;1,036;18,17;7,12;5,74;4,71;4,4
13/05/2016;45;CABRA;10760;5,4;14;6,81;1,032;13,34;4,75;3,47;4,61;2,54
13/05/2016;1;OVEJA;10740;6,1;20;6,79;1,036;16,67;6,26;5,13;4,66;3,92
13/05/2016;39;OVEJA;6220;3,7;18;6,84;1,036;17,8;7,11;5,19;4,73;4,04
13/05/2016;25;VACA;24220;4,7;15;6,82;1,03;12,98;4,08;3,41;4,85;2,42
13/05/2016;46;OVEJA;12740;6,3;20;6,77;1,036;17,53;6,76;5,3;4,76;4,13
13/05/2016;38;CABRA;1300;6,7;13;6,86;1,032;13,78;5,07;3,54;4,57;2,65
13/05/2016;42;CABRA;3820;5;13;6,85;1,032;13,1;4,33;3,52;4,72;2,61
13/05/2016;42;OVEJA;11760;5,8;20;6,77;1,036;17,39;6,27;5,55;4,9;4,3
13/05/2016;1;CABRA;24880;4;14;6,81;1,032;13,61;4,72;3,68;4,74;2,69
14/05/2016;24;VACA;16500;7,7;15;6,82;1,03;12,53;3,74;3,24;4,88;2,33
14/05/2016;29;VACA;16340;3,8;15;6,82;1,03;11,8;3;3,19;4,87;2,23
14/05/2016;29;VACA;10180;6;15;6,82;1,03;12,24;3,63;3,2;4,66;2,26
14/05/2016;40;OVEJA;10200;6;19;6,78;1,036;18,32;7,33;5,43;4,84;4,22
14/05/2016;41;CABRA;8580;5;13;6,86;1,032;13,47;4,72;3,33;4,86;2,56
14/05/2016;26;VACA;5720;4,4;15;6,81;1,03;12,48;3,76;3,15;4,86;2,24
14/05/2016;42;OVEJA;420;6;20;6,79;1,036;17,42;6,31;5,62;4,91;4,47
14/05/2016;42;CABRA;3400;5,4;14;6,85;1,032;14;4,97;3,75;4,71;2,77
14/05/2016;30;VACA;26140;4,2;15;6,82;1,03;11,93;3,05;3,26;4,91;2,29
14/05/2016;32;VACA;29400;2,8;15;6,8;1,03;12,21;3,22;3,26;4,99;2,32
14/05/2016;39;CABRA;2100;5,3;14;6,83;1,032;14,01;5,06;3,49;4,83;2,63
14/05/2016;39;OVEJA;3880;6,3;20;6,8;1,036;19,21;8,24;5,6;4,64;4,27
14/05/2016;27;VACA;14700;8;15;6,8;1,03;12,36;3,65;3,21;4,84;2,28
14/05/2016;43;CABRA;3820;4,6;15;6,81;1,032;14,39;5,19;3,88;4,76;2,89
14/05/2016;25;VACA;25260;5,8;15;6,83;1,03;13,16;4,17;3,43;4,94;2,44
14/05/2016;37;CABRA;2940;8;13;6,85;1,032;13,96;5,03;3,63;4,75;2,72
14/05/2016;38;CABRA;8840;4,6;14;6,84;1,032;14,13;5,22;3,55;4,75;2,65
14/05/2016;38;OVEJA;3460;4,4;20;6,78;1,036;17,69;7,05;5,31;4,69;4,1
14/05/2016;36;CABRA;15320;4;15;0;1,032;14,1;5,23;3,4;4,79;2,6
14/05/2016;42;CABRA;900;5;14;6,8;1,032;12,42;3,91;3,37;4,64;2,54
14/05/2016;42;OVEJA;5720;4;20;6,8;1,036;19,17;8,17;5,46;4,74;4,24
15/05/2016;29;VACA;16460;5;15;6,8;1,03;11,83;3,13;3,13;4,83;2,2
15/05/2016;29;VACA;8980;5,5;15;6,82;1,03;11,75;3,03;3,23;4,8;2,25
15/05/2016;41;OVEJA;5380;5;19;6,82;1,036;18,21;7,32;5,38;4,85;4,17
15/05/2016;40;CABRA;5220;5,8;14;6,83;1,032;13,89;4,96;3,51;4,84;2,7
15/05/2016;40;OVEJA;4880;6;19;6,8;1,036;18,29;7,46;5,09;4,9;4,05
15/05/2016;32;VACA;24060;6;15;6,82;1,03;12,01;3,34;3,14;4,82;2,2
15/05/2016;26;VACA;5560;4,3;15;6,78;1,03;12,42;3,73;3,12;4,86;2,2
15/05/2016;42;CABRA;6020;5;14;6,77;1,032;13,56;4,69;3,56;4,85;2,62
15/05/2016;42;OVEJA;4540;6,3;21;6,77;1,036;18,25;7,22;5,58;4,81;4,36
15/05/2016;24;VACA;16420;4;15;6,83;1,03;12,29;3,49;3,17;4,94;2,25
15/05/2016;1;OVEJA;10580;6,5;19;6,76;1,036;17,09;6,59;5,06;4,73;3,95
15/05/2016;45;CABRA;10240;6,3;15;6,83;1,032;13,7;4,86;3,59;4,75;2,69
15/05/2016;43;CABRA;1380;8;14;6,83;1,032;13,5;4,72;3,48;4,76;2,66
15/05/2016;43;OVEJA;2980;6;20;6,81;1,036;17,64;6,85;5,62;4,58;4,32
15/05/2016;25;VACA;23280;6,2;15;6,78;1,03;13,13;4,2;3,42;4,88;2,43
15/05/2016;46;OVEJA;12800;7;20;6,8;1,036;17,48;6,72;5,29;4,75;4,14
15/05/2016;38;CABRA;1300;8;13;6,83;1,032;13,98;5,18;3,59;4,61;2,7
15/05/2016;39;OVEJA;3160;7;18;6,82;1,036;17,55;7,01;4,93;4,76;3,89
16/05/2016;30;VACA;27040;5;15;8,4;1,03;12,41;3,76;3,18;4,76;2,25
16/05/2016;20;VACA;24620;5,5;15;8,2;1,03;12,47;3,72;3,28;4,83;2,35
16/05/2016;22;VACA;24720;6,6;15;8,2;1,03;12,4;3,57;3,21;4,97;2,31
16/05/2016;21;VACA;26860;4,4;15;8,3;1,03;12,31;3,35;3,33;4,96;2,37
16/05/2016;23;VACA;24280;5,4;15;8,3;1,03;12,29;3,5;3,17;4,93;2,29
16/05/2016;24;VACA;16860;6,4;15;8,3;1,03;12,2;3,49;3,21;4,82;2,25
16/05/2016;29;VACA;16240;3,4;14;6,85;1,03;11,86;3,09;3,16;4,84;2,25
16/05/2016;29;VACA;10300;6,3;14;6,85;1,03;12,07;3,47;3,17;4,69;2,24
16/05/2016;26;VACA;5620;4,4;15;6,83;1,03;12,3;3,6;3,12;4,86;2,22
16/05/2016;40;OVEJA;8980;5,8;19;6,78;1,036;18,37;7,4;5,42;4,81;4,22
16/05/2016;41;CABRA;8980;4,5;14;6,8;1,032;13,43;4,73;3,35;4,79;2,55
16/05/2016;39;CABRA;1860;6;14;6,82;1,032;14;5,11;3,5;4,75;2,66
16/05/2016;39;OVEJA;4060;5;20;7,9;1,036;18,81;7,93;5,49;4,66;4,21
16/05/2016;27;VACA;14200;8;15;6,8;1,03;12,3;3,65;3,18;4,79;2,28
16/05/2016;43;CABRA;4040;5,5;14;6,18;1,032;14,2;5,16;3,8;4,67;2,88
16/05/2016;25;VACA;26140;5;15;6,8;1,03;13,12;4,14;3,43;4,93;2,47
16/05/2016;37;CABRA;2860;8;13;6,82;1,032;13,96;5,06;3,64;4,74;2,77
16/05/2016;38;CABRA;9080;5;14;6,82;1,032;13,94;5,1;3,55;4,66;2,68
16/05/2016;38;OVEJA;3460;4;20;6,82;1,036;17,37;6,76;5,32;4,69;4,1
16/05/2016;18;VACA;26160;6,5;16;6,75;1,03;12,74;3,53;3,6;5;2,56
16/05/2016;1;CABRA;24580;4;13;6,82;1,032;13,38;4,79;3,46;4,63;2,52
16/05/2016;42;CABRA;3980;5;13;6,82;1,032;13,31;4,53;3,54;4,7;2,65
16/05/2016;42;OVEJA;6480;5,6;20;6,75;1,036;18,86;7,97;5,47;4,72;4,25
16/05/2016;1;CABRA;26000;4;13;6,82;1,032;13,76;5;3,44;4,74;2,54
17/05/2016;32;VACA;29600;6,5;15;6,8;1,03;11,98;2,95;3,28;4,99;2,33
17/05/2016;20;VACA;22940;6;15;6,83;1,03;12,34;3,45;3,33;4,91;2,35
17/05/2016;22;VACA;18540;6,2;15;6,82;1,03;12,49;3,58;3,26;5,02;2,33
17/05/2016;21;VACA;27000;4;15;6,81;1,03;12,34;3,35;3,36;4,97;2,37
17/05/2016;23;VACA;25640;6;15;6,82;1,03;12,29;3,44;3,2;4,96;2,3
17/05/2016;30;VACA;26760;4;14;6,85;1,03;12,27;3,52;3,24;4,85;2,3
17/05/2016;41;OVEJA;2580;6;18;6,84;1,036;17,91;7,17;5,18;4,84;4,07
17/05/2016;40;CABRA;5400;6,3;13;6,85;1,032;13,33;4,42;3,45;4,91;2,68
17/05/2016;40;OVEJA;4560;6,5;19;6,77;1,036;17,98;7,32;4,9;4,87;3,96
17/05/2016;24;VACA;25560;5,3;16;6,84;1,03;12,33;3,57;3,15;4,89;2,26
17/05/2016;29;VACA;16600;3,7;14;6,85;1,03;11,66;2,94;3,14;4,86;2,22
17/05/2016;29;VACA;8400;5,7;14;6,86;1,03;12,03;3,44;3,17;4,71;2,25
17/05/2016;26;VACA;5820;5;15;6,8;1,03;12,28;3,61;3,13;4,87;2,21
17/05/2016;42;CABRA;3420;7;14;6,82;1,032;13,14;4,3;3,62;4,71;2,72
17/05/2016;42;OVEJA;10480;7;20;6,76;1,036;17,36;6,27;5,56;4,91;4,33
17/05/2016;43;CABRA;1240;8;14;6,83;1,032;13,44;4,63;3,49;4,8;2,7
17/05/2016;43;OVEJA;2720;6;19;6,79;1,036;17,77;6,77;5,66;4,77;4,39
17/05/2016;45;CABRA;10880;6;13;6,81;1,032;13,63;4,74;3,61;4,75;2,72
17/05/2016;1;OVEJA;10560;5;20;6,75;1,036;17,22;6,67;5,16;4,72;4,02
17/05/2016;25;VACA;22700;5;15;6,8;1,03;13,04;4,15;3,36;4,87;2,38
17/05/2016;46;OVEJA;12980;6,6;21;6,77;1,036;17,43;6,75;5,21;4,78;4,11
17/05/2016;39;OVEJA;3760;3;18;6,8;1,036;17,55;6,93;4,93;4,87;3,95
17/05/2016;18;VACA;25320;6,7;15;6,8;1,03;12,43;3,06;3,67;5,08;2,66
17/05/2016;38;CABRA;1260;8;13;681;1,032;13,74;5,03;3,48;4,57;2,64
17/05/2016;1;CABRA;25300;4;14;6,8;1,032;13,86;5,02;3,49;4,76;2,57
17/05/2016;1;CABRA;23760;4;14;6,82;1,032;13,81;5,02;3,53;4,69;2,59
17/05/2016;1;CABRA;23480;3,2;14;6,81;1,032;13,7;4,85;3,67;4,71;2,69
18/05/2016;32;VACA;23920;6,6;15;6,82;1,03;11,86;3,24;3,08;4,78;2,23
18/05/2016;1;CABRA;11220;5;13;6,86;1,032;13,5;4,82;3,49;4,68;2,59
18/05/2016;20;VACA;24280;5,4;15;6,82;1,03;12,47;3,65;3,32;4,87;2,35
18/05/2016;22;VACA;24300;6,7;15;6,83;1,03;12,41;3,58;3,21;4,97;2,29
18/05/2016;21;VACA;26820;4,7;15;6,81;1,03;12,25;3,28;3,34;4,98;2,4
18/05/2016;23;VACA;20520;5,7;15;6,81;1,03;12,21;3,4;3,2;4,95;2,34
18/05/2016;40;OVEJA;6640;5,7;18;6,79;1,036;18,12;7,2;5,39;4,85;4,22
18/05/2016;42;CABRA;5620;4,7;13;6,85;1,032;13,37;4,59;3,52;4,85;2,65
18/05/2016;29;VACA;16400;4;14;6,84;1,03;11,77;3,15;3,03;4,85;2,19
18/05/2016;29;VACA;9400;7;15;6,82;1,03;12,12;3,43;3,21;4,75;2,26
18/05/2016;24;VACA;16840;6,7;15;6,83;1,03;11,93;3,22;3,15;4,85;2,25
18/05/2016;41;CABRA;8420;4;13;6,85;1,032;13,53;4,82;3,4;4,75;2,6
18/05/2016;26;VACA;5440;4,7;16;6,78;1,03;12,19;3,55;3,06;4,84;2,18
18/05/2016;39;CABRA;2040;5,8;13;6,85;1,032;13,79;4,96;3,46;4,78;2,61
18/05/2016;39;OVEJA;4260;5,5;20;6,77;1,036;18,77;7,79;5,58;4,7;4,26
18/05/2016;27;VACA;14100;8;15;6,82;1,03;12,28;3,62;3,22;4,8;2,24
18/05/2016;43;CABRA;3800;5;14;6,8;1,032;14,13;5,06;3,84;4,73;2,87
18/05/2016;1;CABRA;26300;3,8;13;6,82;1,032;13,41;4,73;3,36;4,75;2,48
18/05/2016;25;VACA;25500;6;16;6,8;1,03;13,01;4,1;3,35;4,91;2,39
18/05/2016;38;CABRA;8880;4;15;6,81;1,032;13,84;5,07;3,52;4,67;2,59
18/05/2016;38;OVEJA;3620;4;20;6,8;1,036;17,41;6,78;5,28;4,75;4,05
18/05/2016;42;OVEJA;6280;5;20;6,82;1,036;18,65;7,77;5,4;4,76;4,19
18/05/2016;42;CABRA;2920;5;14;6,82;1,032;13,06;4,38;3,48;4,65;2,58
18/05/2016;37;CABRA;3160;5;14;6,82;1,032;13,78;4,96;3,63;4,66;2,7
18/05/2016;1;CABRA;24860;4;13;6,82;1,032;13,83;5,03;3,52;4,7;2,63
18/05/2016;30;VACA;26280;5;15;6,82;1,03;11,97;3,18;3,23;4,87;2,3
18/05/2016;18;VACA;25120;2;15;6,8;1,03;12,77;3,58;3,6;5;2,56
18/05/2016;32;VACA;30140;6,5;15;6,8;1,03;12,22;3,3;3,24;4,93;2,29
18/05/2016;1;CABRA;26220;3;13;6,82;1,032;13,56;4,86;3,43;4,71;2,57
19/05/2016;20;VACA;23720;6,4;15;6,83;1,03;12,26;3,55;3,24;4,81;2,3
19/05/2016;22;VACA;25120;6,9;15;6,83;1,03;12;3,22;3,17;4,91;2,25
19/05/2016;21;VACA;27000;4,2;15;6,82;1,03;12,22;3,27;3,31;4,96;2,38
19/05/2016;23;VACA;23020;5,7;15;6,83;1,03;12,22;3,43;3,15;4,94;2,28
19/05/2016;41;OVEJA;5340;5;18;6,83;1,036;18,04;7,22;5,32;4,82;4,13
19/05/2016;40;CABRA;5540;6;13;6,85;1,032;13,52;4,7;3,41;4,85;2,66
19/05/2016;40;OVEJA;3420;5;20;6,74;1,036;17,96;7,25;4,92;4,91;3,95
19/05/2016;29;VACA;12900;4,4;14;6,85;1,03;11,74;3,14;2,96;4,84;2,1
19/05/2016;29;VACA;11300;6,4;14;6,84;1,03;11,78;3,2;3,07;4,74;2,19
19/05/2016;32;VACA;22400;6;15;6,8;1,03;12,04;3,35;3,14;4,8;2,21
19/05/2016;26;VACA;5740;4,78;15;6,8;1,03;12,26;3,59;3,08;4,86;2,19
19/05/2016;42;CABRA;2380;8,5;13;6,83;1,032;12,93;4,29;3,45;4,65;2,61
19/05/2016;42;OVEJA;5100;8,5;20;6,75;1,036;18,21;7,23;5,5;4,84;4,31
19/05/2016;45;CABRA;9760;7;13;6,8;1,032;13,32;4,49;3,59;4,73;2,69
19/05/2016;1;OVEJA;8480;4,5;20;6,75;1,036;17,03;6,49;5,12;4,71;4,02
19/05/2016;38;CABRA;1400;7,3;13;6,8;1,032;13,24;4,54;3,49;4,64;2,65
19/05/2016;43;CABRA;1360;7;13;6,81;1,032;13,11;4,31;3,53;4,77;2,71
19/05/2016;43;OVEJA;2960;5,3;20;6,8;1,036;17,85;6,84;5,68;4,73;4,42
19/05/2016;39;OVEJA;6280;4,4;21;6,85;1,036;17,31;6,67;4,93;4,9;3,92
19/05/2016;46;OVEJA;13020;7;21;6,78;1,036;17,33;6,67;5,16;4,8;4,06
19/05/2016;25;VACA;21980;5,5;16;6,78;1,03;12,95;4,11;3,31;4,85;2,39
19/05/2016;1;CABRA;25980;3,8;14;6,82;1,032;13,67;4,91;3,47;4,73;2,59
19/05/2016;1;CABRA;25760;3,7;14;6,82;1,032;13,87;5,03;3,48;4,77;2,58
19/05/2016;18;VACA;24480;6,3;16;6,83;1,03;12,85;3,66;3,59;5;2,56
19/05/2016;1;CABRA;25720;3;14;6,82;1,032;13,41;4,84;3,47;4,58;2,52
19/05/2016;1;CABRA;25300;5;14;6,81;1,032;13,37;4,73;3,48;4,66;2,53
20/05/2016;26;VACA;5760;5,4;15;6,82;1,03;12,35;3,63;3,15;4,88;2,22
20/05/2016;40;OVEJA;9600;4,8;18;6,84;1,036;18,07;7,24;5,3;4,84;4,08
20/05/2016;30;VACA;25960;4,5;14;6,85;1,03;12;3,19;3,23;4,92;2,26
20/05/2016;24;VACA;27880;5,6;15;6,83;1,03;12,06;3,26;3,17;4,91;2,25
20/05/2016;41;CABRA;9100;5;14;6,84;1,032;13,57;4,78;3,42;4,79;2,59
20/05/2016;18;VACA;26060;7,4;15;6,81;1,03;12,72;3,7;3,45;4,95;2,46
20/05/2016;29;VACA;17000;4,2;14;6,86;1,03;11,82;3,15;3,03;4,88;2,18
20/05/2016;29;VACA;9520;7,2;14;6,86;1,03;12,06;3,36;3,21;4,76;2,24
20/05/2016;43;CABRA;3900;5,3;13;6,84;1,032;13,99;5,03;3,75;4,68;2,83
20/05/2016;32;VACA;29220;4;15;6,8;1,03;12,09;3,17;3,23;4,97;2,29
20/05/2016;39;CABRA;1860;5,9;13;6,84;1,032;13,86;4,99;3,5;4,76;2,66
20/05/2016;39;OVEJA;4060;5,3;20;6,8;1,036;18,71;7,8;5,49;4,7;4,21
20/05/2016;27;VACA;14340;8,5;15;6,82;1,03;12,35;3,65;3,21;4,81;2,27
20/05/2016;25;VACA;24940;6,8;15;6,8;1,03;13,09;4,12;3,36;4,97;2,42
20/05/2016;37;CABRA;2800;8;13;6,84;1,032;13,72;4,95;3,58;4,68;2,7
20/05/2016;38;CABRA;9680;4;13;6,85;1,032;13,68;4,91;3,48;4,71;2,61
20/05/2016;38;OVEJA;3400;5;20;6,82;1,036;17,44;6,76;5,32;4,74;4,07
20/05/2016;42;OVEJA;6240;4,5;20;6,81;1,036;18,52;7,64;5,33;4,8;4,18
20/05/2016;42;CABRA;4620;5;14;6,82;1,032;13,46;4,63;3,53;4,78;2,65
20/05/2016;36;CABRA;14260;5,2;14;6,82;1,032;13,75;5,02;3,34;4,69;2,52
20/05/2016;1;CABRA;25400;3,3;14;6,83;1,032;13,19;4,51;3,61;4,6;2,62
21/05/2016;26;VACA;6020;5;15;6,82;1,03;12,31;3,6;3,15;4,87;2,23
21/05/2016;29;VACA;16760;3,6;15;6,82;1,03;11,62;3,02;3,04;4,84;2,17
21/05/2016;29;VACA;8020;9;15;6,82;1,03;11,9;3,3;3,17;4,71;2,25
21/05/2016;41;OVEJA;4880;4,7;18;6,82;1,036;18,05;7,19;5,36;4,84;4,12
21/05/2016;40;CABRA;5480;6,3;13;6,85;1,032;13,43;4,65;3,4;4,82;2,63
21/05/2016;40;OVEJA;4040;5,3;18;6,82;1,036;18,7;7,96;5,11;4,79;4,03
21/05/2016;24;VACA;22640;5,4;15;6,78;1,03;12,11;3,37;3,18;4,86;2,21
21/05/2016;32;VACA;21520;6,7;15;6,78;1,03;12,11;3,45;3,13;4,8;2,18
21/05/2016;42;CABRA;3820;8;13;6,85;1,032;13,23;4,46;3,5;4,78;2,58
21/05/2016;42;OVEJA;11320;7,7;20;6,76;1,036;17,33;6,31;5,45;4,95;4,21
21/05/2016;43;CABRA;1380;5;13;6,82;1,032;13,31;4,58;3,42;4,74;2,6
21/05/2016;43;OVEJA;2980;4;19;6,8;1,036;17,39;6,63;5,54;4,66;4,22
21/05/2016;25;VACA;22520;4,5;15;6,77;1,03;13,03;4,11;3,37;4,89;2,36
21/05/2016;46;OVEJA;12900;6,6;20;6,8;1,036;17,29;6,59;5,21;4,8;4,05
21/05/2016;39;OVEJA;7800;7,3;20;6,82;1,036;17,12;6,64;4,84;4,85;3,81
21/05/2016;38;CABRA;1420;5;13;6,82;1,032;13,48;4,89;3,49;4,54;2,61
21/05/2016;45;CABRA;10720;5;14;6,82;1,032;13,54;4,75;3,57;4,72;2,65
21/05/2016;1;OVEJA;8140;5,6;20;6,75;1,036;17,51;6,97;5,28;4,64;3,99
21/05/2016;30;VACA;25820;4,6;15;6,84;1,03;12,22;3,4;3,24;4,91;2,3
21/05/2016;1;CABRA;25460;4,5;14;6,82;1,032;13;4,46;3,52;4,57;2,55
22/05/2016;40;OVEJA;9680;5,9;18;6,81;1,036;18,14;7,2;5,43;4,82;4,18
22/05/2016;29;VACA;16300;3,8;15;6,81;1,03;11,78;3,18;3,03;4,79;2,15
22/05/2016;29;VACA;8320;7,3;15;6,84;1,03;11,91;3,28;3,17;4,7;2,23
22/05/2016;41;CABRA;8620;4;13;6,84;1,032;13,32;4,59;3,4;4,79;2,58
22/05/2016;26;VACA;6060;4,6;15;6,79;1,03;12,04;3,28;3,17;4,89;2,25
22/05/2016;32;VACA;29080;4;14;6,8;1,03;12,01;3,13;3,21;4,97;2,28
22/05/2016;42;OVEJA;300;4;19;6,8;1,036;17,5;6,34;5,63;5,02;4,51
22/05/2016;42;CABRA;2580;4;15;6,8;1,032;13,18;4,44;3,54;4,68;2,66
22/05/2016;39;CABRA;2320;5;13;6,82;1,032;13,52;4,79;3,4;4,74;2,59
22/05/2016;39;OVEJA;3900;5;18;6,81;1,036;18,46;7,63;5,4;4,7;4,17
22/05/2016;43;CABRA;3800;6;14;6,82;1,032;13,78;4,88;3,75;4,63;2,76
22/05/2016;27;VACA;13940;4;15;6,8;1,03;12,29;3,62;3,2;4,8;2,26
22/05/2016;38;CABRA;8940;5;14;6,82;1,032;13,62;4,9;3,42;4,74;2,59
22/05/2016;38;OVEJA;3480;5;20;6,82;1,036;17,33;6,73;5,22;4,74;4,03
22/05/2016;25;VACA;24960;6;15;6,81;1,03;12,98;4,07;3,36;4,91;2,4
22/05/2016;37;CABRA;3060;6;13;6,82;1,032;13,73;4,96;3,59;4,66;2,68
22/05/2016;42;OVEJA;6260;5;20;6,82;1,036;18,44;7,59;5,39;4,79;4,13
22/05/2016;42;CABRA;2540;5;13;6,82;1,032;13,03;4,34;3,52;4,65;2,61
22/05/2016;36;CABRA;14240;3,5;14;6,82;1,032;13,65;4,96;3,38;4,71;2,56
23/05/2016;30;VACA;26280;5,5;15;6,84;1,03;11,87;3,21;3,16;4,85;2,18
23/05/2016;22;VACA;21960;7;15;6,83;1,03;12,16;3,35;3,22;4,94;2,33
23/05/2016;18;VACA;25960;7,2;15;6,78;1,03;12,62;3,53;3,53;4,98;2,47
23/05/2016;18;VACA;24380;7,4;15;6,79;1,03;12,77;3,57;3,57;5,03;2,55
23/05/2016;24;VACA;16800;6,2;14;6,85;1,03;12,07;3,23;3,23;4,94;2,31
23/05/2016;29;VACA;16380;4;15;6,8;1,03;11,68;3,06;3,03;4,86;2,17
23/05/2016;29;VACA;8560;4;15;6,8;1,03;11,88;3,12;3,21;4,88;2,29
23/05/2016;41;OVEJA;3300;4;19;6,8;1,036;18,17;7,24;5,47;4,84;4,22
23/05/2016;40;CABRA;5440;6,36;14;6,82;1,032;13,37;4,62;3,43;4,79;2,65
23/05/2016;40;OVEJA;4620;6,6;18;6,77;1,036;17,78;6,95;5,03;4,99;3,98
23/05/2016;26;VACA;5920;4,5;15;6,81;1,03;12,33;3,6;3,16;4,86;2,23
23/05/2016;32;VACA;25820;5,5;15;6,81;1,03;11,97;3,27;3,12;4,83;2,24
23/05/2016;42;CABRA;5960;6,1;15;6,78;1,032;13,27;4,6;3,47;4,73;2,58
23/05/2016;42;OVEJA;4420;7,6;20;6,81;1,036;18,25;7,17;5,63;4,84;4,41
23/05/2016;43;CABRA;1320;7;13;6,84;1,032;13,38;4,66;3,46;4,74;2,66
23/05/2016;43;OVEJA;2940;5,4;20;6,8;1,036;17,78;6,86;5,7;4,68;4,37
23/05/2016;38;CABRA;1420;5;14;6,82;1,032;13,65;4,94;3,49;4,59;2,67
23/05/2016;25;VACA;21920;6;15;6,8;1,03;13,08;4,12;3,39;4,92;2,43
23/05/2016;45;CABRA;10300;5,8;14;6,81;1,032;13,32;4,68;3,53;4,64;2,6
23/05/2016;1;OVEJA;9620;3;21;6,77;1,036;16,85;6,32;5,08;4,82;3,98
23/05/2016;46;OVEJA;12820;6,4;20;6,75;1,036;17,4;6,78;5,13;4,82;4,07
23/05/2016;18;VACA;25240;6;15;6,78;1,03;13,02;3,81;3,59;5,03;2,54
23/05/2016;39;OVEJA;2260;5,8;19;6,8;1,036;16,79;6,25;4,92;4,88;3,89
23/05/2016;18;VACA;24860;6,7;15;6,78;1,03;12,95;3,8;3,57;4,99;2,52
23/05/2016;1;CABRA;26200;3,9;14;6,8;1,032;13,81;5,02;3,47;4,75;2,6
23/05/2016;1;CABRA;25160;3;14;6,83;1,032;13,62;4,85;3,6;4,67;2,66
23/05/2016;1;CABRA;25400;5;14;6,8;1,032;12,92;4,47;3,49;4,52;2,53
24/05/2016;40;OVEJA;8140;6,8;18;6,83;1,036;18,18;7,18;5,48;4,84;4,23
24/05/2016;29;VACA;15960;3,7;14;6,85;1,03;11,68;3,08;3,05;4,83;2,18
24/05/2016;29;VACA;9720;6;14;6,85;1,03;12,05;3,41;3,19;4,73;2,26
24/05/2016;41;CABRA;9260;5;13;6,85;1,032;13,58;4,74;3,46;4,79;2,62
24/05/2016;24;VACA;27940;5,5;15;6,81;1,03;12,24;3,46;3,18;4,91;2,29
24/05/2016;18;VACA;25260;6,7;15;6,79;1,03;12,85;3,69;3,57;5;2,55
24/05/2016;43;CABRA;3460;5,2;14;6,83;1,032;13,97;4,92;3,8;4,67;2,85
24/05/2016;32;VACA;27700;3,3;15;6,81;1,03;12,17;3,24;3,24;5,02;2,29
24/05/2016;39;CABRA;1800;7,4;14;6,84;1,032;13,67;4,81;3,5;4,76;2,65
24/05/2016;39;OVEJA;3820;5,2;19;8,2;1,036;18,33;7,43;5,39;4,75;4,17
24/05/2016;27;VACA;14360;8,3;15;6,78;1,03;12,32;3,62;3,24;4,83;2,27
24/05/2016;26;VACA;5980;4,6;15;6,79;1,03;12,33;3,65;3,17;4,85;2,23
24/05/2016;25;VACA;25160;5,5;15;6,78;1,03;13,09;4,11;3,38;4,96;2,42
24/05/2016;1;CABRA;26380;4,8;14;6,78;1,032;13,66;4,95;3,46;4,7;2,54
24/05/2016;38;CABRA;9060;4,6;14;6,82;1,032;13,87;5;3,55;4,75;2,66
24/05/2016;38;OVEJA;3380;6;20;6,77;1,036;17,46;6,75;5,36;4,78;4,13
24/05/2016;42;CABRA;3740;6;14;6,8;1,032;13,2;4,46;3,53;4,65;2,65
24/05/2016;42;OVEJA;6500;5,1;21;6,78;1,036;18,44;7,56;5,38;4,78;4,2
24/05/2016;37;CABRA;2620;6;14;6,81;1,032;13,85;4,96;3,69;4,68;2,74
24/05/2016;18;VACA;25900;6,5;15;6,78;1,03;10,64;3,01;2,93;3,97;1,81
24/05/2016;1;CABRA;25520;3,6;14;6,8;1,032;12,77;4,35;3,48;4,51;2,49
24/05/2016;1;CABRA;25980;5,3;14;6,8;1,032;13,52;4,84;3,41;4,71;2,51
24/05/2016;1;CABRA;25280;4,7;14;6,8;1,032;13,54;4,83;3,42;4,72;2,53
25/05/2016;1;CABRA;24640;4;14;6,8;1,032;13,54;4,86;3,47;4,61;2,56
25/05/2016;22;VACA;23920;6;15;6,77;1,03;12,37;3,58;3,18;4,93;2,27
25/05/2016;26;VACA;5800;3,8;15;6,8;1,03;12,35;3,66;3,13;4,85;2,24
25/05/2016;29;VACA;15480;3,2;15;6,84;1,03;11,6;2,95;3,05;4,87;2,16
25/05/2016;29;VACA;8560;3,2;15;6,84;1,03;11,98;3,39;3,15;4,74;2,22
25/05/2016;41;OVEJA;1960;5;20;6,82;1,036;18,19;7,25;5,41;4,86;4,21
25/05/2016;40;CABRA;5580;5;14;6,82;1,032;13,38;4,58;3,39;4,82;2,64
25/05/2016;40;OVEJA;4260;6,7;20;6,8;1,036;18,11;7,27;5,05;4,93;4,04
25/05/2016;32;VACA;24800;6,8;15;6,82;1,03;12,01;3,3;3,15;4,83;2,23
25/05/2016;42;CABRA;3500;7,5;14;6,81;1,032;13,36;4,53;3,61;4,68;2,68
25/05/2016;42;OVEJA;11180;7;22;6,75;1,036;17,32;6,25;5,49;4,93;4,26
25/05/2016;43;CABRA;1260;6;14;6,8;1,032;13,41;4,67;3,46;4,75;2,66
25/05/2016;43;OVEJA;2500;6;20;6,78;1,036;18;6,95;5,74;4,74;4,43
25/05/2016;25;VACA;20500;6,3;16;6,78;1,03;13,03;4,1;3,41;4,91;2,42
25/05/2016;46;OVEJA;12940;6,5;21;6,75;1,036;17,52;6,81;5,24;4,76;4,11
25/05/2016;39;OVEJA;6180;4,8;20;6,82;1,036;17,51;6,96;4,82;4,88;3,84
25/05/2016;38;CABRA;1420;7,4;14;6,8;1,032;13,53;4,9;3,39;4,57;2,62
25/05/2016;45;CABRA;10580;7;14;6,81;1,032;13,41;4,68;3,45;4,67;2,61
25/05/2016;1;OVEJA;10020;4,1;20;6,76;1,036;16,98;6,49;5,14;4,7;3,97
25/05/2016;24;VACA;12560;5;15;6,83;1,03;12,17;3,65;3,07;4,73;2,17
25/05/2016;24;VACA;6020;6;15;6,83;1,03;12,47;3,95;3,08;4,79;2,18
26/05/2016;1;CABRA;25220;6;14;6,8;1,032;13,2;4,52;3,53;4,58;2,65
26/05/2016;40;OVEJA;11180;6;20;6,78;1,036;18,37;7,32;5,53;4,82;4,27
26/05/2016;29;VACA;16220;6;15;6,79;1,03;11,68;3,02;3,06;4,85;2,17
26/05/2016;29;VACA;8940;6,5;15;6,8;1,03;11,95;3,3;3,17;4,76;2,22
26/05/2016;42;CABRA;3280;4,3;13;6,86;1,032;13,28;4,57;3,26;4,83;2,55
26/05/2016;41;CABRA;8820;4,4;14;6,83;1,032;13,49;4,73;3,29;4,77;2,61
26/05/2016;32;VACA;28660;4,8;15;6,81;1,03;11,95;3,11;3,17;4,98;2,26
26/05/2016;43;CABRA;4000;4;14;6,84;1,032;14,22;5,12;3,75;4,68;2,88
26/05/2016;39;CABRA;2020;6,4;13;6,86;1,032;13,59;4,82;3,29;4,77;2,59
26/05/2016;39;OVEJA;4000;5;19;6,79;1,036;18,23;7,37;5,36;4,76;4,15
26/05/2016;27;VACA;14680;8,2;15;6,81;1,03;12,3;3,59;3,21;4,82;2,29
26/05/2016;26;VACA;5980;4,6;15;6,78;1,03;12,29;3,57;3,15;4,84;2,23
26/05/2016;25;VACA;24120;6,5;15;8,3;1,03;13,03;4;3,39;5,01;2,47
26/05/2016;42;OVEJA;6320;5;20;6,81;1,036;18,56;7,69;5,32;4,79;4,17
26/05/2016;42;CABRA;2760;6;14;6,84;1,032;13,07;4,37;3,41;4,64;2,63
26/05/2016;38;CABRA;9300;6,5;15;6,83;1,032;13,73;4,89;3,41;4,74;2,65
26/05/2016;38;OVEJA;3460;5;20;6,78;1,036;17,07;6,47;5,3;4,68;4,07
26/05/2016;37;CABRA;3320;6;13;6,86;1,032;13,77;4,95;3,55;4,65;2,74
26/05/2016;1;CABRA;25240;4,5;14;6,8;1,032;13;4,46;3,42;4,59;2,57
27/05/2016;29;VACA;16140;4;15;6,83;1,03;11,67;2,98;3,12;4,83;2,18
27/05/2016;29;VACA;8680;2,8;15;6,83;1,03;11,96;3,31;3,15;4,78;2,27
27/05/2016;24;VACA;14460;5;15;6,8;1,03;12,02;3,26;3,15;4,87;2,24
27/05/2016;24;VACA;12260;4;15;6,8;1,03;12,25;3,5;3,13;4,9;2,24
27/05/2016;41;OVEJA;5520;5;18;6,82;1,036;18,25;7,28;5,52;4,79;4,26
27/05/2016;40;CABRA;5280;7;13;6,8;1,032;13,5;4,68;3,34;4,82;2,63
27/05/2016;40;OVEJA;3900;5,5;20;6,8;1,036;18,54;7,78;5,02;4,84;4,01
27/05/2016;32;VACA;24140;6;15;6,77;1,03;11,96;3,25;3,13;4,86;2,2
27/05/2016;26;VACA;5680;4,5;15;6,78;1,03;12,27;3,64;3,05;4,82;2,18
27/05/2016;43;CABRA;1260;6;14;6,82;1,032;13,45;4,68;3,42;4,72;2,69
27/05/2016;43;OVEJA;2940;6;18;6,82;1,036;17,86;6,91;5,67;4,71;4,37
27/05/2016;45;CABRA;10020;4;13;6,8;1,032;13,08;4,54;3,38;4,57;2,55
27/05/2016;1;OVEJA;10520;6;20;6,8;1,036;17,22;6,7;5,14;4,69;3,99
27/05/2016;42;OVEJA;4040;6;20;6,8;1,036;18,36;7,13;5,78;4,83;4,49
27/05/2016;42;CABRA;2800;4;15;6,8;1,032;12,84;4,19;3,35;4,66;2,61
27/05/2016;25;VACA;22200;6;14;6,82;1,03;12,96;4,02;3,38;4,9;2,43
27/05/2016;46;OVEJA;13000;6;20;6,8;1,036;17,66;6,89;5,27;4,8;4,11
27/05/2016;1;CABRA;25380;5;14;6,8;1,032;13,5;4,87;3,29;4,66;2,46
27/05/2016;39;OVEJA;3880;4;18;6,81;1,036;17,32;6,8;4,8;4,92;3,81
27/05/2016;38;CABRA;1420;5;14;6,8;1,032;13,44;4,79;3,42;4,55;2,62
27/05/2016;7;VACA;23860;4,8;15;6,82;1,03;11,99;3,19;3,14;4,99;2,27
27/05/2016;1;CABRA;25060;3;14;6,77;1,032;13,73;4,88;3,53;4,67;2,67
28/05/2016;29;VACA;14920;4;15;6,82;1,03;11,73;3,05;3,09;4,83;2,2
28/05/2016;29;VACA;8940;6,8;15;6,82;1,03;12,08;3,42;3,19;4,73;2,26
28/05/2016;30;VACA;26680;5;15;6,82;1,03;11,86;3,09;3,26;4,85;2,28
28/05/2016;40;OVEJA;10860;6;20;6,78;1,036;18,11;7,14;5,49;4,79;4,22
28/05/2016;24;VACA;15520;7;15;6,8;1,03;12,38;3,59;3,19;4,9;2,28
28/05/2016;24;VACA;10120;6,3;15;6,79;1,03;11,94;3,25;3,17;4,88;2,26
28/05/2016;43;CABRA;3680;5;14;6,8;1,032;13,86;4,87;3,69;4,65;2,84
28/05/2016;41;CABRA;9380;5,5;13;6,86;1,032;13,47;4,68;3,33;4,79;2,63
28/05/2016;32;VACA;27960;3;15;6,8;1,03;12,04;3,21;3,17;4,97;2,25
28/05/2016;26;VACA;5900;0;15;6,82;1,03;12,15;3,47;3,09;4,86;2,23
28/05/2016;39;CABRA;1820;7;13;6,8;1,032;13,64;4,88;3,32;4,74;2,59
28/05/2016;39;OVEJA;4300;6;20;6,82;1,036;18,19;7,29;5,37;4,79;4,19
28/05/2016;27;VACA;14220;8,2;15;6,79;1,03;12,3;3,57;3,22;4,84;2,26
28/05/2016;25;VACA;24640;5,8;15;6,78;1,03;13,02;4,05;3,37;4,97;2,45
28/05/2016;42;OVEJA;6180;5;20;6,82;1,036;18,28;7,43;5,29;4,79;4,13
28/05/2016;42;CABRA;4960;5;14;6,82;1,032;13,41;4,58;3,45;4,81;2,65
28/05/2016;38;CABRA;8700;5;13;6,82;1,032;13,67;4,84;3,57;4,61;2,71
28/05/2016;38;OVEJA;3440;5;20;6,82;1,036;17,15;6,5;5,3;4,7;4,08
28/05/2016;37;CABRA;2780;5;14;6,8;1,032;13,79;4,94;3,61;4,6;2,77
28/05/2016;36;CABRA;13860;4;15;6,8;1,032;13,7;4,96;3,27;4,71;2,53
29/05/2016;29;VACA;16020;4;15;6,8;1,03;11,72;3,05;3,09;4,83;2,19
29/05/2016;29;VACA;7960;4;15;6,8;1,03;11,81;3,09;3,2;4,84;2,25
29/05/2016;41;OVEJA;5420;4,7;18;6,82;1,036;18,15;7,13;5,54;4,75;4,27
29/05/2016;40;CABRA;5260;6;13;6,84;1,032;13,37;4,62;3,27;4,78;2,59
29/05/2016;40;OVEJA;3660;4,8;20;6,79;1,036;18,42;7,6;5,01;4,79;4,03
29/05/2016;32;VACA;22760;6;15;6,79;1,03;11,91;3,2;3,13;4,84;2,23
29/05/2016;26;VACA;5760;5;15;6,79;1,03;12,36;3,65;3,13;4,84;2,25
29/05/2016;43;CABRA;1240;7;13;6,84;1,032;13,49;4,74;3,44;4,67;2,7
29/05/2016;43;OVEJA;2720;5,6;20;6,8;1,036;17,52;6,74;5,57;4,6;4,28
29/05/2016;25;VACA;22240;5,8;15;6,8;1,03;12,98;4,03;3,39;4,9;2,44
29/05/2016;38;CABRA;1300;7;13;6,84;1,032;13,55;4,84;3,5;4,56;2,7
29/05/2016;1;CABRA;25780;4,5;13;6,83;1,032;13,54;4,84;3,34;4,7;2,55
29/05/2016;46;OVEJA;12760;6;20;6,78;1,036;17,38;6,65;5,21;4,8;4,1
29/05/2016;45;CABRA;10900;5;13;6,79;1,032;13,65;4,8;3,49;4,7;2,68
29/05/2016;1;OVEJA;10620;5;20;6,76;1,036;16,89;6,45;5,05;4,72;3,93
29/05/2016;39;OVEJA;8740;6;20;6,78;1,036;16,74;5,74;5,39;4,92;4,15
29/05/2016;42;CABRA;4100;6;13;6,83;1,032;13,5;4,68;3,49;4,65;2,67
29/05/2016;42;OVEJA;11660;6;22;6,79;1,036;17,2;6,08;5,54;4,9;4,29
30/05/2016;30;VACA;25400;5;15;6,8;1,03;11,57;2,76;3,29;4,87;2,24
30/05/2016;24;VACA;16060;5;15;6,8;1,03;12,15;3,45;3,14;4,83;2,26
30/05/2016;24;VACA;7580;5;15;6,82;1,03;12,15;3,3;3,25;4,93;2,3
30/05/2016;29;VACA;15800;5;15;6,8;1,03;11,91;3,2;3,13;4,78;2,21
30/05/2016;29;VACA;10540;5;15;6,8;1,03;12;3,29;3,18;4,75;2,24
30/05/2016;40;OVEJA;10280;5;20;6,82;1,036;18,34;7,22;5,59;4,83;4,31
30/05/2016;43;CABRA;3260;5;14;6,82;1,032;14,37;5,23;3,78;4,67;2,88
30/05/2016;41;CABRA;8940;5;14;6,82;1,032;13,52;4,76;3,26;4,79;2,59
30/05/2016;32;VACA;27300;6;20;6,8;1,03;12,12;3,31;3,15;4,99;2,23
30/05/2016;26;VACA;5860;4,3;15;6,81;1,03;12,43;3,69;3,15;4,87;2,26
30/05/2016;27;VACA;13620;8;15;6,83;1,03;12,37;3,62;3,23;4,85;2,29
30/05/2016;39;CABRA;2100;5;13;6,84;1,032;13,83;4,97;3,33;4,78;2,6
30/05/2016;39;OVEJA;4280;6;20;6,82;1,036;18,32;7,33;5,42;4,81;4,23
30/05/2016;42;OVEJA;2500;6;20;6,82;1,036;17,82;6,66;5,71;4,83;4,49
30/05/2016;42;CABRA;2360;8;14;6,84;1,032;13,5;4,71;3,45;4,67;2,66
30/05/2016;25;VACA;23980;4,5;15;6,84;1,03;13,09;3,97;3,35;4,97;2,44
30/05/2016;38;CABRA;8920;4;13;6,84;1,032;13,93;4,92;3,52;4,74;2,69
30/05/2016;38;OVEJA;3360;6,5;20;6,82;1,036;17,51;6,81;5,32;4,7;4,1
30/05/2016;37;CABRA;3240;6;13;6,84;1,032;13,93;4,97;3,6;4,61;2,75
30/05/2016;42;OVEJA;6180;5;20;6,83;1,036;18,74;7,76;5,37;4,81;4,21
30/05/2016;42;CABRA;2260;6;14;6,8;1,032;12,86;4,16;3,39;4,6;2,59
31/05/2016;1;CABRA;25580;4,4;14;6,82;1,032;13,37;4,56;3,48;4,68;2,64
31/05/2016;20;VACA;23880;5,5;15;6,84;1,03;12,55;3,53;3,28;4,9;2,35
31/05/2016;29;VACA;12980;6;15;6,81;1,03;12,04;3,27;3,14;4,76;2,24
31/05/2016;41;OVEJA;3180;5,5;19;6,8;1,036;18,3;7,27;5,53;4,84;4,28
31/05/2016;40;CABRA;5460;5,7;14;6,83;1,032;13,6;4,74;3,34;4,77;2,61
31/05/2016;40;OVEJA;4720;6,4;20;6,79;1,036;18,57;7,67;5,12;4,87;4,09
31/05/2016;24;VACA;21460;4,4;15;6,82;1,03;12,41;3,58;3,1;4,84;2,23
31/05/2016;26;VACA;5680;4,4;15;6,8;1,03;12,35;3,51;3,14;4,86;2,22
31/05/2016;42;OVEJA;3420;6,7;20;6,8;1,036;18,24;7,11;5,67;4,79;4,41
31/05/2016;42;CABRA;5800;6;14;6,86;1,032;13,56;4,63;3,51;4,8;2,64
31/05/2016;32;VACA;23580;5,3;15;6,79;1,03;11,97;3,14;3,11;4,87;2,19
31/05/2016;45;CABRA;10160;5,7;14;6,86;1,032;13,56;4,72;3,47;4,69;2,63
31/05/2016;1;OVEJA;10460;2,5;19;6,79;1,036;17,28;6,72;5,14;4,75;3,96
31/05/2016;39;OVEJA;5980;3,8;21;6,78;1,036;17,64;6,94;4,96;4,94;3,95
31/05/2016;25;VACA;22300;7,2;16;6,85;1,03;12,99;3,9;3,38;4,92;2,47
31/05/2016;46;OVEJA;12420;6,2;19;6,78;1,036;17,68;6,88;5,32;4,78;4,12
31/05/2016;38;CABRA;1380;6;14;6,83;1,032;13,7;4,78;3,54;4,61;2,72
31/05/2016;18;VACA;24880;5,5;16;6,82;1,03;12,57;3,62;3,18;4,93;2,27
31/05/2016;18;VACA;23420;4,6;15;6,81;1,03;12,48;3,46;3,24;4,98;2,33
31/05/2016;1;CABRA;25340;3,5;14;6,83;1,032;13,4;4,64;3,37;4,69;2,56
31/05/2016;43;CABRA;1000;6;14;6,83;1,032;13,66;4,67;3,6;4,72;2,79
31/05/2016;43;OVEJA;3540;6,2;20;6,8;1,036;17,69;6,84;5,63;4,6;4,29
31/05/2016;18;VACA;24640;6,7;15;6,82;1,03;12,18;3,17;3,27;4,97;2,31
31/05/2016;30;VACA;25140;5,1;14;6,86;1,03;12,44;3,52;3,24;4,83;2,27
31/05/2016;1;CABRA;25800;3,3;14;6,84;1,032;13,58;4,75;3,54;4,61;2,66
31/05/2016;22;VACA;24980;4;14;6,8;1,03;12,19;3,29;3,16;4,91;2,27
01/06/2016;18;VACA;25680;3;15;6,8;1,03;12,42;3,27;3,48;4,97;2,48
01/06/2016;29;VACA;16200;4;14;6,8;1,03;11,78;2,94;3,12;4,87;2,26
01/06/2016;29;VACA;11300;3;15;6,8;1,03;12,01;3,21;3,13;4,79;2,21
01/06/2016;40;OVEJA;6620;4,6;20;6,8;1,036;17,92;6,86;5,49;4,85;4,26
01/06/2016;24;VACA;14300;4;15;6,82;1,03;12,07;3,29;3,13;4,79;2,25
01/06/2016;24;VACA;9460;5,6;15;6,82;1,03;12,11;3,21;3,2;4,91;2,3
01/06/2016;41;CABRA;9480;5;14;6,8;1,032;13,44;4,67;3,26;4,76;2,57
01/06/2016;32;VACA;27840;3;15;6,83;1,03;12,07;3,32;3,15;4,86;2,23
01/06/2016;43;CABRA;4040;5;14;6,82;1,032;13,98;4,96;3,7;4,58;2,81
01/06/2016;26;VACA;6080;5;15;6,83;1,03;12,3;3,56;3,1;4,79;2,22
01/06/2016;39;CABRA;1920;5;13;6,82;1,032;13,78;4,91;3,35;4,72;2,62
01/06/2016;39;OVEJA;3880;5;20;6,79;1,036;18,2;7,36;5,33;4,77;4,12
01/06/2016;27;VACA;13900;8;15;6,82;1,03;12,23;3,46;3,17;4,82;2,26
01/06/2016;25;VACA;24540;6;15;6,84;1,03;12,98;3,94;3,32;4,93;2,42
01/06/2016;37;CABRA;2840;8;13;6,83;1,032;13,81;4,97;3,54;4,6;2,74
01/06/2016;38;CABRA;9400;5;14;6,84;1,032;13,79;5,02;3,58;4,6;2,64
01/06/2016;38;OVEJA;3240;5;19;6,82;1,036;17,34;6,73;5,31;4,7;4,08
01/06/2016;42;OVEJA;6480;5;20;6,8;1,036;18,55;7,69;5,3;4,81;4,18
01/06/2016;42;CABRA;4700;5;14;6,8;1,032;12,89;4,28;3,32;4,57;2,56
01/06/2016;1;CABRA;25600;4,8;13;6,82;1,032;13,66;4,86;3,36;4,71;2,56
01/06/2016;36;CABRA;14180;7;13;6,82;1,032;13,56;4,88;3,24;4,64;2,53
01/06/2016;1;CABRA;25920;3,5;13;6,82;1,032;13,41;4,71;3,39;4,63;2,56
01/06/2016;30;VACA;24080;4,5;15;6,84;1,03;11,91;3,06;3,24;4,8;2,28
02/06/2016;18;VACA;25640;6,5;15;6,8;1,03;12,63;3,43;3,46;5,01;2,47
02/06/2016;18;VACA;25760;5;15;6,8;1,03;11,25;2,14;3,46;4,93;2,47
02/06/2016;29;VACA;15740;6;15;6,82;1,03;11,86;3,1;3,07;4,81;2,2
02/06/2016;29;VACA;9320;6;15;6,8;1,03;11,86;3,25;3,06;4,68;2,2
02/06/2016;41;OVEJA;5720;5;20;6,8;1,036;18,07;7,15;5,48;4,79;4,23
02/06/2016;40;CABRA;5360;4;15;6,8;1,032;13,41;4,64;3,27;4,73;2,57
02/06/2016;40;OVEJA;3440;4;20;6,76;1,036;18,56;7,75;5,1;4,8;4,09
02/06/2016;32;VACA;25000;5,5;15;6,82;1,03;11,88;3,12;3,09;4,81;2,22
02/06/2016;26;VACA;5760;5;15;6,82;1,03;12,22;3,47;3,05;4,82;2,2
02/06/2016;43;CABRA;1600;8;13;6,83;1,032;13,39;4,61;3,29;4,74;2,61
02/06/2016;43;OVEJA;2320;6;20;6,8;1,036;18,08;6,99;5,71;4,79;4,44
02/06/2016;1;OVEJA;10560;5;21;6,77;1,036;17,25;6,71;5,16;4,72;4,03
02/06/2016;45;CABRA;10480;6;14;6,82;1,032;13,31;4,59;3,42;4,65;2,62
02/06/2016;42;CABRA;3740;5;14;6,82;1,032;13,22;4,43;3,38;4,71;2,61
02/06/2016;42;OVEJA;11580;6;20;6,78;1,036;17,25;6,21;5,5;4,9;4,27
02/06/2016;25;VACA;22500;6,8;15;6,8;1,03;12,77;3,75;3,37;4,89;2,41
02/06/2016;46;OVEJA;12340;7;20;6,75;1,036;17,24;6,63;5,15;4,73;4,03
02/06/2016;38;CABRA;1400;5;14;6,82;1,032;13,39;4,69;3,44;4,57;2,67
02/06/2016;30;VACA;25100;5;15;6,82;1,03;12,18;3,31;3,21;4,82;2,26
02/06/2016;1;CABRA;25160;5;13;6,82;1,032;13,3;4,7;3,29;4,61;2,44
02/06/2016;39;OVEJA;3900;6;20;6,8;1,036;16,48;5,55;5,38;4,9;4,14
02/06/2016;1;CABRA;25880;3,3;14;6,84;1,032;13,53;4,74;3,5;4,61;2,63
03/06/2016;1;CABRA;25000;4;14;6,8;1,032;13,12;4,41;3,5;4,58;2,61
03/06/2016;40;OVEJA;10300;5;20;6,76;1,036;18,15;7,2;5,46;4,8;4,19
03/06/2016;24;VACA;15120;6;15;6,84;1,03;11,93;3,18;3,06;4,84;2,16
03/06/2016;24;VACA;12820;5,3;15;6,84;1,03;11,93;3,16;3,14;4,77;2,21
03/06/2016;29;VACA;17480;5;15;6,82;1,03;11,79;3,07;3,08;4,8;2,17
03/06/2016;29;VACA;11280;4,7;15;6,82;1,03;11,86;3,17;3,11;4,79;NA
03/06/2016;41;CABRA;8980;4,5;14;6,82;1,032;13,54;4,78;3,23;4,74;2,53
03/06/2016;42;OVEJA;680;4,3;20;6,8;1,036;17,53;6,45;5,52;4,88;4,36
03/06/2016;42;CABRA;5120;5;14;6,78;1,032;13,3;4,49;3,4;4,8;2,57
03/06/2016;32;VACA;28020;3,2;15;6,84;1,03;12,05;3,19;3,11;4,95;2,19
03/06/2016;27;VACA;13220;8,7;15;6,8;1,03;12,19;3,43;3,17;4,77;2,25
03/06/2016;39;CABRA;1760;6,6;13;6,86;1,032;13,7;4,89;3,32;4,71;2,6
03/06/2016;39;OVEJA;4700;5,7;18;6,82;1,036;18,29;7,37;5,41;4,78;4,17
03/06/2016;43;CABRA;3420;4,8;14;6,82;1,032;14,17;5,04;3,72;4,66;2,83
03/06/2016;26;VACA;6000;5,6;15;6,79;1,03;12,27;3,53;3,08;4,8;2,17
03/06/2016;25;VACA;24500;6,3;15;6,8;1,03;12,93;3,9;3,3;4,93;2,4
03/06/2016;37;CABRA;3160;8;14;6,82;1,032;13,6;4,77;3,5;4,62;2,7
03/06/2016;38;CABRA;8980;4,9;14;6,82;1,032;13,56;4,8;3,36;4,65;2,56
03/06/2016;38;OVEJA;3480;7,4;20;6,77;1,036;17,34;6,75;5,26;4,71;4,02
03/06/2016;42;OVEJA;6240;5;19;6,8;1,036;18,3;7,51;5,24;4,79;4,07
03/06/2016;42;CABRA;3260;5,4;13;6,86;1,032;12,96;4,33;3,32;4,59;2,53
03/06/2016;36;CABRA;11640;8;14;6,81;1,032;13,54;4,8;3,33;4,65;2,53
04/06/2016;1;CABRA;24920;4,4;14;6,83;1,032;13,41;4,74;3,33;4,64;2,53
04/06/2016;30;VACA;21560;4;14;6,8;1,03;12,15;3,26;3,22;4,84;2,24
04/06/2016;29;VACA;15560;4,6;15;6,82;1,03;11,67;2,98;3,02;4,79;2,11
04/06/2016;29;VACA;9480;7;15;6,81;1,03;12,02;3,34;3,1;4,73;2,18
04/06/2016;24;VACA;17000;7,1;15;6,8;1,03;12,04;3,35;3,07;4,78;2,18
04/06/2016;24;VACA;7060;7,2;15;6,81;1,03;11,91;3,1;3,16;4,82;2,22
04/06/2016;41;OVEJA;5640;6;19;6,77;1,036;17,94;7,05;5,46;4,73;4,17
04/06/2016;40;CABRA;5380;7;14;6,82;1,032;13,42;4,63;3,3;4,74;2,57
04/06/2016;40;OVEJA;4640;4,6;19;6,76;1,036;18,3;7,54;5,05;4,81;4
04/06/2016;32;VACA;23060;6,2;15;6,78;1,03;11,95;3,2;3,08;4,8;2,19
04/06/2016;26;VACA;5720;4;15;6,8;1,03;12,2;3,46;3,1;4,8;2,19
04/06/2016;43;CABRA;1320;6;14;6,84;1,032;13,25;4,56;3,3;4,69;2,59
04/06/2016;43;OVEJA;2820;5;20;6,79;1,036;17,39;6,72;5,57;4,52;4,18
04/06/2016;38;CABRA;1400;3;14;6,84;1,032;13,31;4,7;3,41;4,52;2,59
04/06/2016;25;VACA;22740;6,5;16;6,78;1,03;12,85;3,84;3,33;4,9;2,37
04/06/2016;42;CABRA;3000;4,3;14;6,84;1,032;13,24;4,51;3,43;4,59;2,63
04/06/2016;42;OVEJA;5160;5;20;6,76;1,036;17,92;6,81;5,66;4,81;4,43
04/06/2016;46;OVEJA;12300;5,8;20;6,78;1,036;17,23;6,62;5,19;4,73;4
04/06/2016;45;CABRA;10300;5;14;6,84;1,032;13,18;4,52;3,39;4,64;2,55
04/06/2016;1;OVEJA;11220;3,2;20;6,81;1,036;17,06;6,74;5,05;4,58;3,83
04/06/2016;39;OVEJA;7500;5;19;6,76;1,036;17,36;6,85;4,86;4,84;3,8
05/06/2016;29;VACA;15860;4;15;6,82;1,03;11,79;3,06;3,03;4,82;2,15
05/06/2016;40;OVEJA;9920;5,7;20;6,8;1,036;18,07;7,27;5,38;4,73;4,13
05/06/2016;29;VACA;11180;7;15;6,85;1,03;12,12;3,46;3,16;4,61;2,24
05/06/2016;30;VACA;21700;4;15;6,8;1,03;12,27;3,38;3,24;4,82;2,27
05/06/2016;41;CABRA;9320;4;15;6,82;1,032;13,33;4,6;3,26;4,74;2,57
05/06/2016;32;VACA;28540;2,8;16;6,8;1,03;11,94;3,07;3,14;4,96;2,21
05/06/2016;26;VACA;5720;6;15;6,79;1,03;12,28;3,53;3,08;4,81;2,21
05/06/2016;43;CABRA;3640;5;14;6,79;1,032;13,93;4,95;3,7;4,57;2,81
05/06/2016;27;VACA;13340;7,6;15;6,8;1,03;12,2;3,45;3,15;4,78;2,23
05/06/2016;39;CABRA;2020;5,8;14;6,82;1,032;13,68;4,9;3,25;4,71;2,55
05/06/2016;39;OVEJA;4580;6;19;6,77;1,036;18,48;7,15;5,78;4,95;4,53
05/06/2016;42;CABRA;5780;6;14;6,83;1,032;13,27;4,51;3,44;4,7;2,62
05/06/2016;42;OVEJA;5100;7,8;20;6,78;1,036;18,5;7,65;5,3;4,78;4,11
05/06/2016;25;VACA;24060;6,8;16;6,82;1,03;12,9;3,88;3,32;4,91;2,4
05/06/2016;37;CABRA;3200;5;14;6,81;1,032;14,06;5,05;3,75;4,58;2,84
05/06/2016;38;CABRA;9140;5,8;14;6,81;1,032;13,55;4,77;3,31;4,73;2,56
05/06/2016;38;OVEJA;3360;4,6;20;6,73;1,036;17,49;6,83;5,29;4,73;4,05
05/06/2016;20;VACA;23380;5,6;15;6,81;1,03;12,3;3,43;3,18;4,86;2,27
05/06/2016;22;VACA;25220;6,4;15;6,82;1,03;12,02;3,32;3,08;4,82;2,17
05/06/2016;36;CABRA;12880;5,6;14;6,81;1,032;13,51;4,82;3,31;4,61;2,53
06/06/2016;23;VACA;23120;6,5;15;6,8;1,03;12,2;3,31;3,11;4,92;2,22
06/06/2016;21;VACA;27000;3,6;15;6,81;1,03;12,3;3,36;3,21;4,87;2,29
06/06/2016;18;VACA;25640;4,7;15;6,83;1,03;11,98;3,03;3,22;4,93;2,27
06/06/2016;29;VACA;7940;5,6;15;6,83;1,03;11,95;3,2;3,1;4,83;2,21
06/06/2016;29;VACA;15520;4,6;15;6,82;1,03;11,8;3,1;2,98;4,85;2,14
06/06/2016;24;VACA;15880;5,8;15;6,8;1,03;11,86;3,12;3,07;4,82;2,17
06/06/2016;24;VACA;8240;6;15;6,8;1,03;12,18;3,27;3,17;4,9;2,24
06/06/2016;41;OVEJA;5600;6;19;6,82;1,036;17,87;7;5,43;4,77;4,11
06/06/2016;40;CABRA;5280;6,7;14;6,85;1,032;13,26;4,52;3,24;4,73;2,51
06/06/2016;40;OVEJA;4720;7;20;6,8;1,036;18,33;7,46;5,19;4,81;4,03
06/06/2016;32;VACA;23440;6,5;15;6,8;1,03;11,87;3,11;3,1;4,84;2,21
06/06/2016;26;VACA;5940;4,6;15;6,81;1,03;12,24;3,5;3,05;4,82;2,14
06/06/2016;43;CABRA;1480;6;14;6,8;1,032;13,64;4,76;3,54;4,6;2,75
06/06/2016;43;OVEJA;2780;5;20;6,78;1,036;17,84;6,94;5,67;4,63;4,29
06/06/2016;1;OVEJA;11280;5,2;20;6,78;1,036;17,16;6,69;5,07;4,71;3,91
06/06/2016;45;CABRA;10800;5;14;6,8;1,032;13,05;4,49;3,31;4,6;2,51
06/06/2016;42;CABRA;2660;9,5;14;6,84;1,032;13,45;4,6;3,53;4,62;2,69
06/06/2016;42;OVEJA;11740;6,6;20;6,77;1,036;16,93;5,96;5,46;4,88;4,2
06/06/2016;25;VACA;23260;5,4;15;6,82;1,03;12,81;3,83;3,32;4,88;2,36
06/06/2016;46;OVEJA;12300;5,9;20;6,78;1,036;17,28;6,66;5,21;4,73;4,04
06/06/2016;38;CABRA;1360;7;14;6,8;1,032;13,35;4,7;3,45;4,51;2,63
06/06/2016;1;CABRA;26620;4,4;14;6,81;1,032;13,66;4,8;3,38;4,76;2,55
06/06/2016;39;OVEJA;7100;7;20;6,8;1,036;16,66;5,81;5,4;4,83;4,13
06/06/2016;1;CABRA;25420;3;13;6,82;1,032;13,48;4,72;3,52;4,57;2,64
07/06/2016;1;CABRA;25340;5;13;6,82;1,032;13,02;4,36;3,56;4,53;2,65
07/06/2016;30;VACA;24940;5;15;6,82;1,03;11,46;2,76;3,13;4,74;2,18
07/06/2016;1;CABRA;25860;5;13;6,82;1,032;13,2;4,56;3,26;4,71;2,48
07/06/2016;22;VACA;25140;6,6;15;6,79;1,03;12,15;3,32;3,13;4,89;2,23
07/06/2016;29;VACA;15440;4,5;14;6,86;1,03;11,7;3,05;2,96;4,79;2,11
07/06/2016;29;VACA;10020;7,1;14;6,85;1,03;11,88;3,24;3,04;4,65;2,13
07/06/2016;18;VACA;24660;8,2;15;6,83;1,03;12,84;3,67;3,42;4,99;2,43
07/06/2016;40;OVEJA;7960;5,3;18;6,82;1,036;17,86;6,98;5,39;4,81;4,13
07/06/2016;41;CABRA;8560;4;19;6,8;1,032;13,23;4,52;3,27;4,74;2,58
07/06/2016;24;VACA;21260;7;15;6,82;1,03;12,29;3,56;3,02;4,85;2,16
07/06/2016;26;VACA;6080;4,8;15;6,81;1,03;12,26;3,51;3,08;4,79;2,16
07/06/2016;42;CABRA;2380;5,5;14;6,81;1,032;13,18;4,47;3,47;4,58;2,68
07/06/2016;43;CABRA;3460;5,8;14;6,84;1,032;14,05;4,99;3,72;4,63;2,84
07/06/2016;39;CABRA;1800;4;19;6,8;1,032;13,42;4,8;3,21;4,67;2,55
07/06/2016;39;OVEJA;2780;4;20;6,78;1,036;17,89;7,19;5,17;4,79;4
07/06/2016;32;VACA;28440;3;15;6,81;1,03;11,97;3,06;3,18;4,98;2,26
07/06/2016;27;VACA;13560;8,6;15;6,83;1,03;12,1;3,33;3,15;4,82;2,25
07/06/2016;25;VACA;24800;8,6;15;6,83;1,03;12,86;3,85;3,31;4,92;2,41
07/06/2016;38;CABRA;8700;4;20;6,8;1,032;13,47;4,76;3,3;4,67;2,55
07/06/2016;38;OVEJA;3400;4;20;6,81;1,036;17,5;6,91;5,25;4,7;4,01
07/06/2016;37;CABRA;3260;8;13;6,84;1,032;13,65;4,85;3,48;4,62;2,67
07/06/2016;1;CABRA;25460;3,5;14;6,82;1,032;13,56;4,76;3,37;4,73;2,54
07/06/2016;42;CABRA;1360;5;14;6,82;1,032;13,29;4,61;3,4;4,56;2,62
07/06/2016;42;OVEJA;10560;5;20;6,82;1,036;18,34;7,48;5,4;4,76;4,16
07/06/2016;36;CABRA;12860;6;14;6,82;1,032;13,6;4,83;3,36;4,65;2,57
07/06/2016;1;CABRA;25580;5;13;6,82;1,032;13,35;4,67;3,36;4,61;2,51
08/06/2016;1;CABRA;24500;5;13;6,82;1,032;13,28;4,6;3,35;4,62;2,53
08/06/2016;22;VACA;25960;6,5;15;6,82;1,03;12,16;3,33;3,1;4,87;2,24
08/06/2016;41;OVEJA;2060;6,4;18;6,83;1,036;18,04;7,23;5,39;4,77;4,13
08/06/2016;29;VACA;15120;4,3;15;6,82;1,03;11,78;3,15;2,91;4,81;2,11
08/06/2016;29;VACA;9120;7;14;6,85;1,03;12;3,35;3,06;4,78;2,18
08/06/2016;24;VACA;13960;5,8;15;6,83;1,03;12,11;3,3;3,1;4,86;2,23
08/06/2016;24;VACA;8500;7,5;15;6,81;1,03;12,03;3,09;3,22;4,91;2,27
08/06/2016;40;CABRA;5440;7;13;6,84;1,032;13,3;4,55;3,31;4,73;2,58
08/06/2016;40;OVEJA;4600;6,7;18;6,8;1,036;18,13;7,46;4,94;4,81;3,97
08/06/2016;32;VACA;23460;5,8;15;6,82;1,03;11,9;3,16;3,07;4,83;2,18
08/06/2016;39;OVEJA;7320;5,8;20;6,8;1,036;16,46;5,57;5,37;4,94;4,14
08/06/2016;26;VACA;6160;4,8;15;6,8;1,03;12,13;3,35;3,1;4,81;2,22
08/06/2016;43;CABRA;1240;5;14;6,84;1,032;13,09;4,44;3,26;4,69;2,58
08/06/2016;43;OVEJA;2340;6,5;20;6,81;1,036;17,91;7,1;5,58;4,66;4,26
08/06/2016;42;CABRA;5840;5,5;13;6,87;1,032;12,9;4,3;3,27;4,69;2,48
08/06/2016;42;OVEJA;3380;4;20;6,8;1,036;17,85;6,87;5,54;4,8;4,31
08/06/2016;45;CABRA;9360;7;14;6,8;1,032;13,18;4,5;3,39;4,63;2,59
08/06/2016;1;OVEJA;10760;5;21;6,74;1,036;17,02;6,55;5,02;4,74;3,89
08/06/2016;25;VACA;22640;4,5;15;6,81;1,03;12,76;3,78;3,31;4,9;2,38
08/06/2016;46;OVEJA;12080;6,3;20;6,8;1,036;17,04;6,51;5,12;4,74;3,95
08/06/2016;38;CABRA;1320;8,5;14;6,8;1,032;13,38;4,72;3,44;4,54;2,62
08/06/2016;18;VACA;25140;7;15;6,8;1,03;12,85;3,66;3,49;5;2,48
08/06/2016;1;CABRA;26420;4;14;6,8;1,032;13,52;4,77;3,35;4,67;2,49
08/06/2016;1;CABRA;23720;4;14;6,8;1,032;13,42;4,68;3,47;4,56;2,59
09/06/2016;40;OVEJA;10520;6;19;6,79;1,036;17,92;7,05;5,38;4,75;4,13
09/06/2016;29;VACA;13020;4,5;15;6,78;1,03;11,87;3,19;2,93;4,81;2,14
09/06/2016;29;VACA;8660;6,8;15;6,78;1,03;11,82;3,19;3,05;4,67;2,15
09/06/2016;41;CABRA;9280;4,5;13;6,81;1,032;13,27;4,54;3,25;4,78;2,53
09/06/2016;43;CABRA;3420;6,3;14;6,78;1,032;13,79;4,91;3,63;4,56;2,72
09/06/2016;32;VACA;28080;3,1;15;6,81;1,03;12,04;3,17;3,14;4,96;2,22
09/06/2016;39;CABRA;1940;6;14;6,81;1,032;13,41;4,72;3,2;4,75;2,5
09/06/2016;39;OVEJA;4660;4;20;6,8;1,036;17,91;7,18;5,19;4,81;4,03
09/06/2016;27;VACA;13540;8;15;6,77;1,03;12,18;3,42;3,12;4,81;2,21
09/06/2016;42;CABRA;4100;8,6;14;6,78;1,032;12,83;4,26;3,32;4,57;2,53
09/06/2016;42;OVEJA;5940;8,16;19;6,79;1,036;18,13;7,42;5,14;4,83;3,98
09/06/2016;26;VACA;6020;4,6;15;6,79;1,03;12,27;3,52;3,08;4,8;2,19
09/06/2016;25;VACA;24480;6,2;15;6,77;1,03;12,8;3,76;3,3;4,96;2,39
09/06/2016;37;CABRA;2940;8,5;14;6,78;1,032;13,44;4,75;3,41;4,6;2,61
09/06/2016;38;CABRA;9180;6;14;6,81;1,032;13,29;4,64;3,26;4,64;2,5
09/06/2016;38;OVEJA;3520;5,5;20;6,8;1,036;17,31;6,81;5,18;4,68;3,94
09/06/2016;36;CABRA;8740;8;13;6,78;1,032;13,57;4,79;3,42;4,61;2,61
10/06/2016;1;CABRA;25620;5;13;6,8;1,032;13,04;4,38;3,42;4,61;2,55
10/06/2016;29;VACA;13420;4,3;15;6,8;1,03;11,67;3,02;2,99;4,8;2,12
10/06/2016;29;VACA;10520;7,3;15;6,8;1,03;11,86;3,2;3,07;4,72;2,2
10/06/2016;41;OVEJA;5740;6,1;19;6,82;1,036;17,33;6,64;5,31;4,75;4,05
10/06/2016;24;VACA;16120;6,8;15;6,83;1,03;11,92;3,11;3,08;4,9;2,19
10/06/2016;24;VACA;12140;5,3;15;6,83;1,03;12,01;3,14;3,14;4,92;2,21
10/06/2016;40;CABRA;4760;7;14;6,82;1,032;13,35;4,62;3,25;4,75;2,51
10/06/2016;40;OVEJA;4620;6,4;19;6,79;1,036;17,96;7,43;4,82;4,81;3,83
10/06/2016;32;VACA;23300;7;15;6,82;1,03;11,93;3,17;3,07;4,84;2,19
10/06/2016;26;VACA;6000;5,3;16;6,84;1,03;12,21;3,43;3,12;4,83;2,17
10/06/2016;43;CABRA;1180;7;14;6,79;1,032;13,15;4,53;3,21;4,68;2,52
10/06/2016;43;OVEJA;2400;6,3;21;6,77;1,036;17,85;7,05;5,61;4,62;4,22
10/06/2016;42;CABRA;3540;6;14;6,83;1,032;13,42;4,58;3,53;4,65;2,69
10/06/2016;42;OVEJA;11460;5,4;20;6,83;1,036;17,05;6,17;5,39;4,88;4,14
10/06/2016;25;VACA;20680;4,5;15;6,83;1,03;12,79;3,81;3,3;4,92;2,35
10/06/2016;46;OVEJA;11860;5,8;19;6,77;1,036;16,91;6,44;5,02;4,77;3,87
10/06/2016;45;CABRA;9820;7,3;14;6,78;1,032;13,15;4,48;3,37;4,67;2,56
10/06/2016;1;OVEJA;11120;7,3;19;6,78;1,036;16,67;6,46;4,96;4,57;3,77
10/06/2016;39;OVEJA;6140;5,1;20;6,8;1,036;17,19;6,61;4,89;4,91;3,84
10/06/2016;38;CABRA;1360;8,3;14;6,77;1,032;13,05;4,54;3,38;4,48;2,54
10/06/2016;1;CABRA;24640;4,3;14;6,82;1,032;12,98;4,46;3,31;4,56;2,49
10/06/2016;1;CABRA;24960;4,5;13;6,79;1,032;12,96;4,42;3,41;4,55;2,5
10/06/2016;30;VACA;18340;5;15;6,82;1,03;12,12;3,32;3,14;4,86;2,24
11/06/2016;29;VACA;14060;4;15;6,84;1,03;11,69;3,04;3,05;4,84;2,16
11/06/2016;29;VACA;10660;7;15;6,84;1,03;11,81;3,18;3,12;4,69;2,17
11/06/2016;40;OVEJA;10260;4;19;6,8;1,036;17,76;6,94;5,42;4,79;4,12
11/06/2016;24;VACA;16560;3,7;15;6,84;1,03;12,03;3,33;3,07;4,82;2,19
11/06/2016;24;VACA;7080;8,2;15;6,8;1,03;11,99;3,17;3,15;4,87;2,23
11/06/2016;41;CABRA;8960;4,5;13;6,8;1,032;13,19;4,51;3,25;4,75;2,54
11/06/2016;32;VACA;26760;4,2;15;6,79;1,03;12,1;3,31;3,03;5;2,16
11/06/2016;42;CABRA;4260;4,5;14;6,86;1,032;13;4,45;3,24;4,7;2,44
11/06/2016;42;OVEJA;4920;5,2;20;6,8;1,036;17,88;7,11;5,21;4,82;4,1
11/06/2016;43;CABRA;3200;3,4;15;6,79;1,032;13,68;4,89;3,64;4,5;2,7
11/06/2016;39;CABRA;1700;5,2;14;6,86;1,032;13,55;4,9;3,16;4,69;2,49
11/06/2016;39;OVEJA;4420;4,3;19;6,82;1,036;17,85;7,22;5,08;4,81;3,96
11/06/2016;27;VACA;11200;4;15;6,8;1,03;12,18;3,44;3,09;4,84;2,19
11/06/2016;26;VACA;5900;8;15;6,82;1,03;12,35;3,56;3,14;4,84;2,23
11/06/2016;25;VACA;24500;5,2;15;6,78;1,03;12,8;3,81;3,26;4,95;2,35
11/06/2016;38;CABRA;8980;6;14;6,82;1,032;13,24;4,65;3,2;4,67;2,45
11/06/2016;38;OVEJA;3520;8;19;6,86;1,036;17,2;6,68;5,21;4,72;3,96
11/06/2016;37;CABRA;3200;8,4;14;6,82;1,032;13,38;4,71;3,39;4,61;2,58
11/06/2016;36;CABRA;14820;7;13;6,8;1,032;13,64;4,89;3,29;4,68;2,53
12/06/2016;22;VACA;24480;6,7;15;6,82;1,03;11,47;2,66;3,11;4,9;2,21
12/06/2016;41;OVEJA;5520;5,6;20;6,8;1,036;17,66;6,92;5,38;4,77;4,13
12/06/2016;29;VACA;10920;8,7;15;6,8;1,03;11,97;3,35;3,05;4,75;2,17
12/06/2016;40;CABRA;5140;6,7;14;6,84;1,032;13,52;4,7;3,36;4,74;2,6
12/06/2016;40;OVEJA;4780;8,5;19;6,76;1,036;18,1;7,4;4,94;4,83;3,95
12/06/2016;42;OVEJA;5040;4,8;20;6,78;1,036;18,14;7,53;4,97;4,83;3,91
12/06/2016;42;CABRA;3620;5,8;14;6,84;1,032;13,28;4,58;3,41;4,58;2,59
12/06/2016;30;VACA;23740;5,3;15;6,82;1,03;12,21;3,41;3,12;4,86;2,21
12/06/2016;26;VACA;6080;4,7;15;6,78;1,03;12,23;3,46;3,12;4,82;2,18
12/06/2016;32;VACA;21720;6,3;15;6,79;1,03;11,95;3,22;3,09;4,82;2,19
12/06/2016;43;CABRA;980;6,8;14;6,8;1,032;13,15;4,57;3,25;4,62;2,53
12/06/2016;43;OVEJA;2480;6,5;20;6,82;1,036;17,95;7,33;5,56;4,5;4,15
12/06/2016;46;OVEJA;11580;5,6;20;6,79;1,036;17,13;6,6;5,1;4,73;3,94
12/06/2016;25;VACA;21060;5,8;15;6,8;1,03;12,78;3,81;3,29;4,91;2,37
12/06/2016;39;OVEJA;7080;7,3;20;6,8;1,036;16,55;5,67;5,38;4,9;4,12
12/06/2016;38;CABRA;1360;6;14;6,8;1,032;13,16;4,59;3,45;4,46;2,6
12/06/2016;42;CABRA;520;9;13;6,8;1,032;13,07;4,53;3,27;4,51;2,49
12/06/2016;42;OVEJA;4800;6,5;20;6,78;1,036;18,01;6,96;5,64;4,81;4,41
12/06/2016;7;VACA;16460;6;15;6,8;1,03;11,83;2,98;3,08;4,98;2,23
12/06/2016;7;VACA;9660;6;15;6,8;1,03;11,93;3,21;3,06;4,9;2,18
12/06/2016;1;OVEJA;11360;8;20;6,76;1,036;16,66;6,5;4,97;4,55;3,73
12/06/2016;45;CABRA;9380;8;13;6,8;1,032;13,1;4,48;3,36;4,64;2,56
13/06/2016;20;VACA;24520;6;15;6,79;1,03;12,22;3,39;3,17;4,84;2,32
13/06/2016;24;VACA;15200;6;15;6,8;1,03;11,9;3,15;3,06;4,83;2,18
13/06/2016;24;VACA;7960;5,8;15;6,8;1,03;12,16;3,2;3,2;4,95;2,31
13/06/2016;40;OVEJA;10160;5,8;18;6,85;1,036;17,9;7,09;5,37;4,8;4,12
13/06/2016;41;CABRA;9020;5,6;13;6,85;1,032;13,18;4,52;3,27;4,72;2,55
13/06/2016;26;VACA;6000;4,7;15;6,79;1,03;12,3;3,51;3,13;4,83;2,2
13/06/2016;29;VACA;8520;4,6;15;6,82;1,03;11,83;3,21;3,05;4,8;2,2
13/06/2016;29;VACA;6780;8,4;15;6,81;1,03;11,89;3,23;3,13;4,67;2,24
13/06/2016;43;CABRA;3700;6;14;6,83;1,032;13,67;4,85;3,57;4,57;2,69
13/06/2016;39;CABRA;2160;7;13;6,85;1,032;13,77;4,96;3,25;4,75;2,54
13/06/2016;39;OVEJA;940;7;19;6,77;1,036;17,71;6,89;5,33;4,82;4,09
13/06/2016;27;VACA;10860;8,5;15;6,77;1,03;12,08;3,36;3,07;4,87;2,22
13/06/2016;42;OVEJA;4920;7,5;19;6,81;1,036;18,11;7,19;5,4;4,8;4,19
13/06/2016;42;CABRA;4960;6;13;6,86;1,032;12,84;4,35;3,14;4,7;2,42
13/06/2016;25;VACA;24180;6;15;6,79;1,03;12,81;3,81;3,25;4,99;2,39
13/06/2016;37;CABRA;2980;8,5;14;6,81;1,032;13,47;4,79;3,39;4,6;2,61
13/06/2016;38;CABRA;9140;4,6;13;6,83;1,032;13,4;4,73;3,32;4,64;2,55
13/06/2016;38;OVEJA;3580;4,8;20;6,79;1,036;17,24;6,71;5,14;4,72;3,98
13/06/2016;18;VACA;25340;7;15;6,8;1,03;12,53;3,45;3,41;5;2,45
13/06/2016;18;VACA;24960;6,8;15;6,81;1,03;12,67;3,54;3,42;5,04;2,47
13/06/2016;32;VACA;26760;4;15;6,82;1,03;12,06;3,29;3,07;4,97;2,2
13/06/2016;17;VACA;16880;7;15;6,8;1,03;11,96;3,15;3,1;4,96;2,22
13/06/2016;17;VACA;9000;6,4;15;6,81;1,03;12,22;3,21;3,34;4,97;2,37
13/06/2016;36;CABRA;13300;8;13;6,83;1,032;13,54;4,84;3,35;4,58;2,55
14/06/2016;30;VACA;25520;5;15;6,84;1,03;12,05;3,19;3,18;4,91;2,25
14/06/2016;1;CABRA;25260;4,8;14;6,82;1,032;13,07;4,37;3,51;4,63;2,6
14/06/2016;1;CABRA;25340;4,2;14;6,83;1,032;13,27;4,64;3,3;4,63;2,49
14/06/2016;20;VACA;22700;4;15;6,8;1,03;12,24;3,43;3,2;4,83;2,29
14/06/2016;29;VACA;13880;4,2;16;6,85;1,03;11,74;3,14;3,01;4,81;2,12
14/06/2016;29;VACA;8220;7;16;6,85;1,03;11,89;3,25;3,07;4,8;2,16
14/06/2016;41;OVEJA;2120;5,2;19;6,83;1,036;18,19;7,24;5,41;4,82;4,26
14/06/2016;40;CABRA;5480;6,9;14;6,85;1,032;13,54;4,69;3,4;4,73;2,61
14/06/2016;40;OVEJA;4820;6,4;20;6,8;1,036;17,89;7,26;4,81;4,91;3,88
14/06/2016;32;VACA;23920;5,4;15;6,83;1,03;11,88;3,15;3,14;4,81;2,2
14/06/2016;26;VACA;5860;4,5;16;6,84;1,03;12,2;3,46;3,11;4,82;2,17
14/06/2016;43;CABRA;1220;8,5;14;6,81;1,032;13,16;4,53;3,23;4,69;2,54
14/06/2016;43;OVEJA;2360;6,3;20;6,79;1,036;18,29;7,45;5,56;4,62;4,25
14/06/2016;42;CABRA;3800;7,8;13;6,84;1,032;13,13;4,46;3,39;4,62;2,56
14/06/2016;42;OVEJA;11340;6;18;6,82;1,036;17,22;6,23;5,46;4,85;4,29
14/06/2016;25;VACA;22820;5;16;6,79;1,03;12,65;3,7;3,29;4,93;2,37
14/06/2016;38;CABRA;1280;6,7;14;6,72;1,032;13,18;4,59;3,44;4,52;2,6
14/06/2016;24;VACA;16160;4,4;15;6,82;1,03;12,21;3,39;3,09;4,89;2,26
14/06/2016;24;VACA;2380;3,4;15;6,82;1,03;11,9;3,24;3,06;4,78;2,19
14/06/2016;1;CABRA;26420;4,4;14;6,84;1,032;13,55;4,83;3,35;4,67;2,52
14/06/2016;1;OVEJA;11120;6;20;6,75;1,036;16,91;6,47;5;4,72;3,87
14/06/2016;46;OVEJA;11940;6,8;20;6,77;1,036;17,07;6,57;5,01;4,74;3,93
14/06/2016;18;VACA;25520;6,3;16;6,8;1,03;12,55;3,45;3,41;5,02;2,45
14/06/2016;1;CABRA;26120;3,8;14;6,82;1,032;13,18;4,6;3,2;4,71;2,44
15/06/2016;1;CABRA;26620;4;14;6,84;1,032;12,7;4,29;3,37;4,45;2,45
15/06/2016;29;VACA;13600;6,5;15;6,82;1,03;11,89;3,25;3;4,8;2,16
15/06/2016;29;VACA;11260;6,7;15;6,83;1,03;11,97;3,35;3,06;4,7;2,18
15/06/2016;40;OVEJA;3460;6,9;18;6,83;1,036;18,18;7,08;5,59;4,79;4,39
15/06/2016;41;CABRA;8600;4,5;13;6,85;1,032;13,22;4,56;3,26;4,73;2,54
15/06/2016;24;VACA;14840;6,6;15;6,78;1,03;11,86;3,09;3,07;4,81;2,2
15/06/2016;24;VACA;9820;5,3;15;6,78;1,03;11,95;3,05;3,21;4,91;2,29
15/06/2016;43;CABRA;3140;5;14;6,81;1,032;14,03;5,03;3,7;4,6;2,78
15/06/2016;42;CABRA;2520;6;14;6,8;1,032;12,52;4,04;3,33;4,53;2,52
15/06/2016;27;VACA;11860;7,4;15;6,81;1,03;12,1;3,4;3,07;4,85;2,21
15/06/2016;39;CABRA;1780;5,8;13;6,82;1,032;13,88;5,1;3,27;4,72;2,57
15/06/2016;39;OVEJA;2960;3,2;19;6,8;1,036;17,67;7,04;4,99;4,83;3,95
15/06/2016;26;VACA;5940;4,8;16;6,76;1,03;12,32;3,53;3,09;4,84;2,2
15/06/2016;32;VACA;27400;3;15;6,8;1,03;12,12;3,34;3,12;4,91;2,23
15/06/2016;30;VACA;25800;6;15;6,81;1,03;11,96;3,14;3,13;4,89;2,22
15/06/2016;25;VACA;24240;4;15;6,8;1,03;12,82;3,85;3,28;4,93;2,38
15/06/2016;37;CABRA;2860;4;13;6,8;1,032;13,43;4,73;3,45;4,59;2,64
15/06/2016;38;CABRA;9020;5;15;6,81;1,032;13,23;4,59;3,29;4,67;2,55
15/06/2016;38;OVEJA;3540;4,6;19;6,8;1,036;17,14;6,66;5,11;4,67;3,96
15/06/2016;42;CABRA;1580;6;14;6,8;1,032;13,46;4,74;3,45;4,63;2,64
15/06/2016;42;OVEJA;9540;5;20;6,82;1,036;18,2;7,38;5,18;4,84;4,1
15/06/2016;1;CABRA;25800;4;14;6,8;1,032;12,78;4,41;3,24;4,49;2,41
15/06/2016;36;CABRA;11340;6;14;6,84;1,032;13,43;4,79;3,36;4,55;2,57
15/06/2016;1;CABRA;24960;3,8;14;6,84;1,032;13,02;4,31;3,55;4,61;2,6
16/06/2016;41;OVEJA;5380;5,4;18;6,8;1,036;18,04;7,18;5,44;4,71;4,25
16/06/2016;40;CABRA;5380;6;13;6,81;1,032;13,52;4,71;3,38;4,7;2,6
16/06/2016;40;OVEJA;4820;6,2;20;6,82;1,036;18,17;7,45;4,88;4,81;3,98
16/06/2016;29;VACA;13880;4,4;15;6,82;1,03;12;3,33;3,06;4,79;2,18
16/06/2016;29;VACA;8580;5,5;15;6,82;1,03;11,86;3,28;3,01;4,76;2,16
16/06/2016;42;OVEJA;2460;6;20;6,8;1,036;18,57;7,44;5,67;4,78;4,49
16/06/2016;42;CABRA;4660;5,6;13;6,84;1,032;12,79;4,28;3,21;4,67;2,43
16/06/2016;26;VACA;6160;4,4;15;6,83;1,03;12,33;3,49;3,14;4,9;2,22
16/06/2016;39;OVEJA;7600;6;20;6,83;1,036;16,84;5,89;5,36;4,88;4,19
16/06/2016;43;CABRA;1440;4;15;6,8;1,032;13,19;4,54;3,23;4,71;2,53
16/06/2016;43;OVEJA;2560;6;20;6,83;1,036;18,56;7,57;5,71;4,6;4,4
16/06/2016;25;VACA;22480;6;15;6,78;1,03;12,74;3,74;3,34;4,92;2,37
16/06/2016;38;CABRA;1280;6;13;6,84;1,032;13,01;4,44;3,44;4,54;2,59
16/06/2016;32;VACA;24000;5;15;6,82;1,03;11,89;3,12;3,14;4,81;2,21
16/06/2016;46;OVEJA;11440;6,4;20;6,76;1,036;17,43;6,78;5,15;4,73;4,05
16/06/2016;45;CABRA;8720;7;14;6,74;1,032;12,97;4,49;3,33;4,54;2,48
16/06/2016;1;CABRA;25120;2,8;14;6,82;1,032;13,26;4,61;3,41;4,58;2,54
16/06/2016;30;VACA;23780;4,5;15;6,81;1,03;11,94;3,16;3,19;4,8;2,24
17/06/2016;29;VACA;13980;3,6;15;6,83;1,03;12,05;3,38;3,07;4,76;2,16
17/06/2016;29;VACA;9940;7;16;6,84;1,03;11,99;3,37;3,14;4,66;2,2
17/06/2016;40;OVEJA;9840;5,8;19;6,83;1,036;18,46;7,42;5,46;4,8;4,29
17/06/2016;41;CABRA;9100;4,7;14;6,85;1,032;13,37;4,61;3,3;4,75;2,53
17/06/2016;24;VACA;15700;6,1;15;6,81;1,03;12,78;4,12;3,06;4,74;2,13
17/06/2016;24;VACA;11800;5;15;6,82;1,03;12,12;3,22;3,17;4,93;2,24
17/06/2016;32;VACA;27800;3,4;15;6,81;1,03;12,24;3,4;3,17;4,92;2,24
17/06/2016;43;CABRA;3160;5,5;14;6,83;1,032;13,99;5,02;3,71;4,54;2,74
17/06/2016;26;VACA;6300;4,3;15;6,79;1,03;12,25;3,47;3,12;4,84;NA
17/06/2016;27;VACA;11940;7,6;15;6,8;1,03;12,12;3,44;3,11;4,81;2,19
17/06/2016;42;CABRA;2020;8;14;6,82;1,032;13,28;4,65;3,34;4,54;2,51
17/06/2016;42;OVEJA;6260;8,5;20;6,78;1,036;18,54;7,74;5,1;4,83;4,05
17/06/2016;39;CABRA;1760;6,5;14;6,85;1,032;14;5,17;3,32;4,68;2,55
17/06/2016;39;OVEJA;4880;4,4;20;6,83;1,036;18,09;7,38;5,05;4,81;3,97
17/06/2016;25;VACA;24420;6,4;16;6,78;1,03;12,92;3,88;3,37;4,93;2,4
17/06/2016;1;CABRA;25620;4;14;6,8;1,032;13,14;4,53;3,33;4,61;2,51
17/06/2016;37;CABRA;2840;7,5;14;6,82;1,032;13,72;4,9;3,5;4,6;2,66
17/06/2016;38;CABRA;8700;5;14;6,83;1,032;13,38;4,56;3,38;4,71;2,62
17/06/2016;38;OVEJA;3400;4;19;6,77;1,036;17,45;6,64;5,34;4,73;4,18
17/06/2016;36;CABRA;15500;6,8;14;6,8;1,032;13,56;4,84;3,35;4,63;2,57
18/06/2016;24;VACA;16340;8;15;6,8;1,03;12,32;3,59;3,1;4,83;2,2
18/06/2016;24;VACA;6660;6,7;15;6,8;1,03;12;3,26;3,21;4,85;2,22
18/06/2016;41;OVEJA;5180;5,2;18;6,81;1,036;18,68;7,62;5,63;4,7;4,4
18/06/2016;40;CABRA;5380;6;14;6,82;1,032;13,74;4,85;3,4;4,72;2,63
18/06/2016;40;OVEJA;4920;6,3;18;6,78;1,036;18,54;7,68;5,09;4,82;4,1
18/06/2016;29;VACA;14160;6;15;6,79;1,03;11,91;3,18;3,12;4,83;2,19
18/06/2016;29;VACA;9720;7;15;6,8;1,03;12,03;3,24;3,15;4,84;NA
18/06/2016;30;VACA;23680;4,6;15;6,86;1,03;12,1;3,31;3,17;4,82;2,21
18/06/2016;32;VACA;21400;6,6;15;6,78;1,03;11,88;3,16;3,13;4,8;2,2
18/06/2016;43;CABRA;980;6,5;14;6,82;1,032;13,55;4,67;3,53;4,67;2,73
18/06/2016;43;OVEJA;2220;6,6;19;6,77;1,036;18,24;7,58;5,52;4,44;4,2
18/06/2016;26;VACA;6280;5,6;15;6,79;1,03;12,21;3,44;3,1;4,88;2,15
18/06/2016;25;VACA;23440;7;16;6,78;1,03;12,19;3,43;3,2;4,81;2,22
18/06/2016;42;CABRA;2600;5,6;15;6,84;1,032;13,42;4,63;3,45;4,65;2,64
18/06/2016;42;OVEJA;11680;5,5;20;6,8;1,036;17,57;6,44;5,54;4,83;4,33
18/06/2016;46;OVEJA;11260;6;19;6,77;1,036;17,61;6,9;5,24;4,69;4,1
18/06/2016;38;CABRA;1260;5;13;6,86;1,032;13,5;4,73;3,6;4,52;2,71
18/06/2016;1;OVEJA;10400;7;20;6,75;1,036;16,13;6,03;4,82;4,5;3,71
18/06/2016;45;CABRA;9860;6,6;14;6,81;1,032;13,49;4,78;3,42;4,63;2,56
18/06/2016;20;VACA;24300;6,2;16;6,8;1,03;12,48;3,59;3,24;4,9;2,28
18/06/2016;22;VACA;24480;6,5;16;6,82;1,03;12,29;3,46;3,15;4,93;2,22
18/06/2016;7;VACA;16440;5,2;15;6,83;1,03;11,8;2,96;3,09;5;2,2
18/06/2016;7;VACA;6960;6;15;6,84;1,03;11,81;3,15;3,07;4,87;2,13
18/06/2016;1;CABRA;25280;3,6;14;6,8;1,032;13,14;4,43;3,44;4,65;2,54
19/06/2016;17;VACA;15600;5,2;15;6,83;1,03;12,12;3,26;3,29;4,92;2,31
19/06/2016;17;VACA;10360;5,8;15;6,83;1,03;12,06;3,22;3,3;4,91;2,32
19/06/2016;40;OVEJA;9460;5;19;6,82;1,036;18,61;7,65;5,42;4,76;4,23
19/06/2016;41;CABRA;7420;2,2;13;6,86;1,032;13,49;4,73;3,32;4,71;2,55
19/06/2016;32;VACA;27400;2,3;15;6,81;1,03;12,26;3,45;3,18;4,87;2,24
19/06/2016;43;CABRA;3380;2,2;13;6,86;1,032;14,14;5,12;3,66;4,6;2,74
19/06/2016;26;VACA;6180;4;16;6,79;1,03;12,26;3,46;3,15;4,88;2,2
19/06/2016;27;VACA;11400;7,5;15;6,82;1,03;12,15;3,41;3,14;4,85;2,19
19/06/2016;39;CABRA;2040;4;15;6,81;1,032;NA;NA;NA;NA;NA
19/06/2016;39;OVEJA;4840;5,4;19;6,78;1,036;18,02;7,29;5,06;4,79;3,98
19/06/2016;42;CABRA;6240;5,3;14;6,82;1,032;13,05;4,46;3,27;4,68;2,42
19/06/2016;25;VACA;24540;6,2;15;6,81;1,03;12,91;3,89;3,37;4,93;2,38
19/06/2016;38;CABRA;9160;4,5;14;6,85;1,032;13,56;4,78;3,35;4,65;2,55
19/06/2016;38;OVEJA;3300;4,5;20;6,79;1,036;17,61;6,94;5,29;4,65;4,1
19/06/2016;37;CABRA;3180;6,5;14;6,78;1,032;13,7;4,93;3,47;4,61;2,62
19/06/2016;6;VACA;15580;6,5;15;6,8;1,03;11,98;3,18;3,15;4,94;2,25
19/06/2016;6;VACA;6960;6;16;6,8;1,03;12,29;3,48;3,16;4,89;2,27
19/06/2016;30;VACA;26260;4,5;16;6,85;1,03;11,85;3,17;3,14;4,77;2,15
19/06/2016;42;CABRA;2080;5;14;6,82;1,032;14,06;5,12;3,5;4,64;2,65
19/06/2016;42;OVEJA;8760;5,3;19;6,83;1,036;18,49;7,68;5,16;4,76;4,13
20/06/2016;22;VACA;25240;5;16;6,8;1,03;12,22;3,42;3,14;4,92;2,24
20/06/2016;24;VACA;15980;7;15;6,8;1,03;11,96;3,25;3,14;4,8;2,2
20/06/2016;24;VACA;8820;5,5;15;6,8;1,03;12,02;3,19;3,2;4,88;2,23
20/06/2016;41;OVEJA;5200;4,6;19;6,82;1,036;18,4;7,47;5,45;4,76;4,25
20/06/2016;40;CABRA;5540;6,8;14;6,84;1,032;13,64;4,78;3,37;4,75;2,65
20/06/2016;40;OVEJA;4160;6,6;19;6,8;1,036;18,57;7,58;5,3;4,79;4,22
20/06/2016;29;VACA;14620;5,6;15;6,82;1,03;11,9;3,22;3,19;4,78;2,23
20/06/2016;29;VACA;9160;6,4;15;6,82;1,03;11,85;3,25;3,14;4,67;2,2
20/06/2016;32;VACA;24540;6;15;6,82;1,03;11,77;3,05;3,16;4,8;2,24
20/06/2016;39;OVEJA;7660;5,7;20;6,8;1,036;16,87;5,81;5,47;4,86;4,29
20/06/2016;42;CABRA;2820;7,7;14;6,81;1,032;12,84;4,35;3,18;4,57;2,45
20/06/2016;42;OVEJA;3980;7;20;6,79;1,036;18,31;7,19;5,64;4,76;4,46
20/06/2016;26;VACA;6340;5;15;8,1;1,03;12,13;3,31;3,19;4,9;2,26
20/06/2016;18;VACA;25260;6,3;16;6,81;1,03;12,65;3,45;3,54;5,04;2,53
20/06/2016;25;VACA;23400;6,8;16;6,82;1,03;12,74;3,75;3,35;4,93;2,41
20/06/2016;38;CABRA;1360;6,7;14;6,84;1,032;13,07;4,47;3,43;4,55;2,64
20/06/2016;46;OVEJA;10740;6,4;20;6,76;1,036;17,4;6,81;5,12;4,7;4,04
20/06/2016;1;OVEJA;10440;7;20;6,75;1,036;17,66;6,92;5,31;4,68;4,15
20/06/2016;43;CABRA;1740;7,3;14;6,8;1,032;13,17;4,4;3,45;4,67;2,7
20/06/2016;43;OVEJA;2660;6,3;20;6,78;1,036;18,22;7,58;5,5;4,42;4,21
20/06/2016;1;CABRA;25580;4,6;14;6,84;1,032;13,5;4,76;3,4;4,69;2,55
20/06/2016;36;CABRA;15580;6,6;13;6,82;1,032;13,24;4,7;3,27;4,51;2,47
20/06/2016;18;VACA;25880;6,1;15;6,81;1,03;12,63;3,43;3,54;5,02;2,46
20/06/2016;1;CABRA;23860;4,5;13;6,86;1,032;13,41;4,71;3,47;4,57;2,58
21/06/2016;29;VACA;14340;4;15;6,82;1,03;11,98;3,31;3,14;4,8;2,25
21/06/2016;29;VACA;11300;6,4;15;6,82;1,03;11,93;3,33;3,13;4,67;2,21
21/06/2016;40;OVEJA;6840;6,5;20;6,8;1,036;18,43;7,49;5,36;4,82;4,22
21/06/2016;41;CABRA;9600;4;13;6,83;1,032;13,29;4,61;3,28;4,73;2,56
21/06/2016;32;VACA;26780;3,3;15;6,83;1,03;12,28;3,5;3,17;4,88;2,27
21/06/2016;24;VACA;20720;7;15;6,82;1,03;12,2;3,44;3,11;4,85;2,24
21/06/2016;27;VACA;11940;8;15;6,8;1,03;12,18;3,45;3,16;4,84;2,26
21/06/2016;39;CABRA;1840;6;13;6,8;1,032;14,15;5,23;3,36;4,75;2,64
21/06/2016;39;OVEJA;2860;4,8;18;6,83;1,036;17,84;7,23;5,02;4,77;3,95
21/06/2016;26;VACA;6320;4,5;15;6,8;1,03;12,13;3,31;3,19;4,89;2,27
21/06/2016;42;OVEJA;6140;4,2;18;6,8;1,036;18,23;7,55;4,97;4,84;4,01
21/06/2016;42;CABRA;4320;4,5;13;6,8;1,032;13,27;4,6;3,35;4,7;2,55
21/06/2016;1;CABRA;25680;4,7;13;6,82;1,032;13,3;4,62;3,35;4,62;2,52
21/06/2016;25;VACA;24520;7;15;6,8;1,03;12,8;3,83;3,32;4,95;2,4
21/06/2016;43;CABRA;3280;6;13;6,85;1,032;13,82;4,98;3,6;4,55;2,7
21/06/2016;37;CABRA;2600;6;14;6,8;1,032;13,65;4,94;3,47;4,57;2,64
21/06/2016;38;CABRA;8740;5;14;6,8;1,032;13,53;4,81;3,32;4,64;2,55
21/06/2016;38;OVEJA;3260;5;19;6,8;1,036;17,35;6,74;5,24;4,68;4,09
21/06/2016;17;VACA;15620;7;15;6,8;1,03;11,92;3,08;3,21;4,97;2,29
21/06/2016;17;VACA;8040;7,5;15;6,8;1,03;12,13;3,3;3,3;4,88;2,32
21/06/2016;6;VACA;22560;5,5;14;6,84;1,03;12,25;3,45;3,11;4,97;2,21
21/06/2016;30;VACA;24860;5,5;15;6,86;1,03;11,89;3,08;3,19;4,89;2,23
22/06/2016;1;CABRA;25740;4,3;14;6,82;1,032;13,05;4,43;3,52;4,54;2,58
22/06/2016;22;VACA;24860;6;15;6,8;1,03;12,12;3,35;3,13;4,9;2,25
22/06/2016;29;VACA;14180;5;15;6,82;1,03;12,23;3,55;3,08;4,8;2,19
22/06/2016;29;VACA;8340;7;15;6,82;1,03;12,09;3,44;3,17;4,67;2,25
22/06/2016;24;VACA;13260;7;15;6,82;1,03;12,33;3,57;3,12;4,84;2,21
22/06/2016;24;VACA;9740;4;15;6,82;1,03;11,95;3,1;3,17;4,91;2,21
22/06/2016;41;OVEJA;2080;6;18;6,82;1,036;18,22;7,24;5,37;4,87;4,25
22/06/2016;40;CABRA;5580;5;14;6,82;1,032;13,6;4,75;3,36;4,73;2,61
22/06/2016;40;OVEJA;4340;6;18;6,82;1,036;18,38;7,62;4,96;4,83;4,04
22/06/2016;26;VACA;6160;5;15;6,82;1,03;12,22;3,42;3,13;4,9;2,22
22/06/2016;32;VACA;23760;5,5;15;6,82;1,03;11,85;3,12;3,13;4,79;2,22
22/06/2016;38;CABRA;1260;5;14;6,82;1,032;13,19;4,53;3,48;4,55;2,66
22/06/2016;42;CABRA;3560;5;14;6,82;1,032;13,42;4,7;3,4;4,61;2,59
22/06/2016;42;OVEJA;11600;5;20;6,8;1,036;17,43;6,4;5,45;4,85;4,29
22/06/2016;25;VACA;23400;6,8;15;6,8;1,03;12,68;3,73;3,32;4,92;2,37
22/06/2016;46;OVEJA;10880;5,5;20;6,82;1,036;17,44;6,87;5,14;4,66;4,02
22/06/2016;30;VACA;27020;6;15;6,82;1,03;11,85;3,04;3,18;4,88;2,22
22/06/2016;36;CABRA;10520;6,8;14;6,8;1,032;13,65;4,85;3,38;4,66;2,6
22/06/2016;1;CABRA;25020;3,9;14;6,8;1,032;13,08;4,44;3,42;4,63;2,54
22/06/2016;18;VACA;25080;6,7;15;6,8;1,03;12,48;3,37;3,49;4,94;2,44
23/06/2016;29;VACA;14240;3,2;15;6,83;1,03;11,7;3,2;2,97;4,76;2,09
23/06/2016;29;VACA;11320;6,3;15;6,84;1,03;12,01;3,35;3,18;4,69;2,19
23/06/2016;40;OVEJA;9580;5,5;18;6,84;1,036;17,88;6,96;5,37;4,79;4,17
23/06/2016;41;CABRA;9400;4,6;13;6,86;1,032;13,23;4,54;3,33;4,67;2,53
23/06/2016;42;CABRA;1760;6,8;14;6,82;1,032;12,61;4,22;3,24;4,48;2,41
23/06/2016;42;OVEJA;1660;5;20;6,79;1,036;17,68;6,68;5,52;4,78;4,34
23/06/2016;27;VACA;11440;7,8;15;6,81;1,03;12,06;3,42;3,1;4,79;2,18
23/06/2016;39;CABRA;1920;5,5;14;6,8;1,032;13,74;4,98;3,29;4,67;2,57
23/06/2016;39;OVEJA;4900;4,5;20;6,76;1,036;17,93;7,24;4,99;4,79;3,95
23/06/2016;32;VACA;26520;2,8;15;6,84;1,03;12,22;3,56;3,16;4,86;2,18
23/06/2016;26;VACA;6380;4,4;15;6,8;1,03;12,2;3,41;3,13;4,89;2,2
23/06/2016;25;VACA;24280;6,8;15;6,82;1,03;12,82;3,85;3,32;4,95;2,38
23/06/2016;37;CABRA;3020;8;14;6,8;1,032;13,5;4,81;3,46;4,6;2,62
23/06/2016;43;CABRA;2340;5;14;6,8;1,032;13,29;4,56;3,44;4,64;2,64
23/06/2016;43;OVEJA;2960;6,2;20;6,8;1,036;18,13;7,22;5,63;4,59;4,27
23/06/2016;42;CABRA;740;5;15;6,8;1,032;13,93;5,12;3,54;4,54;2,64
23/06/2016;42;OVEJA;6860;5;20;6,8;1,036;18,24;7,58;5,05;4,77;4
23/06/2016;38;CABRA;8640;8;14;6,8;1,032;13,41;4,71;3,29;4,67;2,54
23/06/2016;38;OVEJA;3540;5;20;6,77;1,036;17,15;6,61;5,15;4,69;3,96
24/06/2016;1;CABRA;25180;5,4;14;6,82;1,032;13,08;4,4;3,46;4,62;2,57
24/06/2016;41;OVEJA;5340;6;18;6,84;1,036;17,78;6,91;5,34;4,81;4,18
24/06/2016;24;VACA;16520;6,2;15;6,83;1,03;11,98;3,26;3,09;4,89;2,2
24/06/2016;24;VACA;11940;5;15;6,81;1,03;12,02;3,18;3,16;4,93;2,23
24/06/2016;40;CABRA;5520;6,8;14;6,83;1,032;13,58;4,78;3,35;4,69;2,6
24/06/2016;40;OVEJA;4020;5,5;19;6,77;1,036;18,55;7,85;4,91;4,73;3,98
24/06/2016;29;VACA;14100;4;15;6,81;1,03;11,67;3,2;2,96;4,79;2,07
24/06/2016;29;VACA;9000;8;15;6,81;1,03;12,01;3,36;3,17;4,72;2,21
24/06/2016;32;VACA;23780;7,8;16;6,78;1,03;11,74;3,08;3,11;4,77;2,16
24/06/2016;42;CABRA;6360;5,8;13;6,86;1,032;13,03;4,51;3,21;4,63;2,42
24/06/2016;42;OVEJA;4420;7,5;20;6,8;1,036;18,28;7,27;5,55;4,74;4,37
24/06/2016;39;OVEJA;7680;5;20;6,84;1,036;16,71;5,75;5,35;4,88;4,18
24/06/2016;30;VACA;26100;5,6;15;6,8;1,03;11,86;2,99;3,26;4,88;2,27
24/06/2016;26;VACA;6320;4,6;15;6,83;1,03;12,11;3,35;3,14;4,91;2,21
24/06/2016;25;VACA;21080;8;15;6,8;1,03;12,76;3,83;3,33;4,95;2,4
24/06/2016;43;CABRA;3900;5,8;14;6,81;1,032;13,83;4,96;3,59;4,55;2,7
24/06/2016;38;CABRA;1300;7;14;6,82;1,032;12,98;4,47;3,39;4,49;2,57
24/06/2016;46;OVEJA;10600;7,4;20;6,77;1,036;17,12;6,65;4,98;4,69;3,9
24/06/2016;1;OVEJA;10960;9,1;20;6,75;1,036;16,86;6,48;5,01;4,58;3,88
24/06/2016;36;CABRA;16160;5,5;14;6,8;1,032;13,46;4,78;3,22;4,66;2,49
25/06/2016;1;CABRA;26000;3,6;14;6,8;1,032;13,42;4,73;3,32;4,67;2,52
25/06/2016;1;CABRA;26040;4,6;14;6,81;1,032;13,22;4,6;3,41;4,54;2,55
25/06/2016;18;VACA;26000;7,5;15;6,79;1,03;12,61;3,45;3,52;5,01;2,49
25/06/2016;18;VACA;26060;6,7;15;6,81;1,03;12,41;3,34;3,45;4,95;2,42
25/06/2016;40;OVEJA;11100;6,4;19;6,78;1,036;18,05;7,09;5,36;4,8;4,19
25/06/2016;24;VACA;16320;7,4;15;6,81;1,03;12,04;3,38;3,12;4,81;2,18
25/06/2016;24;VACA;7520;6,8;15;6,81;1,03;11,91;3,18;3,19;4,86;2,23
25/06/2016;29;VACA;14500;4,3;15;6,8;1,03;11,93;3,43;3,05;4,75;2,14
25/06/2016;29;VACA;9120;7,6;15;6,81;1,03;12,01;3,34;3,2;4,69;2,23
25/06/2016;41;CABRA;8800;5,5;14;6,84;1,032;13,19;4,53;3,3;4,69;2,55
25/06/2016;18;VACA;27460;7,2;15;6,79;1,03;12,65;3,47;3,54;5,03;2,48
25/06/2016;32;VACA;25940;4,2;15;6,82;1,03;12,32;3,63;3,11;4,89;2,18
25/06/2016;27;VACA;11240;8,2;15;6,83;1,03;12,16;3,49;3,12;4,84;2,2
25/06/2016;39;CABRA;1920;6;14;6,84;1,032;14,02;5,21;3,37;4,64;2,58
25/06/2016;39;OVEJA;4980;4,7;19;6,83;1,036;17,91;7,28;4,98;4,8;3,92
25/06/2016;26;VACA;6340;4,5;16;6,78;1,03;12,15;3,39;3,16;4,9;2,22
25/06/2016;42;CABRA;2480;8,5;15;6,82;1,032;13,04;4,46;3,32;4,58;2,49
25/06/2016;42;OVEJA;6540;9;20;6,8;1,036;18,42;7,48;5,28;4,77;3,98
25/06/2016;25;VACA;24000;6;16;6,78;1,03;12,9;3,94;3,35;4,97;2,38
25/06/2016;37;CABRA;2920;8;14;6,82;1,032;13,42;4,77;3,43;4,58;2,61
25/06/2016;38;CABRA;8360;6,5;14;6,84;1,032;13,24;4,62;3,27;4,65;2,51
25/06/2016;38;OVEJA;3480;4,8;20;6,8;1,036;16,99;6,43;5,18;4,72;4,02
25/06/2016;30;VACA;24580;4,6;15;6,8;1,03;12,21;3,31;3,29;4,87;2,35
26/06/2016;41;OVEJA;5360;4;15;6,8;1,036;17,57;6,77;5,25;4,84;4,11
26/06/2016;40;CABRA;5680;5,7;14;6,77;1,032;13,3;4,54;3,29;4,75;2,56
26/06/2016;40;OVEJA;4380;6,8;20;6,78;1,036;17,99;7,34;4,79;4,84;3,9
26/06/2016;29;VACA;10380;8,5;15;6,81;1,03;12,09;3,47;3,2;4,68;2,23
26/06/2016;26;VACA;6580;4,2;16;6,79;1,03;12,13;3,37;3,18;4,87;2,24
26/06/2016;32;VACA;22020;6,5;15;6,8;1,03;11,82;3,12;3,11;4,8;2,18
26/06/2016;38;CABRA;1100;7,5;14;6,83;1,032;12,97;4,46;3,41;4,49;2,58
26/06/2016;42;CABRA;3380;6,7;14;6,83;1,032;12,89;4,38;3,25;4,59;2,46
26/06/2016;42;OVEJA;11620;6,5;20;6,76;1,036;17,37;6,34;5,44;4,85;4,27
26/06/2016;25;VACA;21920;5,2;15;6,8;1,03;12,7;3,78;3,32;4,92;2,35
26/06/2016;43;CABRA;2100;7;14;6,83;1,032;13,31;4,59;3,43;4,63;2,64
26/06/2016;43;OVEJA;2680;5,5;20;6,78;1,036;18,34;7,37;5,68;4,63;4,32
26/06/2016;46;OVEJA;10160;6,6;19;6,81;1,036;17,07;6,51;5,05;4,72;3,96
26/06/2016;1;OVEJA;10980;4,7;19;6,82;1,036;16,78;6,33;5;4,65;3,91
27/06/2016;20;VACA;24020;6,1;15;6,79;1,03;12,24;3,51;3,19;4,83;2,28
27/06/2016;24;VACA;16060;6,3;15;6,82;1,03;12,14;3,38;3,16;4,88;2,26
27/06/2016;24;VACA;8640;5,8;15;6,81;1,03;12,05;3,23;3,18;4,91;2,24
27/06/2016;40;OVEJA;9460;5,4;18;6,82;1,036;17,91;7,04;5,32;4,82;4,16
27/06/2016;41;CABRA;8380;5;13;6,85;1,032;13,17;4,55;3,3;4,65;2,56
27/06/2016;26;VACA;6580;6;15;6,8;1,03;12,15;3,36;3,18;4,87;2,24
27/06/2016;29;VACA;16600;6,4;15;6,83;1,03;12,1;3,42;3,12;4,78;2,24
27/06/2016;32;VACA;25280;3;15;6,83;1,03;12,26;3,57;3,13;4,9;2,23
27/06/2016;39;CABRA;1980;5;14;6,8;1,032;13,55;4,87;3,29;4,62;2,55
27/06/2016;39;OVEJA;4920;4,3;20;6,8;1,036;17,88;7,24;4,97;4,81;3,94
27/06/2016;27;VACA;11020;8,3;15;6,8;1,03;12,11;3,48;3,13;4,8;2,23
27/06/2016;30;VACA;24320;5,3;14;6,85;1,03;12,12;3,31;3,22;4,84;2,26
27/06/2016;25;VACA;24400;6;15;6,78;1,03;12,71;3,91;3,36;4,88;2,45
27/06/2016;43;CABRA;3680;5,8;14;6,82;1,032;13,82;4,96;3,61;4,57;2,71
27/06/2016;42;OVEJA;6460;4,7;20;6,8;1,036;18,21;7,46;5,13;4,77;4,04
27/06/2016;42;CABRA;5140;5,2;14;6,82;1,032;13,08;4,53;3,27;4,65;2,46
27/06/2016;37;CABRA;3200;8,6;14;6,8;1,032;13,43;4,76;3,42;4,6;2,62
27/06/2016;38;CABRA;8640;5,2;14;6,82;1,032;13,26;4,63;3,2;4,68;2,46
27/06/2016;38;OVEJA;3240;6;20;6,77;1,036;17,04;6,48;5,21;4,66;4,03
27/06/2016;18;VACA;25500;6,6;15;6,79;1,03;12,66;3,57;3,44;5,02;2,43
27/06/2016;36;CABRA;15440;6,8;14;6,83;1,032;13,13;4,62;3,22;4,6;2,47
27/06/2016;1;CABRA;24060;4,4;14;6,83;1,032;13,18;4,53;3,36;4,6;2,54
28/06/2016;22;VACA;25640;7;16;6,8;1,03;12,27;3,46;3,2;4,92;2,29
28/06/2016;18;VACA;25320;6,6;19;6,79;1,03;12,72;3,58;3,49;5,07;2,5
28/06/2016;41;OVEJA;2000;6,5;18;6,82;1,036;18,1;7,2;5,36;4,81;4,2
28/06/2016;40;CABRA;5640;7;14;6,81;1,032;13,15;4,41;3,28;4,77;2,58
28/06/2016;40;OVEJA;3860;5,4;19;6,8;1,036;18,37;7,58;5;4,78;4,08
28/06/2016;32;VACA;23360;8;15;6,8;1,03;11,75;3,1;3,11;4,81;2,2
28/06/2016;39;OVEJA;7340;5,2;19;6,8;1,036;16,83;5,85;5,38;4,92;4,22
28/06/2016;42;CABRA;4000;8,5;14;6,8;1,032;13,16;4,52;3,36;4,59;2,55
28/06/2016;42;OVEJA;5800;7;20;6,78;1,036;18,3;7,4;5,4;4,77;4,25
28/06/2016;29;VACA;16420;5;14;6,85;1,03;11,9;3,32;3,06;4,79;2,23
28/06/2016;29;VACA;6800;6;14;6,85;1,03;12,14;3,5;3,15;4,69;2,3
28/06/2016;25;VACA;22680;7,4;15;6,8;1,03;12,67;3,8;3,31;4,93;2,4
28/06/2016;24;VACA;17120;4;15;6,8;1,03;12,27;3,54;3,11;4,85;2,26
28/06/2016;46;OVEJA;10900;7;20;6,79;1,036;17,03;6,56;5,07;4,66;3,96
28/06/2016;1;OVEJA;10700;4,5;21;6,77;1,036;16,8;6,37;5,07;4,6;3,97
28/06/2016;38;CABRA;1320;9;13;6,85;1,032;12,93;4,48;3,3;4,5;2,54
28/06/2016;26;VACA;6320;4,8;15;6,82;1,03;12,07;3,33;3,16;4,87;2,28
28/06/2016;1;CABRA;25980;4,9;14;6,82;1,032;13,5;4,78;3,31;4,66;2,51
28/06/2016;1;CABRA;25600;3,6;14;6,82;1,032;13,24;4,58;3,36;4,61;2,53
29/06/2016;1;CABRA;25480;5,4;14;6,8;1,032;13,03;4,42;3,51;4,53;2,58
29/06/2016;30;VACA;24600;6;15;6,83;1,03;12,22;3,41;3,2;4,85;2,22
29/06/2016;22;VACA;26460;6,4;16;6,8;1,03;12,25;3,4;3,17;4,97;2,27
29/06/2016;41;CABRA;8680;5,8;14;6,83;1,032;13,11;4,48;3,26;4,68;2,49
29/06/2016;24;VACA;15860;4;15;6,8;1,03;13,02;4,49;3,04;4,73;2,13
29/06/2016;24;VACA;5860;6,5;15;6,83;1,03;12,03;3,19;3,13;4,95;2,2
29/06/2016;32;VACA;26780;2,8;15;6,8;1,03;12,27;3,6;3,1;4,91;2,19
29/06/2016;39;CABRA;1820;6;14;6,8;1,032;13,75;4,94;3,27;4,74;2,51
29/06/2016;39;OVEJA;2280;4,8;20;6,82;1,036;17,52;7,01;4,9;4,78;3,84
29/06/2016;27;VACA;11800;8,5;15;6,8;1,03;12,09;3,44;3,15;4,85;2,2
29/06/2016;40;OVEJA;6300;6;20;6,79;1,036;18;7,17;5,04;4,9;4
29/06/2016;18;VACA;25820;7,8;15;6,81;1,03;12,56;3,39;3,53;5,05;2,51
29/06/2016;42;OVEJA;6560;8,6;20;6,77;1,036;18,13;7,53;4,95;4,77;3,96
29/06/2016;42;CABRA;3840;6,8;14;6,81;1,032;12,9;4,44;3,21;4,61;2,47
29/06/2016;26;VACA;6620;4,6;15;6,78;1,03;12,08;3,27;3,21;4,92;2,27
29/06/2016;25;VACA;24420;6,6;15;6,8;1,03;12,84;3,9;3,33;4,99;2,41
29/06/2016;37;CABRA;2700;9;14;6,78;1,032;13,33;4,71;3,44;4,6;2,64
29/06/2016;38;CABRA;7980;5,4;13;6,85;1,032;13,23;4,66;3,25;4,66;2,5
29/06/2016;38;OVEJA;3320;5,4;19;6,8;1,036;16,9;6,37;5,19;4,74;4,04
29/06/2016;43;CABRA;2100;7,8;14;6,82;1,032;13,29;4,58;3,49;4,62;2,69
29/06/2016;43;OVEJA;2380;7;20;6,77;1,036;18,45;7,5;5,7;4,63;4,32
29/06/2016;36;CABRA;11520;7,8;14;6,82;1,032;13,07;4,52;3,19;4,65;2,43
30/06/2016;20;VACA;23560;3,6;16;6,77;1,03;12,18;3,42;3,19;4,88;2,28
30/06/2016;21;VACA;25360;4;16;6,78;1,03;12,21;3,36;3,23;4,94;2,33
30/06/2016;41;OVEJA;6620;6;18;6,84;1,036;17,69;6,87;5,28;4,85;4,15
30/06/2016;40;CABRA;5680;6;13;6,8;1,032;13,24;4,5;3,25;4,77;2,59
30/06/2016;40;OVEJA;4080;7;18;6,8;1,036;17,93;7,24;4,87;4,88;3,97
30/06/2016;26;VACA;6480;4;15;6,82;1,03;12,15;3,3;3,24;4,93;2,33
30/06/2016;32;VACA;22520;5,8;15;6,8;1,03;11,82;3,11;3,13;4,82;2,22
30/06/2016;42;CABRA;2560;4;15;6,8;1,032;13,03;4,41;3,41;4,6;2,6
30/06/2016;42;OVEJA;11460;4,6;20;6,78;1,036;17,11;6,17;5,36;4,87;4,23
30/06/2016;38;CABRA;1120;4;15;6,8;1,032;12,9;4,4;3,42;4,48;2,61
30/06/2016;25;VACA;23640;5,5;15;6,78;1,03;12,7;3,84;3,27;4,93;2,36
30/06/2016;43;CABRA;3560;6,3;13;6,82;1,032;13,77;4,93;3,59;4,57;2,7
30/06/2016;46;OVEJA;9920;4;20;6,8;1,036;17,22;6,68;5,05;4,74;3,94
30/06/2016;45;CABRA;8480;4;14;6,82;1,032;13,12;4,5;3,36;4,64;2,55
30/06/2016;18;VACA;25380;5,5;15;6,82;1,03;12,53;3,5;3,46;5,06;2,5
01/07/2016;40;OVEJA;10080;6;18;6,82;1,036;17,97;7,13;5,25;4,84;4,15
01/07/2016;41;CABRA;8300;6,6;13;6,82;1,032;13,08;4,48;3,24;4,67;2,51
01/07/2016;24;VACA;16820;5;15;6,82;1,03;11,78;3,17;3,09;4,84;2,18
01/07/2016;24;VACA;13380;5;15;6,82;1,03;11,97;3,23;3,14;4,95;2,26
01/07/2016;29;VACA;22980;5,6;15;6,78;1,03;11,99;3,4;3,12;4,79;2,16
01/07/2016;32;VACA;27080;3;15;6,78;1,03;12,29;3,66;3,09;4,91;2,2
01/07/2016;39;CABRA;2080;4;13;6,8;1,032;13,54;4,76;3,4;4,67;2,68
01/07/2016;39;OVEJA;4940;5;20;6,8;1,036;17,78;7,22;4,94;4,78;3,92
01/07/2016;27;VACA;10780;5,6;15;6,8;1,03;12,18;3,49;3,16;4,84;2,26
01/07/2016;26;VACA;6160;5;15;6,82;1,03;12,23;3,44;3,21;4,91;2,31
01/07/2016;42;CABRA;3700;9;14;6,8;1,032;12,98;4,32;3,39;4,6;2,63
01/07/2016;42;OVEJA;6460;8;20;6,8;1,036;17,96;7,22;5,13;4,8;4,11
01/07/2016;25;VACA;24320;7;15;6,8;1,03;12,87;3,91;3,31;4,96;2,4
01/07/2016;37;CABRA;3200;6,5;13;6,8;1,032;13,33;4,69;3,4;4,6;2,62
01/07/2016;30;VACA;25820;5,1;15;6,84;1,03;12,05;3,3;3,21;4,87;2,27
01/07/2016;38;CABRA;8940;5,6;14;6,84;1,032;13,26;4,66;3,24;4,66;2,52
01/07/2016;38;OVEJA;3300;4,9;20;6,75;1,036;16,7;6,16;5,15;4,74;4,03
01/07/2016;36;CABRA;16380;8;14;6,77;1,032;13,15;4,57;3,2;4,68;2,49
01/07/2016;1;CABRA;25260;4,8;14;6,78;1,032;13,23;4,61;3,3;4,66;2,56
02/07/2016;24;VACA;16380;4;15;6,8;1,03;11,98;3,39;3,09;4,81;2,2
02/07/2016;24;VACA;10520;6;15;6,8;1,03;12,01;3,34;3,14;4,88;2,24
02/07/2016;41;OVEJA;5520;4;20;6,82;1,036;17,39;6,63;5,23;4,83;4,12
02/07/2016;40;CABRA;4540;6;15;6,82;1,032;13,37;4,64;3,28;4,75;2,59
02/07/2016;40;OVEJA;4200;4;19;6,8;1,036;17,74;7,09;4,83;4,9;3,96
02/07/2016;32;VACA;20740;7;15;6,8;1,03;11,9;3,27;3,12;4,78;2,23
02/07/2016;29;VACA;16540;6;15;6,81;1,03;12,22;3,52;3,19;4,86;2,2
02/07/2016;29;VACA;9560;6;15;6,8;1,03;12,19;3,47;3,23;4,82;2,26
02/07/2016;42;OVEJA;6140;6;18;6,78;1,036;17,91;7,07;5,26;4,82;4,18
02/07/2016;42;CABRA;3700;5;13;6,8;1,032;13,18;4,63;3,27;4,69;2,49
02/07/2016;39;OVEJA;7480;5,3;20;6,8;1,036;16,43;5,56;5,25;4,92;4,15
02/07/2016;26;VACA;6300;4;15;6,81;1,03;12,15;3,38;3,19;4,89;2,25
02/07/2016;25;VACA;21820;6;15;6,8;1,03;12,67;3,83;3,26;4,93;2,3
02/07/2016;22;VACA;24380;8;15;6,8;1,03;12,28;3,46;3,19;4,98;2,26
02/07/2016;43;CABRA;2260;7;13;6,82;1,032;13,17;4,55;3,4;4,61;2,57
02/07/2016;43;OVEJA;2220;5,6;20;6,82;1,036;17,77;7,16;5,51;4,45;4,11
02/07/2016;21;VACA;26240;4,5;15;6,8;1,03;12,36;3,45;3,25;4,98;2,29
02/07/2016;38;CABRA;1200;5;14;6,8;1,032;12,9;4,45;3,36;4,45;2,52
02/07/2016;20;VACA;24500;6,5;15;6,8;1,03;12,34;3,56;3,21;4,9;2,3
02/07/2016;46;OVEJA;9500;6;20;6,8;1,036;17,26;6,73;5,07;4,69;3,92
02/07/2016;1;OVEJA;10560;5,5;20;6,8;1,036;15,88;6,18;4,66;4,33;3,5
02/07/2016;23;VACA;24440;6;15;6,8;1,03;12,3;3,54;3,13;4,9;2,24
03/07/2016;40;OVEJA;9980;7;18;6,8;1,036;17,66;6,96;5,09;4,87;4,01
03/07/2016;41;CABRA;8900;4;15;6,8;1,032;12,94;4,37;3,26;4,67;2,5
03/07/2016;32;VACA;26080;4;15;6,8;1,03;12,23;3,62;3,1;4,85;2,18
03/07/2016;26;VACA;6400;4,5;15;6,8;1,03;12,13;3,33;3,21;4,89;2,27
03/07/2016;39;CABRA;1840;7;13;6,8;1,032;13,53;4,85;3,24;4,67;2,51
03/07/2016;39;OVEJA;5200;6;20;6,78;1,036;17,53;7,07;4,83;4,78;3,78
03/07/2016;27;VACA;10240;8,6;15;6,79;1,03;12,12;3,44;3,14;4,85;2,2
03/07/2016;43;CABRA;2860;4;14;6,82;1,032;14,03;5,12;3,66;4,54;2,73
03/07/2016;42;CABRA;3840;6,9;13;6,8;1,032;13,26;4,58;3,4;4,56;2,55
03/07/2016;42;OVEJA;6380;7,6;20;6,8;1,036;17,9;7,38;4,89;4,7;3,87
03/07/2016;38;CABRA;8120;5;13;6,82;1,032;13,32;4,71;3,24;4,63;2,47
03/07/2016;38;OVEJA;3300;6;20;6,82;1,036;16,55;6,01;5,15;4,72;3,98
03/07/2016;25;VACA;24340;6,6;15;6,8;1,03;12,86;3,88;3,32;4,98;2,36
03/07/2016;37;CABRA;2440;6;14;6,8;1,032;13,42;4,74;3,43;4,6;2,6
03/07/2016;30;VACA;25900;5,8;14;6,84;1,03;12,11;3,27;3,24;4,88;2,28
03/07/2016;1;CABRA;24340;4,4;14;6,78;1,032;13,13;4,55;3,27;4,64;2,46
04/07/2016;23;VACA;23180;7,4;16;6,8;1,03;12,08;3,24;3,19;4,94;2,25
04/07/2016;22;VACA;25380;7;16;6,8;1,03;11,76;3,02;3,17;4,93;2,2
04/07/2016;20;VACA;22460;6,5;15;6,84;1,03;12,3;3,54;3,22;4,87;2,32
04/07/2016;18;VACA;25320;9;15;6,82;1,03;12,2;3,47;3,21;4,9;2,25
04/07/2016;18;VACA;25940;7;15;6,81;1,03;12,52;3,42;3,47;5,07;2,49
04/07/2016;41;OVEJA;5160;7,5;20;6,82;1,036;17,6;6,83;5,19;4,86;4,05
04/07/2016;24;VACA;16900;7,7;15;6,82;1,03;11,9;3,26;3,1;4,86;2,18
04/07/2016;24;VACA;11820;5,2;15;6,82;1,03;12,02;3,28;3,16;4,94;2,24
04/07/2016;40;CABRA;6620;6,5;14;6,78;1,032;18,36;7,3;5,33;4,86;4,08
04/07/2016;40;OVEJA;4620;6,4;20;6,8;1,036;13,19;4,49;3,26;4,74;2,53
04/07/2016;32;VACA;22040;7;15;6,83;1,03;12,15;3,4;3,13;4,92;2,28
04/07/2016;26;VACA;6420;5,4;15;6,82;1,03;12,72;4,01;3,16;4,81;2,21
04/07/2016;42;CABRA;1980;9,4;14;6,82;1,032;12,83;4,39;3,31;4,56;2,49
04/07/2016;42;OVEJA;11300;5,7;19;6,81;1,036;16,89;6,02;5,26;4,87;4,13
04/07/2016;25;VACA;22200;6,1;15;6,78;1,03;12,68;3,83;3,24;4,96;2,32
04/07/2016;38;CABRA;1060;7,1;13;6,86;1,032;12,98;4,51;3,42;4,5;2,59
04/07/2016;18;VACA;24000;7,1;15;6,82;1,03;12,73;3,63;3,45;5,06;2,47
04/07/2016;18;VACA;25400;7;15;6,8;1,03;12,36;3,37;3,4;5;2,43
04/07/2016;36;CABRA;14640;7;14;6,82;1,032;13,07;4,55;3,27;4,6;2,49
05/07/2016;22;VACA;27400;6;151;6,82;1,03;12,15;3,35;3,19;4,95;2,26
05/07/2016;40;OVEJA;5160;6;20;6,8;1,036;17,76;6,92;5,12;4,91;4,03
05/07/2016;41;CABRA;8320;5,3;15;6,83;1,032;12,94;4,38;3,29;4,66;2,51
05/07/2016;32;VACA;26320;3,5;15;6,82;1,03;12,18;3,58;3,09;4,82;2,16
05/07/2016;27;VACA;10460;8,5;15;6,8;1,03;12,13;3,46;3,14;4,83;2,21
05/07/2016;39;CABRA;2100;5,8;13;6,85;1,032;13,43;4,76;3,34;4,6;2,57
05/07/2016;39;OVEJA;3340;5,2;18;6,85;1,036;17,58;6,94;5,1;4,75;3,98
05/07/2016;42;OVEJA;6420;4,5;20;6,8;1,036;17,87;7,19;5,01;4,8;3,95
05/07/2016;42;CABRA;4780;4,7;13;6,85;1,032;13,09;4,57;3,22;4,69;2,42
05/07/2016;25;VACA;24380;5,8;15;6,8;1,03;12,76;3,82;3,28;4,98;2,35
05/07/2016;37;CABRA;2840;8;14;6,8;1,032;13,29;4,74;3,35;4,6;2,55
05/07/2016;24;VACA;15940;6;15;6,82;1,03;12,08;3,51;3,09;4,77;2,19
05/07/2016;43;CABRA;2460;7,3;14;6,84;1,032;13;4,52;3,34;4,57;2,53
05/07/2016;43;OVEJA;2500;5,5;19;6,83;1,036;18,19;7,2;5,63;4,71;4,28
05/07/2016;38;CABRA;8500;7;14;6,82;1,032;13,21;4,67;3,19;4,65;2,43
05/07/2016;38;OVEJA;3100;6;20;6,78;1,036;16,62;6,1;5,11;4,71;3,94
05/07/2016;26;VACA;6420;5,6;15;6,8;1,03;12,11;3,36;3,17;4,86;2,23
05/07/2016;1;CABRA;21160;5;14;6,82;1,032;13,15;4,49;3,3;4,72;2,53
05/07/2016;18;VACA;24700;7;15;6,82;1,03;12,53;3,49;3,39;5,07;2,42
06/07/2016;22;VACA;25500;6;16;6,8;1,03;12,27;3,49;3,19;4,95;2,27
06/07/2016;26;VACA;6620;7,2;15;6,82;1,03;11,95;3,15;3,18;4,96;2,26
06/07/2016;41;OVEJA;2980;6;20;6,8;1,036;17,59;6,79;5,23;4,85;4,08
06/07/2016;24;VACA;13340;7,5;15;6,82;1,03;12,09;3,42;3,12;4,86;NA
06/07/2016;24;VACA;9000;4,8;15;6,82;1,03;12,13;3,39;3,19;4,9;2,27
06/07/2016;32;VACA;22440;6,2;15;6,84;1,03;11,73;3,15;3,1;4,78;2,18
06/07/2016;40;CABRA;5920;6;20;6,78;1,032;13,2;4,49;3,22;4,81;2,58
06/07/2016;40;OVEJA;1620;5,2;14;7,8;1,036;18,63;7,43;5,57;4,76;4,35
06/07/2016;43;CABRA;2740;5,2;14;8,2;1,032;13,97;5,1;3,63;4,61;2,76
06/07/2016;39;OVEJA;7420;6;20;6,78;1,036;16,3;5,49;5,2;4,91;4,1
06/07/2016;42;CABRA;3020;8,5;14;6,8;1,032;13,06;4,47;3,33;4,6;2,52
06/07/2016;42;OVEJA;5980;5;20;6,77;1,036;17,82;6,99;5,32;4,79;4,18
06/07/2016;25;VACA;22700;4,8;15;6,82;1,03;12,58;3,75;3,23;4,96;2,35
06/07/2016;38;CABRA;1180;7,5;14;6,8;1,032;12,65;4,22;3,4;4,52;2,59
06/07/2016;36;CABRA;11980;6;13;6,82;1,032;13,11;4,58;3,23;4,64;2,48
07/07/2016;18;VACA;25500;4,5;15;6,82;1,03;12,13;3,39;3,25;4,91;2,27
07/07/2016;22;VACA;24280;6;15;6,79;1,03;12,16;3,4;3,18;4,93;2,22
07/07/2016;41;CABRA;8680;5,4;13;6,8;1,032;12,88;4,32;3,27;4,66;2,47
07/07/2016;40;OVEJA;8360;6,3;19;6,84;1,036;17,75;7,04;5,14;4,84;4,05
07/07/2016;32;VACA;25400;4,5;15;8,5;1,03;12;3,23;3,24;4,84;2,3
07/07/2016;27;VACA;10920;8,3;16;6,82;1,03;12,1;3,45;3,16;4,85;2,22
07/07/2016;42;OVEJA;6240;5,1;20;6,8;1,036;17,71;7,21;4,83;4,78;3,85
07/07/2016;42;CABRA;4800;5,8;14;6,85;1,032;12,96;4,44;3,31;4,66;2,49
07/07/2016;39;CABRA;1780;7;13;6,85;1,032;13,43;4,79;3,27;4,68;2,52
07/07/2016;39;OVEJA;4980;5;18;6,85;1,036;17,65;7,09;4,94;4,82;3,88
07/07/2016;26;VACA;6460;4,8;15;6,84;1,03;12,13;3,4;3,19;4,89;2,24
07/07/2016;18;VACA;25000;7;15;6,8;1,03;12,56;3,57;3,42;5,02;2,44
07/07/2016;25;VACA;24220;6,4;15;6,84;1,03;12,78;3,86;3,29;4,99;2,37
07/07/2016;37;CABRA;2600;7;14;6,85;1,032;13,26;4,73;3,39;4,57;2,56
07/07/2016;38;CABRA;8460;4,9;13;6,85;1,032;13,28;4,74;3,21;4,67;2,45
07/07/2016;38;OVEJA;3100;4,6;20;6,82;1,036;16,72;6,17;5,15;4,76;3,97
07/07/2016;32;VACA;1380;4,2;15;6,82;1,03;12,13;3,53;3,11;4,9;2,19
07/07/2016;18;VACA;24700;7;15;6,82;1,03;12,62;3,59;3,4;5,06;2,43
07/07/2016;1;CABRA;21960;5;14;6,82;1,032;13,18;4,64;3,28;4,65;2,5
08/07/2016;1;CABRA;25840;3,5;13;6,84;1,032;13,2;4,65;3,27;4,63;2,45
08/07/2016;18;VACA;25160;7;15;6,84;1,03;11,99;3,28;3,25;4,91;2,27
08/07/2016;24;VACA;15840;7;15;6,84;1,03;12,39;3,81;3,07;4,79;2,13
08/07/2016;24;VACA;12160;6;15;6,84;1,03;12,05;3,32;3,11;4,96;2,19
08/07/2016;41;OVEJA;4960;5,3;20;6,78;1,036;17,56;6,85;5,16;4,84;4,06
08/07/2016;40;OVEJA;4440;6,6;20;6,82;1,036;18,53;7,72;4,99;4,83;4,1
08/07/2016;40;CABRA;5400;6,8;14;6,8;1,032;13,33;4,61;3,27;4,76;2,58
08/07/2016;32;VACA;23040;6,5;16;6,82;1,03;11,77;3,15;3,11;4,84;2,15
08/07/2016;26;VACA;6301;6,5;15;6,82;1,03;12,09;3,33;3,19;4,88;2,25
08/07/2016;42;CABRA;3780;6,4;14;6,85;1,032;13,1;4,53;3,35;4,6;2,51
08/07/2016;42;OVEJA;11200;5,4;20;6,83;1,036;16,83;5,99;5,2;4,89;4,09
08/07/2016;1;CABRA;25280;3,8;14;6,8;1,032;13,32;4,71;3,3;4,67;2,49
08/07/2016;25;VACA;23100;4,6;15;6,82;1,03;12,39;3,72;3,19;4,85;2,25
08/07/2016;38;CABRA;1080;7;14;6,85;1,032;12,92;4,47;3,4;4,49;2,55
08/07/2016;43;CABRA;2360;8;14;6,8;1,032;13,08;4,6;3,32;4,58;2,54
08/07/2016;43;OVEJA;2780;5,6;20;6,77;1,036;17,81;7,14;5,42;4,58;4,15
08/07/2016;1;CABRA;25960;4,3;14;6,85;1,032;13,31;4,69;3,29;4,67;2,49
08/07/2016;36;CABRA;15440;8;13;6,8;1,032;13,16;4,61;3,25;4,64;2,46
08/07/2016;18;VACA;24320;4;15;6,82;1,03;12,2;3,49;3,23;4,91;2,23
09/07/2016;18;VACA;23780;8,7;15;8,1;1,03;12,65;3,66;3,41;5;2,43
09/07/2016;40;OVEJA;9100;5,2;20;6,81;1,036;17,87;7,02;5,27;4,84;4,13
09/07/2016;41;CABRA;8600;5,2;14;6,85;1,032;12,77;4,22;3,25;4,67;2,5
09/07/2016;29;VACA;26860;5,8;15;8,2;1,03;12,1;3,42;3,17;4,82;2,24
09/07/2016;24;VACA;15700;5,8;15;6,82;1,03;12,2;3,58;3,09;4,81;2,18
09/07/2016;24;VACA;6160;6,6;15;6,81;1,03;11,71;3,22;3,06;4,85;2,11
09/07/2016;26;VACA;6240;5;15;6,79;1,03;12,11;3,38;3,19;4,87;2,25
09/07/2016;18;VACA;24960;8,7;15;8,2;1,03;12,41;3,59;3,28;5;2,32
09/07/2016;32;VACA;25900;3,7;15;8,2;1,03;12,2;3,59;3,09;4,89;2,14
09/07/2016;39;CABRA;2100;5,8;13;6,8;1,032;13,49;4,82;3,32;4,61;2,56
09/07/2016;39;OVEJA;4820;4,8;20;6,82;1,036;17,69;7,1;4,91;4,83;3,89
09/07/2016;27;VACA;9980;8,5;15;6,8;1,03;12,18;3,5;3,15;4,87;2,2
09/07/2016;43;CABRA;2560;5,5;14;8,4;1,032;13,97;5,1;3,68;4,58;2,74
09/07/2016;38;CABRA;8380;6;13;6,86;1,032;13,24;4,73;3,17;4,64;2,44
09/07/2016;38;OVEJA;3040;5;20;6,74;1,036;16,82;6,23;5,16;4,75;4,02
09/07/2016;25;VACA;23860;6,5;15;6,8;1,03;12,69;3,74;3,3;4,98;2,38
09/07/2016;22;VACA;22500;6,5;15;6,83;1,03;12,18;3,37;3,18;4,95;2,25
09/07/2016;23;VACA;22580;8,1;15;6,82;1,03;12,23;3,35;3,18;5;2,26
09/07/2016;42;CABRA;3300;6;14;8;1,032;12,74;4,21;3,31;4,58;2,53
09/07/2016;42;OVEJA;6500;5;20;6,82;1,036;17,96;7,24;5,07;4,79;4,02
09/07/2016;21;VACA;25860;4,5;15;8,2;1,03;12,31;3,42;3,22;4,99;2,27
09/07/2016;20;VACA;21960;4,5;15;6,82;1,03;12,35;3,53;3,22;4,91;2,26
09/07/2016;37;CABRA;2840;8,5;14;6,8;1,032;13,19;4,62;3,39;4,6;2,57
09/07/2016;1;CABRA;20060;4;13;6,82;1,032;13,24;4,58;3,32;4,7;2,53
09/07/2016;30;VACA;23400;6;15;6,82;1,03;12,11;3,32;3,23;4,85;2,23
10/07/2016;41;OVEJA;4980;6,5;20;6,8;1,036;17,46;6,75;5,15;4,85;4,02
10/07/2016;40;CABRA;5700;8,5;14;6,83;1,032;13,36;4,66;3,27;4,75;2,54
10/07/2016;40;OVEJA;4520;8,5;20;6,79;1,036;18,35;7,55;5,02;4,88;4,06
10/07/2016;32;VACA;21300;5,2;15;6,81;1,03;11,78;3,16;3,11;4,82;2,2
10/07/2016;26;VACA;6480;5;15;6,82;1,03;12,14;3,38;3,2;4,89;2,25
10/07/2016;39;OVEJA;7300;5,8;20;8;1,036;16,26;5,48;5,12;4,94;4,04
10/07/2016;42;OVEJA;5580;6;20;6,8;1,036;18;7,06;5,36;4,8;4,25
10/07/2016;42;CABRA;4660;4;13;6,86;1,032;12,79;4,32;3,27;4,66;2,45
10/07/2016;25;VACA;22580;6,2;15;6,8;1,03;12,52;3,7;3,24;4,94;2,3
10/07/2016;38;CABRA;1040;7;14;6,8;1,032;12,84;4,39;3,4;4,5;2,6
11/07/2016;22;VACA;26140;7;16;6,82;1,03;12,22;3,44;3,17;4,99;2,28
11/07/2016;23;VACA;24700;7;16;6,84;1,03;12,18;3,47;3,1;4,87;2,21
11/07/2016;20;VACA;23720;7;16;6,84;1,03;12,23;3,54;3,17;4,86;2,27
11/07/2016;24;VACA;16480;5,6;14;6,86;1,03;12,08;3,42;3,11;4,89;2,2
11/07/2016;24;VACA;8860;5,4;14;6,85;1,03;11,7;3,09;3,1;4,95;2,17
11/07/2016;40;OVEJA;9580;7,4;18;6,82;1,036;17,75;7;5,15;4,84;4,06
11/07/2016;41;CABRA;8540;6,2;14;6,8;1,032;12,61;4,12;3,25;4,68;2,52
11/07/2016;32;VACA;26060;3,5;15;6,79;1,03;12,04;3,54;3,06;4,85;2,15
11/07/2016;27;VACA;11100;8,4;15;6,83;1,03;12,14;3,52;3,1;4,86;2,23
11/07/2016;39;CABRA;1840;6;14;6,82;1,032;13,41;4,79;3,2;4,69;2,51
11/07/2016;39;OVEJA;4860;5,3;18;6,82;1,036;17,55;7,07;4,84;4,82;3,83
11/07/2016;26;VACA;6300;5,2;16;6,76;1,03;12,06;3,36;3,16;4,87;2,2
11/07/2016;25;VACA;24320;6,5;16;6,77;1,03;12,74;3,83;3,28;4,97;2,37
11/07/2016;42;CABRA;3380;8;14;6,85;1,032;13,21;4,66;3,32;4,58;2,52
11/07/2016;42;OVEJA;6200;6;19;6,82;1,036;17,7;7,19;4,8;4,8;3,85
11/07/2016;43;CABRA;2440;7,4;14;6,85;1,032;13,02;4,59;3,3;4,57;2,52
11/07/2016;43;OVEJA;1940;6;19;6,79;1,036;18,19;7,36;5,55;4,62;4,27
11/07/2016;37;CABRA;2380;8;14;6,85;1,032;13,16;4,71;3,37;4,51;2,56
11/07/2016;18;VACA;25300;5,3;15;6,81;1,03;12,56;3,82;3,21;4,89;2,3
11/07/2016;18;VACA;25900;7;15;6,83;1,03;12,53;3,56;3,4;5,03;2,43
11/07/2016;38;CABRA;8360;6;13;6,85;1,032;13,28;4,74;3,23;4,65;2,49
11/07/2016;38;OVEJA;2900;5,2;19;6,8;1,036;16,58;6,12;5,05;4,73;3,95
11/07/2016;36;CABRA;13680;5,8;14;6,8;1,032;12,85;4,42;3,22;4,6;2,44
11/07/2016;1;CABRA;20340;5,5;14;6,82;1,032;13,29;4,71;3,3;4,63;2,52
12/07/2016;18;VACA;25040;7,2;15;6,82;1,03;12,6;3,6;3,41;5,05;2,43
12/07/2016;20;VACA;22560;6;16;6,82;1,03;12,31;3,44;3,2;4,88;2,29
12/07/2016;22;VACA;26180;6,7;16;6,84;1,03;12,25;3,46;3,16;5,01;2,25
12/07/2016;18;VACA;25220;5;6,82;15;1,03;12,18;3,53;3,19;4,87;2,24
12/07/2016;18;VACA;25060;6;15;6,82;1,03;12,16;3,34;3,34;4,95;2,34
12/07/2016;1;CABRA;24980;6;14;6,82;1,032;13,27;4,66;3,28;4,67;2,5
12/07/2016;41;OVEJA;1900;7;18;6,82;1,036;17,61;6,87;5,13;4,87;4,05
12/07/2016;40;CABRA;5660;6;14;6,82;1,032;13,34;4,69;3,21;4,74;2,52
12/07/2016;40;OVEJA;4220;7;20;6,82;1,036;17,87;7,18;4,93;4,89;3,97
12/07/2016;32;VACA;20420;8;15;6,82;1,03;11,94;3,33;3,13;4,84;2,2
12/07/2016;43;CABRA;2540;6;14;6,82;1,032;13,77;4,96;3,64;4,57;2,72
12/07/2016;42;CABRA;2100;8,5;14;6,83;1,032;13,24;4,71;3,38;4,55;2,55
12/07/2016;42;OVEJA;11460;6;19;6,78;1,036;16,76;6,04;5,12;4,86;4,03
12/07/2016;24;VACA;16860;4,6;15;6,84;1,03;12,24;3,54;3,09;4,91;2,21
12/07/2016;25;VACA;21660;6;15;6,82;1,03;12,56;3,76;3,23;4,96;2,33
12/07/2016;26;VACA;6420;6,5;15;6,8;1,03;12,16;3,44;3,16;4,88;2,24
12/07/2016;38;CABRA;1220;6;14;6,85;1,032;12,68;4,31;3,36;4,5;2,55
12/07/2016;18;VACA;24900;6,6;15;6,8;1,03;12,57;3,55;3,43;5,06;2,43
12/07/2016;18;VACA;25660;7;15;6,8;1,03;12,21;3,52;3,22;4,89;2,2
12/07/2016;1;CABRA;25660;5;14;6,82;1,032;13,1;4,52;3,46;4,53;2,56
13/07/2016;21;VACA;26620;4;15;6,8;1,03;12,18;3,45;3,15;4,93;2,25
13/07/2016;22;VACA;25420;6;16;6,84;1,03;12,25;3,49;3,15;4,98;2,27
13/07/2016;23;VACA;24900;4;15;6,8;1,03;12,09;3,37;3,11;4,93;2,22
13/07/2016;40;OVEJA;6000;5,3;18;6,83;1,036;17,93;7,14;5,16;4,82;4,07
13/07/2016;41;CABRA;8660;5;14;6,82;1,032;12,72;4,2;3,24;4,67;2,5
13/07/2016;24;VACA;17020;7;15;6,85;1,03;12,08;3,53;3,07;4,79;2,17
13/07/2016;24;VACA;3920;7,6;15;6,86;1,03;11,4;2,96;3,05;4,84;2,12
13/07/2016;32;VACA;25360;4,3;15;6,81;1,03;12,14;3,56;3,07;4,91;2,15
13/07/2016;27;VACA;10820;8;15;6,82;1,03;12,18;3,56;3,11;4,89;2,18
13/07/2016;26;VACA;6265;6;15;6,82;1,03;12,07;3,38;3,18;4,8;2,25
13/07/2016;42;OVEJA;5780;6,7;18;6,84;1,036;17,76;7,24;4,76;4,84;3,85
13/07/2016;42;CABRA;3820;5;14;6,82;1,032;12,76;4,34;3,28;4,67;2,45
13/07/2016;39;CABRA;2080;5;14;6,82;1,032;13;4,54;3,24;4,55;2,51
13/07/2016;39;OVEJA;5200;4,5;20;6,82;1,036;17,49;7,01;4,81;4,84;3,82
13/07/2016;18;VACA;26160;5,6;16;6,82;1,03;12,5;3,74;3,23;4,91;2,32
13/07/2016;18;VACA;26440;6;15;6,82;1,03;12,44;3,53;3,34;5,04;2,37
13/07/2016;25;VACA;24120;6;15;6,82;1,03;12,72;3,81;3,29;5,01;2,38
13/07/2016;37;CABRA;2760;5;14;6,82;1,032;13,23;4,71;3,35;4,57;2,57
13/07/2016;38;CABRA;8340;6;14;6,82;1,032;13,2;4,65;3,18;4,66;2,45
13/07/2016;38;OVEJA;2860;6;20;6,82;1,036;16,85;6,33;5,02;4,77;3,92
13/07/2016;36;CABRA;9640;5;14;6,82;1,032;13,05;4,47;3,13;4,77;2,47
13/07/2016;18;VACA;23480;6;15;6,82;1,03;12,2;3,55;3,19;4,87;2,24
13/07/2016;29;VACA;6794;6;15;6,82;1,03;12,07;3,38;3,18;4,78;2,25
14/07/2016;22;VACA;23860;6;16;6,8;1,03;12,22;3,47;3,18;4,96;2,25
14/07/2016;18;VACA;25780;6,7;15;6,81;1,03;12,56;3,6;3,4;5,02;2,42
14/07/2016;41;OVEJA;4920;5,1;20;6,82;1,036;17,5;6,79;5,17;4,84;4,06
14/07/2016;40;CABRA;5500;5;14;6,82;1,032;13,29;4,66;3,2;4,74;2,49
14/07/2016;40;OVEJA;4260;6,9;19;8,2;1,036;18,08;7,25;5,04;4,91;4,07
14/07/2016;32;VACA;21120;7;15;6,78;1,03;11,66;3,14;3,08;4,79;2,15
14/07/2016;42;CABRA;3160;7,2;14;6,82;1,032;12,89;4,43;3,28;4,55;2,48
14/07/2016;42;OVEJA;4380;6,6;21;6,77;1,036;18,13;7,18;5,46;4,75;4,27
14/07/2016;39;OVEJA;7040;5,8;18;6,81;1,036;16,38;5,64;5,05;4,99;3,98
14/07/2016;26;VACA;6360;5;15;6,84;1,03;12,23;3,47;3,19;4,9;2,22
14/07/2016;18;VACA;26460;6,5;15;6,84;1,03;12,11;3,42;3,12;4,94;2,16
14/07/2016;25;VACA;21740;6,4;15;6,81;1,03;12,51;3,71;3,25;4,9;2,34
14/07/2016;43;CABRA;2440;6;14;6,81;1,032;13,01;4,53;3,34;4,56;2,54
14/07/2016;43;OVEJA;2260;6,5;15;6,82;1,036;18,11;7,16;5,53;4,72;4,28
14/07/2016;18;VACA;25240;6;15;8,3;1,03;12,42;3,44;3,38;5,04;2,37
14/07/2016;18;VACA;25420;6;15;6,8;1,03;12,24;3,44;3,28;4,94;2,27
14/07/2016;38;CABRA;1160;5;14;6,8;1,032;12,88;4,44;3,44;4,46;2,58
14/07/2016;18;VACA;24920;5,8;15;6,82;1,03;12,13;3,35;3,23;4,91;2,24
15/07/2016;22;VACA;24260;6;16;6,84;1,03;12,13;3,43;3,17;4,88;2,25
15/07/2016;23;VACA;25960;5;16;6,85;1,03;11,92;3,38;3,08;4,78;2,14
15/07/2016;40;OVEJA;9040;5,3;20;6,82;1,036;17,86;7,07;5,26;4,82;4,14
15/07/2016;24;VACA;16420;6,9;15;6,8;1,03;12,05;3,41;3,13;4,79;2,21
15/07/2016;24;VACA;13120;5;15;6,85;1,03;11,78;3,15;3,11;4,88;2,16
15/07/2016;41;CABRA;8440;4,5;14;6,84;1,032;12,84;4,32;3,31;4,62;2,53
15/07/2016;27;VACA;10700;7,5;15;6,82;1,03;12;3,46;3,12;4,78;2,16
15/07/2016;32;VACA;25420;2,5;15;6,83;1,03;12,27;3,75;3,09;4,8;2,14
15/07/2016;42;OVEJA;5700;4,6;20;6,82;1,036;17,8;7,23;4,84;4,77;3,92
15/07/2016;42;CABRA;3940;5,1;14;6,85;1,032;12,83;4,34;3,38;4,6;2,54
15/07/2016;43;CABRA;2440;5,4;15;6,84;1,032;13,52;4,79;3,64;4,52;2,74
15/07/2016;39;CABRA;1800;5,5;14;6,85;1,032;13,49;4,88;3,22;4,67;2,5
15/07/2016;39;OVEJA;4780;4,5;18;6,83;1,036;17,6;7,08;4,89;4,79;3,88
15/07/2016;26;VACA;6440;4,9;16;6,8;1,03;12,14;3,39;3,23;4,88;2,25
15/07/2016;25;VACA;24080;6,4;16;6,78;1,03;12,62;3,74;3,32;4,94;2,39
15/07/2016;37;CABRA;2300;6;14;6,83;1,032;13,19;4,75;3,4;4,49;2,56
15/07/2016;1;CABRA;25140;4,2;14;6,82;1,032;12,9;4,51;3,22;4,59;2,43
15/07/2016;38;CABRA;8000;4,7;14;6,8;1,032;13,34;4,75;3,38;4,6;2,55
15/07/2016;38;OVEJA;3020;5;20;6,78;1,036;16,7;6,17;5,14;4,7;3,98
15/07/2016;1;CABRA;21140;4,4;14;6,81;1,032;13,1;4,58;3,26;4,63;2,48
15/07/2016;36;CABRA;15700;6;14;6,8;1,032;13,08;4,52;3,2;4,7;2,43
16/07/2016;41;OVEJA;4400;5,4;20;6,83;1,036;17,67;6,93;5,25;4,79;4,08
16/07/2016;40;CABRA;5440;8;15;6,83;1,032;13,28;4,65;3,21;4,71;2,49
16/07/2016;40;OVEJA;4360;7;19;6,8;1,036;18,33;7,57;5,02;4,79;4,07
17/07/2016;24;VACA;15960;8,4;15;6,83;1,03;11,82;3,31;3,08;4,74;2,13
17/07/2016;24;VACA;8500;8;15;6,84;1,03;10,59;2;3,16;4,93;2,18
17/07/2016;29;VACA;27920;6,4;15;6,83;1,03;12,01;3,4;3,18;4,77;2,22
17/07/2016;26;VACA;6460;5,7;15;6,82;1,03;12,14;3,39;3,2;4,87;2,23
17/07/2016;32;VACA;21840;8,5;15;6,8;1,03;11,45;2,84;3,14;4,82;2,21
17/07/2016;42;CABRA;2440;6;13;6,85;1,032;12,5;4,13;3,27;4,53;2,45
17/07/2016;42;OVEJA;11680;5,7;20;6,8;1,036;17,24;6,44;5,21;4,86;4,09
17/07/2016;21;VACA;25800;5,7;15;6,8;1,03;12,18;3,36;3,22;4,92;2,29
17/07/2016;25;VACA;22480;6,6;15;6,8;1,03;12,37;3,58;3,25;4,89;2,35
17/07/2016;22;VACA;22260;6,4;15;6,8;1,03;12,22;3,41;3,2;4,91;2,28
17/07/2016;20;VACA;23780;7;15;6,78;1,03;11,89;3,11;3,25;4,86;2,33
17/07/2016;38;CABRA;1020;5;14;6,83;1,032;12,73;4,32;3,37;4,46;2,53
17/07/2016;40;OVEJA;9280;7;21;6,85;1,036;18,02;7,21;5,25;4,81;4,12
17/07/2016;41;CABRA;8160;4,5;14;6,86;1,032;12,73;4,22;3,28;4,62;2,49
17/07/2016;26;VACA;6380;4,7;15;6,8;1,03;12,12;3,42;3,17;4,86;2,19
17/07/2016;30;VACA;23820;5,3;15;6,83;1,03;12,04;3,35;3,24;4,81;2,22
17/07/2016;27;VACA;11080;8,2;15;6,81;1,03;11,33;3,23;2,97;4,49;1,95
17/07/2016;32;VACA;25680;3;15;6,8;1,03;12,04;3,47;3,12;4,81;2,16
17/07/2016;39;CABRA;1960;6;13;6,85;1,032;13,25;4,71;3,28;4,55;2,51
17/07/2016;39;OVEJA;4860;4,9;18;6,85;1,036;17,87;7,26;4,99;4,8;3,94
17/07/2016;38;CABRA;6640;5;14;6,82;1,032;13,52;4,9;3,54;4,5;2,62
17/07/2016;38;OVEJA;2800;6;20;6,8;1,036;16,73;6,32;5,06;4,67;3,94
17/07/2016;39;OVEJA;2620;4;20;6,82;1,036;17,67;7;4,99;4,8;4
17/07/2016;25;VACA;24080;6,45;15;6,8;1,03;12,72;3,83;3,31;4,91;2,37
17/07/2016;43;CABRA;2300;7;14;6,85;1,032;12,95;4,56;3,32;4,52;2,52
17/07/2016;43;OVEJA;2560;5;19;6,84;1,036;17,42;6,92;5,37;4,47;4,07
17/07/2016;37;CABRA;2800;8;14;6,83;1,032;13,19;4,73;3,37;4,52;2,54
18/07/2016;1;CABRA;22140;5;14;6,84;1,032;13,16;4,62;3,28;4,63;2,51
18/07/2016;18;VACA;26480;8;15;6,82;1,03;11,94;3,23;3,24;4,8;2,22
18/07/2016;41;OVEJA;4500;6;18;6,8;1,036;17,77;7,06;5,26;4,76;4,12
18/07/2016;40;CABRA;5340;6;18;6,8;1,032;13,38;4,73;3,24;4,74;2,53
18/07/2016;40;OVEJA;4260;6,7;20;8;1,036;18,87;7,95;5,31;4,72;4,24
18/07/2016;32;VACA;21800;6;18;6,82;1,03;11,57;2,97;3,15;4,8;2,18
18/07/2016;43;CABRA;3440;6,8;13;6,8;1,032;13,7;4,93;3,66;4,53;2,76
18/07/2016;42;CABRA;3800;7,7;13;6,82;1,032;13,16;4,57;3,37;4,58;2,56
18/07/2016;42;OVEJA;4600;6,9;20;6,8;1,036;18,38;7,46;5,48;4,71;4,34
18/07/2016;24;VACA;17020;6,9;15;6,84;1,03;11,74;3,21;3,07;4,76;2,12
18/07/2016;24;VACA;8980;5,7;15;6,84;1,03;11,49;2,94;3,12;4,81;2,16
18/07/2016;38;CABRA;1120;6,8;14;6,83;1,032;12,66;4,26;3,39;4,49;2,55
18/07/2016;25;VACA;23200;7,3;15;6,8;1,03;12,42;3,63;3,25;4,89;2,29
18/07/2016;1;OVEJA;16700;4,8;20;6,8;1,036;16,82;6,47;4,87;4,69;3,81
18/07/2016;46;OVEJA;8920;6,7;21;6,77;1,036;17,25;6,69;5,11;4,67;4,02
18/07/2016;18;VACA;25220;6,9;15;6,8;1,03;12,44;3,4;3,43;5;2,4
18/07/2016;18;VACA;24980;7;15;6,78;1,03;13,49;3,56;6,74;4,74;2,2
18/07/2016;26;VACA;6200;5,5;15;6,83;1,03;11,95;3,2;3,19;4,88;2,25
18/07/2016;36;CABRA;12860;7;14;6,83;1,032;12,98;4,51;3,27;4,59;2,49
18/07/2016;18;VACA;27520;7,4;15;6,82;1,03;12,41;3,31;3,46;5,01;2,46
18/07/2016;42;CABRA;640;6;15;6,76;1,032;13,05;4,8;3,02;4,16;2,38
18/07/2016;42;OVEJA;6480;6;18;6,8;1,036;18,02;7,55;4,84;4,68;3,88
19/07/2016;18;VACA;25660;4,8;15;6,82;1,03;11,9;3,2;3,28;4,8;2,25
19/07/2016;29;VACA;14040;6,5;15;6,82;1,03;11,9;3,29;3,24;4,68;2,31
19/07/2016;29;VACA;9760;6,5;15;6,8;1,03;12,09;3,5;3,16;4,65;2,22
19/07/2016;18;VACA;25040;7;15;6,8;1,03;12,34;3,39;3,44;4,91;2,43
19/07/2016;40;OVEJA;6960;6;18;8;1,036;18,62;7,8;5,24;4,74;4,18
19/07/2016;41;CABRA;8260;7;13;6,8;1,032;12,76;4,27;3,28;4,63;2,5
19/07/2016;32;VACA;26320;3,8;15;6,8;1,03;12,03;3,49;3,1;4,84;2,17
19/07/2016;27;VACA;11540;8,8;15;6,81;1,03;12;3,4;3,13;4,82;2,17
19/07/2016;39;CABRA;1740;5;13;6,8;1,032;13,4;4,77;3,29;4,65;2,56
19/07/2016;39;OVEJA;2880;4,9;20;6,82;1,036;17,69;7,17;5,04;4,71;3,97
19/07/2016;42;CABRA;5880;6;13;6,8;1,032;13,13;4,65;3,38;4,58;2,51
19/07/2016;42;OVEJA;4820;4,6;20;6,8;1,036;17,96;7,45;4,82;4,72;3,87
19/07/2016;39;OVEJA;6780;4,7;20;6,8;1,036;16,37;5,69;5,04;4,91;3,96
19/07/2016;26;VACA;6220;5,3;15;6,8;1,03;12,12;3,42;3,16;4,88;2,22
19/07/2016;25;VACA;24580;6;16;6,77;1,03;12,62;3,72;3,29;4,92;2,37
19/07/2016;37;CABRA;2220;8;13;6,86;1,032;13,18;4,75;3,4;4,49;2,54
19/07/2016;24;VACA;14640;4,6;15;6,82;1,03;12,11;3,53;3,05;4,78;2,11
19/07/2016;38;CABRA;7620;6,3;13;6,86;1,032;13,42;4,78;3,44;4,57;2,57
19/07/2016;38;OVEJA;2720;5,2;20;6,79;1,036;17,09;6,67;5,02;4,67;3,88
19/07/2016;1;CABRA;24020;4,5;13;6,84;1,032;13,31;4,76;3,31;4,6;2,51
19/07/2016;18;VACA;25480;7,5;15;6,81;1,03;11,5;3,16;3,21;4,52;2,12
19/07/2016;18;VACA;26040;7,2;15;6,8;1,03;12,43;3,34;3,48;5;2,48
20/07/2016;41;OVEJA;1840;6;20;6,86;1,036;17,85;7,07;5,28;4,78;4,15
20/07/2016;40;CABRA;5500;7;14;6,84;1,032;13,4;4,77;3,25;4,69;2,53
20/07/2016;40;OVEJA;3800;6;20;6,84;1,036;18,54;7,84;5,01;4,71;4,05
20/07/2016;26;VACA;6020;5;15;6,84;1,03;11,93;3,3;3,12;4,8;2,17
20/07/2016;24;VACA;15740;7;15;6,82;1,03;11,76;3,21;3,05;4,77;2,13
20/07/2016;24;VACA;5920;6;15;6,82;1,03;11,79;3,08;3,19;4,89;2,2
20/07/2016;32;VACA;22200;7,5;15;6,8;1,03;11,62;3,02;3,12;4,76;2,16
20/07/2016;42;CABRA;2420;6;14;6,83;1,032;12,8;4,38;3,36;4,52;2,5
20/07/2016;42;OVEJA;11300;5,6;20;6,8;1,036;16,81;6,43;4,98;4,65;3,86
20/07/2016;38;CABRA;1140;8;13;6,82;1,032;12,78;4,43;3,39;4,42;2,57
20/07/2016;25;VACA;21340;6,5;15;6,81;1,03;12,47;3,66;3,24;4,89;2,3
20/07/2016;43;CABRA;2200;8;14;8;1,032;12,99;4,58;3,3;4,53;2,53
20/07/2016;43;OVEJA;2460;5,5;20;8,3;1,036;17,93;7,04;5,52;4,66;4,27
20/07/2016;18;VACA;25100;8,5;16;7,9;1,03;12,41;3,35;3,44;4,98;2,45
20/07/2016;18;VACA;25560;7;15;6,84;1,03;12,42;3,38;3,42;4,99;2,41
20/07/2016;36;CABRA;10920;8;14;6,82;1,032;13;4,5;3,18;4,65;2,48
20/07/2016;18;VACA;25280;7,6;15;6,82;1,03;11,73;3,28;3,18;4,64;2,11
21/07/2016;40;OVEJA;8500;6;19;7,6;1,036;17,95;7,21;5,22;4,75;4,08
21/07/2016;41;CABRA;8260;6;14;8,3;1,032;12,56;4,11;3,22;4,63;2,45
21/07/2016;27;VACA;11360;8,4;15;6,82;1,03;12,07;3,44;3,11;4,82;2,17
21/07/2016;32;VACA;26380;2,2;14;8,6;1,03;12,04;3,49;3,08;4,85;2,15
21/07/2016;39;CABRA;1860;5,6;13;8,6;1,032;13,41;4,73;3,36;4,62;2,6
21/07/2016;39;OVEJA;4820;4;19;8,4;1,036;17,73;7,18;4,98;4,78;3,92
21/07/2016;26;VACA;6380;6,5;15;6,84;1,03;12,07;3,41;3,14;4,84;2,18
21/07/2016;43;CABRA;2260;6;14;6,84;1,032;13,62;4,9;3,6;4,53;2,7
21/07/2016;42;CABRA;3020;7,5;14;6,85;1,032;13;4,53;3,29;4,53;2,48
21/07/2016;42;OVEJA;5940;5;20;6,83;1,036;17,71;7,25;4,81;4,71;3,82
21/07/2016;38;CABRA;7360;6;14;6,83;1,032;13,37;4,74;3,44;4,55;2,56
21/07/2016;38;OVEJA;2640;4;20;6,8;1,036;16,93;6,43;5,12;4,67;3,98
21/07/2016;37;CABRA;2540;8;14;6,82;1,032;13,14;4,69;3,34;4,52;2,54
21/07/2016;25;VACA;24220;6,5;15;6,79;1,03;12,75;3,84;3,27;4,95;2,33
21/07/2016;1;CABRA;25400;4,7;15;6,8;1,032;13,38;4,78;3,36;4,58;2,49
21/07/2016;1;CABRA;21040;5;14;6,82;1,032;13,09;4,61;3,26;4,6;2,49
22/07/2016;18;VACA;25180;8;16;6,8;1,03;12,46;3,42;3,4;4,99;2,41
22/07/2016;18;VACA;25380;7;18;6,81;1,03;11,28;3,12;2,89;4,54;1,93
22/07/2016;40;CABRA;5520;6;14;6,82;1,032;13,3;4,7;3,19;4,69;2,5
22/07/2016;40;OVEJA;4120;6,8;20;6,78;1,036;18,3;7,72;4,88;4,71;3,91
22/07/2016;41;OVEJA;5220;6;18;6,82;1,036;17,66;6,96;5,15;4,8;4,04
22/07/2016;24;VACA;16440;7;15;6,84;1,03;12,27;3,42;3,11;5,04;2,22
22/07/2016;24;VACA;13600;5,3;15;6,82;1,03;12,03;3,31;3,09;4,93;2,16
22/07/2016;32;VACA;22120;6;15;6,78;1,03;11,62;3,1;3,08;4,75;2,13
22/07/2016;26;VACA;6260;5;15;6,81;1,03;12,07;3,39;3,13;4,85;2,18
22/07/2016;39;OVEJA;7320;6;19;6,8;1,036;16,16;5,45;5,09;4,89;3,99
22/07/2016;42;CABRA;5920;6,6;14;6,84;1,032;12,72;4,32;3,25;4,59;2,44
22/07/2016;42;OVEJA;4760;5;20;6,8;1,036;18;7,1;5,41;4,69;4,26
22/07/2016;38;CABRA;1020;4,5;13;6,87;1,032;12,78;4,33;3,45;4,46;2,61
22/07/2016;25;VACA;21600;6;15;6,8;1,03;12,6;3,79;3,24;4,92;2,31
22/07/2016;29;VACA;17500;4;15;6,8;1,03;12,13;3,48;3,26;4,69;2,3
22/07/2016;29;VACA;11360;4;15;6,8;1,03;12,07;3,45;3,16;4,69;2,19
22/07/2016;36;CABRA;15620;7,4;13;6,83;1,032;13,17;4,68;3,16;4,65;2,45
22/07/2016;18;VACA;25400;4;15;6,8;1,03;12,57;3,59;3,44;4,96;2,43
22/07/2016;1;CABRA;25600;3,3;14;6,81;1,032;13,07;4,57;3,43;4,52;2,52
22/07/2016;1;CABRA;25380;4,2;14;6,82;1,032;13,33;4,78;3,31;4,61;2,46
23/07/2016;41;CABRA;7720;6;14;6,86;1,032;12,64;4,2;3,27;4,6;2,52
23/07/2016;40;OVEJA;9180;4;19;6,8;1,036;17,93;7,15;5,29;4,72;4,16
23/07/2016;27;VACA;11260;8;15;6,8;1,03;12,07;3,45;3,12;4,81;2,19
23/07/2016;39;CABRA;1780;6;14;6,8;1,032;13,38;4,74;3,3;4,64;2,57
23/07/2016;39;OVEJA;4580;5;18;6,82;1,036;17,62;7,08;4,92;4,81;3,89
23/07/2016;24;VACA;14920;8;15;6,8;1,03;11,83;3,35;3,04;4,74;2,1
23/07/2016;24;VACA;12020;8;15;6,82;1,03;11,79;3,2;3,1;4,86;2,17
23/07/2016;32;VACA;26640;3,6;15;6,83;1,03;11,99;3,45;3,09;4,88;2,12
23/07/2016;42;CABRA;2660;6;14;6,82;1,032;13,1;4,58;3,37;4,54;2,56
23/07/2016;42;OVEJA;5460;5;20;6,8;1,036;17,98;7,49;4,85;4,71;3,89
23/07/2016;26;VACA;6480;6;15;6,78;1,03;11,94;3,31;3,14;4,83;2,18
23/07/2016;38;CABRA;7400;6;14;6,79;1,032;14,07;5,08;3,88;4,5;2,84
23/07/2016;38;OVEJA;2800;6;20;6,82;1,036;17,15;6,61;5,2;4,63;4,04
23/07/2016;37;CABRA;2340;7;14;6,82;1,032;13,11;4,67;3,38;4,48;2,54
23/07/2016;25;VACA;23660;6,5;15;6,82;1,03;12,69;3,82;3,3;4,93;2,38
23/07/2016;43;CABRA;2220;5;13;6,78;1,032;12,86;4,48;3,3;4,51;2,52
23/07/2016;43;OVEJA;3000;5;20;6,78;1,036;17,58;6,93;5,44;4,57;4,18
23/07/2016;1;CABRA;25100;4;14;6,82;1,032;13,14;4,65;3,27;4,57;2,43
24/07/2016;41;OVEJA;4400;6,3;19;6,83;1,036;17,77;6,96;5,29;4,81;4,14
24/07/2016;26;VACA;6480;4,5;15;6,76;1,03;12;3,33;3,16;4,88;2,2
24/07/2016;40;CABRA;5380;5;14;6,79;1,032;13,38;4,75;3,2;4,71;2,53
24/07/2016;40;OVEJA;3740;5,5;20;6,8;1,036;18,68;8,01;5,03;4,68;4,03
24/07/2016;32;VACA;21240;6,5;16;6,79;1,03;11,62;3,08;3,13;4,71;2,18
24/07/2016;43;CABRA;2240;6;14;6,84;1,032;13,52;4,86;3,59;4,48;2,7
24/07/2016;38;CABRA;1120;6;14;6,82;1,032;12,79;4,43;3,46;4,38;2,59
24/07/2016;42;CABRA;1280;6;14;6,82;1,032;12,93;4,39;3,47;4,55;2,6
24/07/2016;42;OVEJA;11060;5;20;6,82;1,036;17,01;6,19;5,27;4,82;4,12
24/07/2016;25;VACA;21560;5;16;6,79;1,03;12,47;3,69;3,26;4,87;2,34
25/07/2016;20;VACA;23220;5;16;6,82;1,03;12,15;3,49;3,18;4,81;2,28
25/07/2016;22;VACA;25500;5;15;6,81;1,03;12,01;3,4;3,12;4,83;2,2
25/07/2016;23;VACA;21800;5;16;6,8;1,03;12,18;3,49;3,12;4,86;2,26
25/07/2016;21;VACA;26960;5;15;6,82;1,03;12,13;3,34;3,2;4,92;2,28
25/07/2016;40;OVEJA;8540;6;18;6,82;1,036;18,09;7,27;5,28;4,77;4,14
25/07/2016;24;VACA;16640;6;15;6,8;1,03;11,83;3,29;3,06;4,79;2,12
25/07/2016;24;VACA;12640;6;16;6,8;1,03;11,81;3,15;3,11;4,89;2,2
25/07/2016;41;CABRA;7920;6;14;6,82;1,032;12,67;4,2;3,26;4,61;2,49
25/07/2016;26;VACA;6480;6;15;6,8;1,03;12,04;3,34;3,17;4,88;2,23
25/07/2016;39;CABRA;1980;5;13;6,8;1,032;13,26;4,67;3,32;4,59;2,58
25/07/2016;39;OVEJA;4400;5;18;6,82;1,036;17,6;7;4,97;4,79;3,93
25/07/2016;27;VACA;10520;6;16;6,8;1,03;11,89;3,31;3,1;4,79;2,19
25/07/2016;32;VACA;27080;5;15;6,8;1,03;12,04;3,39;3,17;4,87;2,22
25/07/2016;25;VACA;23740;5;15;6,8;1,03;12,63;3,73;3,3;4,96;2,4
25/07/2016;42;OVEJA;5700;7;18;6,82;1,036;17,68;7,09;4,89;4,7;3,88
25/07/2016;42;CABRA;4640;5;15;6,8;1,032;12,86;4,36;3,29;4,62;2,49
25/07/2016;37;CABRA;2560;5;14;6,82;1,032;13,12;4,64;3,38;4,47;2,56
25/07/2016;38;CABRA;8280;5;14;6,82;1,032;14,52;5,17;4,28;4,41;3,1
25/07/2016;38;OVEJA;2980;5;20;6,82;1,036;17,19;6,59;5,22;4,63;4,03
25/07/2016;18;VACA;25100;6,8;15;6,82;1,03;12,4;3,43;3,41;4,96;2,4
25/07/2016;1;CABRA;19680;5;14;6,78;1,032;13,01;4,56;3,25;4,6;2,48
25/07/2016;36;CABRA;13080;7;14;6,8;1,032;13;4,52;3,25;4,61;2,47
26/07/2016;23;VACA;24480;6,2;15;6,82;1,03;12,09;3,35;3,14;4,9;2,24
26/07/2016;20;VACA;22200;6,3;15;6,84;1,03;12,19;3,44;3,24;4,83;2,32
26/07/2016;22;VACA;21260;6,4;15;6,83;1,03;12,28;3,48;3,2;4,9;2,3
26/07/2016;21;VACA;24240;4,6;15;6,84;1,03;12,22;3,41;3,2;4,89;2,3
26/07/2016;18;VACA;25060;8;15;6,8;1,03;12,03;3,21;3,27;4,89;2,33
26/07/2016;41;OVEJA;1740;5;19;6,83;1,036;18,1;7,22;5,4;4,83;4,22
26/07/2016;40;CABRA;5220;7,3;14;6,8;1,032;13,52;4,83;3,28;4,71;2,55
26/07/2016;40;OVEJA;3720;5,7;20;6,8;1,036;18,6;7,87;5,02;4,73;4,05
26/07/2016;32;VACA;21740;6,8;15;6,8;1,03;11,75;3,12;3,16;4,75;2,23
26/07/2016;26;VACA;6700;5;15;6,8;1,03;11,94;3,31;3,14;4,86;2,18
26/07/2016;24;VACA;16660;4,7;15;6,8;1,03;11,99;3,39;3,05;4,83;2,16
26/07/2016;39;OVEJA;12300;4,8;18;6,84;1,036;16,54;5,83;5,1;4,83;4
26/07/2016;42;CABRA;3500;8;13;6,82;1,032;12,99;4,53;3,3;4,52;2,5
26/07/2016;42;OVEJA;5220;7,4;20;6,8;1,036;18,15;7,16;5,55;4,68;4,36
26/07/2016;43;OVEJA;2260;6;18;6,8;1,036;18,03;7,2;5,59;4,56;4,27
26/07/2016;43;CABRA;2240;4;15;6,8;1,032;13,06;4,61;3,41;4,47;2,57
26/07/2016;25;VACA;21560;5;15;6,78;1,03;12,56;3,72;3,25;4,92;2,33
26/07/2016;1;OVEJA;16380;7;18;6,78;1,036;16,77;6,5;4,85;4,64;3,81
26/07/2016;46;OVEJA;8660;5;18;6,78;1,036;17,19;6,69;5,1;4,65;3,96
26/07/2016;38;CABRA;1080;8;14;6,82;1,032;12,61;4,22;3,44;4,4;2,54
27/07/2016;22;VACA;25960;6,3;15;6,83;1,03;11,96;3,25;3,15;4,9;2,21
27/07/2016;20;VACA;23140;6,1;15;6,84;1,03;12,03;3,43;3,17;4,78;2,21
27/07/2016;21;VACA;26920;4,7;15;6,83;1,03;12,14;3,35;3,21;4,92;2,25
27/07/2016;23;VACA;20280;6,3;15;6,82;1,03;12,12;3,4;3,13;4,89;2,22
27/07/2016;40;OVEJA;7400;6,4;19;6,83;1,036;18,33;7,42;5,37;4,76;4,2
27/07/2016;41;CABRA;7620;8;14;6,84;1,032;12,47;4,05;3,25;4,58;2,47
27/07/2016;43;CABRA;2080;6,6;13;6,84;1,032;13,58;4,83;3,62;4,52;2,71
27/07/2016;24;VACA;16420;8;15;6,8;1,03;11,71;3,13;3,09;4,81;2,13
27/07/2016;24;VACA;6200;6,8;15;6,8;1,03;12;3,18;3,22;4,99;2,25
27/07/2016;26;VACA;6520;6,8;15;6,8;1,03;11,85;3,22;3,13;4,84;2,19
27/07/2016;27;VACA;11200;8,6;15;6,78;1,03;12,06;3,47;3,09;4,8;2,22
27/07/2016;42;OVEJA;5760;6,7;20;6,8;1,036;17,59;7,08;4,84;4,78;3,86
27/07/2016;42;CABRA;3560;6,8;14;6,82;1,032;12,51;4,26;3,18;4,52;2,39
27/07/2016;32;VACA;26120;3,7;15;6,79;1,03;11,61;2,98;3,15;4,95;2,23
27/07/2016;39;OVEJA;4660;4,4;20;6,82;1,036;17,51;6,97;4,91;4,81;3,88
27/07/2016;39;CABRA;1500;6,7;13;6,84;1,032;13,53;4,84;3,4;4,63;2,61
27/07/2016;38;CABRA;6760;6;13;6,8;1,032;13,88;5,01;3,75;4,5;2,73
27/07/2016;38;OVEJA;2900;8;18;6,76;1,036;16,91;6,44;5,13;4,63;3,96
27/07/2016;37;CABRA;2320;6;14;6,82;1,032;13,01;4,6;3,42;4,47;2,59
27/07/2016;25;VACA;23520;8;15;6,82;1,03;12,61;3,78;3,27;4,9;2,35
27/07/2016;1;CABRA;25500;4;15;6,8;1,032;12,99;4,59;3,4;4,43;2,48
27/07/2016;18;VACA;24700;6,5;16;6,8;1,03;12,44;3,44;3,42;4,99;2,42
27/07/2016;36;CABRA;9080;6,2;13;6,79;1,032;12,93;4,47;3,23;4,61;2,48
28/07/2016;1;CABRA;25240;4;14;6,83;1,032;13,15;4,65;3,31;4,57;2,45
28/07/2016;22;VACA;25820;6,3;15;6,8;1,03;12,17;3,42;3,16;4,94;2,26
28/07/2016;20;VACA;22500;6,1;15;6,81;1,03;12,09;3,39;3,22;4,84;2,28
28/07/2016;21;VACA;26880;4,6;15;6,82;1,03;12,1;3,31;3,2;4,95;2,28
28/07/2016;23;VACA;17680;6,8;15;6,82;1,03;12,01;3,27;3,17;4,92;2,26
28/07/2016;18;VACA;25020;6,3;15;6,83;1,03;12,3;3,54;3,28;4,9;2,28
28/07/2016;41;OVEJA;4280;5,6;18;6,84;1,036;17,69;6,94;5,27;4,79;4,12
28/07/2016;40;CABRA;5460;4;13;6,81;1,032;13,31;4,76;3,22;4,67;2,48
28/07/2016;40;OVEJA;3260;6;18;6,81;1,036;18,66;7,98;4,99;4,73;4,05
28/07/2016;32;VACA;23780;6,4;15;6,82;1,03;11,1;3,03;2,99;4,42;1,99
28/07/2016;26;VACA;6500;5;15;6,8;1,03;11,9;3,26;3,1;4,86;2,19
28/07/2016;30;VACA;22980;6,7;15;6,82;1,03;11,87;3,1;3,26;4,84;2,26
28/07/2016;42;CABRA;2000;7;13;6,85;1,032;12,81;4,31;3,48;4,5;2,61
28/07/2016;42;OVEJA;11260;6;18;6,81;1,036;16,68;5,93;5,22;4,83;4,09
28/07/2016;39;OVEJA;6240;3,8;18;6,84;1,036;17,44;6,86;4,98;4,74;3,92
28/07/2016;25;VACA;22780;6;15;6,82;1,03;12,38;3,66;3,19;4,9;2,29
28/07/2016;38;CABRA;1020;5;15;6,8;1,032;12,88;4,37;3,5;4,45;2,65
28/07/2016;46;OVEJA;8380;7,5;20;6,78;1,036;17,08;6,59;5,04;4,68;3,93
28/07/2016;1;OVEJA;16700;5,2;20;6,8;1,036;16,91;6,49;4,89;4,75;3,88
28/07/2016;1;CABRA;24160;4;15;6,8;1,032;12,99;4,56;3,37;4,48;2,46
29/07/2016;20;VACA;23860;6;15;6,82;1,03;12,14;3,49;3,17;4,8;2,26
29/07/2016;22;VACA;25600;6,8;15;6,83;1,03;12,1;3,4;3,13;4,91;2,24
29/07/2016;21;VACA;26780;4,5;15;6,83;1,03;12,09;3,29;3,21;4,91;2,29
29/07/2016;23;VACA;24340;6,1;15;6,82;1,03;12,11;3,46;3,09;4,87;2,21
29/07/2016;40;OVEJA;9120;5,6;20;6,8;1,036;18,1;7,29;5,29;4,77;4,11
29/07/2016;41;CABRA;7620;8;13;6,8;1,032;12,59;4,21;3,24;4,56;2,43
29/07/2016;39;CABRA;1880;6;13;6,82;1,032;13,3;4,7;3,36;4,55;2,56
29/07/2016;39;OVEJA;4160;4;18;6,8;1,036;17,47;6,94;4,93;4,81;3,85
29/07/2016;27;VACA;11340;4;15;6,8;1,03;12,06;3,49;3,09;4,82;2,17
29/07/2016;32;VACA;26040;4,4;14;6,82;1,03;11,89;3,29;3,14;4,94;2,17
29/07/2016;42;CABRA;2940;8,6;13;6,8;1,032;13,03;4,62;3,29;4,47;2,48
29/07/2016;42;OVEJA;6020;6,5;20;6,82;1,036;17,54;7,03;4,86;4,79;3,85
29/07/2016;24;VACA;17580;5;15;6,81;1,03;11,74;3,11;3,09;4,86;2,14
29/07/2016;24;VACA;11220;5,5;15;6,82;1,03;12,13;3,37;3,16;4,96;2,23
29/07/2016;37;CABRA;2320;5;15;6,8;1,032;12,87;4,53;3,38;4,44;2,54
29/07/2016;26;VACA;7080;6;15;6,82;1,03;12,02;3,36;3,09;4,86;2,17
29/07/2016;43;OVEJA;2420;4;18;6,8;1,036;18,11;7,2;5,7;4,55;4,35
29/07/2016;43;CABRA;2160;6;15;6,8;1,032;12,87;4,5;3,35;4,5;2,55
29/07/2016;25;VACA;23240;7;15;6,82;1,03;12,67;3,82;3,25;4,97;2,38
29/07/2016;38;CABRA;7900;5;14;6,82;1,032;13,78;4,93;3,61;4,62;2,71
29/07/2016;38;OVEJA;2900;6;20;6,82;1,036;16,92;6,44;5,1;4,64;3,93
29/07/2016;36;CABRA;14860;7;14;6,83;1,032;13,14;4,63;3,19;4,65;2,47
29/07/2016;1;CABRA;25700;3,8;14;6,8;1,032;13,02;4,61;3,36;4,47;2,47
30/07/2016;29;VACA;20820;6,6;15;6,82;1,03;11,75;2,93;3,32;4,87;2,31
30/07/2016;41;OVEJA;4360;4,8;14;6,78;1,036;17,76;7,01;5,32;4,75;4,13
30/07/2016;40;CABRA;5480;7;19;6,82;1,032;13,35;4,75;3,2;4,71;2,52
30/07/2016;40;OVEJA;3820;4;18;6,81;1,036;18,38;7,72;4,94;4,75;4,01
30/07/2016;32;VACA;21580;5;15;6,8;1,03;11,78;3,24;3,11;4,75;2,2
30/07/2016;43;CABRA;2000;6;14;6,84;1,032;13,36;4,71;3,61;4,48;2,68
30/07/2016;24;VACA;16980;4;15;6,8;1,03;12,04;3,46;3,07;4,86;2,16
30/07/2016;38;CABRA;980;4;15;6,8;1,032;12,72;4,31;3,47;4,43;2,62
30/07/2016;26;VACA;6300;4;15;6,8;1,03;11,98;3,32;3,11;4,87;2,2
30/07/2016;42;OVEJA;4440;6;20;6,82;1,036;18,11;7,12;5,53;4,7;4,37
30/07/2016;42;CABRA;4780;6;14;6,79;1,032;12,52;4,18;3,21;4,6;2,44
30/07/2016;39;OVEJA;13540;4,4;19;6,81;1,036;16,54;5,93;5;4,83;3,93
30/07/2016;25;VACA;21140;5;15;6,8;1,03;12,4;3,71;3,17;4,91;2,26
30/07/2016;46;OVEJA;8180;8;18;6,77;1,036;17,07;6,59;5,05;4,69;3,95
30/07/2016;1;OVEJA;17040;7;18;6,77;1,036;16,33;6,22;4,73;4,62;3,69
31/07/2016;40;OVEJA;8280;7;18;6,84;1,036;18,06;7,31;5,23;4,76;4,11
31/07/2016;41;CABRA;7320;7,8;13;6,8;1,032;12,7;4,23;3,29;4,61;2,5
31/07/2016;27;VACA;10900;8,5;15;6,84;1,03;12,03;3,52;3,06;4,83;2,13
31/07/2016;32;VACA;26500;4;15;6,81;1,03;12,01;3,4;3,13;4,93;2,18
31/07/2016;39;CABRA;1580;5;15;6,8;1,032;13,19;4,67;3,31;4,59;2,52
31/07/2016;39;OVEJA;4540;5;19;6,8;1,036;17,42;6,89;4,95;4,8;3,88
31/07/2016;38;CABRA;6720;6;14;6,82;1,032;13,53;4,86;3,43;4,63;2,56
31/07/2016;38;OVEJA;2820;6;20;6,82;1,036;16,89;6,43;5,11;4,64;3,92
31/07/2016;37;CABRA;2160;8;14;6,82;1,032;12,88;4,51;3,4;4,43;2,54
31/07/2016;25;VACA;21680;5,5;15;6,79;1,03;12,6;3,77;3,26;4,97;2,35
31/07/2016;42;OVEJA;6480;5,7;18;6,82;1,036;17,89;7,35;4,95;4,79;3,84
31/07/2016;42;CABRA;2880;7;13;6,84;1,032;13,06;4,53;3,39;4,5;2,53
31/07/2016;26;VACA;9380;5,3;15;6,82;1,03;11,91;3,23;3,16;4,83;2,18
31/07/2016;18;VACA;26700;4;15;6,8;1,03;12,31;3,46;3,34;5;2,37
01/08/2016;41;OVEJA;4400;5,5;20;6,8;1,036;17,65;6,93;5,4;4,83;4,33
01/08/2016;40;CABRA;5340;4;15;6,8;1,032;13,25;4,69;3,33;4,75;2,73
01/08/2016;40;OVEJA;4540;8;20;6,78;1,036;17,77;6,95;5,27;4,91;4,34
01/08/2016;24;VACA;16220;4,8;15;6,82;1,03;11,63;3,07;3,23;4,94;2,39
01/08/2016;24;VACA;10840;5;15;6,8;1,03;11,83;3,35;3,14;4,93;2,38
01/08/2016;32;VACA;20460;6,4;15;6,84;1,03;11,68;3,26;3,18;4,79;2,38
01/08/2016;26;VACA;6060;4,8;15;6,82;1,03;11,8;3,18;3,22;4,96;2,42
01/08/2016;25;VACA;22460;5,3;15;6,84;1,03;12,36;3,66;3,18;4,91;2,27
01/08/2016;46;OVEJA;8000;6,5;20;6,8;1,036;17,4;6,83;5,15;4,66;4,03
01/08/2016;42;CABRA;1440;8,5;14;6,8;1,032;13,32;4,71;3,45;4,55;2,61
01/08/2016;42;OVEJA;11220;6;20;6,82;1,036;16,95;6,08;5,31;4,83;4,18
01/08/2016;43;CABRA;1680;7,8;14;6,82;1,032;13,26;4,59;3,38;4,48;2,56
01/08/2016;39;OVEJA;6400;3,8;20;6,8;1,036;17,25;6,75;4,96;4,71;3,9
01/08/2016;38;CABRA;1060;7;14;6,78;1,032;12,74;4,26;3,51;4,43;2,64
01/08/2016;45;CABRA;5760;8;15;6,83;1,032;13,15;4,65;3,42;4,58;2,54
01/08/2016;1;OVEJA;10840;6;20;6,77;1,036;17,19;6,65;5,06;4,76;4,03
01/08/2016;18;VACA;25960;6,6;15;6,82;1,03;12,69;3,73;3,39;5;2,38
01/08/2016;18;VACA;26120;6;15;6,82;1,03;11,44;2,96;3,22;4,72;2,16
01/08/2016;18;VACA;25100;6;15;6,82;1,03;12,52;3,64;3,34;4,96;2,31
01/08/2016;36;CABRA;12200;5;14;6,82;1,032;12,85;4,44;3,23;4,58;2,41
01/08/2016;30;VACA;25340;6;15;6,8;1,03;11,82;3,04;3,29;4,9;2,28
02/08/2016;20;VACA;24780;6;15;6,8;1,03;12,22;3,54;3,17;4,85;2,24
02/08/2016;23;VACA;26040;5,4;15;6,81;1,03;11,98;3,35;3,09;4,86;2,17
02/08/2016;22;VACA;24340;6,4;15;6,79;1,03;12,21;3,47;3,14;4,94;2,21
02/08/2016;21;VACA;26340;5;15;6,8;1,03;12,15;3,38;3,22;4,89;2,27
02/08/2016;40;OVEJA;5640;4,4;15;6,81;1,036;17,99;7,07;5,32;4,77;4,12
02/08/2016;41;CABRA;7160;7,8;14;6,81;1,032;12,83;4,36;3,26;4,58;2,45
02/08/2016;42;OVEJA;5900;7,6;20;6,8;1,036;17,87;7,27;4,94;4,82;3,89
02/08/2016;42;CABRA;3820;5,3;14;6,85;1,032;12,91;4,47;3,27;4,61;2,43
02/08/2016;27;VACA;10640;8,5;15;6,81;1,03;12;3,45;3,08;4,83;2,15
02/08/2016;43;CABRA;2460;6,5;14;6,84;1,032;13,2;4,61;3,62;4,44;2,66
02/08/2016;43;OVEJA;2520;6,5;20;6,8;1,036;18,24;7,31;5,69;4,57;4,29
02/08/2016;39;CABRA;1820;6,5;13;6,85;1,032;13,28;4,65;3,34;4,61;2,55
02/08/2016;39;OVEJA;4040;4,3;19;6,81;1,036;17,57;6,99;4,97;4,78;3,86
02/08/2016;32;VACA;27360;4;15;6,8;1,03;11,79;3,21;3,15;4,88;2,16
02/08/2016;29;VACA;12180;5;15;6,8;1,03;12,08;3,55;3,19;4,7;2,21
02/08/2016;29;VACA;11300;5,8;15;6,8;1,03;11,91;3,44;3,12;4,63;2,16
02/08/2016;25;VACA;25420;7;15;6,82;1,03;12,7;3,8;3,32;4,94;2,36
02/08/2016;37;CABRA;2380;8;14;6,8;1,032;13,12;4,63;3,47;4,48;2,58
02/08/2016;26;VACA;6580;6,6;15;6,8;1,03;12,03;3,33;3,17;4,87;2,2
02/08/2016;38;CABRA;6820;5,4;14;6,82;1,032;13,72;4,96;3,52;4,62;2,64
02/08/2016;38;OVEJA;1140;3,5;20;6,8;1,036;17,94;7,09;5,38;4,66;4,14
02/08/2016;24;VACA;14280;6;14;6,84;1,03;11,93;3,45;3,04;4,77;2,14
02/08/2016;24;VACA;9140;6;14;6,84;1,03;11,85;3,13;3,04;4,97;2,18
02/08/2016;1;OVEJA;25180;4;22;6,78;1,036;17,28;6,58;5,15;4,78;4,06
03/08/2016;21;VACA;27900;4,3;15;6,83;1,03;12,01;3,06;3,27;5,05;2,37
03/08/2016;23;VACA;25620;5,9;15;6,82;1,03;11,99;3,33;3,14;4,84;2,22
03/08/2016;22;VACA;26220;6,3;15;6,81;1,03;12,18;3,45;3,16;4,95;2,25
03/08/2016;41;OVEJA;1720;5;18;6,78;1,036;18,13;7,29;5,48;4,72;4,18
03/08/2016;40;CABRA;5120;7;13;6,77;1,032;13,41;4,78;3,22;4,71;2,5
03/08/2016;40;OVEJA;3640;5,4;19;6,81;1,036;18,78;7,86;5,34;4,8;4,18
03/08/2016;24;VACA;14460;7;15;6,8;1,03;11,82;3,21;3,06;4,86;2,11
03/08/2016;24;VACA;6300;7;15;6,8;1,03;11,98;3,22;3,21;4,96;2,23
03/08/2016;26;VACA;6600;5;15;6,79;1,03;11,78;3,14;3,1;4,87;2,16
03/08/2016;32;VACA;21360;6,3;15;6,8;1,03;11,73;3,23;3,1;4,73;2,11
03/08/2016;42;CABRA;2640;8,5;14;6,8;1,032;13,21;4,73;3,37;4,48;2,54
03/08/2016;42;OVEJA;3640;6,8;21;6,76;1,036;18,21;7,27;5,63;4,68;4,37
03/08/2016;39;OVEJA;7020;5,8;20;6,84;1,036;16,26;5,47;5,24;4,9;4,07
03/08/2016;38;CABRA;920;7,5;14;6,8;1,032;12,95;4,43;3,69;4,42;2,65
03/08/2016;25;VACA;22320;5,4;15;6,82;1,03;12,34;3,61;3,23;4,91;2,31
03/08/2016;46;OVEJA;7920;6,8;19;6,8;1,036;17,4;6,81;5,19;4,68;4
03/08/2016;36;CABRA;9060;5,3;14;6,82;1,032;13,07;4,57;3,26;4,63;2,47
04/08/2016;22;VACA;24960;6,4;15;6,83;1,03;11,98;3,29;3,16;4,92;2,21
04/08/2016;19;VACA;20960;6;15;6,83;1,03;11,88;3,36;3,14;4,76;2,17
04/08/2016;40;OVEJA;8600;6,5;20;6,8;1,036;17,9;7,09;5,38;4,77;4,13
04/08/2016;41;CABRA;7240;6,5;14;6,8;1,032;12,79;4,27;3,3;4,6;2,49
04/08/2016;32;VACA;27340;3,2;15;6,84;1,03;11,79;3,19;3,19;4,86;2,22
04/08/2016;26;VACA;6760;4,7;15;6,82;1,03;11,86;3,17;3,13;4,9;2,16
04/08/2016;27;VACA;10820;8,5;15;6,84;1,03;12,03;3,45;3,1;4,85;2,16
04/08/2016;42;OVEJA;6200;6,4;21;6,78;1,036;17,84;7,25;5,02;4,82;3,89
04/08/2016;42;CABRA;4140;5;14;6,8;1,032;12,78;4,3;3,35;4,59;2,5
04/08/2016;39;CABRA;1480;4;15;6,8;1,032;12,97;4,36;3,44;4,63;2,61
04/08/2016;39;OVEJA;3600;4,7;21;6,77;1,036;17,53;6,93;5;4,91;3,9
04/08/2016;38;CABRA;6080;5;14;6,8;1,032;13,65;4,93;3,53;4,57;2,62
04/08/2016;38;OVEJA;1420;5,3;20;6,8;1,036;17,04;6,5;5,29;4,63;4,02
04/08/2016;25;VACA;23720;7,5;15;6,8;1,03;12,69;3,8;3,32;4,97;2,38
04/08/2016;43;CABRA;2060;5;15;6,8;1,032;13,46;4,8;3,45;4,54;2,61
04/08/2016;37;CABRA;2060;7;14;6,85;1,032;12,93;4,52;3,43;4,44;2,55
04/08/2016;38;OVEJA;1080;5,3;20;6,8;1,036;17,04;6,5;5,29;4,63;4,02
05/08/2016;23;VACA;23460;5,8;15;6,82;1,03;11,97;3,18;3,18;4,93;2,25
05/08/2016;20;VACA;22220;5,6;15;6,84;1,03;12,2;3,43;3,24;4,88;2,27
05/08/2016;21;VACA;22860;6,2;15;6,82;1,03;12,11;3,33;3,23;4,9;2,27
05/08/2016;22;VACA;25400;5;15;6,82;1,03;12,12;3,37;3,17;4,97;2,21
05/08/2016;1;CABRA;25040;4;14;6,82;1,032;13,32;4,69;3,48;4,57;2,58
05/08/2016;41;OVEJA;4280;6,4;20;6,78;1,036;17,8;6,94;5,48;4,78;4,17
05/08/2016;24;VACA;16960;6,8;15;6,8;1,03;11,76;3,21;3,05;4,84;2,12
05/08/2016;24;VACA;12600;6;15;6,8;1,03;11,79;3,21;3,06;4,84;2,14
05/08/2016;40;CABRA;4880;7,7;14;6,78;1,032;13,37;4,74;3,23;4,71;2,5
05/08/2016;40;OVEJA;3640;6;19;6,78;1,036;18,51;7,8;5,1;4,7;4,01
05/08/2016;32;VACA;21640;7;16;6,78;1,03;11,67;3,17;3,08;4,74;2,13
05/08/2016;43;CABRA;2280;7,2;14;6,8;1,032;13,63;4,56;4,04;4,26;3,12
05/08/2016;43;OVEJA;1960;7,5;20;6,8;1,036;18,31;7,29;5,92;4,54;4,4
05/08/2016;26;VACA;6680;4,8;16;6,83;1,03;11,88;3,18;3,14;4,91;2,17
05/08/2016;38;CABRA;1020;7,2;14;6,8;1,032;12,72;4,25;3,55;4,44;2,65
05/08/2016;29;VACA;16260;7;15;6,84;1,03;12,05;3,54;3,13;4,69;2,17
05/08/2016;29;VACA;5640;7;15;6,84;1,03;11,97;3,44;3,12;4,64;2,17
05/08/2016;25;VACA;22280;4,7;16;6,84;1,03;12,42;3,68;3,22;4,88;2,26
05/08/2016;1;OVEJA;8400;3,4;20;6,78;1,036;17,15;6,57;5,21;4,69;4,03
05/08/2016;45;CABRA;5140;8;14;6,77;1,032;13,13;4,66;3,41;4,56;2,52
05/08/2016;46;OVEJA;7840;6,7;19;6,78;1,036;17,35;6,79;5,22;4,67;4,01
05/08/2016;39;OVEJA;6540;4;19;6,84;1,036;17,38;6,89;4,98;4,7;3,84
05/08/2016;42;CABRA;1780;7,6;14;6,83;1,032;12,21;3,98;3,24;4,41;2,38
05/08/2016;42;OVEJA;11300;5,5;20;6,8;1,036;16,99;6,2;5,32;4,8;4,07
05/08/2016;36;CABRA;14340;7;13;6,83;1,032;13,21;4,72;3,19;4,61;2,4
05/08/2016;1;CABRA;24860;4;14;6,82;1,032;13,43;4,8;3,34;4,64;2,46
06/08/2016;40;OVEJA;8460;6;19;6,79;1,036;18,03;7,22;5,39;4,74;4,12
06/08/2016;26;VACA;6620;7;15;6,8;1,03;11,94;3,2;3,18;4,91;2,21
06/08/2016;24;VACA;6180;8,5;15;6,82;1,03;12,06;3,24;3,24;4,99;2,25
06/08/2016;24;VACA;16740;5,4;15;6,84;1,03;11,83;3,31;3,06;4,81;2,12
06/08/2016;41;CABRA;6980;5,3;14;6,86;1,032;12,81;4,34;3,3;4,57;2,49
06/08/2016;32;VACA;27840;4;15;6,84;1,03;11,91;3,26;3,21;4,87;2,21
06/08/2016;27;VACA;10880;8,6;15;6,8;1,03;12,02;3,46;3,09;4,82;2,16
06/08/2016;39;CABRA;1600;6;13;6,86;1,032;13,32;4,74;3,42;4,52;2,58
06/08/2016;39;OVEJA;4180;4,5;20;6,81;1,036;17,14;6,62;5,02;4,78;3,84
06/08/2016;42;OVEJA;6460;7,8;20;6,81;1,036;17,79;7,19;5,06;4,8;3,9
06/08/2016;42;CABRA;2640;7,6;15;6,82;1,032;14,09;5,22;3,7;4,53;2,76
06/08/2016;25;VACA;23920;6,5;16;6,79;1,03;12,76;3,86;3,3;4,93;2,36
06/08/2016;37;CABRA;2380;8;14;6,81;1,032;13,07;4,61;3,46;4,45;2,59
06/08/2016;38;CABRA;6500;6,86;13;6,86;1,032;13,52;4,86;3,36;4,65;2,54
06/08/2016;38;OVEJA;2740;7;20;6,8;1,036;17,13;6,58;5,29;4,64;4
07/08/2016;41;OVEJA;4280;6,3;20;8;1,036;17,96;7,02;5,55;4,78;4,23
07/08/2016;26;VACA;6740;4,5;16;7,8;1,03;11,99;3,24;3,19;4,9;2,21
07/08/2016;40;CABRA;5060;6,7;14;6,8;1,032;13,49;4,84;3,26;4,7;2,52
07/08/2016;40;OVEJA;4440;6,3;20;6,8;1,036;18,5;7,81;5,06;4,75;4,01
07/08/2016;32;VACA;21360;6,2;15;6,8;1,03;11,65;3,16;3,11;4,75;2,12
07/08/2016;42;OVEJA;3440;6;20;6,76;1,036;18,05;7,19;5,48;4,62;4,25
07/08/2016;42;CABRA;4360;5;14;6,84;1,032;12,82;4,39;3,31;4,55;2,46
07/08/2016;39;OVEJA;6980;5,8;19;6,8;1,036;16,24;5,54;5,23;4,85;4,01
07/08/2016;25;VACA;22260;4,7;15;8;1,03;12,41;3,67;3,22;4,89;2,28
07/08/2016;43;CABRA;1800;6;14;6,84;1,032;13,34;4,74;3,44;4,56;2,61
07/08/2016;38;CABRA;800;6,2;14;6,82;1,032;12,84;4,45;3,5;4,37;2,6
07/08/2016;30;VACA;15140;5;15;6,83;1,03;11,32;2,6;3,28;4,94;2,26
07/08/2016;30;VACA;7260;4,6;15;6,83;1,03;13,26;4,66;3,2;4,69;2,19
07/08/2016;1;OVEJA;8920;6,5;20;6,78;1,036;16,77;6,38;4,98;4,68;3,83
07/08/2016;45;CABRA;4020;5;14;6,82;1,032;13,13;4,61;3,41;4,56;2,54
07/08/2016;46;OVEJA;7540;7;20;6,77;1,036;17,34;6,75;5,21;4,66;4,01
08/08/2016;20;VACA;23340;6,3;15;6,83;1,03;12,16;3,51;3,19;4,8;2,23
08/08/2016;22;VACA;23620;6,7;15;6,83;1,03;11,93;3,2;3,18;4,92;2,22
08/08/2016;21;VACA;26740;3,9;15;6,8;1,03;12,26;3,4;3,27;4,91;2,28
08/08/2016;23;VACA;22180;6,1;15;6,81;1,03;12,1;3,41;3,18;4,88;2,24
08/08/2016;18;VACA;24900;6,3;15;6,83;1,03;12,47;3,56;3,36;4,97;2,37
08/08/2016;40;OVEJA;8220;5,3;20;7,8;1,036;18,62;7,73;5,37;4,77;4,15
08/08/2016;41;CABRA;6980;6,82;14;6,82;1,032;12,95;4,38;3,32;4,62;2,53
08/08/2016;26;VACA;6600;5;15;6,8;1,03;12,01;3,26;3,18;4,89;2,2
08/08/2016;24;VACA;15900;5,8;15;6,84;1,03;12,51;3,83;3,1;4,9;2,2
08/08/2016;24;VACA;6220;5,7;15;6,84;1,03;12,01;3,43;3,08;4,89;2,11
08/08/2016;32;VACA;27800;3,8;15;6,84;1,03;11,95;3,25;3,21;4,88;2,23
08/08/2016;39;CABRA;1540;7;14;6,81;1,032;13,23;4,55;3,39;4,61;2,59
08/08/2016;39;OVEJA;4420;4,6;20;6,78;1,036;17,53;6,95;5,03;4,83;3,91
08/08/2016;42;OVEJA;6300;6,4;19;6,83;1,036;18,04;7,38;5,08;4,81;3,98
08/08/2016;42;CABRA;2920;6;13;6,84;1,032;12,99;4,49;3,37;4,48;2,55
08/08/2016;29;VACA;15420;5,2;15;6,8;1,03;11,69;3,31;3,12;4,64;2,12
08/08/2016;29;VACA;10080;6;15;6,8;1,03;11,82;3,32;3,12;4,64;2,17
08/08/2016;25;VACA;23420;5;15;6,84;1,03;12,12;3,39;3,23;4,9;2,26
08/08/2016;37;CABRA;2060;6,8;14;6,78;1,032;13,07;4,62;3,46;4,41;2,59
08/08/2016;43;CABRA;2400;6;14;6,8;1,032;13,14;4,51;3,64;4,44;2,71
08/08/2016;43;OVEJA;2240;5,8;20;6,78;1,036;18,52;7,45;5,99;4,49;4,46
08/08/2016;38;CABRA;6080;4;14;6,82;1,032;13,35;4,74;3,3;4,65;2,52
08/08/2016;38;OVEJA;2700;6;20;6,8;1,036;17,2;6,69;5,28;4,61;4
08/08/2016;31;VACA;20480;5,4;15;6,81;1,03;11,65;3,23;3,09;4,75;2,1
09/08/2016;27;VACA;5540;11;17;6,74;1,03;11,89;3,23;3,15;4,87;2,19
09/08/2016;36;CABRA;5380;7,2;14;6,8;1,032;13,1;4,57;3,31;4,59;2,48
09/08/2016;18;VACA;26620;5,3;15;6,81;1,03;12,36;3,5;3,34;4,9;2,33
09/08/2016;18;VACA;24660;7;15;8,1;1,03;12,59;3,9;3,18;4,78;2,24
09/08/2016;21;VACA;29800;5,8;15;6,82;1,03;12,22;3,43;3,25;4,9;2,3
09/08/2016;20;VACA;23480;4,6;15;6,8;1,03;12,15;3,33;3,25;4,89;2,3
09/08/2016;22;VACA;27080;6,4;15;6,78;1,03;11,75;2,94;3,23;4,98;2,28
09/08/2016;23;VACA;24120;5,6;15;6,81;1,03;12,21;3,43;3,18;4,92;2,28
09/08/2016;36;CABRA;5840;0;0;0;1,032;NA;NA;NA;NA;NA
09/08/2016;41;OVEJA;2340;7;20;6,82;1,036;18,44;7,46;5,66;4,72;4,29
09/08/2016;40;CABRA;4980;6,7;13;8,2;1,032;13,56;4,84;3,23;4,72;2,52
09/08/2016;40;OVEJA;3620;6;18;8;1,036;18,78;7,95;5,16;4,8;4,08
09/08/2016;32;VACA;22080;6,8;15;6,78;1,03;11,53;2,99;3,12;4,78;2,17
09/08/2016;24;VACA;25140;6;14;6,82;1,03;11,65;2,98;3,09;4,93;2,18
09/08/2016;26;VACA;6920;5;14;6,82;1,03;12,12;3,34;3,17;4,88;2,23
09/08/2016;39;OVEJA;6520;6;15;6,82;1,036;17,5;6,93;4,89;4,8;3,87
09/08/2016;42;CABRA;1760;8;13;8,2;1,032;12,47;4,16;3,29;4,45;2,41
09/08/2016;42;OVEJA;10900;6;20;8;1,036;17,17;6,29;5,33;4,81;4,15
09/08/2016;25;VACA;21960;6;15;6,82;1,03;12,12;3,52;3,17;4,8;2,22
09/08/2016;38;CABRA;1000;7;14;6,8;1,032;13,05;4,45;3,65;4,4;2,7
09/08/2016;1;OVEJA;7600;5,6;20;6,79;1,036;16,96;6,53;4,99;4,67;3,9
09/08/2016;46;OVEJA;7640;7;20;6,78;1,036;17,14;6,7;5,08;4,6;3,94
09/08/2016;45;CABRA;5360;9;13;6,81;1,032;13,22;4,59;3,5;4,58;2,6
09/08/2016;27;VACA;5460;0;0;0;1,03;NA;NA;NA;NA;NA
10/08/2016;20;VACA;23180;5,8;15;6,82;1,03;11,75;2,92;3,28;4,93;2,33
10/08/2016;22;VACA;26660;6;15;6,84;1,03;12,06;3,29;3,19;4,96;2,26
10/08/2016;21;VACA;30400;4;15;6,84;1,03;11,98;3,11;3,29;4,96;2,33
10/08/2016;18;VACA;25540;9;15;6,8;1,03;11,22;2,36;3,24;5,03;2,26
10/08/2016;23;VACA;20780;5,6;15;6,82;1,03;12,15;3,44;3,14;4,9;2,22
10/08/2016;18;VACA;25240;6,2;15;8,2;1,03;12,49;3,5;3,42;5,01;2,41
10/08/2016;40;OVEJA;5700;5,8;20;6,83;1,036;18,52;7,78;5,12;4,71;4,07
10/08/2016;24;VACA;16740;8,8;15;6,77;1,03;11,63;3,1;3,08;4,77;2,14
10/08/2016;24;VACA;6520;4,8;15;6,78;1,03;12,03;3,28;3,22;4,94;2,24
10/08/2016;26;VACA;6620;7,5;15;6,81;1,03;12,05;3,29;3,18;4,91;2,25
10/08/2016;41;CABRA;7020;5;14;6,82;1,032;12,95;4,38;3,41;4,56;2,59
10/08/2016;27;VACA;11180;8,4;15;6,77;1,03;12;3,43;3,12;4,83;2,2
10/08/2016;39;CABRA;1920;5;14;6,8;1,032;13,35;4,69;3,5;4,51;2,66
10/08/2016;39;OVEJA;4160;4,5;20;6,82;1,036;17,62;7,09;5,03;4,72;3,93
10/08/2016;42;OVEJA;6020;6;20;6,84;1,036;18,28;7,2;5,64;4,7;4,44
10/08/2016;42;CABRA;3600;6;14;6,82;1,032;12,9;4,44;3,33;4,58;2,51
10/08/2016;32;VACA;27720;3,2;15;6,81;1,03;11,92;3,3;3,18;4,86;2,2
10/08/2016;31;VACA;15920;6;15;6,8;1,03;11,73;3,23;3,15;4,79;2,2
10/08/2016;31;VACA;8720;6;14;6,81;1,03;11,81;3,22;3,18;4,79;2,23
10/08/2016;25;VACA;23520;6;15;8;1,03;12,69;3,79;3,31;4,94;2,39
10/08/2016;43;CABRA;1740;6;14;6,82;1,032;13,39;4,74;3,47;4,57;2,64
10/08/2016;37;CABRA;2120;6;6,82;14;1,032;13,17;4,67;3,48;4,45;2,6
10/08/2016;38;OVEJA;2620;5;20;6,8;1,036;17,14;6,59;5,23;4,61;4,02
10/08/2016;38;CABRA;5960;6;14;6,79;1,032;13,51;4,84;3,34;4,63;2,57
10/08/2016;36;CABRA;8000;5,8;14;6,78;1,032;13,33;4,75;3,27;4,64;2,49
11/08/2016;23;VACA;22680;6;15;6,82;1,03;12,14;3,42;3,16;4,89;2,25
11/08/2016;20;VACA;23060;6;15;6,82;1,03;12,33;3,53;3,27;4,87;2,31
11/08/2016;22;VACA;24300;6,2;15;6,82;1,03;12,09;3,31;3,21;4,94;2,27
11/08/2016;21;VACA;27600;4,3;15;6,8;1,03;12,13;3,35;3,25;4,87;2,3
11/08/2016;18;VACA;24680;6;15;6,79;1,03;12,35;3,38;3,41;4,98;2,4
11/08/2016;41;OVEJA;4340;6,3;19;6,81;1,036;18,48;7,44;5,63;4,74;4,39
11/08/2016;40;CABRA;4980;6,7;13;6,79;1,032;13,5;4,81;3,22;4,73;2,55
11/08/2016;40;OVEJA;4060;6;20;6,78;1,036;18,86;8,07;5,11;4,74;4,11
11/08/2016;43;CABRA;1760;7,3;13;6,8;1,032;13,17;4,54;3,63;4,45;2,71
11/08/2016;43;OVEJA;1560;6;18;6,78;1,036;18,8;7,68;5,97;4,48;4,51
11/08/2016;26;VACA;6920;4,6;15;6,83;1,03;12,13;3,34;3,19;4,91;2,25
11/08/2016;32;VACA;22080;6;15;6,8;1,03;11,62;3,08;3,12;4,74;2,2
11/08/2016;42;OVEJA;3620;6,3;19;6,2;1,036;18,31;7,42;5,53;4,6;4,31
11/08/2016;42;CABRA;3620;6,6;13;6,84;1,032;13,28;4,65;3,47;4,52;2,63
11/08/2016;29;VACA;14940;6,3;15;6,82;1,03;11,9;3,31;3,21;4,74;2,21
11/08/2016;29;VACA;7380;5,8;15;6,82;1,03;11,96;3,39;3,19;4,66;2,2
11/08/2016;39;OVEJA;12840;5;18;6,82;1,036;17,14;6,43;5,08;4,82;4,01
11/08/2016;25;VACA;21300;5,4;16;6,8;1,03;12,53;3,74;3,24;4,87;2,3
11/08/2016;38;CABRA;780;6;13;6,8;1,032;13,3;4,64;3,71;4,4;2,77
11/08/2016;1;CABRA;25320;4;13;6,82;1,032;13,43;4,81;3,35;4,61;2,48
11/08/2016;1;OVEJA;7680;6;18;6,82;1,036;17,2;6,65;5,1;4,67;4,02
11/08/2016;46;OVEJA;7400;7;19;6,78;1,036;17,28;6,76;5,14;4,63;3,99
11/08/2016;45;CABRA;4240;8;13;6,82;1,032;12,98;4,52;3,41;4,54;2,53
11/08/2016;1;CABRA;26020;4,4;13;6,82;1,032;13,45;4,78;3,38;4,63;2,54
11/08/2016;1;CABRA;25660;4;13;6,82;1,032;13,47;4,82;3,37;4,59;2,52
12/08/2016;20;VACA;22880;5,6;15;6,82;1,03;12,37;3,62;3,24;4,85;2,33
12/08/2016;21;VACA;26500;3;15;6,82;1,03;11,27;3,13;3,04;4,45;2,01
12/08/2016;22;VACA;26240;5,5;15;6,81;1,03;12,28;3,5;3,19;4,94;2,31
12/08/2016;18;VACA;25820;6;15;6,8;1,03;12,25;3,37;3,36;4,92;2,36
12/08/2016;23;VACA;24000;5,5;16;6,8;1,03;12,31;3,59;3,14;4,88;2,26
12/08/2016;30;VACA;22560;6;14;8,6;1,03;11,78;3,1;3,23;4,86;2,25
12/08/2016;18;VACA;26260;7;15;6,82;1,03;12,38;3,43;3,41;4,97;2,43
12/08/2016;40;OVEJA;8040;5,6;20;6,82;1,036;18,86;7,88;5,51;4,71;4,3
12/08/2016;41;CABRA;6780;5,8;13;6,84;1,032;13,14;4,42;3,53;4,65;2,67
12/08/2016;24;VACA;17020;4;15;8,1;1,03;12,16;3,66;3,05;4,76;2,12
12/08/2016;24;VACA;13200;4,7;15;6,81;1,03;11,97;3,26;3,11;4,91;2,2
12/08/2016;32;VACA;28000;3,7;15;6,83;1,03;11,83;3,19;3,2;4,88;2,23
12/08/2016;27;VACA;10760;8,5;15;6,78;1,03;11,98;3,41;3,11;4,8;2,21
12/08/2016;39;CABRA;1640;7;14;6,85;1,032;13,48;4,66;3,53;4,67;2,69
12/08/2016;39;OVEJA;4480;6;18;6,86;1,036;17,81;7,18;5,04;4,76;3,97
12/08/2016;26;VACA;6780;5;16;6,78;1,03;12,07;3,3;3,18;4,89;2,27
12/08/2016;31;VACA;15880;5,3;15;6,81;1,03;11,89;3,22;3,23;4,85;2,27
12/08/2016;31;VACA;7280;6;15;6,8;1,03;11,86;3,23;3,21;4,85;2,23
12/08/2016;37;CABRA;1820;8,5;13;6,84;1,032;13,43;4,87;3,62;4,44;2,68
12/08/2016;42;OVEJA;5880;5;20;6,81;1,036;18,17;7,6;4,97;4,72;3,96
12/08/2016;42;CABRA;2680;8;14;6,83;1,032;12,64;4,23;3,29;4,6;2,46
12/08/2016;25;VACA;23480;6;15;6,78;1,03;12,75;3,83;3,33;4,94;2,4
12/08/2016;38;OVEJA;2560;4,5;18;6,77;1,036;17,14;6,58;5,28;4,57;4,07
12/08/2016;38;CABRA;5860;5;13;6,84;1,032;13,5;4,85;3,39;4,63;2,56
12/08/2016;1;OVEJA;11240;5,7;19;6,8;1,036;16,97;6,49;5,15;4,56;4
12/08/2016;36;CABRA;13760;5,7;14;6,8;1,032;13,42;4,83;3,24;4,66;2,47
13/08/2016;41;OVEJA;4340;6;19;6,77;1,036;18,44;7,4;5,64;4,74;4,42
13/08/2016;40;CABRA;4900;6,5;14;6,8;1,032;13,64;4,93;3,35;4,72;2,59
13/08/2016;40;OVEJA;4140;6,5;18;6,83;1,036;18,97;8,27;5,08;4,66;4,11
13/08/2016;24;VACA;16820;6;15;6,83;1,03;11,96;3,39;3,09;4,78;2,13
13/08/2016;24;VACA;5820;6,7;15;6,81;1,03;11,9;3,3;3,14;4,86;2,14
13/08/2016;26;VACA;6400;4,5;15;6,8;1,03;12,08;3,36;3,15;4,84;2,22
13/08/2016;32;VACA;21580;7;15;6,79;1,03;11,86;3,25;3,17;4,75;2,2
13/08/2016;25;VACA;22700;5;15;6,79;1,03;12,41;3,62;3,27;4,88;2,31
13/08/2016;42;CABRA;1100;8,5;13;6,85;1,032;13,61;5,05;3,62;4,43;2,62
13/08/2016;42;OVEJA;10680;5,4;20;6,8;1,036;17,51;6,61;5,43;4,74;4,27
13/08/2016;46;OVEJA;6960;6,5;20;6,77;1,036;17,69;7;5,31;4,61;4,14
13/08/2016;38;CABRA;840;5;13;6,86;1,032;13,35;4,68;3,74;4,43;2,76
13/08/2016;43;CABRA;1620;7;14;6,81;1,032;13,58;4,85;3,63;4,52;2,69
13/08/2016;39;OVEJA;6480;4;20;6,82;1,036;17,79;7,17;4,97;4,76;3,98
13/08/2016;30;VACA;15880;5,5;15;6,85;1,03;11,64;3,1;3,19;4,76;2,2
13/08/2016;30;VACA;7060;6,2;15;6,85;1,03;12,18;3,35;3,3;4,87;2,33
14/08/2016;40;OVEJA;8400;7;19;6,78;1,036;18,52;7,57;5,51;4,7;4,31
14/08/2016;41;CABRA;6700;5,3;13;6,83;1,032;13,3;4,58;3,52;4,63;2,66
14/08/2016;26;VACA;6740;4,4;15;6,81;1,03;12,13;3,35;3,15;4,92;2,23
14/08/2016;43;CABRA;1880;7;14;6,83;1,032;13,17;4,53;3,66;4,47;2,73
14/08/2016;43;OVEJA;1700;6,8;19;6,78;1,036;18,94;7,76;6,02;4,48;4,56
14/08/2016;39;CABRA;1720;6,7;14;6,86;1,032;13,67;4,8;3,62;4,62;2,72
14/08/2016;39;OVEJA;4040;5,3;19;6,8;1,036;17,55;6,86;5;4,86;3,99
14/08/2016;32;VACA;28060;3,4;15;6,82;1,03;11,97;3,25;3,22;4,93;2,25
14/08/2016;29;VACA;8220;5,6;15;6,84;1,03;12,02;3,45;3,2;4,61;2,21
14/08/2016;29;VACA;16220;6,5;15;6,84;1,03;11,9;3,27;3,26;4,76;2,28
14/08/2016;38;OVEJA;2300;4,3;20;6,79;1,036;17,12;6,48;5,23;4,4;4,28
14/08/2016;38;CABRA;5400;5;14;6,83;1,032;13,61;4,9;3,47;4,61;2,6
14/08/2016;42;OVEJA;6540;6,5;20;6,81;1,036;18,3;7,64;5,11;4,72;4,01
14/08/2016;42;CABRA;4160;6;14;6,83;1,032;13,28;4,61;3,54;4,54;2,63
14/08/2016;25;VACA;23740;5,6;15;6,81;1,03;12,78;3,81;3,37;4,95;2,41
14/08/2016;27;VACA;10780;8;15;6,8;1,03;12,08;3,48;3,12;4,82;2,19
14/08/2016;31;VACA;19680;5,5;15;6,79;1,03;12,22;3,54;3,21;4,82;2,23
14/08/2016;37;CABRA;2260;8;13;6,84;1,032;13,45;4,86;3,59;4,45;2,63
15/08/2016;22;VACA;26000;6,2;15;6,8;1,03;12,16;3,42;3,18;4,93;2,26
15/08/2016;21;VACA;27360;5,6;15;6,81;1,03;12,22;3,39;3,27;4,9;2,32
15/08/2016;23;VACA;21280;7;15;6,8;1,03;12,28;3,47;3,17;4,94;2,29
15/08/2016;30;VACA;16040;5,2;15;6,82;1,03;11,9;3,1;3,31;4,87;2,3
15/08/2016;30;VACA;6540;4,5;14;6,86;1,03;13,69;5,09;3,18;4,64;2,17
15/08/2016;24;VACA;15460;6,8;15;6,8;1,03;11,9;3,27;3,11;4,85;2,19
15/08/2016;24;VACA;13100;5,4;15;6,82;1,03;11,89;3,26;3,14;4,86;2,17
15/08/2016;40;CABRA;4960;6,5;14;6,81;1,032;13,91;5,08;3,4;4,71;2,61
15/08/2016;40;OVEJA;4540;6,5;19;6,78;1,036;18,73;7,85;5,28;4,65;4,21
15/08/2016;41;OVEJA;2480;5,6;20;6,8;1,036;18,63;7,71;5,6;4,63;4,32
15/08/2016;41;CABRA;3000;5,4;14;6,86;1,032;13,3;4,6;3,46;4,62;2,64
15/08/2016;26;VACA;6860;5,2;15;6,83;1,03;12,09;3,32;3,14;4,93;2,21
15/08/2016;32;VACA;21820;7,8;15;6,82;1,03;11,88;3,25;3,16;4,75;2,21
15/08/2016;42;OVEJA;3540;6,2;20;6,82;1,036;18,69;7,64;5,69;4,57;4,46
15/08/2016;42;CABRA;3280;5,5;14;6,83;1,032;12,96;4,4;3,48;4,57;2,59
15/08/2016;38;CABRA;840;7;14;6,84;1,032;13,35;4,66;3,75;4,4;2,79
15/08/2016;25;VACA;22820;6;15;6,79;1,03;12,56;3,71;3,3;4,89;2,35
15/08/2016;39;OVEJA;6420;3,7;20;6,82;1,036;17,85;7,29;4,94;4,76;3,95
15/08/2016;1;OVEJA;7780;5,4;20;6,76;1,036;17,36;6,77;5,11;4,75;4,03
15/08/2016;46;OVEJA;7020;7,2;20;6,77;1,036;17,4;6,79;5,27;4,6;4,09
15/08/2016;45;CABRA;3600;8,5;14;6,82;1,032;13,05;4,5;3,5;4,58;2,55
15/08/2016;36;CABRA;13140;6,5;14;6,82;1,032;13,48;4,84;3,41;4,64;2,53
16/08/2016;23;VACA;26140;5;15;6,82;1,03;12,06;3,46;3,09;4,84;2,18
16/08/2016;21;VACA;28520;5;15;6,83;1,03;12,1;3,37;3,23;4,86;2,27
16/08/2016;22;VACA;25320;6,3;15;6,79;1,03;12,23;3,46;3,2;4,95;2,25
16/08/2016;31;VACA;16300;4,2;15;6,83;1,03;12,14;3,55;3,17;4,74;2,23
16/08/2016;31;VACA;6140;4,6;14;6,86;1,03;12,15;3,54;3,21;4,73;2,27
16/08/2016;41;OVEJA;6060;5,2;20;6,83;1,036;19,09;8,17;5,47;4,7;4,26
16/08/2016;26;VACA;6760;5;15;6,8;1,03;11,97;3,24;3,13;4,93;2,2
16/08/2016;27;VACA;11080;8,5;15;6,78;1,03;12,03;3,47;3,12;4,81;2,21
16/08/2016;39;CABRA;1700;7,7;13;6,85;1,032;13,63;4,73;3,57;4,7;2,68
16/08/2016;39;OVEJA;4700;5,4;18;6,83;1,036;17,5;6,93;5,14;4,65;3,99
16/08/2016;39;OVEJA;6420;5,2;20;6,8;1,036;16,52;5,71;5,27;4,82;4,1
16/08/2016;42;OVEJA;5740;4,9;19;6,8;1,036;17,94;7,44;4,9;4,71;3,92
16/08/2016;42;CABRA;2420;6,6;14;6,79;1,032;13,09;4,52;3,46;4,53;2,57
16/08/2016;32;VACA;28840;4;15;6,8;1,03;11,92;3,22;3,24;4,91;2,24
16/08/2016;37;CABRA;1800;7;13;6,83;1,032;13,38;4,85;3,64;4,43;2,66
16/08/2016;25;VACA;23680;6,2;15;6,8;1,03;12,82;3,85;3,37;4,95;2,4
16/08/2016;43;CABRA;1160;5,6;14;8,1;1,032;NA;NA;NA;NA;NA
16/08/2016;24;VACA;16480;3,6;15;6,82;1,03;12,03;3,49;3,06;4,81;2,16
16/08/2016;24;VACA;8860;5,4;15;6,82;1,03;12,05;3,36;3,04;4,88;2,17
16/08/2016;38;OVEJA;2280;5;19;6,8;1,036;17,17;6,66;5,25;4,56;4,04
16/08/2016;38;CABRA;6380;5;13;6,85;1,032;13,56;4,82;3,47;4,66;2,59
16/08/2016;30;VACA;22680;5;15;6,83;1,03;12,09;3,32;3,3;4,81;2,28
17/08/2016;40;CABRA;4640;7,5;14;6,81;1,032;13,49;4,77;3,38;4,68;2,58
17/08/2016;40;OVEJA;3880;6;20;6,79;1,036;19,36;8,5;5,3;4,58;4,23
17/08/2016;41;CABRA;7420;5,2;13;6,86;1,032;13,25;4,59;3,44;4,65;2,58
17/08/2016;24;VACA;15360;7;15;6,83;1,03;11,9;3,43;3,04;4,7;2,1
17/08/2016;24;VACA;6040;5,7;15;6,84;1,03;12,06;3,25;3,27;4,96;2,26
17/08/2016;26;VACA;6640;4,8;15;6,84;1,03;11,98;3,25;3,15;4,93;2,21
17/08/2016;43;CABRA;2280;6,6;14;6,84;1,032;13,58;4,72;3,85;4,49;2,83
17/08/2016;43;OVEJA;1440;7;18;6,78;1,036;18,83;7,72;6,02;4,42;4,53
17/08/2016;29;VACA;16260;8;14;6,86;1,03;11,84;3,22;3,24;4,72;2,27
17/08/2016;29;VACA;8060;6;14;6,86;1,03;12;3,38;3,2;4,66;2,24
17/08/2016;32;VACA;22520;6,4;15;6,8;1,03;11,83;3,23;3,15;4,73;2,2
17/08/2016;42;CABRA;400;9;13;6,86;1,032;13,46;4,8;3,69;4,42;2,73
17/08/2016;42;OVEJA;10720;6;20;6,8;1,036;17,14;6,28;5,37;4,72;4,17
17/08/2016;38;CABRA;840;8;14;6,86;1,032;13,2;4,53;3,74;4,46;2,77
17/08/2016;39;OVEJA;6580;6,2;18;6,84;1,036;17,65;7,1;4,94;4,75;3,94
17/08/2016;25;VACA;23200;5,8;15;6,82;1,03;12,58;3,75;3,28;4,87;2,34
17/08/2016;46;OVEJA;7020;7,2;20;6,78;1,036;17,29;6,76;5,19;4,58;4,02
17/08/2016;45;CABRA;4160;6,5;14;6,8;1,032;13,54;4,88;3,57;4,57;2,6
17/08/2016;1;OVEJA;7720;6,1;21;6,76;1,036;17,13;6,73;5,09;4,51;3,94
17/08/2016;36;CABRA;8800;7,4;14;6,8;1,032;13,37;4,75;3,36;4,59;2,51
18/08/2016;1;CABRA;24940;4,3;15;6,81;1,032;13,54;4,81;3,48;4,65;2,57
18/08/2016;31;VACA;16180;5;15;6,82;1,03;12,32;3,75;3,14;4,75;2,16
18/08/2016;31;VACA;7500;6;15;6,8;1,03;12,68;4,24;3,05;4,61;2,09
18/08/2016;41;OVEJA;9280;5,4;18;6,81;1,036;18,55;7,58;5,49;4,71;4,28
18/08/2016;27;VACA;11140;8,7;16;6,79;1,03;11,99;3,45;3,09;4,81;2,15
18/08/2016;39;CABRA;1880;5,3;14;6,86;1,032;14,07;5,06;3,79;4,57;2,84
18/08/2016;39;OVEJA;4040;4;20;6,82;1,036;17,77;7,16;4,95;4,81;3,95
18/08/2016;32;VACA;27240;3,1;15;6,82;1,03;12,01;3,32;3,21;4,92;2,23
18/08/2016;26;VACA;6900;4,8;15;6,78;1,03;11,97;3,19;3,18;4,96;2,21
18/08/2016;42;OVEJA;6480;5;20;6,82;1,036;17,95;7,37;4,95;4,76;3,94
18/08/2016;42;CABRA;3860;4,5;14;6,83;1,032;12,73;4,27;3,35;4,57;2,49
18/08/2016;25;VACA;23580;6,6;15;6,8;1,03;12,81;3,83;3,35;4,95;2,38
18/08/2016;37;CABRA;2020;8;14;6,8;1,032;13,47;4,85;3,67;4,44;2,69
18/08/2016;38;OVEJA;2220;5;20;6,79;1,036;17,26;6,68;5,29;4,6;4,09
18/08/2016;38;CABRA;5280;6,8;14;6,86;1,032;13,63;4,96;3,42;4,55;2,53
18/08/2016;30;VACA;23520;5,4;14;6,86;1,03;11,97;3,25;3,26;4,8;2,27
19/08/2016;21;VACA;26260;4,2;15;6,83;1,03;12,34;3,47;3,27;4,94;2,33
19/08/2016;22;VACA;26860;6,3;15;6,83;1,03;12,15;3,38;3,21;4,94;2,28
19/08/2016;20;VACA;24120;5,8;15;6,84;1,03;12,32;3,57;3,25;4,86;2,33
19/08/2016;23;VACA;21460;6,2;15;6,81;1,03;12,18;3,47;3,15;4,88;2,26
19/08/2016;24;VACA;16520;6;15;6,83;1,03;11,95;3,48;3,04;4,75;2,12
19/08/2016;24;VACA;12900;4,6;14;6,86;1,03;11,95;3,27;3,13;4,91;2,21
19/08/2016;40;OVEJA;6760;5,3;18;6,83;1,036;18,55;7,78;5,19;4,71;4,07
19/08/2016;40;CABRA;4120;6,5;14;6,84;1,032;13,52;4,85;3,32;4,65;2,52
19/08/2016;41;CABRA;7660;5,2;13;6,86;1,032;13,2;4,54;3,37;4,67;2,55
19/08/2016;26;VACA;6980;4,5;15;6,82;1,03;11,87;3,11;3,19;4,95;2,26
19/08/2016;32;VACA;23020;7;15;6,81;1,03;11,85;3,28;3,16;4,76;2,2
19/08/2016;39;OVEJA;12900;4,7;19;6,84;1,036;16,78;6,06;5,08;4,83;4,01
19/08/2016;38;CABRA;780;7;14;6,83;1,032;13,14;4,56;3,65;4,37;2,67
19/08/2016;43;CABRA;1000;6,5;14;6,86;1,032;13,26;4,8;3,5;4,41;2,54
19/08/2016;25;VACA;22600;5;16;6,81;1,03;12,5;3,68;3,29;4,87;2,33
19/08/2016;1;OVEJA;9120;3,3;21;6,76;1,036;16,66;6,34;4,94;4,59;3,83
19/08/2016;46;OVEJA;6600;6,8;21;6,75;1,036;17,47;6,81;5,29;4,61;4,1
19/08/2016;45;CABRA;3820;8,5;13;6,78;1,032;12,91;4,4;3,6;4,44;2,55
19/08/2016;42;OVEJA;4700;7;21;6,75;1,036;18,4;7,42;5,63;4,56;4,34
19/08/2016;42;CABRA;4180;6,6;13;6,85;1,032;13,53;4,84;3,58;4,49;2,63
19/08/2016;30;VACA;16040;5,7;15;6,83;1,03;12,34;3,61;3,24;4,8;2,24
19/08/2016;30;VACA;5600;4,7;15;6,83;1,03;12,42;3,66;3,25;4,8;2,26
19/08/2016;36;CABRA;13820;6,8;14;6,78;1,032;13,22;4,77;3,26;4,56;2,43
20/08/2016;1;CABRA;26040;3,7;14;6,85;1,032;13,67;4,92;3,47;4,65;2,56
20/08/2016;18;VACA;26340;8;15;6,82;1,03;12,37;3,39;3,42;5,02;2,44
20/08/2016;41;OVEJA;9120;5;19;6,8;1,036;18,14;7,24;5,44;4,7;4,24
20/08/2016;26;VACA;6700;5;15;6,79;1,03;11,82;3,11;3,2;4,89;2,24
20/08/2016;24;VACA;16840;8;15;6,83;1,03;12,1;3,51;3,07;4,83;2,17
20/08/2016;24;VACA;5800;7,3;15;6,8;1,03;11,77;3,23;3,12;4,82;2,17
20/08/2016;27;VACA;10740;8,5;15;6,8;1,03;12,04;3,51;3,1;4,8;2,17
20/08/2016;43;CABRA;2300;6,3;14;6,82;1,032;13,62;4,78;3,87;4,49;2,85
20/08/2016;43;OVEJA;1520;6,5;19;6,78;1,036;18,97;7,75;5,93;4,49;4,58
20/08/2016;32;VACA;26400;4;15;6,8;1,03;11,92;3,22;3,21;4,93;2,24
20/08/2016;39;CABRA;1580;5;13;6,86;1,032;13,51;4,76;3,49;4,64;2,64
20/08/2016;39;OVEJA;4440;4,4;18;6,84;1,036;17,43;6,91;4,92;4,8;3,91
20/08/2016;29;VACA;15960;6,7;15;6,82;1,03;12,09;3,58;3,19;4,66;2,25
20/08/2016;29;VACA;7740;6;15;6,8;1,03;11,98;3,33;3,26;4,68;2,29
20/08/2016;42;OVEJA;6460;6,6;20;6,82;1,036;17,72;7,24;4,85;4,78;3,86
20/08/2016;42;CABRA;3240;6;14;6,83;1,032;12,89;4,35;3,52;4,49;2,58
20/08/2016;37;CABRA;1740;7;13;6,82;1,032;13,43;4,89;3,65;4,41;2,66
20/08/2016;25;VACA;23520;6;15;6,8;1,03;12,72;3,78;3,37;4,93;2,42
20/08/2016;30;VACA;23060;5,7;15;6,82;1,03;12,1;3,52;3,15;4,74;2,21
20/08/2016;18;VACA;24460;7,3;15;6,83;1,03;12,48;3,57;3,36;4,97;2,37
20/08/2016;38;OVEJA;2180;4,5;19;6,8;1,036;17,18;6,65;5,27;4,55;4,07
20/08/2016;38;CABRA;5420;6;14;6,85;1,032;13,32;4,72;3,36;4,61;2,5
21/08/2016;30;VACA;16240;6,3;15;6,8;1,03;12,1;3,42;3,23;4,75;2,25
21/08/2016;30;VACA;4560;5,1;15;6,82;1,03;12,07;3,5;3,16;4,73;2,19
21/08/2016;40;OVEJA;6660;6,7;19;6,77;1,036;18,63;7,97;5,11;4,65;4,03
21/08/2016;40;CABRA;3740;6;14;6,8;1,032;13,49;4,87;3,32;4,61;2,49
21/08/2016;41;CABRA;7660;5,5;13;6,83;1,032;13,11;4,52;3,41;4,61;2,53
21/08/2016;26;VACA;6920;4,8;15;6,8;1,03;11,98;3,25;3,19;4,87;2,22
21/08/2016;32;VACA;22640;6,2;15;6,79;1,03;11,82;3,27;3,15;4,73;2,16
21/08/2016;42;CABRA;460;6;13;6,85;1,032;13,7;5,18;3,65;4,3;2,64
21/08/2016;42;OVEJA;9820;5,2;19;6,78;1,036;17,22;6,32;5,41;4,75;4,24
21/08/2016;38;CABRA;800;6,8;14;6,83;1,032;13,27;4,69;3,68;4,39;2,67
21/08/2016;25;VACA;22660;6;16;6,78;1,03;12,43;3,66;3,26;4,85;2,32
21/08/2016;1;OVEJA;6460;5,3;19;6,78;1,036;17,18;6,78;5,13;4,53;3,94
21/08/2016;46;OVEJA;6700;6;19;6,78;1,036;17,56;6,91;5,27;4,63;4,09
21/08/2016;39;OVEJA;6580;3,6;20;6,82;1,036;17,17;6,77;4,79;4,74;3,78
22/08/2016;23;VACA;22380;5,8;15;6,8;1,03;11,88;3,3;3,11;4,82;2,15
22/08/2016;20;VACA;22500;6,3;15;6,8;1,03;12,12;3,5;3,19;4,77;2,22
22/08/2016;21;VACA;29140;4,4;15;6,78;1,03;12,24;3,39;3,28;4,92;2,35
22/08/2016;22;VACA;23520;7;15;6,77;1,03;12,29;3,51;3,21;4,94;2,28
22/08/2016;24;VACA;16600;6,4;15;6,78;1,03;13,17;3,52;3,02;4,65;2,03
22/08/2016;24;VACA;12640;6,7;15;6,8;1,03;13,33;3,52;3,02;4,67;2,06
22/08/2016;41;OVEJA;8880;5,2;19;6,8;1,036;18,29;7,42;5,4;4,7;4,2
22/08/2016;39;CABRA;1700;6,2;14;6,82;1,032;13,56;4,85;3,52;4,56;2,65
22/08/2016;39;OVEJA;3660;5,5;18;6,8;1,036;17,33;6,86;4,93;4,71;3,87
22/08/2016;27;VACA;10780;9;15;6,81;1,03;12;3,48;3,12;4,79;2,15
22/08/2016;32;VACA;26860;3,1;15;6,8;1,03;11,96;3,27;3,2;4,91;2,23
22/08/2016;42;OVEJA;6500;8;18;6,78;1,036;17,74;7,21;4,95;4,75;3,88
22/08/2016;42;CABRA;3560;7,4;14;6,83;1,032;13,12;4,57;3,46;4,5;2,56
22/08/2016;26;VACA;6640;4,8;15;6,8;1,03;12,14;3,43;3,15;4,85;2,19
22/08/2016;43;CABRA;1020;6,2;14;6,82;1,032;13,38;4,82;3,61;4,45;2,63
22/08/2016;37;CABRA;1840;8,5;14;6,77;1,032;13,36;4,83;3,61;4,4;2,66
22/08/2016;25;VACA;23580;6,6;15;6,77;1,03;12,7;3,76;3,35;4,93;2,41
22/08/2016;38;OVEJA;1960;5;19;6,8;1,036;17,17;6,7;5,21;4,55;4,02
22/08/2016;38;CABRA;5180;6,2;13;6,86;1,032;13,35;4,75;3,37;4,61;2,53
22/08/2016;18;VACA;25040;4,6;15;6,83;1,03;12,24;3,45;3,29;4,9;2,27
22/08/2016;1;CABRA;26240;5,4;143;6,8;1,032;13,56;4,89;3,44;4,59;2,49
22/08/2016;18;VACA;25420;7,3;15;6,82;1,03;12,51;3,62;3,35;4,96;2,36
22/08/2016;36;CABRA;10800;6;14;6,84;1,032;13,2;4,63;3,42;4,58;2,53
22/08/2016;30;VACA;20600;5,5;14;6,86;1,03;12,22;3,66;3,19;4,73;2,17
23/08/2016;21;VACA;29760;4,6;15;6,8;1,03;12,23;3,46;3,25;4,85;2,28
23/08/2016;20;VACA;21800;6,2;15;6,81;1,03;12,29;3,55;3,26;4,81;2,31
23/08/2016;23;VACA;24360;6,4;15;6,81;1,03;12,35;3,56;3,17;4,91;2,26
23/08/2016;22;VACA;26920;6,2;15;6,82;1,03;12,12;3,31;3,22;4,96;2,25
23/08/2016;18;VACA;25700;5,6;15;6,8;1,03;12,58;3,9;3,18;4,83;2,27
23/08/2016;18;VACA;25920;8;15;6,8;1,03;12,25;3,41;3,34;4,94;2,34
23/08/2016;41;CABRA;6960;5,2;14;6,8;1,032;13,02;4,37;3,4;4,69;2,59
23/08/2016;32;VACA;22180;7;15;6,8;1,03;11,91;3,37;3,13;4,73;2,16
23/08/2016;42;OVEJA;3600;6;20;6,8;1,036;18,26;7,29;5,63;4,59;4,43
23/08/2016;42;CABRA;3380;5;14;6,82;1,032;12,66;4,27;3,27;4,59;2,42
23/08/2016;43;OVEJA;1760;6,8;20;6,8;1,036;18,9;7,68;6,08;4,44;4,65
23/08/2016;43;CABRA;2200;6;14;6,82;1,032;13,79;4,74;4,08;4,47;2,98
23/08/2016;40;CABRA;4640;7,4;14;6,8;1,032;13,57;4,89;3,32;4,65;2,52
23/08/2016;40;OVEJA;4300;7;20;6,78;1,036;18,47;7,8;4,98;4,68;4,05
23/08/2016;29;VACA;15920;7;15;6,85;1,03;11,93;3,51;3,12;4,66;2,17
23/08/2016;29;VACA;5460;5,6;15;6,85;1,03;12,07;3,46;3,23;4,64;2,23
23/08/2016;39;OVEJA;12620;4,4;20;6,8;1,036;16,94;6,28;5,04;4,79;3,98
23/08/2016;24;VACA;6580;7;15;6,84;1,03;12;3,39;3,05;4,83;2,15
23/08/2016;24;VACA;16040;6,4;15;6,8;1,03;11,69;3,14;3,06;4,82;2,11
23/08/2016;25;VACA;23280;5;15;6,81;1,03;12,48;3,7;3,25;4,86;2,31
23/08/2016;38;CABRA;780;6;14;6,82;1,032;13,16;4,58;3,63;4,43;2,69
23/08/2016;26;VACA;6900;5;15;6,8;1,03;12,01;3,32;3,13;4,87;2,18
23/08/2016;46;OVEJA;6600;7,6;20;6,77;1,036;17,48;6,85;5,25;4,6;4,08
23/08/2016;1;OVEJA;8280;8,2;21;6,75;1,036;16,91;6,47;4,92;4,72;3,89
23/08/2016;45;CABRA;3740;6,2;14;6,78;1,032;13,25;4,57;3,71;4,49;2,67
23/08/2016;1;CABRA;25140;3,7;14;6,81;1,032;13,64;4,89;3,49;4,63;2,56
24/08/2016;22;VACA;24940;6,2;15;6,81;1,03;12,1;3,41;3,16;4,89;2,2
24/08/2016;20;VACA;21920;6,3;15;6,81;1,03;12,13;3,45;3,22;4,82;2,27
24/08/2016;21;VACA;30940;4,3;15;6,83;1,03;12,27;3,44;3,28;4,91;2,32
24/08/2016;23;VACA;28140;5,3;15;6,82;1,03;12,42;3,77;3,11;4,88;2,18
24/08/2016;41;OVEJA;8260;4,8;20;6,8;1,036;18,94;7,99;5,53;4,62;4,29
24/08/2016;42;OVEJA;6100;4,8;20;6,78;1,036;17,54;7,03;4,85;4,8;3,84
24/08/2016;42;CABRA;2220;5,5;14;6,8;1,032;13,64;4,92;3,65;4,46;2,67
24/08/2016;24;VACA;16320;7,5;15;6,83;1,03;11,87;3,29;3,09;4,81;2,14
24/08/2016;24;VACA;6260;5,5;15;6,84;1,03;11,87;3,13;3,23;4,91;2,26
24/08/2016;26;VACA;6420;4,6;15;6,82;1,03;11,89;3,19;3,13;4,88;2,2
24/08/2016;32;VACA;26380;3,8;15;6,84;1,03;11,73;3,23;3,14;4,8;2,15
24/08/2016;27;VACA;11100;8,5;15;6,84;1,03;12,01;3,48;3,12;4,79;2,19
24/08/2016;39;CABRA;1520;6;14;6,8;1,032;13,57;4,81;3,51;4,64;2,63
24/08/2016;39;OVEJA;4740;5,2;20;6,8;1,036;16,99;6,51;4,85;4,83;3,85
24/08/2016;18;VACA;25440;8,6;15;6,8;1,03;12,21;3,46;3,15;4,91;2,2
24/08/2016;37;CABRA;1880;7,5;14;6,8;1,032;13,31;4,8;3,59;4,4;2,61
24/08/2016;25;VACA;24160;6,7;15;6,84;1,03;12,77;3,86;3,33;4,94;2,39
24/08/2016;18;VACA;27120;7,2;15;6,84;1,03;12,33;3,49;3,34;4,92;2,32
24/08/2016;18;VACA;25740;5,2;15;6,82;1,03;12,14;3,33;3,34;4,88;2,34
24/08/2016;38;OVEJA;2040;4,5;19;6,8;1,036;17,01;6,51;5,21;4,59;4,01
24/08/2016;38;CABRA;5740;8;14;6,82;1,032;13,22;4,64;3,34;4,6;2,5
24/08/2016;36;CABRA;7660;6;14;6,82;1,032;13,68;4,98;3,39;4,61;2,57
24/08/2016;18;VACA;25660;6,8;15;6,78;1,03;11,87;3,25;3,28;4,78;2,25
25/08/2016;23;VACA;21700;6,3;15;6,81;1,03;11,98;3,36;3,11;4,84;2,2
25/08/2016;20;VACA;22400;6,2;15;6,82;1,03;12,32;3,58;3,26;4,84;2,33
25/08/2016;21;VACA;28120;4,7;15;6,8;1,03;12,16;3,44;3,15;4,92;2,25
25/08/2016;22;VACA;25160;6,6;15;6,81;1,03;12,21;3,43;3,21;4,93;2,29
25/08/2016;41;CABRA;7520;5,6;14;6,82;1,032;13,24;4,56;3,43;4,67;2,61
25/08/2016;40;OVEJA;6140;6,4;19;6,8;1,036;18,68;7,85;5,32;4,7;4,18
25/08/2016;40;CABRA;3960;6;14;6,83;1,032;13,71;5;3,36;4,64;2,55
25/08/2016;32;VACA;22880;6;15;6,82;1,03;11,8;3,33;3,1;4,71;2,11
25/08/2016;26;VACA;6540;4,6;15;6,8;1,03;11,94;3,22;3,15;4,89;2,22
25/08/2016;43;CABRA;1000;7;14;6,8;1,032;13,36;4,79;3,6;4,44;2,64
25/08/2016;38;CABRA;740;5;14;6,84;1,032;13,14;4,59;3,64;4,39;2,68
25/08/2016;25;VACA;21200;4,6;15;6,82;1,03;12,47;3,7;3,24;4,88;2,3
25/08/2016;39;OVEJA;6360;4;19;6,8;1,036;17,5;7,09;4,8;4,68;3,83
25/08/2016;18;VACA;25040;6,4;15;6,83;1,03;12,53;3,61;3,38;4,98;2,38
25/08/2016;46;OVEJA;6620;7;20;6,82;1,036;17,25;6,75;5,14;4,6;4
25/08/2016;1;OVEJA;8000;4,5;20;6,77;1,036;17,3;6,79;5,25;4,47;4,03
25/08/2016;45;CABRA;3120;5,8;15;6,82;1,032;13,39;4,74;3,51;4,61;2,59
25/08/2016;42;CABRA;1580;6;14;6,8;1,032;12,54;4,06;3,4;4,51;2,53
25/08/2016;42;OVEJA;10620;5,8;20;6,82;1,036;17,28;6,35;5,45;4,74;4,26
25/08/2016;1;CABRA;25380;3,5;14;6,82;1,032;13,96;5,13;3,5;4,67;2,58
25/08/2016;18;VACA;25740;5,7;15;6,84;1,03;12,46;3,46;3,44;4,97;2,42
26/08/2016;1;CABRA;25940;4,2;14;6,81;1,032;13,82;4,99;3,53;4,67;2,57
26/08/2016;22;VACA;24520;6,5;15;6,82;1,03;12,18;3,49;3,15;4,92;2,22
26/08/2016;21;VACA;28080;4,3;15;6,81;1,03;12,27;3,46;3,23;4,91;2,27
26/08/2016;20;VACA;22180;6,3;14;6,84;1,03;12,22;3,51;3,22;4,84;2,27
26/08/2016;23;VACA;23620;5,7;15;6,82;1,03;12,19;3,52;3,1;4,93;2,19
26/08/2016;24;VACA;16520;7,5;15;6,8;1,03;11,98;3,39;3,09;4,85;2,18
26/08/2016;24;VACA;13340;5,2;15;6,82;1,03;11,92;3,2;3,15;4,9;2,22
26/08/2016;41;OVEJA;8140;4,8;18;6,86;1,036;18,51;7,29;5,75;4,68;4,45
26/08/2016;43;CABRA;2380;5,4;14;6,81;1,032;14,15;4,73;4,44;4,46;3,24
26/08/2016;43;OVEJA;1460;5,8;19;6,81;1,036;18,78;7,53;6,03;4,51;4,62
26/08/2016;39;CABRA;1560;5,3;13;6,86;1,032;13,9;5,06;3,63;4,55;2,69
26/08/2016;39;OVEJA;4540;4,4;18;6,86;1,036;17,32;6,7;4,97;4,84;3,95
26/08/2016;27;VACA;11020;8,9;15;6,82;1,03;12,06;3,5;3,12;4,81;2,17
26/08/2016;26;VACA;6680;4,7;15;6,83;1,03;12,02;3,28;3,16;4,89;2,21
26/08/2016;42;OVEJA;6480;4,8;20;6,78;1,036;17,87;7,32;4,93;4,7;3,9
26/08/2016;42;CABRA;3720;6,6;14;6,82;1,032;13,06;4,43;3,55;4,55;2,62
26/08/2016;29;VACA;16160;6,3;14;6,84;1,03;11,85;3,35;3,22;4,66;2,21
26/08/2016;29;VACA;5540;5,5;14;6,85;1,03;12,08;3,53;3,19;4,59;2,18
26/08/2016;32;VACA;26080;3,5;15;6,81;1,03;11,96;3,28;3,19;4,92;2,24
26/08/2016;37;CABRA;1960;8;14;6,81;1,032;13,42;4,85;3,64;4,4;2,67
26/08/2016;25;VACA;23540;5;14;6,8;1,03;12,79;3,83;3,35;4,93;2,39
26/08/2016;38;OVEJA;1600;7;20;6,78;1,036;16,7;6,38;5,21;4,41;3,93
26/08/2016;38;CABRA;5680;6,5;14;6,82;1,032;13,32;4,71;3,35;4,62;2,5
26/08/2016;36;CABRA;13160;4;15;6,8;1,032;13,57;4,9;3,42;4,6;2,55
26/08/2016;31;VACA;21260;5;15;6,84;1,03;11,53;3,17;3,1;4,7;2,09
27/08/2016;40;OVEJA;7120;6,2;17;6,83;1,036;18,29;7,41;5,4;4,72;4,23
27/08/2016;40;CABRA;3660;6,1;14;6,82;1,032;13,82;5,06;3,43;4,65;2,59
27/08/2016;24;VACA;17160;7,1;15;6,83;1,03;11,85;3,39;3,05;4,79;2,13
27/08/2016;26;VACA;6480;5;15;6,8;1,03;12,02;3,29;3,16;4,88;2,2
27/08/2016;24;VACA;6120;6,6;15;6,82;1,03;11,73;3,4;3,03;4,68;2,03
27/08/2016;41;CABRA;7480;5,8;13;6,83;1,032;13,38;4,64;3,49;4,66;2,62
27/08/2016;32;VACA;22540;7;15;6,8;1,03;11,9;3,44;3,11;4,69;2,15
27/08/2016;38;CABRA;740;7,7;14;6,82;1,032;13;4,47;3,7;4,36;2,72
27/08/2016;25;VACA;22960;5,5;15;6,8;1,03;12,46;3,67;3,28;4,89;2,32
27/08/2016;42;OVEJA;3420;6,5;20;6,81;1,036;18,54;7,61;5,59;4,59;4,37
27/08/2016;42;CABRA;3400;8,3;13;6,86;1,032;13,66;4,94;3,58;4,53;2,65
27/08/2016;46;OVEJA;6560;6,2;20;6,8;1,036;17,56;6,89;5,31;4,59;4,12
27/08/2016;1;OVEJA;7560;4,5;19;6,75;1,036;17,61;6,89;5,22;4,73;4,1
27/08/2016;39;OVEJA;9380;5;19;6,76;1,036;17,35;6,76;5,04;4,73;3,95
28/08/2016;41;OVEJA;8760;6,2;20;6,83;1,036;18,41;7,48;5,53;4,67;4,28
28/08/2016;26;VACA;6740;4,8;15;6,83;1,03;12,02;3,26;3,17;4,9;2,23
28/08/2016;32;VACA;26220;3,7;15;6,84;1,03;11,93;3,29;3,22;4,9;2,2
28/08/2016;27;VACA;10660;9;15;6,78;1,03;12,08;3,52;3,14;4,81;2,16
28/08/2016;39;CABRA;1500;6,4;18;6,78;1,032;13,78;4,91;3,58;4,67;2,67
28/08/2016;39;OVEJA;4800;6,3;14;6,83;1,036;17,51;6,96;4,95;4,79;3,94
28/08/2016;43;CABRA;980;7,2;15;6,8;1,032;13,54;4,93;3,67;4,44;2,67
28/08/2016;42;OVEJA;6140;4,7;18;6,78;1,036;17,57;7,1;4,87;4,77;3,85
28/08/2016;42;CABRA;2840;6,6;14;6,82;1,032;12,68;4,19;3,42;4,57;2,53
28/08/2016;31;VACA;11900;5,3;15;6,84;1,03;11,87;3,31;3,22;4,78;2,22
28/08/2016;31;VACA;7860;5,2;15;6,82;1,03;11,97;3,46;3,19;4,73;2,19
28/08/2016;38;OVEJA;1880;4,2;20;6,78;1,036;16,93;6,5;5,19;4,55;4,01
28/08/2016;38;CABRA;4960;7;13;6,85;1,032;13,44;4,82;3,38;4,62;2,5
28/08/2016;25;VACA;23540;6;15;6,82;1,03;12,81;3,84;3,39;4,96;2,42
28/08/2016;37;CABRA;1720;8;13;6,82;1,032;13,43;4,89;3,73;4,35;2,69
28/08/2016;5;VACA;17800;5,6;15;6,84;1,03;11,42;3,04;3,1;4,76;2,09
28/08/2016;5;VACA;11580;8;15;6,84;1,03;11,87;3,15;3,23;4,89;2,21
28/08/2016;30;VACA;21120;5,5;14;6,86;1,03;11,99;3,21;3,34;4,84;2,29
29/08/2016;24;VACA;16660;6,5;15;6,84;1,03;12,96;4,41;3,07;4,78;2,12
29/08/2016;24;VACA;6060;6;15;6,84;1,03;12,07;3,86;2,94;4,61;1,98
29/08/2016;40;OVEJA;7160;6,4;20;6,8;1,036;18,28;7,34;5,45;4,71;4,25
29/08/2016;40;CABRA;3740;6,1;14;6,82;1,032;13,68;4,99;3,35;4,65;2,54
29/08/2016;41;CABRA;7460;5,2;13;6,86;1,032;13,2;4,54;3,44;4,65;2,58
29/08/2016;43;OVEJA;1640;6,5;19;6,78;1,036;18,86;7,71;6,03;4,43;4,58
29/08/2016;43;CABRA;2540;5,6;14;6,8;1,032;14,3;4,74;4,54;4,49;3,35
29/08/2016;32;VACA;22380;6,5;15;6,84;1,03;11,87;3,37;3,12;4,71;2,19
29/08/2016;29;VACA;12460;6,6;15;6,85;1,03;12,02;3,47;3,3;4,66;2,3
29/08/2016;29;VACA;9440;5,4;15;6,85;1,03;11,96;3,41;3,22;4,63;2,25
29/08/2016;42;CABRA;1000;9;14;6,8;1,032;12,75;4,34;3,39;4,45;2,51
29/08/2016;42;OVEJA;10600;6;19;6,82;1,036;17,01;6,17;5,36;4,76;4,21
29/08/2016;38;CABRA;620;8;13;6,86;1,032;13,29;4,67;3,69;4,42;2,74
29/08/2016;25;VACA;22900;5,8;15;6,8;1,03;12,61;3,77;3,3;4,88;2,36
29/08/2016;39;OVEJA;9200;4,6;19;6,8;1,036;17,17;6,63;4,96;4,73;3,9
29/08/2016;26;VACA;7120;5,8;20;6,8;1,03;12,08;3,36;3,14;4,9;2,19
29/08/2016;18;VACA;24960;5;14;6,85;1,03;12,33;3,51;3,34;4,87;2,3
29/08/2016;18;VACA;25580;7,1;16;6,78;1,03;12,4;3,45;3,44;4,96;2,45
29/08/2016;36;CABRA;10320;6,5;14;6,79;1,032;13,42;4,77;3,51;4,57;2,61
29/08/2016;18;VACA;25440;5,3;15;6,79;1,03;12,48;3,72;3,22;4,87;2,28
29/08/2016;18;VACA;25060;6;15;6,83;1,03;12,16;3,23;3,43;4,96;2,4
29/08/2016;45;CABRA;3500;6;14;6,81;1,032;13,3;4,7;3,58;4,53;2,62
29/08/2016;46;OVEJA;6680;7,5;21;6,78;1,036;17,26;6,68;5,21;4,62;4,06
29/08/2016;1;OVEJA;7100;7;21;6,78;1,036;16,91;6,58;5,01;4,58;3,93
29/08/2016;7;VACA;14560;6;15;6,83;1,03;11,75;3,15;3,18;4,87;2,21
29/08/2016;7;VACA;9380;6;15;6,83;1,03;11,74;3,14;3,19;4,87;2,21
30/08/2016;18;VACA;25520;7,8;15;6,8;1,03;11,11;2,35;3,24;4,99;2,28
30/08/2016;18;VACA;25340;8;15;6,83;1,03;13,05;4,4;3,15;4,83;2,17
30/08/2016;30;VACA;15760;5,7;14;6,86;1,03;11,89;3,21;3,29;4,77;2,24
30/08/2016;30;VACA;6340;6;14;6,86;1,03;12,08;3,38;3,33;4,77;2,28
30/08/2016;18;VACA;26340;7,5;15;6,83;1,03;12,42;3,45;3,42;5;2,38
30/08/2016;24;VACA;16980;5,4;15;6,83;1,03;11,87;3,36;3,06;4,79;2,09
30/08/2016;24;VACA;7960;4,7;15;6,84;1,03;11,87;3,19;3,07;4,82;2,14
30/08/2016;41;OVEJA;7600;4,5;19;6,8;1,036;18,2;7,25;5,44;4,69;NA
30/08/2016;26;VACA;6560;4,6;15;6,81;1,03;12,01;3,27;3,15;4,88;2,17
30/08/2016;39;CABRA;1540;6;13;6,86;1,032;13,85;4,99;3,63;4,56;2,67
30/08/2016;39;OVEJA;4860;5,6;18;6,85;1,036;17,57;6,97;4,95;4,8;3,94
30/08/2016;32;VACA;26180;3,1;15;6,81;1,03;11,96;3,24;3,21;4,91;2,2
30/08/2016;42;OVEJA;6340;5;19;6,82;1,036;17,68;7,11;4,87;4,8;3,84
30/08/2016;42;CABRA;3080;6,6;14;6,83;1,032;13,44;4,8;3,5;4,5;2,57
30/08/2016;27;VACA;5280;8;15;6,82;1,03;11,95;3,37;3,19;4,79;2,21
30/08/2016;25;VACA;23060;5,8;15;6,81;1,03;12,77;3,82;3,36;4,94;2,42
30/08/2016;37;CABRA;1860;7;14;6,84;1,032;13,53;4,85;3,68;4,43;2,69
30/08/2016;38;OVEJA;1820;5,3;19;6,81;1,036;17,18;6,59;5,25;4,64;4,02
30/08/2016;38;CABRA;6000;5;13;6,85;1,032;13,34;4,7;3,32;4,67;2,48
30/08/2016;18;VACA;25360;7;16;6,79;1,03;12,25;3,47;3,12;4,92;2,16
30/08/2016;31;VACA;23100;4;15;6,81;1,03;11,71;3,29;3,1;4,72;2,17
30/08/2016;27;VACA;5500;4;15;6,8;1,03;NA;NA;NA;NA;NA
31/08/2016;26;VACA;6880;5;15;6,82;1,03;11,97;3,23;3,16;4,92;2,23
31/08/2016;24;VACA;5920;8,5;15;6,83;1,03;12;3,3;3,14;4,88;2,21
31/08/2016;24;VACA;12780;5,6;15;6,83;1,03;12,07;3,31;3,27;4,9;2,28
31/08/2016;40;OVEJA;3840;5;19;6,8;1,036;18,34;7,44;5,26;4,76;4,1
31/08/2016;40;CABRA;4340;6,2;14;6,82;1,032;13,71;4,95;3,38;4,7;2,57
31/08/2016;18;VACA;26360;7;15;6,81;1,03;12,24;3,51;3,27;4,87;2,26
31/08/2016;41;CABRA;6720;5,2;14;6,8;1,032;13,08;4,47;3,4;4,63;2,57
31/08/2016;32;VACA;22000;6,7;15;6,83;1,03;11,82;3,32;3,11;4,7;2,14
31/08/2016;42;OVEJA;3460;6;20;6,8;1,036;18,23;7,37;5,47;4,6;4,28
31/08/2016;42;CABRA;3760;4;14;6,73;1,032;13,21;4,55;3,54;4,52;2,58
31/08/2016;43;CABRA;820;8;14;6,78;1,032;13,55;4,97;3,63;4,43;2,65
31/08/2016;38;CABRA;740;8;14;6,8;1,032;13,5;4,69;3,78;4,45;2,78
31/08/2016;39;OVEJA;12160;5;20;6,82;1,036;16,95;6,29;5,08;4,79;3,99
31/08/2016;25;VACA;21420;6;15;6,83;1,03;12,57;3,75;3,32;4,88;2,36
31/08/2016;36;CABRA;7440;7,4;14;6,81;1,032;13,3;4,69;3,33;4,61;2,47
31/08/2016;30;VACA;15840;5,7;14;6,86;1,03;12,04;3,37;3,3;4,74;2,28
31/08/2016;30;VACA;4200;5,6;14;6,86;1,03;12,16;3,51;3,27;4,69;2,31
31/08/2016;46;OVEJA;6660;7;19;6,82;1,036;17,49;6,88;5,2;4,59;4,01
31/08/2016;45;CABRA;3880;8,5;14;6,83;1,032;13,04;4,49;3,56;4,52;2,56
31/08/2016;1;OVEJA;7920;7;19;6,81;1,036;16,73;6,48;4,84;4,64;3,78
31/08/2016;18;VACA;25500;4,6;15;6,83;1,03;12,25;3,51;3,28;4,86;2,26
31/08/2016;1;OVEJA;25540;4,1;20;6,8;1,036;17,45;6,76;5,18;4,74;4,09
31/08/2016;18;VACA;23800;7;15;6,8;1,03;12,18;3,37;3,19;4,93;2,24
01/09/2016;18;VACA;25280;6,5;15;6,8;1,03;12,28;3,46;3,38;4,89;2,37
01/09/2016;18;VACA;25260;7,2;15;6,83;1,03;11,99;3,09;3,4;4,98;2,41
01/09/2016;27;VACA;4060;4;15;6,8;1,03;11,89;3,37;3,21;4,73;2,23
01/09/2016;41;OVEJA;8000;4,3;19;6,8;1,036;18,47;7,43;5,58;4,69;4,31
01/09/2016;42;OVEJA;6340;7;20;6,78;1,036;17,76;7,17;4,97;4,82;3,9
01/09/2016;42;CABRA;2080;6,2;15;6,79;1,032;13,15;4,54;3,4;4,56;2,48
01/09/2016;43;OVEJA;1320;7;20;6,78;1,036;19,32;8,05;6,22;4,36;4,65
01/09/2016;43;CABRA;3000;5,6;14;6,8;1,032;13,97;4,71;4,06;4,64;3,02
01/09/2016;32;VACA;25660;3,4;15;6,84;1,03;11,98;3,31;3,23;4,91;2,26
01/09/2016;39;CABRA;1460;6;15;6,77;1,032;13,8;4,87;3,65;4,66;2,74
01/09/2016;39;OVEJA;4780;5;20;6,8;1,036;17,32;6,81;4,86;4,84;3,89
01/09/2016;26;VACA;6240;5;15;6,82;1,03;12,02;3,25;3,17;4,93;2,23
01/09/2016;29;VACA;8400;6,8;15;6,83;1,03;12,21;3,6;3,3;4,67;2,28
01/09/2016;29;VACA;9560;5,5;15;6,83;1,03;12,02;3,41;3,26;4,68;2,26
01/09/2016;25;VACA;22960;5,7;15;6,8;1,03;12,75;3,83;3,37;4,91;2,4
01/09/2016;24;VACA;16760;4,2;14;6,86;1,03;11,8;3,19;3,12;4,84;2,15
01/09/2016;37;CABRA;1560;8;13;6,83;1,032;13,51;4,89;3,76;4,37;2,69
01/09/2016;38;OVEJA;1720;5,6;18;6,8;1,036;16,86;6,48;5,28;4,41;3,96
01/09/2016;38;CABRA;6540;5,5;13;6,85;1,032;13,5;4,84;3,31;4,67;2,47
01/09/2016;1;CABRA;23960;4,4;15;6,81;1,032;13,3;4,77;3,42;4,47;2,45
01/09/2016;18;VACA;24740;6,5;15;6,83;1,03;12,26;3,39;3,42;4,92;2,39
01/09/2016;31;VACA;19040;4,1;14;6,86;1,03;12,03;3,55;3,07;4,74;2,14
01/09/2016;18;VACA;25680;8,5;16;6,81;1,03;12,33;3,47;3,24;4,95;2,23
01/09/2016;18;VACA;24940;5,2;15;6,84;1,03;12,13;3,38;3,3;4,86;2,23
01/09/2016;1;OVEJA;24480;3,7;21;6,75;1,036;16,59;6,4;4,95;4,51;3,81
01/09/2016;1;CABRA;24900;3,5;14;6,84;1,032;13,71;4,91;3,62;4,55;2,6
02/09/2016;30;VACA;15960;5,5;14;6,85;1,03;11,76;3,2;3,24;4,73;2,23
02/09/2016;30;VACA;3880;6;14;6,86;1,03;11,97;3,4;3,25;4,74;2,24
02/09/2016;24;VACA;16320;6,5;15;6,81;1,03;12,83;4,21;3,08;4,8;2,14
02/09/2016;24;VACA;6420;4,6;15;6,8;1,03;11,9;3,17;3,18;4,93;2,19
02/09/2016;26;VACA;7300;4,6;15;6,82;1,03;12,03;3,26;3,16;4,92;2,21
02/09/2016;40;OVEJA;7380;5,5;18;6,84;1,036;18,23;7,38;5,32;4,74;4,15
02/09/2016;40;CABRA;3600;6,2;14;6,8;1,032;13,84;5,06;3,44;4,65;2,6
02/09/2016;41;CABRA;7580;5,6;14;6,83;1,032;13,27;4,54;3,46;4,69;2,59
02/09/2016;32;VACA;20520;7;15;6,77;1,03;11,79;3,32;3,08;4,68;2,12
02/09/2016;38;CABRA;640;7;13;6,86;1,032;13,16;4,4;3,78;4,51;2,8
02/09/2016;42;CABRA;780;8;14;6,81;1,032;13,09;4,51;3,57;4,52;2,6
02/09/2016;42;OVEJA;10340;6,4;19;6,8;1,036;17,01;6,02;5,49;4,78;4,3
02/09/2016;39;OVEJA;6020;3,8;18;6,82;1,036;17,83;7,33;4,86;4,65;3,85
02/09/2016;18;VACA;25540;7;15;6,83;1,03;12,43;3,44;3,45;4,98;2,42
02/09/2016;25;VACA;25880;6;15;6,8;1,03;12,44;3,66;3,27;4,85;2,29
02/09/2016;36;CABRA;13480;6,8;14;6,81;1,032;13,56;4,89;3,36;4,62;2,51
02/09/2016;46;OVEJA;6840;7,8;19;6,78;1,036;17,39;6,67;5,28;4,64;4,11
02/09/2016;45;CABRA;3800;6,3;13;6,82;1,032;13,17;4,68;3,48;4,48;2,5
02/09/2016;1;OVEJA;7840;6,1;19;6,77;1,036;16,89;6,4;5,22;4,49;4,01
02/09/2016;18;VACA;26600;7,5;15;6,81;1,03;12,13;3,06;3,44;5,03;2,43
02/09/2016;18;VACA;25560;6;15;6,8;1,03;12,31;3,48;3,36;4,88;2,28
03/09/2016;27;VACA;5060;7,2;15;6,79;1,03;12,12;3,45;3,28;4,75;2,28
03/09/2016;24;VACA;16160;8,1;15;6,8;1,03;11,93;3,38;3,08;4,67;2,17
03/09/2016;26;VACA;7660;4,5;16;6,79;1,03;12,1;3,24;3,2;4,97;2,24
03/09/2016;41;OVEJA;9340;5;20;6,8;1,036;18,47;7,54;5,5;4,7;4,25
03/09/2016;32;VACA;25040;2,7;15;6,8;1,03;12,03;3,35;3,22;4,89;2,24
03/09/2016;39;CABRA;1500;7;13;6,84;1,032;14,27;5,18;3,86;4,6;2,81
03/09/2016;39;OVEJA;4280;6,9;18;6,82;1,036;17,4;6,99;4,74;4,82;3,78
03/09/2016;43;CABRA;700;8;14;6,8;1,032;13,51;4,91;3,75;4,39;2,67
03/09/2016;42;OVEJA;6500;4,5;20;6,82;1,036;17,69;7,1;4,95;4,79;3,9
03/09/2016;42;CABRA;3060;4,5;14;6,79;1,032;13,2;4,37;3,64;4,61;2,67
03/09/2016;31;VACA;16380;4,8;15;6,81;1,03;11,81;3,43;3,06;4,71;2,1
03/09/2016;31;VACA;5500;4,5;15;6,83;1,03;11,97;3,55;3,08;4,74;2,12
03/09/2016;25;VACA;23720;6,6;15;6,78;1,03;12,68;3,71;3,38;4,95;2,43
03/09/2016;37;CABRA;1860;8,5;14;6,82;1,032;13,54;4,89;3,71;4,39;2,67
03/09/2016;38;OVEJA;1700;4,8;19;6,76;1,036;17,11;6,57;5,25;4,59;4,03
03/09/2016;38;CABRA;5820;6,8;13;6,83;1,032;13,63;4,98;3,35;4,64;2,5
03/09/2016;30;VACA;19540;5,6;15;6,83;1,03;12,05;3,33;3,33;4,77;2,29
04/09/2016;26;VACA;7340;4,5;16;6,8;1,03;12,17;3,33;3,17;4,95;2,23
04/09/2016;40;OVEJA;7120;6,2;19;6,81;1,036;18,14;7,31;5,31;4,72;4,15
04/09/2016;40;CABRA;3540;5,9;14;6,82;1,032;14,05;5,2;3,46;4,66;2,58
04/09/2016;41;CABRA;7500;5,4;13;6,84;1,032;13,19;4,5;3,44;4,66;2,56
04/09/2016;32;VACA;21640;7,1;15;6,8;1,03;11,83;3,3;3,11;4,71;2,15
04/09/2016;43;OVEJA;1680;7,1;20;6,82;1,036;18,79;7,54;5,97;4,55;4,58
04/09/2016;43;CABRA;3260;7,2;13;6,84;1,032;13,36;4,47;3,77;4,52;2,79
04/09/2016;29;VACA;16460;6,3;15;6,82;1,03;12,18;3,54;3,32;4,65;2,28
04/09/2016;29;VACA;5160;5,6;15;6,79;1,03;12,12;3,49;3,28;4,62;2,25
04/09/2016;42;OVEJA;3500;6,7;20;6,8;1,036;18,61;7,63;5,56;4,62;4,34
04/09/2016;42;CABRA;4020;7,9;14;6,84;1,032;13,32;4,63;3,55;4,51;2,57
04/09/2016;25;VACA;23560;5,8;15;6,81;1,03;12,6;3,73;3,3;4,92;2,33
04/09/2016;38;CABRA;580;8,2;13;6,84;1,032;13,46;4,71;3,8;4,39;2,76
04/09/2016;39;OVEJA;8860;5,5;18;6,83;1,036;16,92;6,12;5,25;4,76;4,09
04/09/2016;1;OVEJA;7840;3,4;20;6,73;1,036;17,82;7,11;5,35;4,6;4,16
04/09/2016;45;CABRA;3900;9,3;15;6,77;1,032;13,12;4,47;3,58;4,58;2,59
04/09/2016;46;OVEJA;6940;7,4;20;6,8;1,036;17,24;6,65;5,18;4,61;4,01
05/09/2016;20;VACA;22160;6,3;15;6,8;1,03;12,3;3,6;3,2;4,79;2,27
05/09/2016;23;VACA;27000;5,2;15;6,83;1,03;12;3,42;3,08;4,82;2,16
05/09/2016;22;VACA;25060;6,4;15;6,84;1,03;12,32;3,52;3,19;4,97;2,28
05/09/2016;21;VACA;25720;4,7;15;6,81;1,03;12,36;3,55;3,22;4,89;2,29
05/09/2016;19;VACA;21360;5,6;15;6,79;1,03;12,17;3,47;3,21;4,87;2,29
05/09/2016;24;VACA;16740;5,5;15;6,88;1,03;12,43;3,87;3,11;4,75;2,16
05/09/2016;24;VACA;8340;5,3;16;6,8;1,03;12,44;4;3,05;4,7;2,06
05/09/2016;27;VACA;4900;7,3;15;6,83;1,03;12;3,43;3,2;4,75;2,25
05/09/2016;41;OVEJA;8860;6,6;18;6,85;1,036;18,37;7,54;5,43;4,72;4,15
05/09/2016;32;VACA;25500;3;15;6,81;1,03;12,04;3,33;3,21;4,91;2,22
05/09/2016;39;CABRA;1740;6;13;6,85;1,032;14,49;5,12;4,09;4,62;3,03
05/09/2016;39;OVEJA;4920;4;18;6,86;1,036;17,23;6,85;4,83;4,8;3,77
05/09/2016;26;VACA;7060;4,8;15;6,81;1,03;12,18;3,35;3,17;4,95;2,23
05/09/2016;18;VACA;27460;7,5;15;6,82;1,03;12,21;3,29;3,39;4,96;2,39
05/09/2016;42;OVEJA;6640;5,5;19;6,83;1,036;17,47;7;4,92;4,78;3,8
05/09/2016;42;CABRA;3160;6,6;14;6,81;1,032;13,33;4,56;3,57;4,58;2,63
05/09/2016;37;CABRA;1680;8,5;13;6,86;1,032;13,63;4,98;3,75;4,36;2,7
05/09/2016;25;VACA;23540;6,3;15;6,81;1,03;12,78;3,8;3,36;4,97;2,39
05/09/2016;38;OVEJA;1920;5;19;6,83;1,036;17,17;6,75;5,23;4,51;3,93
05/09/2016;38;CABRA;6020;6,5;13;6,86;1,032;13,52;4,89;3,3;4,62;2,45
05/09/2016;36;CABRA;10440;7;14;6,83;1,032;13,43;4,79;3,48;4,54;2,56
05/09/2016;18;VACA;26060;5,4;15;6,82;1,03;12,39;3,61;3,29;4,87;2,25
05/09/2016;18;VACA;25400;7,4;15;6,82;1,03;12,31;3,36;3,39;5,02;2,38
06/09/2016;20;VACA;21000;6,5;15;6,83;1,03;12,29;3,51;3,23;4,89;2,26
06/09/2016;23;VACA;22800;5,6;15;6,83;1,03;12,11;3,37;3,16;4,91;2,23
06/09/2016;22;VACA;25320;6,7;15;6,84;1,03;12,3;3,53;3,17;4,93;2,28
06/09/2016;19;VACA;20780;6,4;15;6,84;1,03;12,25;3,46;3,3;4,84;2,35
06/09/2016;21;VACA;27800;5,2;15;6,84;1,03;12,41;3,6;3,22;4,89;2,31
06/09/2016;18;VACA;25420;7;15;6,83;1,03;12,36;3,39;3,43;5;2,41
06/09/2016;1;CABRA;24800;6;14;6,8;1,032;13,4;4,73;3,63;4,51;2,58
06/09/2016;41;CABRA;6900;5,4;14;6,85;1,032;13,2;4,53;3,42;4,66;2,58
06/09/2016;40;OVEJA;4940;7;18;6,81;1,036;18,33;7,55;5,21;4,78;4,08
06/09/2016;40;CABRA;4220;7;14;6,78;1,032;13,79;4,99;3,43;4,68;2,57
06/09/2016;32;VACA;21360;5,8;15;6,78;1,03;11,91;3,34;3,13;4,71;2,16
06/09/2016;43;CABRA;860;6,4;14;6,81;1,032;13,73;5,05;3,72;4,45;2,66
06/09/2016;18;VACA;25340;8,5;15;6,82;1,03;12,3;3,43;3,37;4,99;2,38
06/09/2016;26;VACA;7280;5;15;6,84;1,03;12,23;3,45;3,13;4,91;2,23
06/09/2016;25;VACA;23040;4,7;15;6,82;1,03;12,64;3,77;3,29;4,93;2,32
06/09/2016;24;VACA;16680;4,1;14;6,85;1,03;12,01;3,33;3,15;4,88;2,22
06/09/2016;24;VACA;10080;5,2;14;6,85;1,03;12,07;3,3;3,1;4,92;2,19
06/09/2016;46;OVEJA;7000;7,8;18;6,83;1,036;17,07;6,57;5,16;4,62;3,97
06/09/2016;45;CABRA;2900;8,5;14;6,84;1,032;13,42;4,74;3,54;4,61;2,61
06/09/2016;1;OVEJA;7380;6;18;6,84;1,036;16,75;6,5;5,09;4,49;3,84
06/09/2016;42;CABRA;960;8,5;13;6,85;1,032;13,59;4,87;3,8;4,42;2,69
06/09/2016;42;OVEJA;10260;6;18;6,84;1,036;17,12;6,23;5,46;4,76;4,2
06/09/2016;38;CABRA;740;8,5;14;6,84;1,032;13,68;4,85;3,9;4,38;2,84
07/09/2016;27;VACA;5280;7;15;6,84;1,03;11,9;3,25;3,22;4,85;2,3
07/09/2016;41;OVEJA;8360;5,1;20;6,8;1,036;17,85;7,09;5,36;4,73;4,09
07/09/2016;43;CABRA;3120;8,4;15;6,83;1,032;13,47;4,4;3,81;4,71;2,87
07/09/2016;43;OVEJA;1100;7,7;20;6,8;1,036;18,77;7,72;6,08;4,38;4,5
07/09/2016;39;CABRA;1640;8;14;6,85;1,032;14,5;5,26;4,03;4,55;2,96
07/09/2016;39;OVEJA;4200;7,8;19;6,8;1,036;16,92;6,63;4,76;4,8;3,71
07/09/2016;24;VACA;15100;8,5;15;6,82;1,03;11,72;3,23;3,08;4,74;2,1
07/09/2016;24;VACA;5980;6,2;15;6,82;1,03;11,82;3,15;3,16;4,92;2,2
07/09/2016;26;VACA;6380;4;15;6,83;1,03;12,02;3,29;3,13;4,92;2,19
07/09/2016;32;VACA;24960;3,5;15;6,83;1,03;12,06;3,41;3,18;4,87;2,18
07/09/2016;42;OVEJA;5740;5;19;6,82;1,036;17,34;6,89;4,82;4,8;3,8
07/09/2016;42;CABRA;2800;6,4;14;6,85;1,032;13,89;4,98;3,79;4,47;2,73
07/09/2016;29;VACA;16280;6,4;15;6,83;1,03;12,16;3,58;3,3;4,59;2,27
07/09/2016;29;VACA;3260;6,2;15;6,85;1,03;12,07;3,54;3,23;4,59;2,22
07/09/2016;25;VACA;23460;5,9;15;6,83;1,03;12,77;3,83;3,34;4,96;2,37
07/09/2016;37;CABRA;1880;8,2;13;6,85;1,032;13,53;4,83;3,76;4,41;2,7
07/09/2016;36;CABRA;6220;8,3;14;6,78;1,032;13,61;4,91;3,42;4,58;2,54
07/09/2016;38;OVEJA;1840;5;18;6,85;1,036;16,91;6,55;5,27;4,47;3,93
07/09/2016;38;CABRA;5980;7;13;6,86;1,032;13,37;4,85;3,25;4,61;2,42
08/09/2016;22;VACA;22520;7,4;15;6,82;1,03;12,3;3,56;3,18;4,97;2,26
08/09/2016;23;VACA;22700;6,1;15;6,83;1,03;12,12;3,36;3,17;4,94;2,26
08/09/2016;19;VACA;21020;4,6;16;6,82;1,03;12,21;3,43;3,3;4,86;2,36
08/09/2016;21;VACA;23260;5,5;15;6,88;1,03;12,45;3,64;3,24;4,94;2,31
08/09/2016;18;VACA;25240;5,1;15;6,82;1,03;12,29;3,58;3,28;4,88;2,28
08/09/2016;40;OVEJA;5700;6;18;6,83;1,036;18,01;7,25;5,33;4,79;4,07
08/09/2016;40;CABRA;3460;6,3;14;6,8;1,032;13,86;5,07;3,44;4,66;2,57
08/09/2016;42;OVEJA;3160;5,5;19;6,84;1,036;18,04;7,26;5,44;4,65;4,22
08/09/2016;42;CABRA;3880;4,6;14;6,85;1,032;13,01;4,39;3,39;4,65;2,52
08/09/2016;41;CABRA;7460;5,7;14;6,86;1,032;13,32;4,59;3,44;4,67;2,57
08/09/2016;26;VACA;6620;4,5;15;6,8;1,03;12,22;3,47;3,12;4,96;2,23
08/09/2016;32;VACA;21080;6,8;15;6,81;1,03;11,93;3,36;3,17;4,69;2,14
08/09/2016;25;VACA;21480;5,7;15;6,83;1,03;12,59;3,8;3,26;4,93;2,31
08/09/2016;38;CABRA;600;8;14;6,85;1,032;13,57;4,76;3,89;4,39;2,84
08/09/2016;1;OVEJA;7560;6;18;6,8;1,036;16,52;6,31;4,98;4,55;3,78
08/09/2016;46;OVEJA;6920;7,5;18;6,8;1,036;17,16;6,55;5,21;4,7;4,01
08/09/2016;45;CABRA;3780;4,3;14;6,8;1,032;13,21;4,48;3,71;4,57;2,68
08/09/2016;39;OVEJA;5880;6;20;6,82;1,036;16,68;5,77;5,43;4,84;4,18
08/09/2016;18;VACA;25380;7,4;15;6,82;1,03;12,07;3,24;3,35;4,94;2,32
08/09/2016;1;CABRA;24280;3,9;14;6,83;1,032;13,64;4,88;3,5;4,63;2,59
09/09/2016;20;VACA;22740;6;15;6,84;1,03;12,3;3,62;3,23;4,81;2,28
09/09/2016;22;VACA;24320;6;14;6,85;1,03;12,18;3,44;3,16;4,98;2,19
09/09/2016;23;VACA;25080;5,3;15;6,84;1,03;12,19;3,5;3,1;4,93;2,16
09/09/2016;19;VACA;21260;6;15;6,84;1,03;12,16;3,5;3,2;4,86;2,26
09/09/2016;21;VACA;24420;4;14;6,86;1,03;12,39;3,64;3,21;4,89;2,24
09/09/2016;18;VACA;24780;5,6;15;6,83;1,03;11,95;3,18;3,2;4,96;2,23
09/09/2016;18;VACA;26020;6,8;14;6,85;1,03;12,2;3,38;3,39;4,92;2,36
09/09/2016;24;VACA;15740;7,2;15;6,83;1,03;12,7;4,19;3,09;4,79;2,16
09/09/2016;24;VACA;8960;6,3;15;6,83;1,03;12,39;3,89;3;4,77;2,1
09/09/2016;27;VACA;5380;7;15;6,83;1,03;12,22;3,66;3,16;4,79;2,23
09/09/2016;41;OVEJA;8220;5;18;6,82;1,036;17,91;7,02;5,43;4,79;4,15
09/09/2016;42;OVEJA;5780;6;18;6,84;1,036;17,64;7,16;4,82;4,83;3,79
09/09/2016;42;CABRA;2020;6;14;6,82;1,032;13,88;5,04;3,73;4,48;2,72
09/09/2016;39;CABRA;1660;7;14;6,83;1,032;14,36;5,16;3,84;4,67;2,88
09/09/2016;39;OVEJA;4860;7;18;6,85;1,036;17,38;6,93;4,89;4,82;3,82
09/09/2016;43;CABRA;640;6;14;6,83;1,032;14,7;5,39;4,19;4,55;3,05
09/09/2016;32;VACA;25340;3,3;15;6,82;1,03;11,98;3,33;3,16;4,91;2,18
09/09/2016;26;VACA;6420;4,6;15;6,8;1,03;12,14;3,43;3,09;4,92;2,17
09/09/2016;37;CABRA;1800;8;14;6,85;1,032;13,6;4,81;3,9;4,38;2,81
09/09/2016;25;VACA;23100;6;15;6,83;1,03;12,64;3,74;3,33;4,95;2,39
09/09/2016;38;OVEJA;1820;6;19;6,82;1,036;17,07;6,66;5,24;4,57;3,95
09/09/2016;38;CABRA;6420;5,7;13;6,86;1,032;13,54;4,92;3,28;4,66;2,45
09/09/2016;36;CABRA;13320;6;13;6,82;1,032;13,88;5,11;3,46;4,66;2,57
10/09/2016;43;CABRA;3280;6,6;13;6,86;1,032;13,26;4,47;3,63;4,63;2,73
10/09/2016;43;OVEJA;1100;6,2;20;6,8;1,036;19,15;8,02;6,06;4,47;4,56
10/09/2016;40;OVEJA;7320;7;19;6,83;1,036;18,28;7,47;5,28;4,82;4,1
10/09/2016;40;CABRA;3420;6;14;6,81;1,032;13,98;5,17;3,48;4,65;2,59
10/09/2016;24;VACA;15560;7,3;15;6,81;1,03;12,04;3,43;3,12;4,84;2,17
10/09/2016;24;VACA;2620;7,3;15;6,78;1,03;12,17;3,47;3,14;4,96;2,2
10/09/2016;26;VACA;6480;4,6;15;6,8;1,03;12,16;3,45;3,11;4,92;2,17
10/09/2016;32;VACA;20160;6,3;15;6,78;1,03;11,76;3,26;3,13;4,72;2,19
10/09/2016;29;VACA;16760;7;15;6,83;1,03;12,13;3,59;3,24;4,66;2,26
10/09/2016;29;VACA;2780;8;15;6,8;1,03;11,94;3,43;3,21;4,6;2,23
10/09/2016;42;CABRA;640;8;13;6,86;1,032;13,43;4,72;3,74;4,51;2,71
10/09/2016;42;OVEJA;9460;5,7;18;6,81;1,036;17,44;6,53;5,48;4,75;4,26
10/09/2016;41;CABRA;6980;5,4;14;6,83;1,032;13,28;4,55;3,47;4,71;2,62
10/09/2016;25;VACA;22060;4,5;15;6,81;1,03;12,44;3,68;3,28;4,89;2,32
10/09/2016;38;CABRA;580;7,4;13;6,85;1,032;13,54;4,75;3,86;4,43;2,82
10/09/2016;1;OVEJA;7680;5;18;6,77;1,036;16,83;6,55;5,07;4,56;3,82
10/09/2016;45;CABRA;3660;4;13;6,81;1,032;13,54;4,84;3,65;4,55;2,63
10/09/2016;46;OVEJA;6800;7;18;6,81;1,036;17,69;6,88;5,42;4,69;4,18
11/09/2016;26;VACA;6780;4,6;16;6,79;1,03;12,15;3,4;3,15;4,94;2,22
11/09/2016;41;OVEJA;8220;5,8;18;6,84;1,036;18,3;7,4;5,52;4,75;4,24
11/09/2016;32;VACA;25400;3,7;15;6,8;1,03;12,04;3,31;3,24;4,91;2,26
11/09/2016;39;CABRA;1480;8;13;8,6;1,032;14,09;5,08;3,7;4,63;2,76
11/09/2016;39;OVEJA;4360;8;18;6,84;1,036;17,22;6,67;4,97;4,8;3,86
11/09/2016;27;VACA;5060;6,9;15;6,82;1,03;12,01;3,43;3,21;4,77;2,26
11/09/2016;42;OVEJA;6540;4,5;18;6,85;1,036;18,06;7,41;5,07;4,78;3,99
11/09/2016;42;CABRA;4300;4,7;14;6,81;1,032;13,31;4,53;3,49;4,7;2,61
11/09/2016;25;VACA;23420;6,5;15;6,79;1,03;12,68;3,72;3,38;4,96;2,42
11/09/2016;37;CABRA;1780;7,8;14;6,8;1,032;13,84;5,01;3,89;4,39;2,86
11/09/2016;38;OVEJA;1800;4,7;18;6,84;1,036;17,36;6,78;5,39;4,58;4,1
11/09/2016;38;CABRA;5540;6,8;13;6,86;1,032;13,63;4,97;3,34;4,64;2,48
11/09/2016;34;VACA;23820;6,3;15;6,81;1,03;12,08;3,37;3,29;4,85;2,29
12/09/2016;22;VACA;25160;6,5;15;6,82;1,03;12,21;3,4;3,23;4,91;2,27
12/09/2016;20;VACA;20100;6,7;15;6,81;1,03;12,21;3,5;3,28;4,82;2,3
12/09/2016;19;VACA;20920;5,1;15;6,82;1,03;12,38;3,62;3,31;4,84;2,34
12/09/2016;23;VACA;19940;5,7;15;6,8;1,03;12,22;3,4;3,23;4,95;2,3
12/09/2016;21;VACA;23980;4,6;15;6,82;1,03;12,22;3,5;3,24;4,84;2,25
12/09/2016;24;VACA;16000;6,8;15;6,83;1,03;12,62;3,91;3,19;4,87;2,24
12/09/2016;24;VACA;5280;6;15;6,83;1,03;11,97;3,3;3,14;4,92;2,19
12/09/2016;26;VACA;6800;4,8;15;6,8;1,03;12,1;3,35;3,17;4,92;2,23
12/09/2016;41;CABRA;7420;5,3;14;6,84;1,032;13,37;4,6;3,49;4,72;2,61
12/09/2016;40;OVEJA;6780;6;18;6,83;1,036;18,72;7,71;5,56;4,77;4,27
12/09/2016;40;CABRA;3200;6,4;14;6,84;1,032;14,03;5,15;3,52;4,67;2,63
12/09/2016;32;VACA;21380;8,2;15;6,8;1,03;11,73;3,14;3,17;4,74;2,21
12/09/2016;42;OVEJA;2960;6;21;6,77;1,036;18,77;7,87;5,56;4,57;4,32
12/09/2016;42;CABRA;2940;6,5;14;6,86;1,032;13,84;4,97;3,74;4,52;2,75
12/09/2016;43;CABRA;800;6,1;14;6,82;1,032;14,83;5,57;4,23;4,47;3,06
12/09/2016;38;CABRA;660;8;14;6,81;1,032;13,67;4,85;3,81;4,47;2,83
12/09/2016;25;VACA;22760;5,5;15;6,82;1,03;12,44;3,64;3,29;4,84;2,34
12/09/2016;1;OVEJA;7820;6,2;20;6,82;1,036;17,28;6,86;5,25;4,49;4
12/09/2016;46;OVEJA;7000;7;20;6,82;1,036;17,56;6,76;5,42;4,67;4,21
12/09/2016;45;CABRA;3520;7,6;15;6,83;1,032;13,63;4,66;3,96;4,52;2,85
12/09/2016;18;VACA;24740;7,2;15;6,82;1,03;12,07;3,18;3,44;4,96;2,39
12/09/2016;18;VACA;25440;7;15;6,82;1,03;12,16;3,25;3,42;4,98;2,39
12/09/2016;39;OVEJA;5220;6,2;18;6,83;1,036;17,09;5,98;5,62;4,77;4,31
12/09/2016;36;CABRA;10200;7,2;14;6,84;1,032;13,68;4,85;3,72;4,52;2,75
13/09/2016;20;VACA;20480;6;15;6,82;1,03;12,21;3,54;3,23;4,75;2,28
13/09/2016;19;VACA;22180;7,1;15;6,8;1,03;12,17;3,48;3,23;4,83;2,26
13/09/2016;22;VACA;27480;6,7;15;6,82;1,03;12,25;3,46;3,22;4,93;2,27
13/09/2016;23;VACA;18900;6,3;15;6,79;1,03;12,17;3,38;3,22;4,93;2,28
13/09/2016;21;VACA;25360;4,4;15;6,8;1,03;12,05;3,44;3,2;4,77;2,22
13/09/2016;18;VACA;25800;8,3;15;6,83;1,03;12,41;3,56;3,38;4,94;2,34
13/09/2016;18;VACA;26180;5,3;15;6,82;1,03;12,58;3,78;3,2;4,94;2,24
13/09/2016;43;CABRA;2640;6,6;15;6,82;1,032;13,41;4,53;3,69;4,65;2,76
13/09/2016;43;OVEJA;940;6,7;21;6,84;1,036;19,21;7,9;6,29;4,38;4,72
13/09/2016;41;OVEJA;8080;4,7;20;6,83;1,036;18,49;7,5;5,58;4,71;4,23
13/09/2016;32;VACA;26100;4,2;15;6,82;1,03;11,96;3,25;3,24;4,88;2,27
13/09/2016;39;CABRA;1540;6,3;13;6,83;1,032;14,37;5,18;3,88;4,63;2,89
13/09/2016;39;OVEJA;4880;8;19;6,74;1,036;17,31;6,76;4,98;4,8;3,88
13/09/2016;42;OVEJA;6200;5,2;19;6,82;1,036;17,78;7,17;5;4,8;3,94
13/09/2016;42;CABRA;3400;5,2;13;6,85;1,032;13,29;4,57;3,51;4,62;2,63
13/09/2016;26;VACA;7000;4,7;15;6,81;1,03;12,05;3,27;3,16;4,94;2,23
13/09/2016;29;VACA;16540;6;15;6,83;1,03;11,65;3,22;3,22;4,58;2,21
13/09/2016;29;VACA;2940;5,9;16;6,84;1,03;11,98;3,54;3,2;4,55;2,21
13/09/2016;25;VACA;23640;6,5;15;6,8;1,03;12,81;3,81;3,39;4,91;2,41
13/09/2016;37;CABRA;1760;8,2;14;6,79;1,032;13,68;4,88;3,87;4,39;2,79
13/09/2016;24;VACA;14520;4;15;6,79;1,03;12,08;3,39;3,15;4,86;2,23
13/09/2016;24;VACA;10220;5,1;15;6,78;1,03;11,92;3,2;3,08;4,89;2,16
13/09/2016;38;OVEJA;1240;5,6;18;6,84;1,036;16,51;6,17;5,23;4,51;3,94
13/09/2016;38;CABRA;6000;5,8;13;6,86;1,032;13,78;5,05;3,42;4,66;2,54
13/09/2016;1;CABRA;25080;3,6;14;6,82;1,032;13,53;4,95;3,47;4,43;2,44
14/09/2016;22;VACA;23320;4,3;15;6,8;1,03;12,25;3,46;3,22;4,93;2,27
14/09/2016;19;VACA;20160;4,7;15;6,82;1,03;12,2;3,48;3,28;4,78;2,31
14/09/2016;20;VACA;21540;5,3;15;6,8;1,03;12,45;3,61;3,28;4,89;2,33
14/09/2016;23;VACA;23100;5,5;15;6,83;1,03;12,3;3,51;3,2;4,9;2,28
14/09/2016;18;VACA;25280;6,7;15;6,81;1,03;11,91;3,22;3,19;4,82;2,18
14/09/2016;21;VACA;24520;4;15;6,81;1,03;12,34;3,47;3,28;4,9;2,32
14/09/2016;41;CABRA;6240;5,5;15;6,84;1,032;13,35;4,62;3,47;4,65;2,59
14/09/2016;40;OVEJA;4860;6,7;18;6,8;1,036;18,78;7,9;5,4;4,7;4,16
14/09/2016;40;CABRA;3960;5,5;14;6,78;1,032;14,2;5,26;3,57;4,66;2,66
14/09/2016;24;VACA;14440;5,9;14;6,85;1,03;11,72;3,16;3,14;4,71;2,15
14/09/2016;24;VACA;5480;5,5;15;6,83;1,03;11,87;3,29;3,11;4,86;2,14
14/09/2016;26;VACA;6760;4,5;15;6,8;1,03;12,04;3,29;3,17;4,9;2,2
14/09/2016;18;VACA;25120;7;15;6,81;1,03;11,99;3,08;3,42;4,97;2,36
14/09/2016;32;VACA;21640;6,4;15;6,79;1,03;11,95;3,28;3,21;4,72;2,23
14/09/2016;42;CABRA;360;6;16;6,86;1,032;14,42;5,41;4,01;4,44;2,86
14/09/2016;42;OVEJA;9160;5,3;19;6,81;1,036;17,69;6,7;5,59;4,68;4,3
14/09/2016;25;VACA;23460;4,6;15;6,79;1,03;12,45;3,64;3,29;4,82;2,31
14/09/2016;38;CABRA;540;6;13;6,8;1,032;13,81;4,89;3,9;4,49;2,88
14/09/2016;46;OVEJA;6920;5;19;6,82;1,036;17,65;6,88;5,38;4,65;4,15
14/09/2016;1;OVEJA;7720;6;20;6,81;1,036;17,22;6,78;5,36;4,4;3,97
14/09/2016;30;VACA;9320;6;15;6,82;1,03;12,19;3,48;3,29;4,73;2,25
15/09/2016;36;CABRA;4460;6;14;6,8;1,032;14,06;5,11;3,57;4,63;2,67
15/09/2016;36;CABRA;1320;5,6;15;6,78;1,032;NA;NA;NA;NA;NA
15/09/2016;21;VACA;25160;3,7;15;6,83;1,03;12,37;3,46;3,32;4,88;2,33
15/09/2016;41;OVEJA;8360;4,4;18;6,85;1,036;19,12;7,95;5,74;4,71;4,39
15/09/2016;39;CABRA;1340;7;13;6,85;1,032;14,54;5,38;3,87;4,6;2,83
15/09/2016;39;OVEJA;4380;6;15;6,82;1,036;17,66;7;5,06;4,79;3,91
15/09/2016;26;VACA;6980;3,8;15;6,79;1,03;12,05;3,25;3,2;4,9;2,23
15/09/2016;32;VACA;25160;3,3;15;6,79;1,03;12,08;3,35;3,22;4,87;2,22
15/09/2016;38;OVEJA;1820;3,8;18;6,83;1,036;17,65;7,13;5,45;4,42;4,12
15/09/2016;38;CABRA;5260;5,8;13;6,85;1,032;14,33;5,41;3,61;4,59;2,67
15/09/2016;42;OVEJA;6120;4,6;19;6,84;1,036;18,74;7,89;5,25;4,73;4,14
15/09/2016;42;CABRA;3440;5,2;13;6,85;1,032;13,97;5,03;3,7;4,56;2,71
15/09/2016;43;CABRA;880;5,6;15;6,82;1,032;15,02;5,68;4,32;4,45;3,06
15/09/2016;25;VACA;24060;6,3;15;6,8;1,03;12,32;3,69;3,28;4,66;2,27
15/09/2016;1;CABRA;25320;4,3;14;6,84;1,032;14,18;5,25;3,57;4,66;2,6
15/09/2016;37;CABRA;1800;5;13;6,8;1,032;14,2;5,15;3,98;4,47;2,89
16/09/2016;1;CABRA;24040;4,5;14;6,81;1,032;13,52;4,81;3,79;4,37;2,66
16/09/2016;22;VACA;23140;6,2;15;6,81;1,03;12,47;3,6;3,25;4,89;2,27
16/09/2016;20;VACA;20120;6,2;15;6,83;1,03;12,56;3,64;3,33;4,86;2,37
16/09/2016;21;VACA;24740;3,7;16;7,7;1,03;12,56;3,64;3,33;4,88;2,35
16/09/2016;23;VACA;22660;5;15;8,2;1,03;12,42;3,52;3,25;4,91;2,3
16/09/2016;19;VACA;21160;4,6;15;6,83;1,03;12,27;3,43;3,33;4,85;2,37
16/09/2016;31;VACA;16020;6,5;15;6,83;1,03;11,77;3,26;3,2;4,71;2,2
16/09/2016;31;VACA;4180;4,8;14;6,5;1,03;12,01;3,41;3,29;4,71;2,28
16/09/2016;43;CABRA;2380;5;13;6,82;1,032;13,95;4,87;3,85;4,63;2,86
16/09/2016;43;OVEJA;880;5,8;20;6,8;1,036;20,29;8,62;6,69;4,31;4,99
16/09/2016;24;VACA;15740;4,7;15;6,8;1,03;12,24;3,49;3,24;4,81;2,24
16/09/2016;24;VACA;12600;5;15;6,8;1,03;12,26;3,5;3,18;4,85;2,23
16/09/2016;41;CABRA;7060;5,5;13;6,8;1,032;13,77;4,9;3,56;4,67;2,67
16/09/2016;40;OVEJA;5820;6,3;20;6,81;1,036;19,33;8,1;5,82;4,63;4,47
16/09/2016;40;CABRA;3100;5,5;13;6,8;1,032;14,7;5,61;3,71;4,65;2,74
16/09/2016;42;OVEJA;3000;5;20;6,82;1,036;20,06;8,73;5,97;4,34;4,76
16/09/2016;42;CABRA;3320;5;13;6,82;1,032;13,66;4,81;3,6;4,66;2,66
16/09/2016;32;VACA;22060;5,5;15;6,81;1,03;12,03;3,33;3,25;4,7;2,23
16/09/2016;26;VACA;6700;5,5;15;6,81;1,03;12,1;3,29;3,22;4,89;2,25
16/09/2016;38;CABRA;580;6;14;6,82;1,032;14,24;5,18;4,07;4,42;2,98
16/09/2016;25;VACA;23180;6;15;6,8;1,03;12,58;3,7;3,32;4,83;2,36
16/09/2016;46;OVEJA;6520;6;18;6,76;1,036;18,45;7,38;5,7;4,59;4,45
16/09/2016;1;OVEJA;7960;6;18;6,76;1,036;16,87;6,6;5,08;4,42;3,83
16/09/2016;39;OVEJA;5080;6;18;6,82;1,036;17,77;6,27;6,01;4,71;4,63
16/09/2016;36;CABRA;15640;5,7;14;6,8;1,032;14,33;5,33;3,76;4,51;2,73
16/09/2016;29;VACA;16320;5;14;6,85;1,03;12,05;3,48;3,32;4,59;2,25
16/09/2016;29;VACA;2880;5,3;14;6,86;1,03;12,07;3,55;3,26;4,51;2,24
17/09/2016;18;VACA;25900;5,5;15;6,78;1,03;12,2;3,33;3,38;4,89;2,34
17/09/2016;41;OVEJA;8740;5,8;20;6,84;1,036;19,13;7,88;5,87;4,65;4,5
17/09/2016;42;OVEJA;5980;6,7;20;6,8;1,036;18,77;7,92;5,21;4,67;4,17
17/09/2016;42;CABRA;2100;5,5;15;6,83;1,032;14,6;5,45;3,92;4,51;2,83
17/09/2016;32;VACA;25900;3,4;15;6,79;1,03;12,09;3,33;3,27;4,85;2,27
17/09/2016;39;CABRA;1500;6,3;14;6,84;1,032;14,95;5,49;4,11;4,61;3,01
17/09/2016;39;OVEJA;4520;7,2;20;6,8;1,036;18,26;7,54;5,2;4,7;4,01
17/09/2016;24;VACA;15180;7,5;15;6,8;1,03;12,05;3,33;3,18;4,81;2,23
17/09/2016;24;VACA;3620;6,8;15;6,79;1,03;12,51;3,71;3,16;4,9;2,18
17/09/2016;26;VACA;6920;5;16;6,78;1,03;12;3,2;3,18;4,9;2,22
17/09/2016;37;CABRA;1680;7;15;6,8;1,032;14,62;5,38;4,14;4,5;3,01
17/09/2016;25;VACA;24100;5,7;15;6,8;1,03;12,92;3,88;3,41;4,91;2,41
17/09/2016;18;VACA;26040;6,5;16;6,75;1,03;12,29;3,27;3,44;4,96;2,35
17/09/2016;38;OVEJA;1580;4,7;19;6,79;1,036;17,67;6,99;5,59;4,45;4,21
17/09/2016;38;CABRA;5580;6;14;6,8;1,032;14,49;5,54;3,66;4,54;2,65
17/09/2016;34;VACA;13920;6,1;15;7,8;1,03;12,13;3,29;3,34;4,85;2,29
17/09/2016;18;VACA;25160;6;15;6,79;1,03;12,19;3,14;3,45;4,99;2,38
18/09/2016;26;VACA;7120;4,3;15;6,79;1,03;12,09;3,24;3,22;4,9;2,25
18/09/2016;41;CABRA;6780;5,8;13;6,82;1,032;13,52;4,76;3,51;4,66;2,63
18/09/2016;40;OVEJA;5700;8;20;6,79;1,036;19,47;8,39;5,63;4,62;4,34
18/09/2016;40;CABRA;3100;5,8;14;6,83;1,032;14,63;5,53;3,7;4,63;2,72
18/09/2016;32;VACA;23180;5,4;15;6,78;1,03;12,08;3,44;3,23;4,64;2,21
18/09/2016;38;CABRA;560;6;14;8,5;1,032;14,22;5,09;3,98;4,57;2,93
18/09/2016;43;CABRA;820;6;14;6,8;1,032;15,35;5,91;4,43;4,43;3,11
18/09/2016;42;CABRA;280;6,3;14;6,84;1,032;15,42;6,21;4,2;4,4;2,95
18/09/2016;42;OVEJA;9400;5,3;20;6,81;1,036;18,46;7,11;5,98;4,63;4,59
18/09/2016;25;VACA;23600;6,4;16;6,78;1,03;12,66;3,75;3,33;4,85;2,34
18/09/2016;1;OVEJA;8160;4,5;20;6,77;1,036;18,2;7,24;5,86;4,42;4,22
18/09/2016;46;OVEJA;6700;6;21;6,78;1,036;18,05;7,14;5,49;4,63;4,24
19/09/2016;21;VACA;26340;3;15;6,82;1,03;12,39;3,54;3,29;4,85;2,32
19/09/2016;20;VACA;23020;5,8;15;6,82;1,03;12,48;3,68;3,33;4,76;2,35
19/09/2016;19;VACA;21540;5,8;15;6,8;1,03;12,36;3,57;3,28;4,84;2,33
19/09/2016;22;VACA;25460;6,1;15;6,83;1,03;12,42;3,53;3,27;4,93;2,33
19/09/2016;23;VACA;24000;5,6;15;6,81;1,03;12,45;3,64;3,22;4,86;2,27
19/09/2016;43;CABRA;2240;5,7;14;6,84;1,032;14,01;4,9;3,83;4,67;2,85
19/09/2016;43;OVEJA;860;6;20;6,78;1,036;20,25;8,68;6,65;4,31;4,96
19/09/2016;41;OVEJA;7740;6;20;6,82;1,036;19,34;8,17;5,8;4,64;4,46
19/09/2016;24;VACA;16320;7;15;6,8;1,03;12,75;3,94;3,24;4,83;2,25
19/09/2016;24;VACA;6340;5,1;15;6,8;1,03;12,22;3,51;3,15;4,87;2,17
19/09/2016;26;VACA;7060;4,6;15;6,81;1,03;12,13;3,32;3,21;4,87;2,23
19/09/2016;39;CABRA;1440;6,5;14;6,84;1,032;14,6;5,38;3,98;4,6;2,91
19/09/2016;39;OVEJA;3960;6,5;19;6,8;1,036;18,47;7,91;5,09;4,64;3,97
19/09/2016;32;VACA;26120;3;15;6,83;1,03;12,15;3,34;3,27;4,87;2,26
19/09/2016;38;CABRA;5820;5,5;14;6,82;1,032;14,71;5,61;3,81;4,58;2,74
19/09/2016;38;OVEJA;1200;4,5;18;6,82;1,036;17,39;6,78;5,51;4,47;4,17
19/09/2016;29;VACA;14680;6,9;15;6,82;1,03;12,23;3,45;3,43;4,65;2,39
19/09/2016;29;VACA;7580;4,8;15;6,85;1,03;12,02;3,44;3,29;4,55;2,23
19/09/2016;42;OVEJA;6500;4,9;20;6,78;1,036;18,58;7,62;5,41;4,71;4,21
19/09/2016;42;CABRA;3880;4,5;15;6,83;1,032;13,91;4,96;3,69;4,65;2,7
19/09/2016;25;VACA;23880;6;16;6,78;1,03;12,93;3,9;3,43;4,88;2,43
19/09/2016;37;CABRA;2020;6,9;14;6,82;1,032;14,62;5,4;4,04;4,56;2,96
19/09/2016;34;VACA;26060;7;15;6,82;1,03;12,2;3,37;3,35;4,86;2,31
19/09/2016;36;CABRA;13440;7,3;14;6,78;1,032;14,46;5,28;3,85;4,63;2,84
19/09/2016;18;VACA;24780;7;15;6,8;1,03;12,3;3,21;3,47;4,98;2,4
20/09/2016;19;VACA;21160;5;15;6,82;1,03;12,32;3,57;3,3;4,78;2,32
20/09/2016;20;VACA;22480;5,5;15;6,82;1,03;12,37;3,47;3,3;4,88;2,32
20/09/2016;22;VACA;26100;5,1;15;6,82;1,03;12,38;3,49;3,27;4,94;2,33
20/09/2016;18;VACA;25780;5;15;6,82;1,03;12,81;4;3,27;4,8;2,28
20/09/2016;18;VACA;22340;7;15;6,78;1,03;12,27;3,18;3,5;4,99;2,46
20/09/2016;41;CABRA;6420;6;13;6,82;1,032;14,05;5,07;3,65;4,71;2,72
20/09/2016;40;OVEJA;5360;6;19;6,82;1,036;19,56;8,51;5,71;4,62;4,35
20/09/2016;40;CABRA;3060;6;14;6,8;1,032;14,67;5,53;3,8;4,62;2,79
20/09/2016;32;VACA;21860;6,6;15;6,81;1,03;12,14;3,49;3,21;4,64;2,2
20/09/2016;26;VACA;7540;4,6;15;6,81;1,03;12,13;3,3;3,21;4,9;2,27
20/09/2016;25;VACA;22340;5,5;15;6,77;1,03;12,85;3,92;3,35;4,8;2,37
20/09/2016;24;VACA;9100;3,8;15;6,82;1,03;12,21;3,48;3,2;4,79;2,2
20/09/2016;24;VACA;9660;4,7;15;6,82;1,03;12,1;3,3;3,14;4,82;2,14
20/09/2016;42;OVEJA;3400;6;22;6,73;1,036;19,62;8,34;6,04;4,53;4,65
20/09/2016;42;CABRA;3540;6;14;8;1,032;14,31;5,27;3,78;4,54;2,74
20/09/2016;38;CABRA;680;6;13;6,86;1,032;14,13;5,08;3,92;4,52;2,89
20/09/2016;46;OVEJA;6980;5,9;20;6,78;1,036;18,01;7,13;5,48;4,59;4,24
20/09/2016;1;OVEJA;7760;3,8;20;6,76;1,036;17,89;7,26;5,31;4,53;4,1
20/09/2016;39;OVEJA;3540;5,7;19;6,81;1,036;17,97;6,76;5,82;4,63;4,47
20/09/2016;24;VACA;5800;0;0;0;1,03;NA;NA;NA;NA;NA
21/09/2016;19;VACA;21540;5;15;6,82;1,03;12,14;3,51;3,24;4,7;2,24
21/09/2016;20;VACA;22640;6;15;6,82;1,03;12,57;3,71;3,37;4,78;2,39
21/09/2016;22;VACA;26060;5,5;15;6,82;1,03;12,43;3,54;3,28;4,94;2,32
21/09/2016;23;VACA;21320;5;15;6,82;1,03;12,44;3,59;3,27;4,87;2,31
21/09/2016;21;VACA;26240;3,5;15;6,82;1,03;12,45;3,54;3,32;4,9;2,36
21/09/2016;41;OVEJA;6560;4,9;19;6,82;1,036;19,08;7,9;5,85;4,62;4,44
21/09/2016;24;VACA;15720;7,5;15;6,78;1,03;11,93;3,21;3,17;4,8;2,18
21/09/2016;24;VACA;2960;4,4;15;6,82;1,03;12,17;3,47;3,16;4,86;2,21
21/09/2016;26;VACA;6820;6;15;6,78;1,03;12,23;3,42;3,18;4,89;2,25
21/09/2016;32;VACA;25860;3;15;6,8;1,03;12,19;3,42;3,26;4,84;2,27
21/09/2016;39;OVEJA;4920;5,4;20;6,8;1,036;18,38;7,73;5,2;4,6;4,04
21/09/2016;39;CABRA;1460;6;15;6,82;1,032;15,34;5,97;4,02;4,56;2,93
21/09/2016;43;CABRA;800;6;14;6,82;1,032;14,99;5,71;4,23;4,48;2,99
21/09/2016;42;OVEJA;6480;5;20;6,79;1,036;18,61;7,85;5,21;4,66;4,07
21/09/2016;42;CABRA;2160;6,3;13;6,78;1,032;13,94;5,06;3,63;4,61;2,65
21/09/2016;37;CABRA;1840;7,6;13;6,8;1,032;14,63;5,45;4,01;4,56;2,95
21/09/2016;25;VACA;23540;5,9;15;6,78;1,03;12,99;3,98;3,41;4,87;2,42
21/09/2016;38;OVEJA;1720;4,5;19;6,81;1,036;17,8;7,14;5,51;4,5;4,18
21/09/2016;38;CABRA;5880;6,5;14;6,83;1,032;14,55;5,57;3,75;4,56;2,68
21/09/2016;34;VACA;17040;5,7;15;6,81;1,03;12,18;3,34;3,38;4,83;2,35
21/09/2016;36;CABRA;8380;8,3;14;6,78;1,032;13,07;4,78;3,41;4,25;2,41
22/09/2016;21;VACA;25420;3;15;6,8;1,03;12,45;3,55;3,3;4,88;2,36
22/09/2016;22;VACA;26040;6;15;6,8;1,03;12,3;3,5;3,23;4,86;2,28
22/09/2016;43;CABRA;2360;7;13;6,8;1,032;14,1;4,8;4,04;4,67;2,99
22/09/2016;43;OVEJA;1060;6;20;6,8;1,036;19,16;7,81;6,28;4,43;4,73
22/09/2016;41;CABRA;6540;5,8;13;6,82;1,032;13,91;4,95;3,58;4,75;2,69
22/09/2016;40;OVEJA;6360;6;19;6,78;1,036;19,12;8,07;5,68;4,63;4,36
22/09/2016;40;CABRA;3040;6;13;6,77;1,032;14,72;5,58;3,78;4,64;2,81
22/09/2016;26;VACA;6640;4,6;15;6,8;1,03;12,28;3,44;3,16;4,87;2,26
22/09/2016;32;VACA;22620;5;15;6,81;1,03;12,11;3,48;3,18;4,65;2,22
22/09/2016;42;CABRA;520;5;14;6,81;1,032;15,04;5,66;4,26;4,5;3,03
22/09/2016;42;OVEJA;9500;6;20;6,82;1,036;18,55;7,25;5,94;4,63;4,58
22/09/2016;38;CABRA;540;7;13;6,8;1,032;14,27;5,08;4,04;4,58;3,01
22/09/2016;25;VACA;22640;6,2;16;6,77;1,03;12,87;3,98;3,32;4,8;2,36
22/09/2016;29;VACA;16140;5;15;6,82;1,03;12,16;3,5;3,35;4,57;2,32
22/09/2016;29;VACA;2520;5,6;15;6,84;1,03;12,08;3,49;3,3;4,57;2,28
22/09/2016;1;OVEJA;7480;5,5;20;6,77;1,036;17,25;6,96;5,23;4,33;3,93
22/09/2016;46;OVEJA;6620;6,4;20;6,77;1,036;17,68;6,89;5,33;4,67;4,16
23/09/2016;18;VACA;25360;7;15;6,8;1,03;12,17;3,2;3,45;4,89;2,38
23/09/2016;22;VACA;24340;5,2;15;6,77;1,03;11,64;3,29;3,1;4,61;2,11
23/09/2016;23;VACA;26000;6,3;15;6,79;1,03;12,14;3,48;3,18;4,78;2,25
23/09/2016;20;VACA;23100;5,9;15;6,82;1,03;12,61;3,73;3,36;4,81;2,41
23/09/2016;19;VACA;21360;5,4;15;6,79;1,03;12,39;3,61;3,31;4,82;2,35
23/09/2016;21;VACA;26160;4,1;15;6,8;1,03;12,44;3,57;3,31;4,88;2,34
23/09/2016;18;VACA;24280;8,2;16;6,876;1,03;11,74;2,65;3,49;5,03;2,47
23/09/2016;1;CABRA;25300;4,4;14;6,77;1,032;14,26;5,25;3,62;4,7;2,64
23/09/2016;1;CABRA;24840;4,5;15;6,75;1,032;14,28;5,24;3,96;4,48;2,77
23/09/2016;41;OVEJA;7540;4,8;18;6,84;1,036;18,96;7,87;5,7;4,68;4,34
23/09/2016;24;VACA;16540;6;15;6,8;1,03;12,26;3,42;3,26;4,87;2,26
23/09/2016;24;VACA;6260;4,8;15;6,8;1,03;12,24;3,49;3,21;4,87;2,21
23/09/2016;26;VACA;6540;4,5;15;6,8;1,03;12,31;3,53;3,16;4,85;2,22
23/09/2016;39;CABRA;1380;6,5;14;6,85;1,032;14,78;5,62;3,92;4,55;2,84
23/09/2016;39;OVEJA;4800;6,3;20;6,8;1,036;18,6;7,87;5,27;4,66;4,05
23/09/2016;32;VACA;25540;3;15;6,8;1,03;12,29;3,53;3,24;4,87;2,25
23/09/2016;42;OVEJA;6220;4,8;18;6,81;1,036;18,15;7,51;5,08;4,75;3,97
23/09/2016;42;CABRA;2960;5,3;15;6,81;1,032;14,16;5,17;3,72;4,57;2,72
23/09/2016;25;VACA;23220;5,8;15;6,78;1,03;12,96;3,98;3,39;4,88;2,42
23/09/2016;37;CABRA;1980;7;14;6,82;1,032;14,43;5,26;3,96;4,6;2,9
23/09/2016;38;OVEJA;1660;4,6;19;6,8;1,036;17,82;7,16;5,47;4,51;4,14
23/09/2016;38;CABRA;5900;6,6;14;6,82;1,032;14,35;5,39;3,78;4,51;2,71
23/09/2016;36;CABRA;13460;5;14;6,82;1,032;14,48;5,39;3,65;4,71;2,72
24/09/2016;41;CABRA;6480;5,2;14;6,83;1,032;13,79;4,79;3,61;4,74;2,69
24/09/2016;24;VACA;16640;7;15;6,79;1,03;12,4;3,56;3,22;4,87;2,27
24/09/2016;24;VACA;3740;7;16;6,77;1,03;12,53;3,61;3,28;4,91;2,3
24/09/2016;26;VACA;6600;6;15;6,8;1,03;12,24;3,46;3,16;4,86;2,21
24/09/2016;32;VACA;22020;6;15;6,81;1,03;12,12;3,51;3,18;4,62;2,18
24/09/2016;43;CABRA;760;6;15;6,8;1,032;15,18;5,78;4,24;4,53;3,03
24/09/2016;25;VACA;22940;4,3;15;6,81;1,03;12,78;3,9;3,29;4,86;2,34
24/09/2016;42;CABRA;2500;6,5;13;6,82;1,032;13,97;5,07;3,63;4,6;2,61
24/09/2016;39;OVEJA;5820;5,4;20;6,78;1,036;18,28;6,97;5,88;4,68;4,49
24/09/2016;46;OVEJA;7240;6,4;20;6,8;1,036;17,94;7,12;5,41;4,6;4,16
24/09/2016;1;OVEJA;7900;5,5;20;6,8;1,036;17,36;7,06;5,31;4,27;3,93
24/09/2016;18;VACA;25380;6,6;16;6,82;1,03;12,55;3,34;3,56;4,99;2,48
24/09/2016;38;CABRA;580;7;15;6,83;1,032;14,13;5,01;3,98;4,54;2,94
24/09/2016;40;OVEJA;6220;6;20;6,8;1,036;18,94;7,93;5,56;4,71;4,26
24/09/2016;40;CABRA;2860;6,3;15;6,78;1,032;14,83;5,68;3,74;4,65;2,74
24/09/2016;18;VACA;25520;8;15;6,8;1,03;12,04;3,13;3,41;4,94;2,62
25/09/2016;26;VACA;6680;4,5;15;6,8;1,03;12,06;3,34;3,19;4,89;2,49
25/09/2016;43;CABRA;2240;6,7;14;6,83;1,032;14,21;4,91;4,09;4,61;3
25/09/2016;43;OVEJA;1240;6,3;20;6,81;1,036;19,39;8,1;6,17;4,44;4,6
25/09/2016;41;OVEJA;7920;5,5;19;6,84;1,036;18,55;7,33;5,86;4,63;4,43
25/09/2016;32;VACA;25980;3,2;15;6,81;1,03;12,13;3,45;3,25;4,84;2,48
25/09/2016;39;CABRA;1540;6;14;6,85;1,032;15,01;5,54;4,14;4,63;3,03
25/09/2016;39;OVEJA;4840;5,1;20;6,82;1,036;18,51;7,67;5,37;4,72;4,14
25/09/2016;29;VACA;15760;6,6;15;6,84;1,03;12,22;3,49;3,37;4,62;2,34
25/09/2016;29;VACA;6320;7;15;6,82;1,03;11,78;3,33;3,29;4,5;2,49
25/09/2016;42;CABRA;1900;7,3;14;6,83;1,032;14,64;5,38;3,98;4,6;2,91
25/09/2016;42;OVEJA;11760;5,6;19;6,76;1,036;18,74;7,77;5,56;4,64;4,3
25/09/2016;37;CABRA;1860;8,3;14;6,78;1,032;14,51;5,36;3,99;4,56;2,89
25/09/2016;25;VACA;23720;5,1;15;8,5;1,03;13,08;4,05;3,41;4,91;2,4
25/09/2016;38;OVEJA;1580;5,5;18;6,83;1,036;17,74;7,07;5,54;4,5;4,17
25/09/2016;38;CABRA;5620;5,8;14;6,82;1,032;14,24;5,37;3,65;4,54;2,62
26/09/2016;22;VACA;25140;6;15;6,82;1,03;12,36;3,52;3,27;4,87;2,29
26/09/2016;20;VACA;20640;5;15;6,82;1,03;12,5;3,68;3,28;4,82;2,29
26/09/2016;19;VACA;21280;5;15;6,8;1,03;12,38;3,54;3,34;4,82;2,36
26/09/2016;23;VACA;20860;5;15;6,82;1,03;12,4;3,57;3,3;4,84;2,34
26/09/2016;21;VACA;24920;4;15;6,8;1,03;12,39;3,43;3,34;4,94;2,38
26/09/2016;24;VACA;16600;6;15;6,81;1,03;12,11;3,28;3,27;4,81;2,24
26/09/2016;24;VACA;6280;6;15;6,8;1,03;12,52;3,65;3,24;4,92;2,26
26/09/2016;26;VACA;6360;5;15;6,8;1,03;12,17;3,39;3,15;4,87;2,19
26/09/2016;41;CABRA;6040;6;15;6,83;1,032;14,07;5,03;3,68;4,72;2,69
26/09/2016;40;OVEJA;6320;5;20;6,8;1,036;18,65;7,51;5,73;4,68;4,35
26/09/2016;40;CABRA;2720;6;13;6,8;1,032;14,74;5,62;3,79;4,57;2,76
26/09/2016;32;VACA;21960;6;15;6,8;1,03;12,05;3,46;3,18;4,62;2,17
26/09/2016;42;CABRA;940;5,4;13;8,1;1,032;13,63;4,74;3,85;4,48;2,73
26/09/2016;42;OVEJA;6560;5,4;20;6,8;1,036;18,42;7,19;5,86;4,68;4,49
26/09/2016;1;OVEJA;7600;3,4;21;6,78;1,036;18,07;7,28;5,54;4,54;4,23
26/09/2016;46;OVEJA;6940;6;21;6,77;1,036;17,67;6,86;5,34;4,69;4,15
26/09/2016;25;VACA;23400;5,5;15;8,1;1,03;12,77;3,9;3,31;4,84;2,34
26/09/2016;38;CABRA;580;6,5;15;8,3;1,032;14,27;5,04;4,08;4,56;3,01
26/09/2016;36;CABRA;12760;6,9;14;6,78;1,032;13,96;5,04;3,65;4,64;2,68
27/09/2016;31;VACA;24700;6,5;15;6,82;1,03;12,38;3,76;3,27;4,61;2,26
27/09/2016;23;VACA;22300;5,5;15;6,8;1,03;12,37;3,54;3,24;4,85;2,32
27/09/2016;19;VACA;22460;5,5;15;6,8;1,03;12,28;3,55;3,3;4,78;2,31
27/09/2016;22;VACA;25500;5;15;6,8;1,03;12,11;3,22;3,31;4,92;2,35
27/09/2016;20;VACA;22180;5;15;6,8;1,03;12,56;3,75;3,34;4,73;2,36
27/09/2016;21;VACA;25960;3;15;6,82;1,03;12,51;3,63;3,32;4,86;2,33
27/09/2016;41;OVEJA;6320;6;20;6,8;1,036;18,91;7,88;5,7;4,65;4,33
27/09/2016;39;CABRA;1500;5;14;6,8;1,032;14,71;5,53;3,8;4,64;2,81
27/09/2016;39;OVEJA;3520;6;20;6,82;1,036;18,26;7,69;5,12;4,62;3,96
27/09/2016;42;OVEJA;6520;4,5;20;6,8;1,036;18,3;7,6;5,16;4,7;4,04
27/09/2016;42;CABRA;2840;5;14;6,8;1,032;14,27;5,24;3,75;4,7;2,76
27/09/2016;43;CABRA;720;6;13;6,78;1,032;15,38;5,88;4,36;4,5;3,14
27/09/2016;32;VACA;26540;3;15;6,82;1,03;12,11;3,4;3,23;4,84;2,23
27/09/2016;25;VACA;23480;6;15;6,8;1,03;13,07;4;3,42;4,9;2,5
27/09/2016;26;VACA;7160;5,4;15;6,8;1,03;12,19;3,43;3,17;4,88;2,2
27/09/2016;38;OVEJA;940;5,8;20;6,81;1,036;16,9;6,2;5,54;4,52;4,21
27/09/2016;38;CABRA;6120;5,6;14;6,82;1,032;14,48;5,48;3,63;4,48;2,75
27/09/2016;37;CABRA;1980;5;14;6,8;1,032;14,32;5,18;3,91;4,6;2,92
27/09/2016;24;VACA;15300;7;15;6,83;1,03;12,24;3,5;3,19;4,81;2,28
27/09/2016;24;VACA;4000;4;15;6,83;1,03;12;3,22;3,15;4,83;2,27
27/09/2016;31;VACA;25820;4,1;15;6,81;1,03;12,27;3,7;3,27;4,58;2,23
28/09/2016;27;VACA;4840;6;15;6,8;1,03;12,02;3,43;3,2;4,78;NA
28/09/2016;24;VACA;16500;6;15;6,78;1,03;12,12;3,37;3,22;4,79;2,25
28/09/2016;43;CABRA;2300;6,3;13;8,1;1,032;14,24;4,96;4,03;4,66;3
28/09/2016;43;OVEJA;1360;6;20;6,8;1,036;19;7,8;6,01;4,5;4,56
28/09/2016;41;CABRA;5380;5,4;14;6,8;1,032;14,06;5,07;3,67;4,67;2,72
28/09/2016;40;OVEJA;4740;5,8;20;6,82;1,036;19,05;7,89;5,67;4,67;4,38
28/09/2016;40;CABRA;3320;5,8;20;6,82;1,032;14,91;5,66;3,86;4,68;2,83
28/09/2016;26;VACA;6500;5;15;6,8;1,03;12,05;3,27;3,09;4,76;2,36
28/09/2016;32;VACA;21880;6,8;15;6,78;1,03;12,08;3,46;3,2;4,67;2,19
28/09/2016;42;OVEJA;2980;6;20;6,8;1,036;19,16;8,06;5,8;4,54;4,5
28/09/2016;42;CABRA;4040;5;14;6,78;1,032;14,49;5,29;3,95;4,56;2,87
28/09/2016;29;VACA;16640;5;15;8,2;1,03;12,24;3,53;3,34;4,65;2,32
28/09/2016;29;VACA;2960;6;15;8,2;1,03;11,93;3,39;3,24;4,55;2,26
28/09/2016;38;CABRA;500;6;14;6,82;1,032;14,25;5,08;3,99;4,54;2,97
28/09/2016;25;VACA;22980;5;15;6,8;1,03;12,78;3,88;3,3;4,85;2,35
28/09/2016;46;OVEJA;6780;6,8;21;7,7;1,036;17,66;6,88;5,29;4,68;4,14
28/09/2016;1;OVEJA;7320;5,5;20;6,74;1,036;17,28;6,93;5,24;4,37;4,01
28/09/2016;39;OVEJA;5000;7;20;6,77;1,036;17,94;6,84;5,72;4,63;4,35
28/09/2016;36;CABRA;8140;6,7;14;6,82;1,032;14,1;5,18;3,55;4,66;2,69
29/09/2016;21;VACA;29120;3,2;15;6,81;1,03;12,5;3,63;3,28;4,84;2,31
29/09/2016;27;VACA;5160;7;15;6,82;1,03;12,72;4,03;3,33;4,62;2,33
29/09/2016;41;OVEJA;7620;6,1;20;6,84;1,036;18,87;7,8;5,72;4,66;4,4
29/09/2016;32;VACA;25480;3,4;15;6,78;1,03;12,08;3,38;3,21;4,85;2,26
29/09/2016;39;CABRA;1540;5,3;14;6,8;1,032;14,89;5,47;4,01;4,66;2,98
29/09/2016;39;OVEJA;4120;4,6;20;6,78;1,036;18,5;7,78;5,18;4,67;4,02
29/09/2016;26;VACA;6680;4,6;15;6,82;1,03;12,27;3,47;3,19;4,87;2,28
29/09/2016;38;OVEJA;1220;6;20;6,77;1,036;17,09;6,27;5,61;4,58;4,3
29/09/2016;38;CABRA;5780;5,5;14;6,82;1,032;14,56;5,51;3,65;4,55;2,74
29/09/2016;31;VACA;16060;4,5;15;6,84;1,03;12,21;3,5;3,29;4,73;2,28
29/09/2016;31;VACA;6620;6;15;6,84;1,03;12,36;3,61;3,34;4,73;2,31
29/09/2016;37;CABRA;1620;6;15;6,8;1,032;14,16;5,16;3,82;4,58;2,84
29/09/2016;25;VACA;24000;7;16;6,78;1,03;13,03;3,97;3,43;4,9;2,48
29/09/2016;42;OVEJA;6400;4,5;19;6,81;1,036;18,7;7,92;5,29;4,69;4,11
29/09/2016;42;CABRA;2120;5,2;14;6,8;1,032;14,08;5,13;3,69;4,6;2,65
30/09/2016;20;VACA;23760;5,2;15;6,81;1,03;12,2;3,44;3,28;4,78;2,29
30/09/2016;21;VACA;25000;2,5;15;6,81;1,03;12,58;3,61;3,34;4,89;2,39
30/09/2016;22;VACA;23980;6,4;15;6,81;1,03;12,5;3,6;3,31;4,92;2,34
30/09/2016;23;VACA;21940;5,6;15;6,81;1,03;12,49;3,63;3,25;4,89;2,29
30/09/2016;1;CABRA;24920;4,5;14;6,8;1,032;14,58;5,53;3,65;4,71;2,66
30/09/2016;24;VACA;16600;6,4;15;6,84;1,03;12,06;3,28;3,21;4,81;2,24
30/09/2016;24;VACA;13040;5,8;15;6,8;1,03;12,17;3,6;3,17;4,7;2,16
30/09/2016;41;CABRA;5840;5,5;14;6,84;1,032;14,43;5,32;3,75;4,69;2,74
30/09/2016;40;OVEJA;6560;6,8;20;6,8;1,036;19,41;8,22;5,82;4,64;4,48
30/09/2016;40;CABRA;2760;5,5;14;6,76;1,032;15,25;5,92;3,96;4,64;2,88
30/09/2016;43;CABRA;780;6;14;6,8;1,032;15,13;5,69;4,29;4,55;3,06
30/09/2016;32;VACA;22540;5,8;15;6,82;1,03;12,06;3,44;3,15;4,67;2,19
30/09/2016;42;CABRA;680;6,5;14;6,85;1,032;15,01;5,59;4,35;4,53;3,07
30/09/2016;42;OVEJA;8240;6;21;6,77;1,036;18,84;7,59;5,89;4,59;4,53
30/09/2016;26;VACA;6880;4,7;15;6,81;1,03;12,25;3,46;3,18;4,87;2,23
30/09/2016;25;VACA;23800;6,2;15;6,77;1,03;12,82;3,91;3,33;4,86;2,39
30/09/2016;46;OVEJA;6840;6;20;6,77;1,036;17,56;6,84;5,29;4,65;4,13
30/09/2016;1;OVEJA;7200;5,5;20;6,73;1,036;17,61;7,06;5,36;4,44;4,07
30/09/2016;38;CABRA;640;6;14;6,8;1,032;14,33;5,09;4,14;4,53;3,05
30/09/2016;36;CABRA;13300;6,9;14;6,78;1,032;14,42;5,43;3,6;4,67;2,67
30/09/2016;21;VACA;29060;3,5;15;6,8;1,03;12,55;3,65;3,32;4,88;2,37
30/09/2016;20;VACA;25660;5,8;15;6,8;1,03;12,52;3,66;3,35;4,79;2,38
30/09/2016;35;VACA;12680;5,8;15;6,8;1,03;12,5;3,75;3,33;4,75;2,34
30/09/2016;35;VACA;7100;6,7;15;6,8;1,03;12,3;3,51;3,34;4,78;2,36
01/10/2016;43;CABRA;2480;6;13;6,82;1,032;14,1;4,96;3,84;4,73;2,89
01/10/2016;43;OVEJA;1260;5,3;19;6,79;1,036;19,33;7,95;6,21;4,48;4,69
01/10/2016;41;OVEJA;7140;5,6;19;6,82;1,036;19,47;8,3;5,86;4,65;4,47
01/10/2016;39;CABRA;1480;6;13;6,8;1,032;14,77;5,48;3,94;4,64;2,87
01/10/2016;39;OVEJA;3820;6,8;20;6,81;1,036;18,6;7,84;5,28;4,62;4,11
01/10/2016;24;VACA;15600;7;15;6,83;1,03;12,49;3,7;3,23;4,83;2,29
01/10/2016;24;VACA;5900;8;15;6,8;1,03;12,52;3,65;3,3;4,86;2,33
01/10/2016;26;VACA;6800;5;15;6,8;1,03;12,15;3,38;3,19;4,87;2,26
01/10/2016;32;VACA;25700;3,6;15;6,79;1,03;12,09;3,33;3,23;4,9;2,24
01/10/2016;42;OVEJA;6560;5;20;6,8;1,036;18,44;7,57;5,27;4,72;4,17
01/10/2016;42;CABRA;2820;7;13;6,83;1,032;14,38;5,21;3,85;4,66;2,82
01/10/2016;29;VACA;15980;6;15;6,84;1,03;12,2;3,49;3,33;4,66;2,29
01/10/2016;29;VACA;4780;5;15;6,82;1,03;12,18;3,53;3,31;4,61;2,32
01/10/2016;31;VACA;25620;4;15;6,78;1,03;12,24;3,53;3,27;4,78;2,25
01/10/2016;25;VACA;24200;6,5;15;6,81;1,03;13,03;3,99;3,42;4,88;2,44
01/10/2016;37;CABRA;1980;7,8;14;6,84;1,032;14,63;5,49;3,89;4,51;2,89
01/10/2016;38;OVEJA;1640;4,1;19;6,83;1,036;17,46;6,66;5,79;4,39;4,34
01/10/2016;38;CABRA;5740;6;14;6,85;1,032;14,41;5,51;3,66;4,54;2,66
02/10/2016;21;VACA;24940;2,5;15;6,82;1,03;12,28;3,25;3,36;4,92;2,43
02/10/2016;20;VACA;26160;2,5;15;6,82;1,03;12,14;3,32;3,3;4,81;2,33
02/10/2016;26;VACA;6840;4,5;15;6,82;1,03;12,31;3,52;3,2;4,85;2,29
02/10/2016;41;CABRA;5860;5;14;6,82;1,032;14,33;5,23;3,75;4,7;2,76
02/10/2016;32;VACA;21160;7;15;6,81;1,03;12,05;3,46;3,14;4,66;2,21
02/10/2016;42;OVEJA;2780;5,5;20;6,8;1,036;19,52;8,23;5,94;4,51;4,65
02/10/2016;42;CABRA;3380;5,3;15;6,8;1,032;14,02;4,92;3,77;4,73;2,76
02/10/2016;38;CABRA;500;7;14;6,82;1,032;14,2;5,05;4,06;4,5;2,98
02/10/2016;39;OVEJA;4840;5;19;6,8;1,036;18,1;6,74;5,95;4,66;4,54
02/10/2016;25;VACA;22900;5,6;15;6,8;1,03;12,91;3,97;3,33;4,84;2,38
02/10/2016;1;OVEJA;6940;4,5;20;6,79;1,036;17,38;7,05;5,27;4,31;4,01
02/10/2016;46;OVEJA;6240;6;19;6,77;1,036;17,51;6,82;5,16;4,72;4,08
02/10/2016;40;OVEJA;5040;5,8;19;6,82;1,036;19,58;8,47;5,7;4,6;4,39
02/10/2016;40;CABRA;1820;6;14;6,78;1,032;15,24;5,88;3,86;4,69;2,85
03/10/2016;18;VACA;25600;7,8;15;6,82;1,03;11,58;2,52;3,47;5,04;2,46
03/10/2016;21;VACA;28780;3,5;15;6,82;1,03;12,64;3,73;3,31;4,85;2,33
03/10/2016;31;VACA;16160;4,6;15;6,82;1,03;11,91;3,39;3,16;4,7;2,18
03/10/2016;31;VACA;8720;5;15;6,82;1,03;12,17;3,55;3,2;4,75;2,19
03/10/2016;41;OVEJA;8020;5,3;20;6,78;1,036;18,78;7,67;5,76;4,66;4,4
03/10/2016;42;OVEJA;6020;5,4;20;6,8;1,036;18,53;7,76;5,21;4,73;4,15
03/10/2016;42;CABRA;1980;5,6;13;6,79;1,032;14,78;5,45;4;4,61;2,92
03/10/2016;39;CABRA;1560;6,3;13;6,82;1,032;15,12;5,55;4,18;4,68;3,11
03/10/2016;39;OVEJA;3700;4;19;6,8;1,036;18,81;8,05;5,32;4,62;4,12
03/10/2016;32;VACA;25800;5;15;6,82;1,03;12,04;3,27;3,24;4,91;2,26
03/10/2016;43;CABRA;820;5;13;6,8;1,032;15;5,58;4,32;4,5;3,11
03/10/2016;26;VACA;6760;5;15;6,8;1,03;12,4;3,57;3,22;4,85;2,3
03/10/2016;37;CABRA;1760;8;13;6,8;1,032;14,4;5,3;3,86;4,62;2,88
03/10/2016;25;VACA;24020;5,9;15;6,79;1,03;13,18;4,1;3,44;4,9;2,46
03/10/2016;38;OVEJA;1400;5;18;6,82;1,036;17,66;6,96;5,62;4,45;4,25
03/10/2016;38;CABRA;5820;4;14;6,8;1,032;14,52;5,51;3,71;4,58;2,72
03/10/2016;18;VACA;25820;6,4;15;6,83;1,03;12,58;3,5;3,47;4,99;2,45
03/10/2016;36;CABRA;12300;6,5;15;6,81;1,032;14,02;5,12;3,61;4,63;2,69
04/10/2016;21;VACA;24560;4;15;6,8;1,03;12,65;3,72;3,32;4,83;2,35
04/10/2016;18;VACA;25100;4;15;6,8;1,03;12,44;3,41;3,49;4,96;2,47
04/10/2016;24;VACA;16780;5,6;15;6,79;1,03;11,94;3,24;3,23;4,76;2,25
04/10/2016;24;VACA;13400;4,9;15;6,81;1,03;12,21;3,63;3,15;4,78;2,21
04/10/2016;43;CABRA;2360;6,1;13;6,84;1,032;13,96;4,83;3,78;4,78;2,85
04/10/2016;43;OVEJA;1360;5,6;19;6,78;1,036;19,01;7,85;6,02;4,46;4,55
04/10/2016;41;CABRA;5040;6;13;6,82;1,032;14,52;5,37;3,84;4,67;2,8
04/10/2016;40;OVEJA;4680;6;19;6,82;1,036;19,2;8,01;5,73;4,69;4,41
04/10/2016;40;CABRA;4100;5,6;15;6,82;1,032;15,26;5,94;3,97;4,63;2,85
04/10/2016;26;VACA;6920;6;15;6,82;1,03;12,33;3,52;3,23;4,87;2,31
04/10/2016;32;VACA;21480;5;15;6,82;1,03;12,15;3,53;3,15;4,69;2,19
04/10/2016;42;CABRA;1580;9;14;6,8;1,032;14,01;4,9;3,91;4,58;2,83
04/10/2016;42;OVEJA;9240;6;20;6,8;1,036;18,34;7,03;5,94;4,68;4,54
04/10/2016;29;VACA;16000;6;15;6,82;1,03;12,36;3,6;3,35;4,69;2,36
04/10/2016;29;VACA;7800;6;15;6,82;1,03;12,21;3,58;3,3;4,6;2,3
04/10/2016;25;VACA;23400;6,3;15;6,84;1,03;12,94;4,05;3,35;4,82;2,37
04/10/2016;38;CABRA;580;6;14;6,82;1,032;14,41;5,19;4,14;4,51;3,05
04/10/2016;46;OVEJA;6720;6;15;6,82;1,036;17,87;7,11;5,34;4,65;4,18
04/10/2016;1;OVEJA;7000;5;20;6,82;1,036;17,94;7,25;5,24;4,66;4,09
05/10/2016;22;VACA;23640;6,8;15;6,84;1,03;12,32;3,41;3,31;4,92;2,35
05/10/2016;31;VACA;16300;6;15;6,82;1,03;12,2;3,46;3,3;4,8;2,27
05/10/2016;31;VACA;9220;5;15;6,82;1,03;12,39;3,6;3,31;4,78;2,3
05/10/2016;41;OVEJA;5900;5;20;6,78;1,036;19,77;8,52;5,78;4,7;4,43
05/10/2016;39;CABRA;1460;7,2;14;6,82;1,032;14,67;5,44;3,86;4,69;2,86
05/10/2016;39;OVEJA;3700;5,2;18;6,8;1,036;18,47;7,83;5,26;4,6;4,03
05/10/2016;24;VACA;17000;6;15;6,8;1,03;12,03;3,22;3,23;4,85;2,3
05/10/2016;24;VACA;6300;6;15;6,83;1,03;12,27;3,65;3,18;4,75;2,21
05/10/2016;26;VACA;6600;5;15;6,8;1,03;12,29;3,52;3,19;4,85;2,22
05/10/2016;32;VACA;25640;3;15;6,84;1,03;12,1;3,32;3,29;4,89;2,31
05/10/2016;42;OVEJA;6380;6;18;6,8;1,036;18,48;7,74;5,27;4,7;4,09
05/10/2016;42;CABRA;2720;5;13;6,82;1,032;14,28;5,18;3,82;4,7;2,78
05/10/2016;25;VACA;23900;6,3;15;6,84;1,03;13,18;4,13;3,43;4,89;2,47
05/10/2016;37;CABRA;1800;6;15;6,8;1,032;14,26;5,23;3,87;4,58;2,89
05/10/2016;38;OVEJA;1320;5;20;6,82;1,036;17,69;7,02;5,57;4,44;4,21
05/10/2016;38;CABRA;5820;6;15;6,8;1,032;14,48;5,63;3,6;4,53;2,63
05/10/2016;36;CABRA;8000;6;15;6,78;1,032;14,24;5,25;3,64;4,69;2,73
06/10/2016;21;VACA;25320;3,2;15;6,84;1,03;12,68;3,74;3,34;4,87;2,39
06/10/2016;40;OVEJA;6720;6,1;19;6,8;1,036;18,73;7,63;5,71;4,67;4,4
06/10/2016;40;CABRA;2640;5,8;14;6,83;1,032;15,21;5,92;3,92;4,62;2,84
06/10/2016;41;CABRA;5700;4;15;6,8;1,032;14,58;5,37;3,83;4,72;2,82
06/10/2016;32;VACA;21800;6,2;15;6,81;1,03;12,08;3,5;3,14;4,67;2,17
06/10/2016;43;CABRA;700;7,1;14;6,82;1,032;15,23;5,58;4,5;4,55;3,23
06/10/2016;26;VACA;6480;4,5;15;6,8;1,03;12,22;3,49;3,16;4,83;2,25
06/10/2016;42;OVEJA;2420;6,6;21;6,76;1,036;18,96;7,84;5,86;4,58;4,54
06/10/2016;42;CABRA;2880;7,3;14;6,82;1,032;14,62;5,52;3,86;4,58;2,79
06/10/2016;39;OVEJA;4840;5,4;18;6,83;1,036;17,81;6,43;5,96;4,69;4,53
06/10/2016;38;CABRA;500;6;13;6,85;1,032;14,39;5,51;3,65;4,56;2,69
06/10/2016;46;OVEJA;5940;6,1;19;6,81;1,036;17,5;6,7;5,75;4,42;4,3
06/10/2016;1;OVEJA;7320;3,8;20;6,76;1,036;17,39;6,92;5,28;4,46;4
06/10/2016;25;VACA;22800;6,1;15;6,8;1,03;13,06;4,14;3,34;4,81;2,39
07/10/2016;18;VACA;25460;7,1;15;6,85;1,03;12,27;3,29;3,45;4,94;2,42
07/10/2016;21;VACA;29020;3,7;15;6,85;1,03;12,38;3,59;3,26;4,82;2,3
07/10/2016;35;VACA;14460;6;15;6,83;1,03;12,52;3,73;3,34;4,78;2,37
07/10/2016;35;VACA;3960;7;15;6,84;1,03;12,95;3,92;3,42;4,88;2,43
07/10/2016;1;CABRA;24820;4,2;14;6,8;1,032;14,5;5,38;3,68;4,72;2,69
07/10/2016;24;VACA;14000;6,1;15;6,82;1,03;12,16;3,37;3,23;4,79;2,28
07/10/2016;24;VACA;6140;6,3;15;6,82;1,03;12,26;3,49;3,24;4,87;2,25
07/10/2016;26;VACA;6520;4,6;15;6,8;1,03;12,19;3,44;3,16;4,84;2,22
07/10/2016;43;OVEJA;1900;5,2;20;6,78;1,036;18,18;7,4;5,69;4,42;4,28
07/10/2016;43;CABRA;2680;5,6;14;6,83;1,032;13,9;4,85;3,74;4,7;2,82
07/10/2016;1;CABRA;25000;5,2;14;6,82;1,032;14,22;5,17;3,94;4,52;2,79
07/10/2016;41;OVEJA;7500;4,8;20;6,78;1,036;18,81;7,68;5,8;4,64;4,4
07/10/2016;32;VACA;25520;3,6;15;6,8;1,03;12,17;3,37;3,31;4,88;2,31
07/10/2016;39;CABRA;1500;5,8;14;6,83;1,032;15,24;5,71;4,07;4,7;3,02
07/10/2016;39;OVEJA;4060;6;19;6,81;1,036;18,68;7,9;5,37;4,59;4,13
07/10/2016;29;VACA;16240;6;15;6,85;1,03;12,21;3,5;3,32;4,63;2,31
07/10/2016;29;VACA;3460;5,2;15;6,85;1,03;12,23;3,56;3,29;4,63;2,27
07/10/2016;37;CABRA;1600;8;14;6,82;1,032;14,14;5,05;3,91;4,58;2,9
07/10/2016;25;VACA;23880;4,8;15;6,8;1,03;13,17;4,12;3,41;4,87;2,46
07/10/2016;42;OVEJA;6200;7,8;19;6,81;1,036;18,79;8,02;5,24;4,72;4,06
07/10/2016;42;CABRA;3020;8;14;6,8;1,032;14,17;4,97;3,91;4,64;2,85
07/10/2016;38;OVEJA;1300;4,5;19;6,82;1,036;17,73;7,1;5,54;4,39;4,15
07/10/2016;38;CABRA;5600;6,2;14;6,84;1,032;14,65;5,63;3,66;4,6;2,68
07/10/2016;36;CABRA;12360;7,7;14;6,8;1,032;14,58;5,49;3,63;4,7;2,7
07/10/2016;31;VACA;26720;4,6;16;6,85;1,03;12,18;3,53;3,19;4,77;2,2
08/10/2016;21;VACA;25380;2,5;15;6,82;1,03;12,6;3,69;3,31;4,84;2,36
08/10/2016;18;VACA;24620;6,4;15;6,8;1,03;12,35;3,43;3,37;4,93;2,35
08/10/2016;24;VACA;16500;6,6;15;6,83;1,03;12,4;3,55;3,24;4,85;2,32
08/10/2016;41;CABRA;5380;5,5;14;6,86;1,032;14,58;5,27;3,89;4,78;2,86
08/10/2016;26;VACA;6680;4,4;14;6,86;1,03;12,27;3,47;3,19;4,88;2,23
08/10/2016;32;VACA;21560;6,7;15;6,82;1,03;12,13;3,49;3,15;4,71;2,17
08/10/2016;42;CABRA;580;6;14;6,78;1,032;15,15;5,64;4,39;4,51;3,07
08/10/2016;42;OVEJA;7980;5,8;20;6,8;1,036;18,55;7,2;5,99;4,63;4,61
08/10/2016;25;VACA;23140;4,5;16;6,8;1,03;12,9;4,03;3,31;4,79;2,36
08/10/2016;38;CABRA;580;6;14;6,83;1,032;14,36;5,13;4,16;4,48;3,05
08/10/2016;46;OVEJA;6640;6;20;6,77;1,036;17,8;7,06;5,29;4,68;4,14
08/10/2016;1;OVEJA;7320;5,7;20;6,77;1,036;17,58;7,03;5,49;4,36;4,18
08/10/2016;40;OVEJA;6540;5,5;20;6,83;1,036;19,13;7,98;5,82;4,66;4,44
08/10/2016;40;CABRA;1940;6,4;14;6,78;1,032;15,07;5,78;3,85;4,65;2,8
09/10/2016;35;VACA;7900;6,7;15;6,84;1,03;12,26;3,44;3,34;4,81;2,37
09/10/2016;35;VACA;13160;5,6;15;6,84;1,03;12,62;3,8;3,37;4,75;2,38
09/10/2016;21;VACA;29140;3,4;15;6,82;1,03;12,58;3,62;3,33;4,9;2,36
09/10/2016;41;OVEJA;7080;5,8;20;6,84;1,036;18,99;7,77;5,89;4,64;4,5
09/10/2016;39;CABRA;1520;5,8;14;6,85;1,032;14,66;5,43;3,86;4,63;2,84
09/10/2016;39;OVEJA;3580;4,8;20;6,8;1,036;18,95;8,17;5,38;4,53;4,16
09/10/2016;32;VACA;24180;3;15;6,83;1,03;12,3;3,48;3,34;4,86;2,37
09/10/2016;43;CABRA;660;5;14;6,82;1,032;15,51;5,78;4,54;4,56;3,27
09/10/2016;24;VACA;16800;4,6;15;6,84;1,03;11,95;3,28;3,22;4,74;2,26
09/10/2016;24;VACA;6480;5,8;15;6,82;1,03;12,75;4,05;3,12;4,75;2,19
09/10/2016;26;VACA;6760;5;15;6,78;1,03;12,36;3,53;3,24;4,9;2,29
09/10/2016;42;OVEJA;6480;4,8;20;6,81;1,036;18,49;7,71;5,34;4,67;4,11
09/10/2016;42;CABRA;2760;4;14;6,83;1,032;14,36;5,21;3,82;4,65;2,79
09/10/2016;37;CABRA;1820;6,2;14;6,85;1,032;14,46;5,18;4,07;4,65;3,04
09/10/2016;25;VACA;24200;5,8;15;6,8;1,03;13,12;4,07;3,46;4,89;2,47
09/10/2016;38;OVEJA;800;6;19;6,83;1,036;17,57;7,07;5,48;4,36;4,14
09/10/2016;38;CABRA;5260;5,4;14;6,85;1,032;14,89;5,74;3,84;4,6;2,8
09/10/2016;31;VACA;28160;5;16;6,85;1,03;12,11;3,53;3,19;4,7;2,22
10/10/2016;21;VACA;25700;2,8;15;6,81;1,03;12,66;3,68;3,36;4,9;2,42
10/10/2016;43;CABRA;2480;6;14;6,84;1,032;14,03;4,92;3,82;4,7;2,84
10/10/2016;43;OVEJA;1580;6;20;6,77;1,036;18,29;7,25;5,63;4,68;4,37
10/10/2016;42;OVEJA;2620;5,8;20;6,77;1,036;19,5;8,3;5,93;4,57;4,58
10/10/2016;42;CABRA;2900;5;14;6,8;1,032;14,44;5,28;3,84;4,73;2,84
10/10/2016;40;OVEJA;5920;5;19;6,82;1,036;18,67;7,45;5,76;4,71;4,43
10/10/2016;40;CABRA;3300;7,6;14;6,83;1,032;15,16;5,95;3,96;4,55;2,86
10/10/2016;41;CABRA;5620;5,3;14;6,83;1,032;14,76;5,27;4,12;4,76;3,02
10/10/2016;26;VACA;6920;4,6;15;6,83;1,03;12,1;3,23;3,26;4,89;2,3
10/10/2016;32;VACA;21860;6,5;15;6,78;1,03;12,05;3,46;3,16;4,7;2,19
10/10/2016;29;VACA;17220;5,6;14;6,85;1,03;12,25;3,55;3,3;4,68;2,31
10/10/2016;29;VACA;8520;5;14;6,85;1,03;12,17;3,5;3,36;4,57;2,32
10/10/2016;38;CABRA;480;6,5;14;6,83;1,032;14,23;4,95;4,15;4,57;3,08
10/10/2016;25;VACA;22860;6;15;6,81;1,03;12,94;4,03;3,33;4,83;2,38
10/10/2016;1;OVEJA;7420;6;21;6,75;1,036;17,43;7,04;5,13;4,51;3,94
10/10/2016;46;OVEJA;6420;5,6;20;6,78;1,036;17,86;7,12;5,29;4,63;4,15
10/10/2016;36;CABRA;11960;6;14;6,82;1,032;13,93;5,09;3,58;4,63;2,65
11/10/2016;22;VACA;22540;7;15;6,8;1,03;12,41;3,4;3,34;4,97;2,35
11/10/2016;21;VACA;29200;3,6;15;6,8;1,03;12,32;3,4;3,33;4,86;2,34
11/10/2016;22;VACA;25800;6,1;15;6,77;1,03;12,28;3,3;3,35;4,95;2,4
11/10/2016;41;OVEJA;4280;5;19;6,8;1,036;19,49;8,29;5,85;4,63;4,43
11/10/2016;24;VACA;15640;4;5,2;6,85;1,03;12,16;3,34;3,3;4,8;2,3
11/10/2016;24;VACA;12960;5,6;15;6,81;1,03;12,42;3,56;3,21;4,88;2,26
11/10/2016;32;VACA;24400;5,2;15;6,83;1,03;12,31;3,42;3,36;4,9;2,38
11/10/2016;42;OVEJA;6060;4,6;19;6,82;1,036;18,93;8,08;5,31;4,7;4,16
11/10/2016;42;CABRA;2340;4,6;19;6,82;1,032;14,37;5,24;3,88;4,59;2,81
11/10/2016;39;CABRA;1600;7;14;6,8;1,032;15,14;5,54;4,13;4,74;3,08
11/10/2016;39;OVEJA;4040;5;20;6,77;1,036;19,11;8,12;5,5;4,64;4,24
11/10/2016;26;VACA;6700;4,6;15;6,78;1,03;12,42;3,56;3,24;4,88;2,26
11/10/2016;25;VACA;24200;4,6;15;6,78;1,03;13,15;4,07;3,45;4,88;2,46
11/10/2016;37;CABRA;1500;7,8;15;6,8;1,032;14,34;5,1;3,98;4,69;2,94
11/10/2016;38;OVEJA;1220;6;20;6,78;1,036;18,02;7,26;5,59;4,45;4,22
11/10/2016;38;CABRA;5500;4,8;14;6,82;1,032;15,15;5,93;3,84;4,6;2,76
11/10/2016;31;VACA;24540;5,3;15;6,82;1,03;12,34;3,62;3,33;4,71;2,28
12/10/2016;21;VACA;25060;4,1;15;6,83;1,03;12,69;3,69;3,36;4,84;2,37
12/10/2016;22;VACA;22300;6,6;15;6,82;1,03;12,51;3,56;3,33;4,88;2,35
12/10/2016;41;CABRA;4920;5,2;14;6,84;1,032;15,02;5,51;4,2;4,63;3,02
12/10/2016;40;OVEJA;3100;5,8;20;6,8;1,036;19,67;8,53;5,63;4,6;4,4
12/10/2016;40;CABRA;3140;5,6;14;6,82;1,032;15,09;5,8;3,93;4,62;2,82
12/10/2016;32;VACA;21880;7,5;15;6,84;1,03;12,13;3,49;3,17;4,7;2,21
12/10/2016;43;CABRA;600;6,7;14;6,82;1,032;15,6;5,82;4,61;4,54;3,27
12/10/2016;24;VACA;13780;6,5;15;6,8;1,03;12,37;3,65;3,18;4,8;2,23
12/10/2016;24;VACA;5080;7,4;14;6,85;1,03;12,3;3,52;3,26;4,85;2,29
12/10/2016;26;VACA;6620;4,5;15;6,83;1,03;12,35;3,52;3,23;4,87;2,29
12/10/2016;42;CABRA;360;6,4;14;6,82;1,032;15,79;6,03;4,6;4,5;3,26
12/10/2016;42;OVEJA;8120;5;20;6,8;1,036;18,74;7,25;6,15;4,59;4,7
12/10/2016;25;VACA;23200;5,2;15;6,81;1,03;12,96;4,03;3,34;4,82;2,35
12/10/2016;38;CABRA;500;7;15;6,82;1,032;14,66;5,28;4,23;4,53;3,09
12/10/2016;46;OVEJA;6160;5,4;19;6,81;1,036;18,16;7,3;5,34;4,65;4,19
12/10/2016;1;OVEJA;7500;4,8;20;6,8;1,036;17,57;7,07;5,45;4,34;4,1
12/10/2016;36;CABRA;7500;6;14;6,82;1,032;14,41;5,34;3,64;4,75;2,72
13/10/2016;21;VACA;29300;3,6;15;6,83;1,03;12,49;3,61;3,32;4,81;2,33
13/10/2016;22;VACA;26180;6,2;15;6,84;1,03;12,58;3,65;3,31;4,88;2,32
13/10/2016;43;CABRA;2480;5,8;15;6,83;1,032;14,18;5,01;3,86;4,73;2,88
13/10/2016;43;OVEJA;2560;5;22;6,82;1,036;19,39;8,19;6;4,53;4,55
13/10/2016;41;OVEJA;6400;6;19;6,84;1,036;19,98;8,72;5,96;4,59;4,51
13/10/2016;39;CABRA;1440;6;14;6,84;1,032;15,16;5,77;3,96;4,69;2,89
13/10/2016;39;OVEJA;3700;6,5;20;6,82;1,036;19,17;8,29;5,47;4,55;4,21
13/10/2016;32;VACA;24360;3,7;15;6,85;1,03;12,33;3,45;3,37;4,89;2,38
13/10/2016;26;VACA;6620;4,4;15;6,84;1,03;12,41;3,56;3,23;4,87;2,3
13/10/2016;29;VACA;10480;6;14;6,86;1,03;12,07;3,36;3,33;4,63;2,29
13/10/2016;29;VACA;8320;4,6;14;6,85;1,03;12,01;3,43;3,31;4,5;2,23
13/10/2016;42;OVEJA;5580;4,5;18;6,82;1,036;18,83;7,93;5,35;4,69;4,19
13/10/2016;42;CABRA;4220;4,8;14;6,83;1,032;14,12;5,02;3,8;4,68;2,77
13/10/2016;38;OVEJA;1340;6,8;19;6,83;1,036;17,98;7,21;5,64;4,47;4,28
13/10/2016;38;CABRA;5420;6;14;6,85;1,032;15,29;5,98;3,88;4,67;2,81
13/10/2016;25;VACA;24080;6;15;6,83;1,03;13,2;4,07;3,48;4,89;2,46
13/10/2016;37;CABRA;1900;7;14;6,83;1,032;14,74;5,37;4,16;4,62;3,02
13/10/2016;31;VACA;24300;5;15;6,82;1,03;12,21;3,52;3,3;4,71;2,27
14/10/2016;20;VACA;25820;5,3;14;6,85;1,03;12,24;3,21;3,4;4,97;2,46
14/10/2016;21;VACA;25280;3,4;14;6,85;1,03;12,63;3,53;3,41;4,96;2,48
14/10/2016;22;VACA;23680;6,1;15;6,83;1,03;12,27;3,31;3,32;4,92;2,37
14/10/2016;40;OVEJA;6180;5,6;20;6,78;1,036;19,73;8,39;5,93;4,65;4,58
14/10/2016;40;CABRA;2460;5,5;14;6,81;1,032;15,74;6,28;4,12;4,6;2,98
14/10/2016;24;VACA;16480;5,8;15;6,83;1,03;12,3;3,45;3,26;4,82;2,3
14/10/2016;24;VACA;6140;6,3;15;6,82;1,03;12,25;3,35;3,32;4,88;2,36
14/10/2016;41;CABRA;5440;5,5;14;6,84;1,032;14,84;5,24;4,2;4,81;3,12
14/10/2016;32;VACA;22900;5,4;15;6,84;1,03;12,04;3,39;3,18;4,75;2,22
14/10/2016;39;OVEJA;4360;4,6;20;6,81;1,036;18,96;7,22;6,38;4,64;4,9
14/10/2016;26;VACA;6680;4,5;15;6,83;1,03;12,47;3,57;3,23;4,92;2,33
14/10/2016;38;CABRA;460;7;14;6,83;1,032;14,87;5,31;4,26;4,69;3,17
14/10/2016;25;VACA;23900;6,2;15;6,83;1,03;13,08;4,09;3,38;4,84;2,41
14/10/2016;42;OVEJA;2820;6,3;21;6,75;1,036;19,9;8,4;6,27;4,54;4,85
14/10/2016;42;CABRA;3020;6,8;14;6,84;1,032;15,04;5,65;4,07;4,65;2,96
14/10/2016;46;OVEJA;5900;5,7;21;6,78;1,036;18,48;7,44;5,53;4,69;4,36
14/10/2016;1;OVEJA;7800;4;20;6,78;1,036;18,48;7,39;5,75;4,56;4,42
14/10/2016;1;CABRA;24540;4,8;15;6,83;1,032;14,78;5,46;3,74;4,87;2,77
14/10/2016;36;CABRA;11680;6;14;6,81;1,032;14,78;5,6;3,76;4,75;2,79
14/10/2016;1;CABRA;24840;4,1;15;6,82;1,032;14,7;5,42;4,13;4,56;2,93
15/10/2016;22;VACA;24640;5,7;15;6,82;1,03;12,83;3,81;3,35;4,93;2,38
15/10/2016;20;VACA;24600;4;15;6,8;1,03;12,62;3,64;3,38;4,87;2,4
15/10/2016;21;VACA;29360;4;15;6,8;1,03;12,82;3,77;3,36;4,95;2,39
15/10/2016;35;VACA;13880;4,8;14;6,77;1,03;12,7;3,77;3,38;4,85;2,37
15/10/2016;35;VACA;3860;5,7;15;6,8;1,03;13,42;4,39;3,47;4,85;2,45
15/10/2016;31;VACA;16240;4;15;6,8;1,03;12,37;3,59;3,32;4,81;2,3
15/10/2016;31;VACA;8680;3;15;6,82;1,03;12,51;3,69;3,33;4,83;2,32
15/10/2016;41;OVEJA;6640;4,4;20;6,84;1,036;20,04;8,69;6,07;4,61;4,6
15/10/2016;42;OVEJA;5780;5,3;19;6,76;1,036;19,23;8,27;5,45;4,71;4,24
15/10/2016;42;CABRA;1920;6,8;14;6,84;1,032;14,94;5,59;3,95;4,73;2,88
15/10/2016;39;CABRA;1540;6;14;6,8;1,032;15,41;5,74;4,18;4,75;3,14
15/10/2016;39;OVEJA;3880;5,8;19;6,8;1,036;19,46;8,39;5,67;4,57;4,34
15/10/2016;32;VACA;24060;2,7;15;6,83;1,03;12,41;3,45;3,43;4,91;2,42
15/10/2016;43;CABRA;580;6;15;6,84;1,032;16,14;6,19;4,69;4,58;3,36
15/10/2016;24;VACA;14800;6;15;6,82;1,03;12,66;3,76;3,28;4,89;2,32
15/10/2016;24;VACA;3460;6;15;6,82;1,03;12,61;3,61;3,38;4,91;2,39
15/10/2016;26;VACA;6560;4;16;6,83;1,03;12,38;3,6;3,19;4,9;2,28
15/10/2016;37;CABRA;1620;7;14;6,85;1,032;14,77;5,33;4,21;4,63;3,13
15/10/2016;25;VACA;24120;6,3;16;6,82;1,03;13,2;4,08;3,49;4,89;2,5
15/10/2016;38;OVEJA;1200;4,3;18;6,82;1,036;18,41;7,53;5,74;4,44;4,31
15/10/2016;38;CABRA;5340;5,5;13;6,8;1,032;15,21;5,96;3,92;4,56;2,84
16/10/2016;22;VACA;23800;6,2;15;6,83;1,03;12,67;3,7;3,34;4,89;2,36
16/10/2016;21;VACA;25020;4;15;6,82;1,03;12,85;3,75;3,4;4,95;2,43
16/10/2016;43;OVEJA;2100;5,7;20;6,79;1,036;18,95;8;5,85;4,43;4,44
16/10/2016;43;CABRA;2320;5,8;14;6,85;1,032;13,95;4,99;3,77;4,62;2,75
16/10/2016;41;CABRA;5280;5,6;14;6,84;1,032;14,97;5,43;4,13;4,79;3,05
16/10/2016;24;VACA;16580;7;15;6,79;1,03;12,37;3,5;3,3;4,83;2,32
16/10/2016;26;VACA;6640;4,2;15;6,81;1,03;12,39;3,51;3,22;4,9;2,27
16/10/2016;40;OVEJA;4580;6;20;6,81;1,036;20,14;8,8;6;4,62;4,58
16/10/2016;40;CABRA;2340;6;14;6,83;1,032;16,03;6,45;4,22;4,57;3,03
16/10/2016;32;VACA;22100;6,2;15;6,81;1,03;12,08;3,36;3,22;4,76;2,23
16/10/2016;29;VACA;24160;4,5;15;6,83;1,03;12,53;3,64;3,4;4,74;2,39
16/10/2016;42;CABRA;440;7;13;6,83;1,032;15,85;5,7;5,02;4,54;3,59
16/10/2016;42;OVEJA;7660;5;19;6,78;1,036;19,68;8,05;6,37;4,57;4,89
16/10/2016;38;CABRA;460;7;14;6,86;1,032;15,09;5,56;4,5;4,42;3,25
16/10/2016;25;VACA;24120;4,7;15;6,82;1,03;13,09;4,11;3,36;4,82;2,4
16/10/2016;46;OVEJA;5920;5,5;19;6,8;1,036;18,56;7,54;5,56;4,66;4,32
16/10/2016;1;OVEJA;7900;3,5;19;6,79;1,036;18,87;7,77;5,75;4,59;4,42
17/10/2016;21;VACA;28700;3,5;15;6,82;1,03;12,67;3,69;3,34;4,9;2,38
17/10/2016;22;VACA;25120;6,2;14;6,77;1,03;12,63;3,67;3,32;4,88;2,35
17/10/2016;20;VACA;24960;6;15;6,77;1,03;12,52;3,6;3,35;4,81;2,36
17/10/2016;35;VACA;12120;5,2;15;6,8;1,03;12,68;3,86;3,37;4,72;2,34
17/10/2016;35;VACA;7820;5,4;16;6,77;1,03;12,49;3,58;3,38;4,85;2,35
17/10/2016;41;OVEJA;5560;6;18;6,82;1,036;19,74;8,41;6,08;4,56;4,55
17/10/2016;39;CABRA;1400;6;14;6,82;1,032;14,9;5,59;3,88;4,72;2,89
17/10/2016;39;OVEJA;3660;6;18;6,8;1,036;19,54;8,44;5,68;4,58;4,37
17/10/2016;32;VACA;24740;3;15;6,82;1,03;12,25;3,42;3,37;4,76;2,35
17/10/2016;29;VACA;13780;6;15;6,77;1,03;12,54;3,62;3,38;4,83;2,38
17/10/2016;29;VACA;10280;6;15;6,79;1,03;12,48;3,67;3,28;4,83;2,3
17/10/2016;42;OVEJA;5860;5;20;6,86;1,036;19,05;8,17;5,33;4,65;4,19
17/10/2016;42;CABRA;2760;6;15;6,82;1,032;14,58;5,33;3,88;4,66;2,85
17/10/2016;26;VACA;6720;4;15;6,8;1,03;12,37;3,51;3,24;4,89;2,29
17/10/2016;38;OVEJA;1140;5;18;6,82;1,036;18,37;7,44;5,77;4,44;4,32
17/10/2016;38;CABRA;5180;6;13;6,82;1,032;15,43;6,23;3,9;4,58;2,83
17/10/2016;25;VACA;24460;5;15;6,78;1,03;13,26;4,1;3,5;4,91;2,51
17/10/2016;37;CABRA;1780;4;15;6,8;1,032;14,86;5,43;4,01;4,46;3,21
17/10/2016;18;VACA;25680;5;15;6,82;1,03;12,42;3,29;3,53;4,93;2,46
17/10/2016;18;VACA;27920;5;15;6,82;1,03;12,68;3,47;3,57;4,94;2,49
17/10/2016;36;CABRA;11620;6,5;14;6,82;1,032;14,41;5,35;3,73;4,7;2,73
18/10/2016;20;VACA;24920;4,8;15;6,84;1,03;12,33;3,47;3,32;4,84;2,34
18/10/2016;22;VACA;24640;5;15;6,84;1,03;12,62;3,53;3,36;5,01;2,43
18/10/2016;21;VACA;25120;4,5;15;6,82;1,03;12,64;3,57;3,4;4,95;2,47
18/10/2016;18;VACA;25200;7,2;15;6,82;1,03;12,37;3,19;3,55;4,97;2,51
18/10/2016;18;VACA;25420;7,1;15;6,82;1,03;12,51;3,37;3,54;4,95;2,5
18/10/2016;24;VACA;16720;5,8;15;6,82;1,03;12,22;3,38;3,28;4,84;2,31
18/10/2016;24;VACA;10640;6,82;15;6,82;1,03;12,42;3,52;3,28;4,87;2,3
18/10/2016;41;CABRA;4860;6;14;6,82;1,032;14,75;5,3;4,03;4,76;3,01
18/10/2016;40;OVEJA;4820;6;20;6,82;1,036;18,91;7,54;5,88;4,71;4,54
18/10/2016;40;CABRA;2980;6;14;6,8;1,032;15,65;6,25;4,1;4,63;2,98
18/10/2016;29;VACA;16400;8;15;6,82;1,03;12,05;3,4;3,19;4,77;2,23
18/10/2016;29;VACA;3880;9;15;6,82;1,03;11,16;2,4;3,26;4,9;2,29
18/10/2016;26;VACA;6460;8,4;15;6,8;1,03;12,37;3,51;3,24;4,88;2,29
18/10/2016;39;OVEJA;4340;4;19;6,8;1,036;19,04;7,42;6,3;4,57;4,79
18/10/2016;32;VACA;22220;6,3;15;6,82;1,03;12,07;3,4;3,21;4,7;2,23
18/10/2016;43;CABRA;560;4;15;6,8;1,032;16,39;6,42;4,59;4,62;3,43
18/10/2016;42;OVEJA;2980;6;20;6,81;1,036;19,81;8,45;6,12;4,54;4,71
18/10/2016;42;CABRA;4140;5;13;6,82;1,032;14,75;5,46;3,94;4,72;2,89
18/10/2016;38;CABRA;500;6;14;6,8;1,032;14,91;5,34;4,27;4,59;3,22
18/10/2016;25;VACA;24480;5,3;15;6,8;1,03;12,98;4,06;3,36;4,8;2,4
18/10/2016;46;OVEJA;6100;5,8;18;6,75;1,036;18,47;7,53;5,44;4,63;4,26
18/10/2016;1;OVEJA;7540;5;18;6,74;1,036;17,87;7,33;5,39;4,4;4,11
18/10/2016;18;VACA;25360;5,5;15;6,84;1,03;12,76;3,48;3,61;4,99;2,54
18/10/2016;18;VACA;25380;5,4;15;6,83;1,03;12,63;3,46;3,56;4,95;2,51
19/10/2016;30;VACA;15800;4,3;14;6,86;1,03;12,25;3,39;3,39;4,74;2,34
19/10/2016;20;VACA;25180;5,6;15;6,82;1,03;12,54;3,67;3,37;4,79;2,4
19/10/2016;22;VACA;24680;5,6;15;6,82;1,03;12,33;3,38;3,33;4,91;2,37
19/10/2016;21;VACA;22480;3,7;15;6,84;1,03;12,76;3,72;3,38;4,92;2,43
19/10/2016;35;VACA;13160;5,2;15;6,82;1,03;12,85;3,94;3,38;4,79;2,41
19/10/2016;35;VACA;6860;6;15;6,82;1,03;12,6;3,66;3,38;4,84;2,38
19/10/2016;42;OVEJA;5480;7,3;20;6,78;1,036;18,56;7,78;5,18;4,69;4,09
19/10/2016;42;CABRA;1220;6;14;6,83;1,032;14,93;5,8;3,86;4,62;2,85
19/10/2016;41;OVEJA;6120;5;20;6,81;1,036;19,56;8,39;5,94;4,52;4,47
19/10/2016;29;VACA;15420;6,6;15;6,84;1,03;12,17;3,53;3,25;4,73;2,26
19/10/2016;29;VACA;8060;5;15;6,84;1,03;12,26;3,63;3,29;4,58;2,29
19/10/2016;39;CABRA;1480;6,2;13;6,81;1,032;15,42;5,92;4,09;4,68;3,08
19/10/2016;39;OVEJA;3300;5;20;6,79;1,036;19,33;8,35;5,62;4,57;4,31
19/10/2016;32;VACA;25200;3;15;6,8;1,03;12,46;3,52;3,41;4,84;2,39
19/10/2016;43;CABRA;2540;5;14;6,82;1,032;14,31;5,17;3,79;4,73;2,81
19/10/2016;43;OVEJA;1640;6;20;6,78;1,036;19,37;8,16;6,04;4,48;4,59
19/10/2016;24;VACA;15540;5;15;6,81;1,03;12,61;3,87;3,2;4,77;2,25
19/10/2016;24;VACA;4160;7,2;15;6,81;1,03;12,39;3,64;3,24;4,79;2,29
19/10/2016;26;VACA;6440;6;15;6,77;1,03;12,4;3,55;3,27;4,86;2,3
19/10/2016;25;VACA;24420;6,7;15;6,82;1,03;13,16;4,09;3,45;4,89;2,49
19/10/2016;37;CABRA;1580;6;14;6,81;1,032;14,71;5,38;4,05;4,64;3,06
19/10/2016;38;OVEJA;780;6;19;6,82;1,036;17,72;7,21;5,48;4,28;4,05
19/10/2016;38;CABRA;5240;6;14;6,82;1,032;15,47;6,26;3,98;4,47;2,87
19/10/2016;36;CABRA;7460;7,3;13;6,81;1,032;14,18;5,18;3,69;4,71;2,75
20/10/2016;20;VACA;25140;4;15;6,82;1,03;12,41;3,45;3,35;4,89;2,38
20/10/2016;22;VACA;23960;6;15;6,82;1,03;12,56;3,62;3,32;4,91;2,36
20/10/2016;21;VACA;25020;2,7;15;6,84;1,03;12,85;3,78;3,36;4,94;2,42
20/10/2016;29;VACA;16360;5,5;15;6,8;1,03;12,44;3,65;3,32;4,8;2,34
20/10/2016;29;VACA;6040;8;15;6,83;1,03;12,34;3,65;3,3;4,7;2,28
20/10/2016;41;CABRA;4600;5,7;14;6,81;1,032;15,06;5,67;3,98;4,77;2,99
20/10/2016;40;OVEJA;3480;7,7;20;6,76;1,036;19,54;8,32;5,77;4,68;4,47
20/10/2016;40;CABRA;2780;6,3;15;6,78;1,032;15,78;6,34;4,11;4,66;3,01
20/10/2016;26;VACA;6440;4;15;6,8;1,03;12,46;3,58;3,27;4,89;2,3
20/10/2016;42;CABRA;740;7;14;6,83;1,032;15,75;5,72;4,63;4,62;3,47
20/10/2016;42;OVEJA;7600;5,2;20;6,81;1,036;19,11;7,73;6,08;4,56;4,65
20/10/2016;32;VACA;21400;5,6;15;6,83;1,03;12,19;3,47;3,18;4,8;2,21
20/10/2016;25;VACA;23500;6,8;15;6,82;1,03;13,01;4,05;3,37;4,81;2,4
20/10/2016;38;CABRA;560;6;14;6,84;1,032;14,93;5,32;4,34;4,54;3,32
20/10/2016;46;OVEJA;6280;5,5;19;6,82;1,036;18,12;7,21;5,42;4,68;4,26
20/10/2016;1;OVEJA;7980;3,6;20;6,81;1,036;17,87;7,29;5,34;4,48;4,12
21/10/2016;20;VACA;24840;5,6;15;6,84;1,03;12,54;3,63;3,37;4,83;2,38
21/10/2016;22;VACA;24140;5,8;15;6,84;1,03;12,28;3,32;3,32;4,97;2,38
21/10/2016;21;VACA;28600;4,5;15;6,83;1,03;12,46;3,45;3,35;4,98;2,41
21/10/2016;41;OVEJA;7580;4,5;19;6,82;1,036;19,58;8,37;5,92;4,64;4,47
21/10/2016;39;CABRA;1480;6,2;15;6,8;1,032;15,21;5,77;3,96;4,75;3
21/10/2016;39;OVEJA;2980;6,8;20;6,82;1,036;19,38;8,35;5,63;4,6;4,3
21/10/2016;29;VACA;15780;4;15;6,82;1,03;12,34;3,61;3,26;4,76;2,25
21/10/2016;29;VACA;5220;5,2;15;6,8;1,03;12,21;3,61;3,27;4,61;2,27
21/10/2016;24;VACA;16100;5,7;15;6,84;1,03;12,46;3,64;3,24;4,82;2,3
21/10/2016;24;VACA;6400;6;15;6,84;1,03;12,42;3,46;3,33;4,92;2,34
21/10/2016;26;VACA;6500;4,1;15;6,8;1,03;12,29;3,43;3,26;4,88;2,25
21/10/2016;42;OVEJA;5680;4,8;19;6,78;1,036;18,56;7,69;5,26;4,7;4,15
21/10/2016;42;CABRA;3640;4,4;14;6,82;1,032;14,3;5,19;3,81;4,71;2,77
21/10/2016;25;VACA;23860;6,4;15;6,82;1,03;13,29;4,19;3,47;4,88;2,48
21/10/2016;43;CABRA;760;6,2;15;6,8;1,032;15,7;6,01;4,45;4,52;3,29
21/10/2016;37;CABRA;1880;8;15;6,84;1,032;18,39;7,18;5,54;4,84;4,51
21/10/2016;32;VACA;24860;4;15;6,892;1,03;12,59;3,61;3,43;4,86;2,4
21/10/2016;38;OVEJA;1160;4,7;20;6,8;1,036;18,08;7,29;5,59;4,51;4,21
21/10/2016;38;CABRA;5460;6;15;6,83;1,032;15,7;6,25;4,12;4,49;3,06
21/10/2016;36;CABRA;11140;5,8;14;6,83;1,032;14,4;5,48;3,7;4,61;2,67
21/10/2016;1;CABRA;25200;4,5;14;6,81;1,032;14,85;5,67;3,75;4,78;2,75
21/10/2016;1;CABRA;23020;4,4;15;6,76;1,032;15;5,6;4,13;4,6;2,98
22/10/2016;22;VACA;25040;6;15;6,83;1,03;12,59;3,7;3,3;4,87;2,32
22/10/2016;21;VACA;24840;2,7;15;6,83;1,03;11,85;3,41;3,16;4,54;2,13
22/10/2016;20;VACA;23660;5,4;15;6,82;1,03;12,45;3,5;3,36;4,87;2,38
22/10/2016;41;CABRA;5000;5,5;14;6,86;1,032;15,07;5,66;3,93;4,75;2,97
22/10/2016;40;OVEJA;6600;6;19;6,79;1,036;19,38;8,02;5,91;4,7;4,55
22/10/2016;40;CABRA;2200;6;14;6,8;1,032;16,31;6,81;4,2;4,6;3,06
22/10/2016;39;OVEJA;4580;5,3;19;6,76;1,036;18,23;6,71;6,07;4,67;4,66
22/10/2016;29;VACA;16220;4,3;14;6,86;1,03;12,35;3,61;3,26;4,75;2,26
22/10/2016;29;VACA;5560;7;14;6,86;1,03;12,75;4,09;3,29;4,59;2,29
22/10/2016;32;VACA;20880;7,6;15;6,8;1,03;12,08;3,42;3,16;4,76;2,18
22/10/2016;43;CABRA;2620;6;15;6,83;1,032;14,53;5,26;3,83;4,78;2,87
22/10/2016;43;OVEJA;1400;6,4;19;6,78;1,036;19,17;7,94;5,97;4,58;4,52
22/10/2016;24;VACA;16000;6,7;15;6,83;1,03;12,41;3,56;3,28;4,84;2,28
22/10/2016;24;VACA;3720;5,2;15;6,82;1,03;12,47;3,51;3,3;4,94;2,32
22/10/2016;26;VACA;6220;4,4;15;6,83;1,03;12,51;3,62;3,28;4,87;2,29
22/10/2016;42;OVEJA;3320;6,6;20;6,76;1,036;19,44;8,14;6,06;4,55;4,69
22/10/2016;42;CABRA;3100;7,1;15;6,81;1,032;14,36;5,28;3,83;4,54;2,8
22/10/2016;38;CABRA;500;7,5;14;6,83;1,032;15,16;5,4;4,36;4,63;3,28
22/10/2016;25;VACA;23520;6,7;15;6,79;1,03;12,88;3,94;3,37;4,81;2,38
22/10/2016;46;OVEJA;6340;6,7;20;6,77;1,036;18,12;7,2;5,43;4,68;4,22
22/10/2016;1;OVEJA;7660;6,3;21;6,75;1,036;18,13;7,42;5,5;4,42;4,15
23/10/2016;21;VACA;28260;3,5;15;6,8;1,03;12,59;3,71;3,29;4,84;2,32
23/10/2016;22;VACA;23480;6,3;15;6,82;1,03;12,41;3,46;3,33;4,91;2,38
23/10/2016;24;VACA;15840;6,8;15;6,8;1,03;12,4;3,57;3,25;4,83;2,27
23/10/2016;26;VACA;6480;6,5;16;6,83;1,03;12,47;3,59;3,26;4,86;2,29
23/10/2016;41;OVEJA;7640;4,4;15;6,82;1,036;19,27;8,07;5,99;4,53;4,49
23/10/2016;29;VACA;16520;4;15;6,8;1,03;11,97;3,41;3,15;4,78;2,19
23/10/2016;29;VACA;5080;5;15;6,82;1,03;12,09;3,44;3,33;4,61;2,3
23/10/2016;32;VACA;25060;3,4;15;6,82;1,03;12,5;3,55;3,38;4,88;2,35
23/10/2016;39;CABRA;1380;6;14;6,83;1,032;14,79;5,56;3,83;4,68;2,81
23/10/2016;39;OVEJA;2980;5;20;6,8;1,036;19,16;8,09;5,61;4,63;4,33
23/10/2016;42;OVEJA;5680;4,5;20;6,82;1,036;18,55;7,71;5,26;4,71;4,13
23/10/2016;42;CABRA;2800;4,7;14;6,83;1,032;14,56;5,3;3,92;4,71;2,86
23/10/2016;37;CABRA;1620;7;14;6,84;1,032;14,34;5,11;3,94;4,63;2,95
23/10/2016;25;VACA;23740;7,3;16;6,82;1,03;13,29;4,19;3,44;4,89;2,46
23/10/2016;38;OVEJA;1140;4;20;6,8;1,036;18,1;7,27;5,59;4,54;4,24
23/10/2016;38;CABRA;5500;6,2;15;6,78;1,032;15,87;6,21;4,29;4,6;3,12
24/10/2016;22;VACA;22220;4;15;6,8;1,03;12,5;3,63;3,29;4,88;2,36
24/10/2016;21;VACA;24760;6,2;15;6,82;1,03;12,76;3,71;3,37;4,95;2,44
24/10/2016;18;VACA;25800;5,3;15;6,84;1,03;12,6;3,41;3,56;4,93;2,55
24/10/2016;41;CABRA;4200;5;13;6,82;1,032;14,61;5,26;3,89;4,85;2,93
24/10/2016;40;OVEJA;4100;4;19;6,8;1,036;19,22;7,89;5,86;4,65;4,51
24/10/2016;40;CABRA;2740;6;14;6,82;1,032;15,91;6,39;4,17;4,65;3,06
24/10/2016;26;VACA;6460;4;15;6,8;1,03;12,4;3,51;3,28;4,9;2,35
24/10/2016;32;VACA;21000;5;15;6,78;1,03;12,16;3,48;3,18;4,79;2,24
24/10/2016;42;CABRA;1000;5;14;6,82;1,032;16,2;6,01;4,69;4,68;3,58
24/10/2016;42;OVEJA;7640;5;20;6,82;1,036;19,12;7,65;6,13;4,61;4,72
24/10/2016;18;VACA;24760;5;15;6,78;1,03;12,59;3,47;3,5;4,91;2,47
24/10/2016;38;CABRA;560;5,6;14;6,8;1,032;15,31;5,58;4,4;4,59;3,36
24/10/2016;43;CABRA;420;4;15;6,8;1,032;16,37;6,35;4,61;4,63;3,45
24/10/2016;25;VACA;23680;5;15;6,78;1,03;13,06;4,08;3,36;4,84;2,4
24/10/2016;46;OVEJA;6060;5,8;19;6,75;1,036;18,08;7,02;5,48;4,74;4,34
24/10/2016;1;OVEJA;7700;6;19;6,75;1,036;17,11;6,97;5,2;4,19;3,89
24/10/2016;36;CABRA;10420;5,8;13;6,78;1,032;14,3;5,34;3,72;4,64;2,74
25/10/2016;21;VACA;21800;3,4;15;6,83;1,03;15,45;3,7;3,18;4,65;2,25
25/10/2016;18;VACA;25720;5,4;15;6,81;1,03;12,52;3,31;3,59;4,96;2,56
25/10/2016;29;VACA;24280;4,7;15;6,85;1,03;12,22;3,41;3,29;4,87;2,3
25/10/2016;18;VACA;24540;6;15;6,78;1,03;12,65;3,49;3,55;4,95;2,51
25/10/2016;24;VACA;16220;4;19;6,8;1,03;12,9;4,08;3,27;4,81;2,3
25/10/2016;24;VACA;13200;5,5;15;6,82;1,03;12,93;4,15;3,22;4,82;2,26
25/10/2016;41;OVEJA;4280;4;19;6,8;1,036;20,08;8,94;5,79;4,61;4,46
25/10/2016;39;CABRA;1600;7;14;6,82;1,032;15,43;5,85;4,14;4,72;3,14
25/10/2016;39;OVEJA;3100;6,6;20;6,78;1,036;18,87;7,89;5,52;4,66;4,29
25/10/2016;32;VACA;25340;3,5;15;6,82;1,03;12,38;3,44;3,39;4,89;2,4
25/10/2016;29;VACA;16120;4,4;15;6,82;1,03;12,18;3,57;3,2;4,74;2,23
25/10/2016;26;VACA;6480;4,6;15;6,8;1,03;12,51;3,65;3,28;4,85;2,31
25/10/2016;43;CABRA;2400;6;14;6,8;1,032;14,43;5,12;3,96;4,81;2,98
25/10/2016;43;OVEJA;1580;6;21;6,77;1,036;19,1;7,74;6,02;4,61;4,59
25/10/2016;42;CABRA;2860;7;15;6,8;1,032;14,54;5,37;3,84;4,65;2,83
25/10/2016;42;OVEJA;5320;5;20;6,78;1,036;18,83;7,79;5,36;4,58;4,35
25/10/2016;25;VACA;24000;6,8;15;6,8;1,03;13,27;4,21;3,43;4,91;2,47
25/10/2016;37;CABRA;1700;7,6;14;6,83;1,032;14,73;5,41;4,04;4,65;3,02
25/10/2016;38;OVEJA;960;5;20;6,82;1,036;18,2;7,31;5,79;4,41;4,36
25/10/2016;38;CABRA;7460;6,8;14;6,8;1,032;16,64;6,37;4,88;4,51;3,62
26/10/2016;21;VACA;24360;3,8;15;6,83;1,03;12,73;3,74;3,33;4,9;2,42
26/10/2016;18;VACA;23820;5,7;15;6,78;1,03;12,62;3,51;3,5;4,94;2,48
26/10/2016;41;CABRA;4500;5,5;14;6,8;1,032;14,68;5,28;3,74;4,63;3,09
26/10/2016;40;OVEJA;5000;4;19;6,8;1,036;19,28;8,01;5,77;4,7;4,45
26/10/2016;40;CABRA;2620;6;14;6,82;1,032;16,03;6,49;4,12;4,53;3,11
26/10/2016;29;VACA;15280;6,5;15;6,8;1,03;12,29;3,71;3,12;4,72;2,18
26/10/2016;29;VACA;2600;8;15;6,8;1,03;12,5;3,68;3,37;4,65;2,39
26/10/2016;26;VACA;6460;4,8;15;6,83;1,03;12,38;3,56;3,24;4,84;2,29
26/10/2016;24;VACA;15200;6,7;15;6,83;1,03;12,54;3,76;3,21;4,81;2,3
26/10/2016;24;VACA;5000;8;16;6,82;1,03;12,25;3,44;3,25;4,84;2,26
26/10/2016;32;VACA;21280;6,6;15;6,82;1,03;12,05;3,43;3,15;4,73;2,22
26/10/2016;42;CABRA;4140;5,5;14;6,77;1,032;14,75;5,36;3,93;4,52;3,16
26/10/2016;38;CABRA;600;7,8;14;6,82;1,032;15,37;5,56;4,44;4,55;3,4
26/10/2016;25;VACA;24020;6,2;15;6,8;1,03;12,96;4,01;3,38;4,8;2,42
26/10/2016;46;OVEJA;6120;5,5;21;6,76;1,036;18,42;7,34;5,58;4,68;4,38
26/10/2016;1;OVEJA;7540;3,4;20;6,77;1,036;17,24;7,03;5,18;4,21;3,93
26/10/2016;30;VACA;20920;5,3;15;6,8;1,03;12,28;3,42;3,39;4,8;2,36
26/10/2016;36;CABRA;6680;4,6;14;6,78;1,032;14,22;5,23;3,72;4,69;2,73
27/10/2016;21;VACA;28420;4;16;6,8;1,03;12,6;3,7;3,3;4,86;2,35
27/10/2016;41;OVEJA;4020;4;18;6,8;1,036;18,81;7,6;5,81;4,68;4,44
27/10/2016;29;VACA;14980;4;15;6,8;1,03;12,15;3,56;3,12;4,7;2,16
27/10/2016;29;VACA;5180;5,3;15;6,8;1,03;12,22;3,55;3,38;4,56;2,36
27/10/2016;39;CABRA;1420;7;14;6,77;1,032;14,32;5,1;3,68;4,56;2,97
27/10/2016;39;OVEJA;3260;7;18;6,77;1,036;17,95;6,9;5,48;4,65;4,28
27/10/2016;32;VACA;25860;4;15;6,75;1,03;12,23;3,32;3,38;4,89;2,41
27/10/2016;26;VACA;6600;4;15;6,78;1,03;12,3;3,53;3,36;4,74;2,3
27/10/2016;42;OVEJA;5020;6;18;6,75;1,036;18,25;7,53;5,09;4,66;4,06
27/10/2016;42;CABRA;1520;7,5;13;6,75;1,032;14,63;5,63;3,74;4,59;2,74
27/10/2016;37;CABRA;1500;8;15;6,78;1,032;14,36;5,2;3,91;4,61;2,94
27/10/2016;43;CABRA;820;8;15;6,75;1,032;15,82;6,21;4,44;4,49;3,31
27/10/2016;25;VACA;24120;7;16;6,8;1,03;13,22;4,16;3,44;4,88;2,42
27/10/2016;38;OVEJA;360;6,5;18;6,8;1,036;16,38;6,17;5,22;4,35;3,9
27/10/2016;38;CABRA;7120;5,6;13;6,83;1,032;15,85;6,14;4,41;4,53;3,27
27/10/2016;30;VACA;18980;4,6;15;6,83;1,03;12,42;3,58;3,38;4,77;2,33
27/10/2016;41;OVEJA;2540;4;19;6,8;1,036;NA;NA;NA;NA;NA
28/10/2016;20;VACA;24580;6,2;14;6,8;1,03;12,34;3,36;3,37;4,93;2,41
28/10/2016;22;VACA;24240;5,3;14;6,8;1,03;12,55;3,65;3,29;4,92;2,34
28/10/2016;21;VACA;24980;2,6;15;6,78;1,03;12,79;3,79;3,35;4,91;2,42
28/10/2016;29;VACA;4100;5,5;15;6,78;1,03;12,22;3,63;3,14;4,7;2,15
28/10/2016;29;VACA;15800;7;15;6,78;1,03;12,78;4,24;3,22;4,51;2,26
28/10/2016;41;CABRA;4440;5,3;13;6,82;1,032;14,65;5,42;3,83;4,78;2,83
28/10/2016;40;OVEJA;4600;6;18;6,75;1,036;19,08;8,04;5,53;4,68;4,32
28/10/2016;40;CABRA;2800;4;15;6,78;1,032;15,93;6,45;4,13;4,64;3,03
28/10/2016;43;CABRA;2860;6,4;13;6,78;1,032;14,08;4,88;3,85;4,76;2,89
28/10/2016;43;OVEJA;2140;6;20;6,75;1,036;18,91;7,75;5,87;4,59;4,5
28/10/2016;32;VACA;21480;7,3;15;6,8;1,03;12,04;3,4;3,12;4,72;2,19
28/10/2016;24;VACA;16200;6,4;15;6,8;1,03;12,27;3,52;3,19;4,78;2,25
28/10/2016;24;VACA;6060;5;15;6,8;1,03;12,43;3,54;3,34;4,87;2,37
28/10/2016;26;VACA;6080;6;15;6,82;1,03;12,36;3,57;3,22;4,84;2,27
28/10/2016;42;CABRA;1220;4;14;6,8;1,032;15,74;5,93;4,23;4,84;3,26
28/10/2016;42;OVEJA;7920;5,3;22;6,76;1,036;18,38;7,01;5,98;4,65;4,62
28/10/2016;25;VACA;24020;6,2;15;6,8;1,03;13,01;4,04;3,37;4,82;2,41
28/10/2016;38;CABRA;580;4;15;6,8;1,032;14,63;5,23;4,01;4,64;3,04
28/10/2016;46;OVEJA;6300;6,2;20;6,77;1,036;18,01;7,15;5,38;4,67;4,2
28/10/2016;1;OVEJA;7200;4;19;6,8;1,036;18,13;7,19;5,69;4,43;4,34
28/10/2016;36;CABRA;11720;6,4;14;6,8;1,032;14,84;5,58;3,84;4,71;2,89
28/10/2016;1;CABRA;25460;4;14;6,81;1,032;14,85;5,71;3,69;4,74;2,7
29/10/2016;1;CABRA;25280;4;14;6,79;1,032;14,82;5,52;4,02;4,57;2,94
29/10/2016;21;VACA;28420;4,7;14;6,8;1,03;12,55;3,66;3,3;4,82;2,33
29/10/2016;20;VACA;25320;5,8;14;6,8;1,03;12,23;3,34;3,36;4,83;2,4
29/10/2016;22;VACA;25660;6,4;14;6,8;1,03;12,54;3,59;3,31;4,92;2,34
29/10/2016;41;OVEJA;8580;5;20;6,84;1,036;19,07;7,95;5,83;4,6;4,44
29/10/2016;32;VACA;25660;3,3;15;6,83;1,03;12,18;3,2;3,4;4,92;2,38
29/10/2016;39;CABRA;1620;6,4;13;6,82;1,032;15,4;5,86;4,1;4,68;3,12
29/10/2016;39;OVEJA;3140;5;18;6,8;1,036;18,41;7,58;5,35;4,66;4,17
29/10/2016;29;VACA;15520;5;15;6,84;1,03;12,09;3,46;3,18;4,75;2,16
29/10/2016;29;VACA;5480;5;15;6,82;1,03;12,11;3,44;3,37;4,58;2,32
29/10/2016;42;CABRA;3260;4;14;6,84;1,032;14,84;5,51;4;4,65;2,92
29/10/2016;42;OVEJA;5320;4,5;20;6,81;1,036;18,6;7,7;5,3;4,7;4,17
29/10/2016;24;VACA;13980;6;15;6,83;1,03;12,34;3,51;3,26;4,85;2,31
29/10/2016;24;VACA;3860;4;15;6,82;1,03;12,43;3,53;3,29;4,89;2,34
29/10/2016;26;VACA;6160;6;15;6,8;1,03;12,22;3,39;3,24;4,88;2,28
29/10/2016;25;VACA;23720;5,8;15;6,81;1,03;13,19;4,15;3,42;4,87;2,44
29/10/2016;37;CABRA;1880;7;13;6,8;1,032;14,33;5,12;3,93;4,6;2,92
29/10/2016;38;OVEJA;640;5,5;19;6,79;1,036;17,08;6,53;5,45;4,42;4,12
29/10/2016;38;CABRA;7300;6,3;14;6,81;1,032;15,29;5,88;3,95;4,69;2,9
30/10/2016;21;VACA;24820;4;15;6,82;1,03;12,64;3,64;3,33;4,9;2,39
30/10/2016;22;VACA;24280;6;15;6,82;1,03;12,55;3,65;3,28;4,88;2,31
30/10/2016;24;VACA;16280;6;15;6,8;1,03;12,21;3,52;3,2;4,74;2,23
30/10/2016;26;VACA;6500;6,9;15;6,82;1,03;12,55;3,74;3,23;4,84;2,26
30/10/2016;29;VACA;16060;3,8;15;6,83;1,03;12,36;3,67;3,21;4,76;2,2
30/10/2016;29;VACA;6780;5,6;15;6,85;1,03;12,61;4;3,22;4,62;2,24
30/10/2016;41;CABRA;4480;6;14;6,84;1,032;14,78;5,48;3,85;4,75;2,85
30/10/2016;40;OVEJA;4920;5,6;19;6,76;1,036;20,03;8,7;5,8;4,63;4,48
30/10/2016;40;CABRA;2840;5,5;15;6,8;1,032;16,04;6,52;4,08;4,66;2,99
30/10/2016;32;VACA;20960;6,3;15;6,77;1,03;11,99;3,38;3,11;4,75;2,16
30/10/2016;42;OVEJA;3700;6,5;19;6,76;1,036;20,05;8,71;6,02;4,54;4,7
30/10/2016;42;CABRA;4160;6;14;6,85;1,032;14,64;5,44;3,89;4,61;2,84
30/10/2016;38;CABRA;660;7;13;6,8;1,032;14,77;5,33;4,07;4,61;3,06
30/10/2016;43;CABRA;560;7;14;6,78;1,032;15,98;6,12;4,49;4,62;3,36
30/10/2016;25;VACA;24480;5,6;15;6,78;1,03;12,49;3,49;3,41;4,86;2,45
30/10/2016;46;OVEJA;6520;5,7;20;6,75;1,036;18,09;7,19;5,37;4,66;4,24
30/10/2016;1;OVEJA;7240;3,7;20;6,75;1,036;18,1;7,2;5,4;4,66;4,26
31/10/2016;21;VACA;28740;3,8;15;6,81;1,03;12,38;3,44;3,32;4,93;2,39
31/10/2016;41;OVEJA;5840;4;19;6,8;1,036;19,66;8,43;5,92;4,62;4,51
31/10/2016;29;VACA;15900;4;15;6,8;1,03;12,12;3,42;3,25;4,79;2,23
31/10/2016;29;VACA;4820;5;15;6,82;1,03;12,39;3,65;3,41;4,57;2,36
31/10/2016;26;VACA;6140;4,6;15;6,8;1,03;12,52;3,78;3,19;4,81;2,27
31/10/2016;43;CABRA;2940;5,6;13;6,83;1,032;13,97;4,79;3,8;4,75;2,83
31/10/2016;43;OVEJA;2040;5,6;21;6,74;1,036;18,91;7,98;5,32;4,24;4,33
31/10/2016;32;VACA;26140;3,6;15;6,82;1,03;12,41;3,44;3,4;4,9;2,39
31/10/2016;39;CABRA;1440;5,6;14;6,8;1,032;15,08;5,7;3,92;4,71;2,94
31/10/2016;39;OVEJA;3940;5;18;6,77;1,036;17,87;6,85;5,36;4,91;4,27
31/10/2016;42;OVEJA;5240;4,7;20;6,8;1,036;19,05;8,06;5,41;4,7;4,28
31/10/2016;42;CABRA;2120;6;14;6,82;1,032;14,36;5,38;3,75;4,63;2,65
31/10/2016;37;CABRA;1520;6;15;6,8;1,032;14,7;5,5;3,93;4,61;2,91
31/10/2016;25;VACA;24020;5,5;15;6,81;1,03;13,25;4,17;3,46;4,89;2,48
31/10/2016;38;OVEJA;880;6;18;6,77;1,036;18,01;7,17;5,7;4,41;4,31
31/10/2016;38;CABRA;7360;5,5;15;6,8;1,032;15,41;6,1;3,93;4,66;2,91
31/10/2016;36;CABRA;11580;4,5;14;6,8;1,032;14,87;5,7;3,81;4,72;2,83
31/10/2016;21;VACA;24700;2,5;15;6,81;1,03;12,74;3,77;3,32;4,89;2,35
31/10/2016;18;VACA;25240;5,6;16;6,8;1,03;12,58;3,43;3,55;4,93;2,49
31/10/2016;18;VACA;22740;6,1;15;6,81;1,03;12,57;3,49;3,53;4,87;2,48
01/11/2016;24;VACA;16680;6;14;6,83;1,03;12,35;3,56;3,21;4,82;2,23
01/11/2016;24;VACA;5720;6;14;6,79;1,03;12,63;3,66;3,32;4,92;2,32
01/11/2016;26;VACA;5880;4,6;14;6,79;1,03;12,56;3,8;3,17;4,81;2,19
01/11/2016;29;VACA;14440;3;14;6,84;1,03;12,15;3,54;3,2;4,78;2,19
01/11/2016;29;VACA;6600;6,4;14;6,82;1,03;12,69;4,08;3,29;4,54;2,24
01/11/2016;41;CABRA;3980;5,3;14;6,82;1,032;15,09;5,74;3,99;4,66;2,94
01/11/2016;40;OVEJA;4060;6,4;18;6,8;1,036;20,17;8,83;5,88;4,64;4,51
01/11/2016;40;CABRA;2660;4;15;6,8;1,032;16,22;6,62;4,19;4,67;3,06
01/11/2016;32;VACA;20540;7,25;15;6,78;1,03;12,08;3,42;3,19;4,74;2,21
01/11/2016;42;CABRA;1080;5,5;14;6,82;1,032;15,72;5,98;4,1;4,9;3,14
01/11/2016;42;OVEJA;7480;5,2;19;6,77;1,036;19,32;7,77;6,23;4,6;4,77
01/11/2016;39;OVEJA;4580;3,7;20;6,8;1,036;18,97;7,96;5,42;4,75;4,22
01/11/2016;25;VACA;23060;5;16;6,8;1,03;13,1;4,13;3,39;4,81;2,39
01/11/2016;38;CABRA;620;7;15;6,78;1,032;14,98;5,51;4,09;4,63;3,09
01/11/2016;46;OVEJA;6320;6;20;6,8;1,036;18,3;7,34;5,46;4,68;4,26
01/11/2016;1;OVEJA;8780;4,8;20;6,77;1,036;16,93;6,87;5,07;4,24;3,75
02/11/2016;21;VACA;21460;3,4;15;6,8;1,03;12,63;3,67;3,34;4,9;2,4
02/11/2016;18;VACA;24280;4,8;15;6,8;1,03;12,42;3,43;3,49;4,82;2,48
02/11/2016;18;VACA;25260;5,4;15;6,81;1,03;12,44;3,32;3,51;4,92;2,5
02/11/2016;41;OVEJA;5060;4,8;19;6,81;1,036;20,39;9,02;6,09;4,6;4,66
02/11/2016;29;VACA;15800;4,3;14;6,81;1,03;12,21;3,6;3,16;4,76;2,17
02/11/2016;29;VACA;5220;5;14;6,84;1,03;12,17;3,56;3,36;4,51;2,33
02/11/2016;32;VACA;26040;2,9;15;6,81;1,03;12,39;3,4;3,39;4,9;2,38
02/11/2016;39;CABRA;1420;6,7;14;6,8;1,032;14,99;5,72;3,81;4,73;2,84
02/11/2016;39;OVEJA;3720;6,5;21;6,76;1,036;18,36;7,35;5,42;4,78;4,33
02/11/2016;42;CABRA;2740;6,8;14;6,8;1,032;18,15;7,02;5,57;4,86;4,43
02/11/2016;42;OVEJA;5440;4,6;19;6,81;1,036;18,86;7,8;5,48;4,72;4,3
02/11/2016;24;VACA;15720;5,5;14;6,78;1,03;12,41;3,67;3,22;4,77;2,23
02/11/2016;24;VACA;5060;6,3;15;6,78;1,03;12,23;3,57;3,15;4,77;2,16
02/11/2016;26;VACA;6280;4,2;15;6,78;1,03;12,4;3,63;3,18;4,85;2,21
02/11/2016;43;CABRA;600;6;14;6,8;1,032;16,44;6,54;4,59;4,59;3,36
02/11/2016;25;VACA;23620;5,5;15;6,77;1,03;13,24;4,15;3,44;4,89;2,46
02/11/2016;37;CABRA;1900;8;14;6,8;1,032;14,85;5,42;4,05;4,68;3,04
02/11/2016;38;OVEJA;1200;5;20;6,79;1,036;18,43;7,42;5,81;4,45;4,44
02/11/2016;38;CABRA;6480;7,4;13;6,79;1,032;15,13;5,91;3,78;4,75;2,8
02/11/2016;36;CABRA;7020;5,7;14;6,8;1,032;14,45;5,34;3,74;4,7;2,8
03/11/2016;21;VACA;24440;3,4;15;6,81;1,03;12,61;3,67;3,31;4,86;2,37
03/11/2016;29;VACA;15860;0;0;0;1,03;12,3;3,62;3,22;4,8;2,24
03/11/2016;29;VACA;4360;6,7;15;6,8;1,03;12,38;3,57;3,35;4,64;2,39
03/11/2016;41;CABRA;4460;6,1;14;6,83;1,032;14,96;5,54;3,89;4,81;2,91
03/11/2016;18;VACA;26240;5;15;6,8;1,03;12,79;3,6;3,56;4,89;2,51
03/11/2016;40;OVEJA;3540;6,3;20;6,78;1,036;19,83;8,66;5,59;4,63;4,39
03/11/2016;40;CABRA;2680;5,8;15;6,8;1,032;16,21;6,64;4,22;4,62;3,08
03/11/2016;43;CABRA;2780;5,6;14;6,83;1,032;14,15;4,89;3,88;4,8;2,92
03/11/2016;43;OVEJA;1580;0;0;0;1,036;19,15;7,95;5,98;4,55;4,56
03/11/2016;42;OVEJA;2900;0;0;0;1,036;20,11;8,81;6,06;4,5;4,69
03/11/2016;42;CABRA;3940;5;15;6,82;1,032;14,37;5,19;3,73;4,85;2,75
03/11/2016;32;VACA;21000;5,5;15;6,79;1,03;12,13;3,45;3,18;4,74;2,2
03/11/2016;26;VACA;6300;4,1;15;6,82;1,03;12,44;3,63;3,19;4,88;2,26
03/11/2016;38;CABRA;640;6,5;14;6,82;1,032;15,3;5,68;4,27;4,6;3,24
03/11/2016;25;VACA;23400;6;15;6,8;1,03;13,03;4,05;3,39;4,81;2,41
03/11/2016;46;OVEJA;6420;6;21;6,78;1,036;18,56;7,53;5,52;4,62;4,4
04/11/2016;22;VACA;25280;5,6;15;6,8;1,03;12,49;3,59;3,29;4,88;2,32
04/11/2016;21;VACA;27760;3,6;15;6,8;1,03;11,83;3,38;3,08;4,48;2,16
04/11/2016;20;VACA;25500;6;14;6,84;1,03;12,54;3,6;3,37;4,84;2,4
04/11/2016;41;OVEJA;9700;4,5;19;6,83;1,036;19,66;8,41;5,97;4,56;4,55
04/11/2016;24;VACA;13920;6,5;15;6,81;1,03;12,02;3,34;3,2;4,73;2,21
04/11/2016;24;VACA;5900;5,6;14;6,84;1,03;12,4;3,45;3,34;4,9;2,38
04/11/2016;29;VACA;16340;6,1;14;6,83;1,03;12,26;3,61;3,2;4,75;2,21
04/11/2016;29;VACA;4780;5,6;14;6,85;1,03;12,34;3,62;3,35;4,6;2,32
04/11/2016;26;VACA;6380;4,6;15;6,76;1,03;12,36;3,61;3,18;4,83;2,22
04/11/2016;32;VACA;26620;3,6;15;6,79;1,03;12,41;3,42;3,39;4,89;2,34
04/11/2016;39;CABRA;1560;5,7;14;6,82;1,032;15,66;6,05;4,11;4,67;3,1
04/11/2016;39;OVEJA;4940;5,3;19;6,81;1,036;18,79;7,8;5,34;4,71;4,23
04/11/2016;42;OVEJA;5620;4,7;19;6,82;1,036;18,63;7,68;5,38;4,69;4,21
04/11/2016;42;CABRA;2200;5,6;14;6,83;1,032;15,07;5,75;4;4,58;2,94
04/11/2016;38;OVEJA;640;5,4;19;6,82;1,036;17,23;6,36;5,56;4,56;4,34
04/11/2016;38;CABRA;6520;5,9;14;6,83;1,032;15,08;5,89;3,77;4,71;2,78
04/11/2016;25;VACA;23680;5,4;15;6,82;1,03;13,19;4,15;3,43;4,85;2,45
04/11/2016;37;CABRA;1360;7;14;6,82;1,032;14,83;5,61;3,93;4,64;2,92
04/11/2016;36;CABRA;11920;5,5;14;6,8;1,032;15,12;5,89;3,81;4,7;2,83
04/11/2016;1;CABRA;25460;3,8;14;6,79;1,032;13,39;4,94;3,69;4,13;2,51
04/11/2016;1;CABRA;25500;3,5;14;6,8;1,032;15,01;5,7;3,82;4,77;2,85
05/11/2016;22;VACA;24540;6,3;14;6,84;1,03;12,43;3,5;3,31;4,92;2,37
05/11/2016;21;VACA;24900;2,3;15;6,8;1,03;12,72;3,74;3,29;4,84;2,42
05/11/2016;20;VACA;24220;5,5;15;6,8;1,03;12,47;3,46;3,38;4,91;2,43
05/11/2016;24;VACA;15040;6,7;15;6,82;1,03;12,39;3,61;3,26;4,77;2,27
05/11/2016;29;VACA;14580;3,5;15;6,83;1,03;12,31;3,63;3,24;4,73;2,24
05/11/2016;29;VACA;8120;7,7;15;6,8;1,03;12,24;3,53;3,29;4,62;2,31
05/11/2016;40;OVEJA;3960;5,7;19;6,78;1,036;19,55;8,47;5,59;4,59;4,3
05/11/2016;40;CABRA;2640;5,9;14;6,79;1,032;16;6,51;4,14;4,59;3,03
05/11/2016;41;CABRA;4840;5,4;15;6,83;1,032;14,91;5,45;3,89;4,83;2,94
05/11/2016;26;VACA;6420;4,4;15;6,8;1,03;12,42;3,6;3,21;4,84;2,25
05/11/2016;32;VACA;21160;7;15;6,81;1,03;12,08;3,42;3,15;4,73;2,18
05/11/2016;43;CABRA;520;6,5;15;6,81;1,032;16,31;6,47;4,55;4,56;3,35
05/11/2016;42;CABRA;1220;6;15;6,8;1,032;15,55;5,9;3,99;4,91;3,07
05/11/2016;42;OVEJA;8280;6,3;21;6,78;1,036;18,61;7,1;6,1;4,62;4,68
05/11/2016;38;CABRA;640;5;15;6,85;1,032;15,36;5,58;4,31;4,65;3,28
05/11/2016;25;VACA;23980;6,2;15;6,8;1,03;13,02;4,05;3,35;4,79;2,41
05/11/2016;46;OVEJA;6680;7;20;6,8;1,036;18,29;7,35;5,44;4,69;4,25
05/11/2016;1;OVEJA;15260;5;21;6,75;1,036;18,12;7,39;5,45;4,51;4,13
06/11/2016;21;VACA;27820;2,9;14;6,84;1,03;12,6;3,68;3,31;4,86;2,38
06/11/2016;24;VACA;15680;6,5;15;6,83;1,03;12,65;3,73;3,27;4,86;2,3
06/11/2016;41;OVEJA;9100;4,7;19;6,81;1,036;19,59;8,28;5,97;4,58;4,57
06/11/2016;43;CABRA;3000;6;14;6,85;1,032;13,98;4,91;3,84;4,6;2,82
06/11/2016;43;OVEJA;1440;5,8;19;6,78;1,036;19,32;8,06;5,94;4,51;4,55
06/11/2016;32;VACA;26400;3;15;6,8;1,03;12,44;3,42;3,38;4,92;2,37
06/11/2016;29;VACA;17220;3,5;15;6,81;1,03;12,31;3,64;3,21;4,75;2,22
06/11/2016;26;VACA;6320;3,9;15;6,8;1,03;12,3;3,48;3,2;4,83;2,28
06/11/2016;29;VACA;4820;3,9;15;6,8;1,03;12,1;3,48;3,3;4,5;2,29
06/11/2016;42;OVEJA;6120;4,6;19;6,81;1,036;18,7;7,5;5,58;4,76;4,37
06/11/2016;42;CABRA;4220;5,1;13;6,85;1,032;14,07;4,87;3,73;4,83;2,77
06/11/2016;39;CABRA;1340;4;15;6,8;1,032;15;5,74;3,75;4,75;2,79
06/11/2016;39;OVEJA;5160;4;19;6,8;1,036;18,85;7,87;5,34;4,73;4,27
06/11/2016;38;OVEJA;1400;6;20;6,82;1,036;18,41;7,41;5,73;4,51;4,43
06/11/2016;38;CABRA;7220;5,4;14;6,84;1,032;15,25;5,95;3,79;4,76;2,84
06/11/2016;25;VACA;23880;5,3;15;6,81;1,03;13,32;4,19;3,46;4,89;2,48
06/11/2016;37;CABRA;1740;6,6;14;6,83;1,032;15,24;5,76;4,09;4,67;3,08
07/11/2016;21;VACA;24480;3,3;15;6,81;1,03;12,69;3,71;3,34;4,84;2,42
07/11/2016;22;VACA;22700;5,6;15;6,84;1,03;12,48;3,48;3,34;4,95;2,41
07/11/2016;18;VACA;25460;4;15;6,8;1,03;12,4;3,12;3,6;4,95;2,57
07/11/2016;17;VACA;16880;4;15;6,8;1,03;12,54;3,56;3,31;4,98;2,38
07/11/2016;17;VACA;12040;4;15;6,8;1,03;12,39;3,5;3,19;4,97;2,31
07/11/2016;40;OVEJA;3780;5,7;19;6,81;1,036;19,98;8,67;5,92;4,6;4,52
07/11/2016;40;CABRA;2600;5,9;14;6,82;1,032;16,4;6,75;4,23;4,63;3,09
07/11/2016;29;VACA;14000;6,6;14;6,85;1,03;12,53;3,82;3,23;4,75;2,26
07/11/2016;29;VACA;8600;6,6;15;6,82;1,03;12,45;3,58;3,33;4,71;2,32
07/11/2016;41;CABRA;4580;6,8;14;6,84;1,032;15,2;5,65;3,99;4,82;3,02
07/11/2016;32;VACA;21220;5,5;15;6,81;1,03;12,13;3,4;3,18;4,73;2,22
07/11/2016;39;OVEJA;4400;4,5;20;6,83;1,036;18,38;6,55;6,38;4,63;4,9
07/11/2016;26;VACA;6420;4,5;15;6,78;1,03;12,39;3,51;3,24;4,86;2,27
07/11/2016;38;CABRA;660;6;13;6,84;1,032;15,28;5,52;4,16;4,74;3,17
07/11/2016;25;VACA;23360;6;15;6,79;1,03;13,17;4,14;3,38;4,84;2,38
07/11/2016;46;OVEJA;6600;6,1;21;6,76;1,036;18,84;7,61;5,68;4,66;4,42
07/11/2016;18;VACA;25500;4;15;6,82;1,03;12,6;3,47;3,49;4,91;2,45
07/11/2016;18;VACA;24900;4,7;15;6,8;1,03;12,79;3,5;3,61;4,94;2,56
07/11/2016;42;CABRA;2720;5,2;14;6,82;1,032;14,91;5,66;3,95;4,59;2,89
07/11/2016;42;OVEJA;3060;6;21;6,76;1,036;20,2;8,62;6,35;4,51;4,93
07/11/2016;7;VACA;16140;4,6;15;6,82;1,03;12,28;3,33;3,34;4,91;2,35
07/11/2016;7;VACA;10560;4,2;15;6,82;1,03;11,96;3,07;3,21;5,03;2,25
07/11/2016;36;CABRA;10280;4,7;14;6,83;1,032;14,66;5,49;3,84;4,68;2,82
08/11/2016;21;VACA;21580;2,1;14;6,84;1,03;12,73;3,77;3,37;4,81;2,4
08/11/2016;35;VACA;14000;4,4;15;6,82;1,03;12,7;3,81;3,35;4,82;2,37
08/11/2016;35;VACA;6440;4,3;15;6,82;1,03;12,81;3,75;3,48;4,82;2,46
08/11/2016;26;VACA;6360;4;16;6,82;1,03;12,48;3,61;3,29;4,83;2,35
08/11/2016;24;VACA;15280;6,3;15;6,86;1,03;12,03;3,34;3,2;4,74;2,22
08/11/2016;24;VACA;6180;5,3;15;6,8;1,03;12,79;3,75;3,4;4,88;2,41
08/11/2016;41;OVEJA;5360;5,2;18;6,83;1,036;20,29;8,8;6,16;4,59;4,71
08/11/2016;29;VACA;15560;4;15;6,8;1,03;12,31;3,61;3,22;4,72;2,26
08/11/2016;29;VACA;5380;4,4;14;6,85;1,03;12,34;3,56;3,4;4,63;2,39
08/11/2016;42;OVEJA;5000;4;19;6,8;1,036;19,39;8,08;5,69;4,76;4,52
08/11/2016;42;CABRA;2500;5;13;6,85;1,032;15,04;5,48;4,08;4,84;3,09
08/11/2016;39;CABRA;1499;4;15;6,8;1,032;NA;NA;NA;NA;NA
08/11/2016;39;OVEJA;4660;4,8;19;6,8;1,036;19,16;8,1;5,51;4,68;4,36
08/11/2016;32;VACA;26100;3;15;6,79;1,03;12,41;3,43;3,39;4,89;2,41
08/11/2016;43;CABRA;340;4;15;6,8;1,032;16,78;6,92;4,66;4,49;3,42
08/11/2016;38;CABRA;7780;6,6;14;6,84;1,032;15,27;5,92;3,91;4,73;2,94
08/11/2016;38;OVEJA;620;5;18;6,84;1,036;17,41;6,62;5,5;4,51;4,33
08/11/2016;25;VACA;23340;4,6;15;6,83;1,03;13,34;4,23;3,47;4,85;2,48
08/11/2016;17;VACA;13080;4,2;15;6,82;1,03;12,9;3,9;3,34;4,94;2,41
08/11/2016;17;VACA;7820;4,7;15;6,82;1,03;12,62;3,56;3,36;4,96;2,41
08/11/2016;30;VACA;24420;6;16;6,86;1,03;10,27;3,19;2,72;3,58;1,52
09/11/2016;21;VACA;21680;3;15;6,82;1,03;12,81;3,76;3,39;4,87;2,45
09/11/2016;29;VACA;15000;3,4;14;6,84;1,03;12,27;3,65;3,23;4,72;2,26
09/11/2016;29;VACA;6960;7;15;6,8;1,03;12,79;3,99;3,36;4,62;2,36
09/11/2016;40;OVEJA;3680;5;19;6,8;1,036;20,54;9,05;6,15;4,54;4,72
09/11/2016;40;CABRA;2460;5,7;14;6,8;1,032;16,89;7,04;4,45;4,64;3,3
09/11/2016;41;CABRA;4540;7,2;14;6,81;1,032;15,72;5,99;4,2;4,79;3,17
09/11/2016;43;CABRA;2780;9;14;6,8;1,032;14,7;5,31;4,07;4,73;3,05
09/11/2016;43;OVEJA;1080;8,9;22;6,76;1,036;20,56;8,91;6,47;4,54;4,86
09/11/2016;32;VACA;21100;5,8;15;6,81;1,03;12,23;3,5;3,22;4,74;2,26
09/11/2016;24;VACA;15520;6,5;15;6,82;1,03;12,26;3,48;3,22;4,81;2,27
09/11/2016;24;VACA;4400;7;15;6,82;1,03;12,63;3,8;3,29;4,77;2,34
09/11/2016;26;VACA;6360;4,1;15;6,8;1,03;12,58;3,67;3,29;4,83;2,35
09/11/2016;42;CABRA;1240;5,3;14;6,82;1,032;15,66;5,88;4,08;4,97;3,16
09/11/2016;42;OVEJA;6860;4,9;20;6,78;1,036;20,02;8,04;6,69;4,52;5,14
09/11/2016;25;VACA;23140;5,7;15;6,8;1,03;13,24;4,22;3,4;4,8;2,44
09/11/2016;38;CABRA;600;4,3;14;6,82;1,032;15,21;5,54;4,2;4,73;3,26
09/11/2016;46;OVEJA;6540;6,8;20;6,78;1,036;19,1;7,77;5,88;4,66;4,63
09/11/2016;36;CABRA;5820;4,8;14;6,8;1,032;15,11;5,79;3,95;4,69;2,94
10/11/2016;35;VACA;12480;5,1;15;6,85;1,03;12,75;3,77;3,42;4,81;2,43
10/11/2016;35;VACA;8080;5;15;6,84;1,03;12,37;3,43;3,38;4,85;2,37
10/11/2016;21;VACA;22260;2,9;16;6,85;1,03;12,87;3,9;3,34;4,85;2,39
10/11/2016;18;VACA;25100;5,3;16;6,78;1,03;12,04;2,8;3,62;4,92;2,57
10/11/2016;41;OVEJA;7280;5,1;20;6,78;1,036;20,56;8,88;6,34;4,56;4,83
10/11/2016;29;VACA;16340;4,3;15;6,84;1,03;12,35;3,64;3,23;4,72;2,21
10/11/2016;29;VACA;5380;4,8;15;6,84;1,03;12,28;3,54;3,37;4,58;2,31
10/11/2016;39;CABRA;820;6;14;6,82;1,032;16,04;6,43;4,1;4,71;3,03
10/11/2016;39;OVEJA;4800;5,9;20;6,78;1,036;19,51;8,39;5,58;4,62;4,39
10/11/2016;32;VACA;26200;2,8;15;6,83;1,03;12,45;3,43;3,37;4,9;2,34
10/11/2016;42;CABRA;2680;4;15;6,8;1,032;NA;NA;NA;NA;NA
10/11/2016;42;OVEJA;5480;4,4;20;6,8;1,036;19,66;8,37;5,74;4,66;4,47
10/11/2016;37;CABRA;1180;6,5;14;6,8;1,032;15,67;5,98;4,32;4,65;3,15
10/11/2016;26;VACA;6460;4,8;15;6,8;1,03;12,63;3,71;3,28;4,84;2,29
10/11/2016;25;VACA;23340;4,5;15;6,82;1,03;13,27;4,17;3,46;4,86;2,48
10/11/2016;38;OVEJA;1300;5,8;21;6,77;1,036;18,71;7,39;5,96;4,55;4,61
10/11/2016;38;CABRA;7820;6,4;14;6,82;1,032;15,23;5,88;3,84;4,78;2,85
10/11/2016;30;VACA;25700;4;15;6,84;1,03;12,54;3,58;3,41;4,75;2,37
11/11/2016;21;VACA;24640;3;15;6,84;1,03;12,76;3,75;3,35;4,85;2,38
11/11/2016;20;VACA;24060;5;15;6,84;1,03;12,46;3,48;3,37;4,86;2,38
11/11/2016;29;VACA;15220;3,2;14;6,86;1,03;12,39;3,63;3,23;4,8;2,27
11/11/2016;29;VACA;6180;8,8;14;6,86;1,03;13,49;4,75;3,26;4,57;2,29
11/11/2016;40;OVEJA;3900;7;20;6,79;1,036;20,43;8,9;6,16;4,54;4,7
11/11/2016;40;CABRA;2580;5;14;6,81;1,032;16,94;7;4,56;4,53;3,32
11/11/2016;41;CABRA;4760;7;14;6,84;1,032;15,42;5,77;4,07;4,81;3,07
11/11/2016;42;CABRA;3620;4,4;14;6,8;1,032;15,1;5,66;3,91;4,85;2,93
11/11/2016;42;OVEJA;2300;5;21;6,72;1,036;20,99;9,35;6,51;4,4;5
11/11/2016;24;VACA;15620;6;14;6,84;1,03;13,84;5,12;3,16;4,67;2,23
11/11/2016;24;VACA;6060;5,8;14;6,86;1,03;12,68;3,65;3,36;4,88;2,39
11/11/2016;26;VACA;6160;4;15;6,8;1,03;12,52;3,58;3,26;4,85;2,32
11/11/2016;32;VACA;21420;5;15;6,82;1,03;12,09;3,33;3,22;4,75;2,28
11/11/2016;39;OVEJA;4260;4,2;21;6,8;1,036;18,67;6,57;6,59;4,66;5,09
11/11/2016;43;CABRA;580;6,2;14;6,82;1,032;16,93;6,49;5,05;4,39;3,72
11/11/2016;25;VACA;21820;5,6;15;6,82;1,03;12,99;4,04;3,35;4,79;2,41
11/11/2016;38;CABRA;700;5,8;14;6,83;1,032;15,02;5,12;4,3;4,77;3,29
11/11/2016;46;OVEJA;6480;5,8;21;6,76;1,036;18,69;7,38;5,71;4,7;4,53
11/11/2016;1;OVEJA;9420;4,6;21;6,75;1,036;18,88;7,86;5,76;4,44;4,41
11/11/2016;36;CABRA;10840;5,4;14;6,8;1,032;15,47;6,14;3,86;4,71;2,86
12/11/2016;21;VACA;27740;3,3;15;6,84;1,03;12,87;3,84;3,37;4,86;2,41
12/11/2016;35;VACA;5840;4,5;15;6,82;1,03;13,59;4,69;3,4;4,69;2,37
12/11/2016;35;VACA;13820;4,8;15;6,82;1,03;12,74;3,83;3,35;4,81;2,39
12/11/2016;24;VACA;16140;6,2;15;6,84;1,03;12,59;3,73;3,26;4,79;2,29
12/11/2016;20;VACA;24560;5,2;15;6,82;1,03;12,65;3,67;3,38;4,87;2,42
12/11/2016;41;OVEJA;9320;5;20;6,82;1,036;20,03;8,5;6,2;4,58;4,76
12/11/2016;43;CABRA;3080;6,5;14;6,82;1,032;14,48;5,24;3,93;4,67;2,9
12/11/2016;43;OVEJA;1460;6;20;6,81;1,036;19,89;8,42;6,16;4,53;4,73
12/11/2016;30;VACA;25240;3,7;15;6,84;1,03;12,89;3,98;3,37;4,74;2,33
12/11/2016;29;VACA;16280;3,3;15;6,83;1,03;12,44;3,69;3,24;4,76;2,26
12/11/2016;26;VACA;6280;4,3;15;6,83;1,03;12,54;3,69;3,24;4,74;2,26
12/11/2016;29;VACA;4800;5;15;6,82;1,03;12,21;3,49;3,37;4,61;2,33
12/11/2016;32;VACA;26660;3,2;15;6,84;1,03;12,43;3,4;3,4;4,91;2,4
12/11/2016;39;CABRA;1400;5,3;14;6,84;1,032;16,14;6,33;4,3;4,67;3,24
12/11/2016;39;OVEJA;4700;4;19;6,8;1,036;19,55;8,44;5,56;4,66;4,37
12/11/2016;42;OVEJA;5440;4;19;6,81;1,036;19,4;8,05;5,7;4,72;4,49
12/11/2016;42;CABRA;2140;4;15;6,79;1,032;14,58;5,31;3,91;4,65;2,85
12/11/2016;37;CABRA;1280;7,1;14;6,82;1,032;15,84;5,97;4,46;4,66;3,35
12/11/2016;25;VACA;23400;5;15;6,82;1,03;13,35;4,16;3,49;4,9;2,51
12/11/2016;38;OVEJA;1260;5,8;20;6,8;1,036;18,9;7,55;6,02;4,53;4,71
12/11/2016;38;CABRA;7440;6,1;14;6,86;1,032;15,05;5,73;3,77;4,84;2,82
13/11/2016;21;VACA;24720;4;15;6,83;1,03;12,71;3,6;3,39;4,92;2,45
13/11/2016;29;VACA;15480;3,4;15;6,84;1,03;12,4;3,67;3,23;4,75;2,25
13/11/2016;29;VACA;6980;5,8;15;6,84;1,03;12,66;3,91;3,29;4,64;2,32
13/11/2016;24;VACA;12460;5,5;15;6,82;1,03;12,41;3,61;3,25;4,75;2,29
13/11/2016;26;VACA;6560;5;15;6,8;1,03;12,73;3,85;3,22;4,8;2,29
13/11/2016;41;CABRA;4280;6,6;14;6,82;1,032;15,33;5,76;3,98;4,86;3,01
13/11/2016;40;OVEJA;3980;6,5;20;6,78;1,036;20,47;8,99;6,12;4,52;4,69
13/11/2016;40;CABRA;2960;5,6;15;6,81;1,032;17,23;7,14;4,65;4,58;3,45
13/11/2016;32;VACA;20380;5,6;15;6,8;1,03;12,26;3,46;3,26;4,77;2,24
13/11/2016;42;CABRA;1120;6,2;14;6,83;1,032;15,84;6,14;4;4,96;3,08
13/11/2016;42;OVEJA;7540;5,4;19;6,76;1,036;19,77;7,97;6,48;4,55;4,97
13/11/2016;38;CABRA;680;6,3;14;6,86;1,032;15,36;5,67;4,11;4,79;3,19
13/11/2016;25;VACA;24220;7,2;15;6,81;1,03;13,13;4,09;3,41;4,83;2,41
13/11/2016;46;OVEJA;6720;6,4;20;6,77;1,036;18,97;7,73;5,64;4,68;4,47
13/11/2016;1;OVEJA;9520;5,7;20;6,76;1,036;18,74;7,71;5,73;4,48;4,37
13/11/2016;49;OVEJA;25640;0;0;0;1,036;19,04;7,76;5,96;4,5;4,55
13/11/2016;41;CABRA;540;0;0;0;1,032;NA;NA;NA;NA;NA
14/11/2016;1;OVEJA;24300;1,7;21;6,81;1,036;19,32;7,95;6,01;4,55;4,61
14/11/2016;20;VACA;23820;5,4;15;6,83;1,03;12,51;3,63;3,32;4,8;2,35
14/11/2016;21;VACA;27600;3;15;6,82;1,03;12,84;3,84;3,34;4,89;2,41
14/11/2016;22;VACA;24460;5,3;15;6,81;1,03;12,65;3,67;3,32;4,93;2,37
14/11/2016;18;VACA;26700;4,6;15;6,82;1,03;12,03;2,65;3,67;5;2,62
14/11/2016;26;VACA;6540;4,6;15;6,8;1,03;12,54;3,66;3,26;4,83;2,32
14/11/2016;41;OVEJA;7040;6;19;6,82;1,036;20,17;8,67;6,15;4,58;4,7
14/11/2016;29;VACA;16460;4;3,7;6,86;1,03;12,29;3,56;3,25;4,76;2,26
14/11/2016;29;VACA;5180;4,8;14;6,85;1,03;12,28;3,55;3,36;4,61;2,32
14/11/2016;39;CABRA;1260;5,3;14;6,78;1,032;15,69;6,14;4,02;4,74;2,97
14/11/2016;39;OVEJA;4740;6;19;6,79;1,036;19,18;8,09;5,54;4,68;4,35
14/11/2016;32;VACA;26060;3,7;15;6,81;1,03;12,52;3,5;3,37;4,9;2,34
14/11/2016;43;CABRA;500;5,7;16;6,84;1,032;17,31;7,08;4,98;4,5;3,68
14/11/2016;25;VACA;23780;5;16;6,77;1,03;13,35;4,2;3,48;4,85;2,47
14/11/2016;18;VACA;25580;4,1;15;6,82;1,03;12,67;3,36;3,62;4,91;2,51
14/11/2016;38;CABRA;9360;6,9;14;6,81;1,032;15,18;5,85;3,81;4,76;2,8
14/11/2016;38;OVEJA;1520;5,5;19;6,8;1,036;18,75;7,28;6,11;4,54;4,75
14/11/2016;18;VACA;25020;4,1;15;6,8;1,03;12,82;3,6;3,52;4,88;2,46
14/11/2016;36;CABRA;10700;4,8;14;6,81;1,032;15,21;5,73;4,03;4,72;2,98
14/11/2016;42;OVEJA;5840;5,5;19;6,79;1,036;19,65;8,47;5,61;4,66;4,35
14/11/2016;42;CABRA;4160;5,4;14;6,79;1,032;14,97;5,67;3,91;4,72;2,81
15/11/2016;22;VACA;25600;5;15;6,83;1,03;12,58;3,62;3,33;4,9;2,34
15/11/2016;21;VACA;24500;4,5;15;6,83;1,03;12,86;3,76;3,37;4,92;2,4
15/11/2016;18;VACA;26020;4,6;15;6,82;1,03;12,9;3,59;3,6;4,94;2,55
15/11/2016;18;VACA;25400;4,5;15;6,8;1,03;12,59;3,38;3,52;4,92;2,47
15/11/2016;18;VACA;27280;5,5;15;6,8;1,03;12,73;3,39;3,61;4,95;2,58
15/11/2016;24;VACA;13600;6,6;14;6,85;1,03;12,95;4,13;3,22;4,77;2,22
15/11/2016;24;VACA;6180;6,4;14;6,86;1,03;12,68;3,65;3,34;4,91;2,36
15/11/2016;26;VACA;6600;4,4;15;6,82;1,03;12,36;3,47;3,29;4,8;2,31
15/11/2016;29;VACA;15260;3;15;6,83;1,03;12,39;3,57;3,3;4,8;2,28
15/11/2016;29;VACA;7840;5,7;15;6,82;1,03;12,77;4,02;3,29;4,66;2,28
15/11/2016;41;CABRA;4720;5,9;14;6,84;1,032;15,3;5,8;3,99;4,79;3,01
15/11/2016;40;OVEJA;4080;6,8;20;6,8;1,036;20,29;8,87;6,08;4,59;4,61
15/11/2016;40;CABRA;3080;5;14;6,82;1,032;17,14;7,12;4,53;4,61;3,36
15/11/2016;43;CABRA;2900;4,8;14;6,8;1,032;14,82;5,41;3,99;4,8;2,97
15/11/2016;43;OVEJA;1340;5;21;6,77;1,036;19,88;8,44;6,18;4,55;4,68
15/11/2016;32;VACA;20880;5,7;15;6,82;1,03;12,34;3,51;3,25;4,76;2,26
15/11/2016;42;OVEJA;2600;6;20;6,71;1,036;20,95;9,35;6,4;4,45;4,94
15/11/2016;42;CABRA;1960;5,6;14;6,8;1,032;15,29;5,93;4,04;4,62;2,94
15/11/2016;38;CABRA;700;5,6;14;6,84;1,032;15,41;5,73;4,12;4,79;3,16
15/11/2016;25;VACA;23220;5,7;15;6,92;1,03;12,96;3,95;3,39;4,8;2,41
15/11/2016;46;OVEJA;7000;5,6;20;6,78;1,036;18,75;7,53;5,56;4,74;4,41
15/11/2016;1;OVEJA;8800;5,3;21;6,72;1,036;19,01;7,98;5,73;4,47;4,41
16/11/2016;21;VACA;21220;2,8;15;6,83;1,03;12,8;3,69;3,41;4,9;2,39
16/11/2016;29;VACA;15860;3,3;15;6,8;1,03;12,36;3,62;3,26;4,75;2,23
16/11/2016;29;VACA;5120;4,6;15;6,82;1,03;12,2;3,58;3,33;4,51;2,29
16/11/2016;41;OVEJA;2080;4;19;6,8;1,036;21,26;9,65;6,27;4,54;4,71
16/11/2016;32;VACA;26740;3,1;15;6,83;1,03;12,5;3,42;3,42;4,93;2,41
16/11/2016;42;OVEJA;5620;4,8;20;6,78;1,036;19,5;8,25;5,6;4,67;4,41
16/11/2016;42;CABRA;3220;5,3;14;6,82;1,032;15,03;5,63;3,86;4,8;2,9
16/11/2016;24;VACA;15960;6;15;6,84;1,03;12,53;3,71;3,25;4,74;2,28
16/11/2016;24;VACA;4800;5,4;15;6,82;1,03;12,45;3,57;3,29;4,82;2,32
16/11/2016;26;VACA;6720;4,2;15;6,8;1,03;12,6;3,66;3,33;4,79;2,32
16/11/2016;39;CABRA;1460;4,8;14;6,8;1,032;16,24;6,38;4,37;4,68;3,28
16/11/2016;39;OVEJA;4620;4,2;20;6,78;1,036;19,46;8,26;5,65;4,68;4,41
16/11/2016;38;OVEJA;1740;3,73;20;6,8;1,036;19,03;7,52;6,1;4,59;4,8
16/11/2016;38;CABRA;7720;6;15;6,84;1,032;15,17;5,79;3,84;4,81;2,87
16/11/2016;25;VACA;23080;5,2;15;6,83;1,03;13,42;4,27;3,49;4,85;2,48
16/11/2016;36;CABRA;6620;4,8;15;6,8;1,032;15,57;5,97;4,03;4,82;3,01
16/11/2016;1;CABRA;24660;3;15;6,83;1,032;15,55;6,11;3,84;4,87;2,83
17/11/2016;21;VACA;24460;3,8;15;6,83;1,03;12,68;3,76;3,3;4,77;2,34
17/11/2016;29;VACA;14920;2,7;16;6,87;1,03;12,3;3,55;3,19;4,8;2,25
17/11/2016;29;VACA;7260;5;16;6,86;1,03;12,49;3,71;3,29;4,67;2,31
17/11/2016;40;OVEJA;3380;7,1;21;6,78;1,036;20,52;9,04;6,09;4,55;4,65
17/11/2016;40;CABRA;3220;5,5;14;6,83;1,032;17,17;7,17;4,47;4,7;3,34
17/11/2016;41;CABRA;4920;6;15;6,83;1,032;15,17;5,69;3,94;4,84;2,94
17/11/2016;32;VACA;20680;5;15;6,8;1,03;12,26;3,49;3,25;4,73;2,27
17/11/2016;26;VACA;6860;4,4;15;6,8;1,03;12,54;3,58;3,32;4,85;2,35
17/11/2016;42;CABRA;1160;5;14;6,86;1,032;15,84;6,09;4,02;4,99;3,12
17/11/2016;42;OVEJA;6900;5,2;21;6,77;1,036;19,67;7,69;6,56;4,66;5,06
17/11/2016;43;CABRA;480;6;14;6,83;1,032;16,88;6,75;4,86;4,54;3,56
17/11/2016;38;CABRA;600;6;14;6,85;1,032;15,2;5,63;4,02;4,79;3,09
17/11/2016;25;VACA;22700;7;15;6,8;1,03;13,1;4,08;3,4;4,81;2,44
17/11/2016;46;OVEJA;6680;5,8;21;6,77;1,036;18,94;7,73;5,66;4,71;4,45
17/11/2016;1;OVEJA;7280;5,4;21;6,74;1,036;18,76;7,78;5,76;4,43;4,37
18/11/2016;21;VACA;27520;3;15;6,82;1,03;12,52;3,7;3,28;4,71;2,29
18/11/2016;20;VACA;23700;5,6;15;6,83;1,03;12,34;3,44;3,35;4,79;2,37
18/11/2016;18;VACA;25360;3,9;15;6,81;1,03;13,05;3,64;3,67;4,95;2,61
18/11/2016;30;VACA;26440;3;15;6,84;1,03;12,65;3,71;3,39;4,76;2,35
18/11/2016;24;VACA;12920;6,8;15;6,86;1,03;13,85;5,09;3,19;4,7;2,24
18/11/2016;24;VACA;6000;4,8;15;6,84;1,03;12,72;3,69;3,35;4,9;2,4
18/11/2016;26;VACA;6740;4,2;15;6,84;1,03;12,59;3,67;3,27;4,8;2,3
18/11/2016;29;VACA;15260;6,5;15;6,84;1,03;12,32;3,65;3,16;4,75;2,2
18/11/2016;29;VACA;5160;4,8;15;6,83;1,03;12,27;3,57;3,35;4,57;2,28
18/11/2016;39;CABRA;1220;4;19;6,8;1,032;15,72;6,14;4,05;4,71;2,99
18/11/2016;39;OVEJA;4760;4,8;21;6,76;1,036;19,49;8,29;5,67;4,64;4,47
18/11/2016;43;CABRA;3320;5,2;14;6,8;1,032;15,01;5,49;4,08;4,79;3,07
18/11/2016;43;OVEJA;1320;5,4;21;6,77;1,036;19,63;8,18;6,23;4,52;4,71
18/11/2016;32;VACA;26640;2,7;15;6,82;1,03;12,54;3,46;3,4;4,9;2,38
18/11/2016;42;CABRA;2740;4;14;6,81;1,032;NA;NA;NA;NA;NA
18/11/2016;42;OVEJA;5800;4,9;20;6,8;1,036;19,2;7,96;5,57;4,71;4,38
18/11/2016;38;OVEJA;2160;5;20;6,78;1,036;18,88;7,31;6,15;4,58;4,84
18/11/2016;38;CABRA;9120;6,6;14;6,8;1,032;15,16;5,86;3,84;4,74;2,83
18/11/2016;25;VACA;23180;5,7;15;6,82;1,03;13,41;4,25;3,48;4,83;2,49
18/11/2016;36;CABRA;11840;5;15;6,8;1,032;15,41;5,98;3,95;4,73;2,92
18/11/2016;1;CABRA;24940;4,3;15;6,82;1,032;15,53;6,13;3,86;4,81;2,81
19/11/2016;1;CABRA;24080;4;14;6,82;1,032;15,09;5,58;3,92;4,9;2,93
19/11/2016;21;VACA;24800;3;15;6,84;1,03;12,9;3,81;3,36;4,88;2,37
19/11/2016;20;VACA;24220;5;15;6,82;1,03;12,31;3,21;3,42;4,92;2,4
19/11/2016;24;VACA;13300;6,1;15;6,82;1,03;12,63;3,79;3,25;4,78;2,26
19/11/2016;26;VACA;6400;5,8;15;6,85;1,03;12,51;3,6;3,25;4,8;2,28
19/11/2016;29;VACA;14880;6;15;6,82;1,03;12,31;3,59;3,22;4,72;2,22
19/11/2016;29;VACA;7980;7,2;15;6,85;1,03;13,31;4,54;3,27;4,63;2,25
19/11/2016;40;OVEJA;4720;7,7;19;6,75;1,036;19,89;8,47;5,97;4,61;4,57
19/11/2016;40;CABRA;3160;4;14;6,82;1,032;16,93;6,99;4,32;4,76;3,26
19/11/2016;32;VACA;20420;6;15;6,8;1,03;12,21;3,44;3,22;4,74;2,24
19/11/2016;41;CABRA;4720;0;14;6,84;1,032;15,1;5,67;3,88;4,81;2,94
19/11/2016;42;OVEJA;2800;6;26;6,8;1,036;20,79;9,15;6,46;4,48;4,93
19/11/2016;42;CABRA;3280;6;14;6,83;1,032;14,95;5,67;3,88;4,76;2,82
19/11/2016;38;CABRA;560;7;14;6,86;1,032;15,06;5,48;4,03;4,81;3,09
19/11/2016;25;VACA;22900;6;15;6,8;1,03;13,06;4,03;3,42;4,8;2,42
19/11/2016;1;OVEJA;6300;9;19;6,77;1,036;18,29;7,45;5,79;4,28;4,36
19/11/2016;46;OVEJA;7000;6,9;20;6,8;1,036;18,88;7,67;5,62;4,7;4,45
20/11/2016;21;VACA;27560;3,6;15;6,84;1,03;12,93;3,86;3,36;4,9;2,39
20/11/2016;22;VACA;23300;7,3;15;6,84;1,03;12,55;3,49;3,37;4,96;2,41
20/11/2016;30;VACA;15940;5;15;6,83;1,03;12,55;3,57;3,39;4,79;2,34
20/11/2016;30;VACA;10540;3,7;15;6,83;1,03;12,85;3,98;3,32;4,72;2,29
20/11/2016;41;OVEJA;2440;4;18;6,8;1,036;21,05;9,66;6,11;4,52;4,6
20/11/2016;29;VACA;16400;3,7;15;6,83;1,03;12,26;3,53;3,23;4,74;2,23
20/11/2016;29;VACA;4780;4,3;15;6,84;1,03;12,25;3,71;3,25;4,47;2,22
20/11/2016;26;VACA;6580;4,2;16;6,81;1,03;12,54;3,66;3,23;4,81;2,27
20/11/2016;42;OVEJA;6500;5,3;21;6,81;1,036;19,29;8,11;5,57;4,71;4,4
20/11/2016;42;CABRA;1720;5;14;6,83;1,032;15,69;6,06;4,1;4,76;3,08
20/11/2016;39;CABRA;1540;5;15;6,83;1,032;16,18;6,36;4,32;4,68;3,26
20/11/2016;39;OVEJA;4620;6;20;6,79;1,036;19,47;8,34;5,59;4,67;4,4
20/11/2016;32;VACA;26960;2,7;15;6,8;1,03;12,52;3,43;3,4;4,93;2,37
20/11/2016;38;OVEJA;1880;6,3;21;6,77;1,036;18,06;6,76;5,81;4,69;4,63
20/11/2016;38;CABRA;7960;6;14;6,82;1,032;14,96;5,75;3,72;4,76;2,74
20/11/2016;25;VACA;23360;5,6;15;6,81;1,03;13,39;4,23;3,51;4,86;2,5
20/11/2016;43;CABRA;580;5;14;6,82;1,032;17,16;6,97;4,78;4,59;3,53
21/11/2016;21;VACA;24500;4,2;15;6,82;1,03;12,87;3,73;3,39;4,94;2,44
21/11/2016;22;VACA;26020;4;15;6,8;1,03;12,44;3,35;3,4;4,99;2,43
21/11/2016;18;VACA;25980;4;15;6,8;1,03;12,77;3,39;3,64;4,97;2,57
21/11/2016;24;VACA;16280;5,8;15;6,84;1,03;12,54;3,75;3,23;4,73;2,25
21/11/2016;24;VACA;6200;4,7;15;6,84;1,03;12,7;3,69;3,35;4,89;2,38
21/11/2016;26;VACA;6200;4,7;15;6,8;1,03;12,55;3,64;3,24;4,82;2,3
21/11/2016;41;CABRA;4860;6,3;14;6,8;1,032;15,01;5,62;3,84;4,83;2,9
21/11/2016;40;OVEJA;3500;5,6;20;6,77;1,036;20,29;8,97;5,89;4,56;4,5
21/11/2016;40;CABRA;3040;4,5;14;6,8;1,032;16,82;6,9;4,22;4,83;3,19
21/11/2016;43;CABRA;2780;5,3;14;6,81;1,032;15,05;5,56;4,04;4,81;3,02
21/11/2016;43;OVEJA;1280;5,3;21;6,76;1,036;19,86;8,31;6,19;4,63;4,73
21/11/2016;42;OVEJA;6460;5,4;22;6,74;1,036;19,49;7,65;6,35;4,73;4,9
21/11/2016;42;CABRA;2560;5,3;14;6,8;1,032;15,69;6,1;3,97;4,94;2,95
21/11/2016;29;VACA;15280;3,3;15;6,82;1,03;12,24;3,49;3,25;4,79;2,25
21/11/2016;29;VACA;8500;8;15;6,82;1,03;12,91;3,98;3,32;4,75;2,34
21/11/2016;32;VACA;19580;5,4;15;6,84;1,03;12,26;3,47;3,24;4,75;2,25
21/11/2016;25;VACA;23160;5,4;15;6,82;1,03;13,01;4,05;3,4;4,76;2,39
21/11/2016;46;OVEJA;7060;6,6;21;6,78;1,036;18,84;7,59;5,6;4,76;4,47
21/11/2016;1;OVEJA;7120;6,1;19;6,79;1,036;18,03;7,43;5,58;4,24;4,19
21/11/2016;38;CABRA;580;6,2;14;6,84;1,032;15;5,51;3,96;4,78;3,01
21/11/2016;18;VACA;25320;5,7;15;6,81;1,03;13,02;3,9;3,44;4,84;2,41
21/11/2016;36;CABRA;11460;5,2;14;6,81;1,032;15,4;5,87;4,04;4,74;3,04
22/11/2016;21;VACA;21660;2,8;15;6,83;1,03;12,61;3,45;3,41;4,97;2,47
22/11/2016;22;VACA;24880;5,5;15;6,83;1,03;12,24;3,16;3,37;4,98;2,43
22/11/2016;18;VACA;26260;5,2;15;6,81;1,03;12,27;2,92;3,63;4,95;2,57
22/11/2016;18;VACA;25200;4,4;15;6,8;1,03;12,81;3,41;3,66;4,97;2,61
22/11/2016;41;OVEJA;1720;4,6;20;6,8;1,036;20,67;9,37;5,77;4,63;4,41
22/11/2016;24;VACA;14320;6,6;15;6,83;1,03;12,64;3,81;3,21;4,78;2,23
22/11/2016;24;VACA;4280;6;15;6,84;1,03;12,14;3,5;3,16;4,73;2,21
22/11/2016;26;VACA;6360;5,7;15;6,8;1,03;12,45;3,55;3,2;4,85;2,28
22/11/2016;29;VACA;16240;3,5;15;6,84;1,03;12,34;3,61;3,23;4,77;2,25
22/11/2016;29;VACA;5400;4,3;15;6,84;1,03;12,24;3,65;3,27;4,54;2,24
22/11/2016;32;VACA;26980;3,2;15;6,83;1,03;12,43;3,36;3,4;4,95;2,4
22/11/2016;42;OVEJA;6040;4;21;6,77;1,036;19,12;7,94;5,5;4,75;4,37
22/11/2016;42;CABRA;1900;5;14;6,82;1,032;15,09;5,63;4,07;4,65;3,01
22/11/2016;39;CABRA;1300;5;14;6,82;1,032;15,94;6,31;4,02;4,79;3,02
22/11/2016;39;OVEJA;4860;4,4;19;6,81;1,036;19,26;8,04;5,62;4,75;4,44
22/11/2016;25;VACA;23220;6,2;15;6,82;1,03;13,43;4,26;3,49;4,87;2,5
22/11/2016;38;OVEJA;2660;4;19;6,8;1,036;18,14;6,86;5,82;4,71;4,66
22/11/2016;38;CABRA;7380;7,2;14;6,82;1,032;15,06;5,75;3,77;4,82;2,81
22/11/2016;37;CABRA;1040;6,7;14;6,83;1,032;15,47;5,96;4,14;4,74;3,12
22/11/2016;41;OVEJA;8820;4,7;18;6,84;1,036;19,09;7,8;5,81;4,74;4,49
23/11/2016;1;CABRA;22100;3,6;14;6,78;1,032;14,63;5,44;3,71;4,83;2,71
23/11/2016;21;VACA;24680;3,6;15;6,82;1,03;12,79;3,67;3,37;4,94;2,42
23/11/2016;1;CABRA;4140;5,2;14;6,78;1,032;15,24;5,91;3,7;4,9;2,82
23/11/2016;26;VACA;6500;7;16;6,78;1,03;12,49;3,56;3,24;4,86;2,32
23/11/2016;29;VACA;14440;3,3;15;6,8;1,03;12,39;3,63;3,23;4,82;2,27
23/11/2016;29;VACA;8660;6,3;16;6,83;1,03;12,57;3,72;3,35;4,67;2,38
23/11/2016;42;OVEJA;2180;5,4;21;6,78;1,036;21,13;9,42;6,53;4,48;4,96
23/11/2016;42;CABRA;1080;4,3;14;6,82;1,032;14,91;5,57;3,94;4,59;2,94
23/11/2016;40;OVEJA;3780;5,6;21;6,77;1,036;20,25;8,91;5,82;4,62;4,51
23/11/2016;40;CABRA;3560;5,3;14;6,85;1,032;16,18;6,64;4,08;4,66;3,03
23/11/2016;32;VACA;19840;5,8;15;6,83;1,03;12,48;3,62;3,23;4,77;2,28
23/11/2016;41;CABRA;4840;6,3;14;6,85;1,032;15,08;5,62;3,86;4,89;2,92
23/11/2016;43;CABRA;460;4,3;15;6,84;1,032;16,84;6,66;4,78;4,61;3,56
23/11/2016;38;CABRA;640;5;15;6,86;1,032;14,87;5,3;3,9;4,93;3,01
23/11/2016;25;VACA;20980;4,3;15;6,82;1,03;13,17;4,08;3,43;4,82;2,45
23/11/2016;46;OVEJA;7040;6,1;21;6,75;1,036;18,91;7,67;5,61;4,74;4,43
23/11/2016;36;CABRA;7280;4,6;14;6,78;1,032;15,39;5,89;3,97;4,77;2,99
24/11/2016;22;VACA;21060;3;16;6,84;1,03;12,59;3,55;3,34;4,9;2,37
24/11/2016;21;VACA;27200;5,3;16;6,84;1,03;12,75;3,69;3,37;4,88;2,41
24/11/2016;24;VACA;16020;5,7;15;6,8;1,03;13,66;3,82;3,14;4,7;2,2
24/11/2016;24;VACA;6220;4,5;15;6,85;1,03;12,48;3,52;3,3;4,92;2,35
24/11/2016;26;VACA;6100;6,2;16;6,83;1,03;12,52;3,59;3,24;4,82;2,3
24/11/2016;41;OVEJA;7600;4,5;20;6,81;1,036;19,74;8,43;5,84;4,66;4,51
24/11/2016;43;CABRA;2880;4,7;15;6,84;1,032;15,13;5,65;4,1;4,73;3,05
24/11/2016;43;OVEJA;1420;4,5;21;6,77;1,036;19,95;8,45;6,15;4,56;4,72
24/11/2016;32;VACA;26760;4;15;6,8;1,03;12,47;3,36;3,42;4,94;2,41
24/11/2016;39;CABRA;1440;6;14;6,8;1,032;16,22;6,42;4,28;4,7;3,23
24/11/2016;39;OVEJA;4280;4,5;21;6,78;1,036;19,56;8,36;5,59;4,7;4,41
24/11/2016;42;OVEJA;5740;4,5;20;6,82;1,036;19,29;8,17;5,48;4,65;4,33
24/11/2016;42;CABRA;3660;4,8;14;6,8;1,032;14,99;5,66;3,83;4,82;2,81
24/11/2016;25;VACA;23140;5;16;6,8;1,03;13,43;4,26;3,49;4,87;2,49
24/11/2016;38;OVEJA;2880;5,4;20;6,78;1,036;18,31;7,04;5,82;4,66;4,63
24/11/2016;38;CABRA;7180;6,3;14;6,82;1,032;14,73;5,49;3,69;4,88;2,76
24/11/2016;37;CABRA;960;6;14;6,8;1,032;16,42;6,36;4,47;4,83;3,45
24/11/2016;29;VACA;15720;5,6;14;6,86;1,03;12,43;3,65;3,25;4,79;2,29
24/11/2016;29;VACA;5200;4,4;14;6,87;1,03;12,36;3,71;3,24;4,62;2,24
25/11/2016;20;VACA;24400;4,8;15;6,83;1,03;12,69;3,57;3,41;4,91;2,42
25/11/2016;21;VACA;24300;3,3;15;6,83;1,03;12,88;3,76;3,38;4,93;2,42
25/11/2016;22;VACA;24780;6;15;6,82;1,03;12,85;3,8;3,37;4,91;2,42
25/11/2016;29;VACA;14240;6,7;15;6,83;1,03;12,52;3,76;3,22;4,76;2,29
25/11/2016;29;VACA;4780;7,4;16;6,85;1,03;12,98;4,25;3,25;4,57;2,27
25/11/2016;40;OVEJA;3500;6,5;20;6,8;1,036;20,56;9,14;5,97;4,56;4,62
25/11/2016;40;CABRA;3100;5,3;15;6,84;1,032;16,73;6,94;4,12;4,84;3,11
25/11/2016;41;CABRA;4820;7,5;14;6,85;1,032;15,27;5,7;3,89;4,91;2,95
25/11/2016;32;VACA;20040;7,2;15;6,83;1,03;12,17;3,41;3,2;4,69;2,24
25/11/2016;24;VACA;13920;5,8;15;6,84;1,03;12,63;3,78;3,22;4,82;2,29
25/11/2016;24;VACA;5960;5;15;6,82;1,03;12,07;3,35;3,22;4,8;2,24
25/11/2016;26;VACA;6580;4;15;6,8;1,03;12,58;3,65;3,26;4,82;2,33
25/11/2016;38;CABRA;560;5;14;6,85;1,032;14,64;5,03;3,92;4,95;3,06
25/11/2016;25;VACA;24420;4;15;6,8;1,03;13,27;4,15;3,45;4,84;2,49
25/11/2016;46;OVEJA;6960;5,6;21;6,78;1,036;18,96;7,66;5,67;4,77;4,51
25/11/2016;1;OVEJA;7820;4,5;21;6,78;1,036;19,15;7,85;5,87;4,58;4,6
25/11/2016;42;OVEJA;6540;5;22;6,77;1,036;19,8;8,44;5,76;4,66;4,54
25/11/2016;42;CABRA;3160;6;14;6,82;1,032;15,46;5,99;4,04;4,69;3,02
25/11/2016;1;CABRA;25460;3,7;14;6,84;1,032;15,65;6,22;3,83;4,85;2,85
25/11/2016;36;CABRA;11300;5;14;6,83;1,032;15,72;6,21;3,93;4,79;2,96
26/11/2016;1;CABRA;25280;3,6;14;6,85;1,032;14,89;5,55;3,79;4,9;2,83
26/11/2016;20;VACA;24200;5,1;15;6,83;1,03;12,77;3,73;3,4;4,84;2,45
26/11/2016;21;VACA;27660;5,5;15;6,85;1,03;12,8;3,65;3,42;4,94;2,45
26/11/2016;22;VACA;24040;5,5;15;6,85;1,03;12,84;3,73;3,39;4,94;2,43
26/11/2016;1;CABRA;4200;4,5;15;6,81;1,032;15,41;6;3,74;4,9;2,84
26/11/2016;26;VACA;6600;4,3;15;6,84;1,03;12,55;3,53;3,31;4,88;2,39
26/11/2016;41;OVEJA;9340;4,4;21;6,83;1,036;19,91;8,51;5,92;4,69;4,59
26/11/2016;29;VACA;17220;6,2;15;6,8;1,03;12,25;3,53;3,17;4,78;2,23
26/11/2016;29;VACA;5040;4,4;15;6,83;1,03;12,23;3,66;3,21;4,52;2,24
26/11/2016;32;VACA;26880;3,4;15;6,82;1,03;12,49;3,39;3,41;4,93;2,4
26/11/2016;39;OVEJA;4580;4,5;20;6,8;1,036;19,58;8,39;5,55;4,51;4,48
26/11/2016;39;CABRA;1200;5;14;6,85;1,032;15,98;6,26;4,13;4,74;3,12
26/11/2016;42;CABRA;560;6;14;6,81;1,032;14,87;5,49;4,01;4,59;2,96
26/11/2016;42;OVEJA;6500;4,6;22;6,77;1,036;19,8;8,44;5,76;4,66;4,54
26/11/2016;37;CABRA;960;6;14;6,86;1,032;15,46;5,89;4,16;4,78;3,12
26/11/2016;38;OVEJA;3060;6;20;6,83;1,036;18,05;6,85;5,7;4,72;4,58
26/11/2016;38;CABRA;6020;6;14;6,84;1,032;15,13;5,78;3,86;4,78;2,86
26/11/2016;25;VACA;22540;5,6;15;6,81;1,03;13,53;4,28;3,53;4,89;2,55
26/11/2016;43;CABRA;680;6;14;6,84;1,032;15,78;5,89;4,28;4,87;3,29
27/11/2016;21;VACA;24140;3,2;15;6,85;1,03;12,88;3,75;3,37;4,95;2,44
27/11/2016;22;VACA;23640;5,5;15;6,83;1,03;13,24;4,24;3,33;4,87;2,37
27/11/2016;24;VACA;10720;7;15;6,85;1,03;12,05;3,36;3,18;4,72;2,21
27/11/2016;24;VACA;6160;4,6;15;6,83;1,03;12,49;3,4;3,41;4,98;2,43
27/11/2016;26;VACA;6520;4;16;6,8;1,03;12,57;3,59;3,29;4,84;2,31
27/11/2016;29;VACA;15220;6,2;15;6,83;1,03;12,1;3,45;3,14;4,8;2,2
27/11/2016;29;VACA;7760;6;15;6,81;1,03;13,4;4,7;3,2;4,57;2,25
27/11/2016;40;OVEJA;3680;5,8;19;6,77;1,036;20,53;9,05;6,01;4,59;4,67
27/11/2016;40;CABRA;3280;5,6;15;6,83;1,032;16,5;6,75;4,09;4,81;3,07
27/11/2016;41;CABRA;5040;6,7;14;6,84;1,032;15,17;5,59;3,91;4,92;2,98
27/11/2016;32;VACA;19100;5;16;6,85;1,03;12,49;3,68;3,17;4,73;2,23
27/11/2016;43;CABRA;2080;5,5;15;6,84;1,032;15,52;5,91;4,2;4,75;3,09
27/11/2016;43;OVEJA;1340;5,2;20;6,8;1,036;20,48;8,76;6,44;4,58;4,88
27/11/2016;42;OVEJA;2660;6,5;19;6,77;1,036;20,81;9,18;6,47;4,48;4,93
27/11/2016;42;CABRA;2120;5,5;14;6,82;1,032;15,31;5,77;4,02;4,88;2,93
27/11/2016;38;CABRA;500;5;13;6,85;1,032;14,83;5,35;3,95;4,8;3,03
27/11/2016;25;VACA;22100;5,8;16;6,83;1,03;13,37;4,25;3,43;4,85;2,45
27/11/2016;46;OVEJA;7040;6,3;20;6,83;1,036;19,09;7,73;5,76;4,71;4,56
27/11/2016;1;OVEJA;12980;3,5;20;6,8;1,036;18,42;7,41;5,73;4,42;4,37
27/11/2016;39;OVEJA;3880;3,8;20;6,81;1,036;18,77;6,79;6,31;4,82;4,89
28/11/2016;21;VACA;27480;3,3;15;6,82;1,03;12,69;3,65;3,35;4,91;2,39
28/11/2016;35;VACA;13360;5;15;6,82;1,03;12,86;3,9;3,36;4,85;2,36
28/11/2016;35;VACA;7200;4,5;15;6,82;1,03;12,64;3,65;3,48;4,8;2,39
28/11/2016;41;OVEJA;7120;4,3;21;6,85;1,036;19,78;8,34;5,94;4,71;4,54
28/11/2016;29;VACA;16260;4;15;6,8;1,03;12,2;3,49;3,17;4,82;2,2
28/11/2016;29;VACA;5080;4;15;6,8;1,03;12,05;3,54;3,21;4,52;2,21
28/11/2016;24;VACA;13620;5,5;15;6,82;1,03;12,3;3,51;3,21;4,85;2,25
28/11/2016;24;VACA;2300;5;15;6,8;1,03;12,5;3,43;3,44;4,92;2,41
28/11/2016;26;VACA;6880;6;15;6,82;1,03;12,4;3,51;3,27;4,82;2,26
28/11/2016;39;CABRA;1340;5;15;6,83;1,032;16,24;6,49;4,25;4,69;3,2
28/11/2016;39;OVEJA;4260;5;20;6,78;1,036;19,9;8,57;5,62;4,35;4,74
28/11/2016;32;VACA;26980;2,5;15;6,82;1,03;12,32;3,22;3,44;4,99;2,43
28/11/2016;37;CABRA;1020;6,8;14;6,82;1,032;15,4;5,88;4,1;4,8;3,06
28/11/2016;38;OVEJA;2740;4,5;19;6,84;1,036;17,25;6,29;5,38;4,85;4,35
28/11/2016;38;CABRA;5800;6,4;14;6,8;1,032;15,09;5,72;3,8;4,87;2,84
28/11/2016;42;OVEJA;5700;4,3;20;6,8;1,036;19,33;8,11;5,51;4,76;4,34
28/11/2016;42;CABRA;2060;5;15;6,8;1,032;14,97;5,68;4;4,59;2,88
28/11/2016;25;VACA;22520;5,8;15;6,82;1,03;13,43;4,27;3,49;4,88;2,5
28/11/2016;36;CABRA;11320;6,3;15;6,82;1,032;15,39;5,92;3,92;4,8;2,92
29/11/2016;21;VACA;23780;3,5;15;6,84;1,03;12,67;3,5;3,36;5,04;2,48
29/11/2016;1;CABRA;4000;5,3;14;6,82;1,032;15,27;5,88;3,76;4,89;2,83
29/11/2016;26;VACA;7160;5;15;6,81;1,03;12,43;3,5;3,28;4,86;2,31
29/11/2016;40;OVEJA;3800;6;21;6,8;1,036;20,39;8,99;5,93;4,64;4,6
29/11/2016;40;CABRA;3220;5,4;15;6,83;1,032;16,32;6,63;4,05;4,87;3,08
29/11/2016;41;CABRA;4900;4;14;6,8;1,032;15,36;5,76;4,01;4,87;3,06
29/11/2016;29;VACA;15300;4,6;15;6,85;1,03;12,19;3,41;3,25;4,85;2,28
29/11/2016;29;VACA;6460;5,8;15;6,83;1,03;12,43;3,62;3,29;4,69;2,33
29/11/2016;32;VACA;19500;5,3;15;6,8;1,03;12,3;3,51;3,24;4,76;2,3
29/11/2016;38;CABRA;500;6;14;6,85;1,032;14,8;5,43;3,86;4,8;2,97
29/11/2016;43;CABRA;1140;5,2;15;6,8;1,032;15,7;5,85;4,25;4,89;3,24
29/11/2016;25;VACA;23120;6,3;16;6,8;1,03;13,19;4,14;3,4;4,81;2,43
29/11/2016;42;CABRA;2500;5,5;14;6,83;1,032;15,22;5,75;3,92;4,8;2,94
29/11/2016;42;OVEJA;7300;6,5;21;6,78;1,036;19,59;7,74;6,4;4,69;4,93
29/11/2016;46;OVEJA;7320;6,4;20;6,77;1,036;18,88;7,62;5,56;4,7;4,45
29/11/2016;1;OVEJA;7920;4;19;6,8;1,036;18,08;7,32;5,61;4,32;4,24
29/11/2016;18;VACA;25260;5,6;15;6,8;1,03;12,69;3,45;3,58;4,88;2,51
29/11/2016;1;CABRA;25140;4;14;6,82;1,032;15,6;6,14;3,94;4,75;2,9
30/11/2016;35;VACA;13060;4,8;15;6,82;1,03;12,46;3,77;3,25;4,7;2,25
30/11/2016;35;VACA;7000;4,6;15;6,82;1,03;12,5;3,51;3,49;4,81;2,45
30/11/2016;21;VACA;21240;3,2;15;6,84;1,03;12,84;3,78;3,37;4,92;2,39
30/11/2016;18;VACA;25440;4;15;6,82;1,03;12,78;3,66;3,48;4,87;2,45
30/11/2016;43;CABRA;1960;5,3;14;6,85;1,032;15,28;5,8;4,15;4,68;3,07
30/11/2016;43;OVEJA;1040;5;21;6,8;1,036;20,28;8,73;6,31;4,55;4,72
30/11/2016;41;OVEJA;6200;5,2;19;6,78;1,036;19,88;8,64;5,92;4,57;4,47
30/11/2016;29;VACA;14780;7;15;6,85;1,03;12,23;3,5;3,3;4,76;2,31
30/11/2016;29;VACA;4800;4,7;15;6,85;1,03;12,31;3,66;3,26;4,63;2,26
30/11/2016;32;VACA;26640;3;15;6,81;1,03;12,56;3,43;3,45;4,94;2,45
30/11/2016;24;VACA;16900;6,4;15;6,82;1,03;12,19;3,46;3,24;4,74;2,23
30/11/2016;24;VACA;6340;5,2;15;6,8;1,03;12,46;3,44;3,42;4,87;2,41
30/11/2016;26;VACA;6620;4,2;15;6,82;1,03;12,53;3,6;3,29;4,82;2,3
30/11/2016;39;CABRA;1200;5,5;15;6,85;1,032;15,87;6,25;4,04;4,77;3,03
30/11/2016;39;OVEJA;4580;4,5;20;6,81;1,036;19,41;8,31;5,57;4,65;4,35
30/11/2016;42;OVEJA;5960;6;20;6,8;1,036;19,46;8,23;5,55;4,72;4,41
30/11/2016;42;CABRA;3460;6;14;6,8;1,032;14,93;5,57;3,83;4,89;2,82
30/11/2016;37;CABRA;1160;4;15;6,8;1,032;15,24;5,9;4,01;4,7;2,98
30/11/2016;38;OVEJA;3140;4;19;6,8;1,036;17,44;6,5;5,39;4,84;4,32
30/11/2016;38;CABRA;6920;6;14;6,85;1,032;14,84;5,58;3,69;4,87;2,75
30/11/2016;25;VACA;22740;6,3;16;6,8;1,03;13,4;4,23;3,47;4,89;2,47
30/11/2016;36;CABRA;6540;4,8;14;6,81;1,032;15,12;5,78;3,82;4,8;2,87
30/11/2016;21;VACA;23380;3;15;6,82;1,03;12,92;3,85;3,34;4,92;2,41
30/11/2016;18;VACA;26040;6;15;6,78;1,03;12,76;3,49;3,61;4,91;2,58
01/12/2016;40;OVEJA;2900;5;21;6,79;1,036;20,32;9,07;5,78;4,55;4,46
01/12/2016;40;CABRA;3240;4,6;13;6,85;1,032;16,14;6,51;4,04;4,81;3,01
01/12/2016;41;CABRA;5420;6,2;14;6,8;1,032;15,25;5,67;3,95;4,88;3,01
01/12/2016;24;VACA;14320;7;15;6,82;1,03;12,32;3,5;3,22;4,82;2,28
01/12/2016;24;VACA;5040;6,7;15;6,82;1,03;12,28;3,44;3,33;4,8;2,34
01/12/2016;26;VACA;6500;4,4;15;6,82;1,03;12,58;3,6;3,31;4,81;2,36
01/12/2016;29;VACA;15940;5,8;15;6,82;1,03;12,46;3,64;3,29;4,75;2,31
01/12/2016;29;VACA;3980;6,5;15;6,84;1,03;12,49;3,69;3,27;4,7;2,32
01/12/2016;32;VACA;19800;5,7;15;6,82;1,03;12,19;3,46;3,21;4,71;2,23
01/12/2016;12;VACA;11280;4,5;15;6,78;1,03;12,58;3,55;3,44;4,88;2,42
01/12/2016;12;VACA;10740;4,4;15;6,82;1,03;12,58;3,76;3,16;4,84;2,21
01/12/2016;25;VACA;22740;6;15;6,8;1,03;13,12;4,1;3,39;4,82;2,43
01/12/2016;42;CABRA;2180;4;15;6,8;1,032;15;5,62;3,99;4,66;2,94
01/12/2016;42;OVEJA;6520;4;19;6,81;1,036;19,32;7,46;6,33;4,75;4,9
01/12/2016;38;CABRA;460;7;13;6,86;1,032;14,64;5,27;3,92;4,74;3
01/12/2016;1;OVEJA;8240;3,7;21;6,77;1,036;18,91;7,69;5,85;4,52;4,47
01/12/2016;46;OVEJA;7200;7;20;6,78;1,036;18,75;7,56;5,53;4,77;4,37
02/12/2016;21;VACA;27440;3;15;6,83;1,03;12,83;3,75;3,35;4,96;2,39
02/12/2016;35;VACA;13160;4,5;15;6,82;1,03;12,85;3,94;3,33;4,8;2,36
02/12/2016;35;VACA;7440;4;15;6,82;1,03;12,68;3,62;3,52;4,81;2,49
02/12/2016;1;CABRA;4060;6;14;6,81;1,032;15,25;5,91;3,74;4,88;2,81
02/12/2016;26;VACA;6720;4,4;15;6,8;1,03;12,57;3,6;3,3;4,82;2,34
02/12/2016;30;VACA;26100;3,2;15;6,84;1,03;12,39;3,53;3,32;4,76;2,34
02/12/2016;41;OVEJA;9080;4,7;20;6,81;1,036;19,93;8,56;5,85;4,69;4,49
02/12/2016;29;VACA;15960;6;15;6,82;1,03;12,38;3,63;3,26;4,71;2,29
02/12/2016;29;VACA;5040;5;14;6,82;1,03;12,33;3,71;3,25;4,58;2,27
02/12/2016;32;VACA;26800;5,6;15;6,83;1,03;12,56;3,47;3,39;4,95;2,41
02/12/2016;39;CABRA;1280;0;0;0;1,032;16,22;6,32;4,3;4,77;3,22
02/12/2016;39;OVEJA;4460;3;15;6,82;1,036;19,27;7,95;5,73;4,78;4,51
02/12/2016;43;CABRA;1120;5;14;6,82;1,032;15,73;5,97;4,18;4,89;3,19
02/12/2016;42;CABRA;820;6,5;14;6,82;1,032;14,89;5,57;4;4,62;2,88
02/12/2016;42;OVEJA;5780;4,8;20;6,78;1,036;19,31;8,12;5,49;4,72;4,4
02/12/2016;25;VACA;22700;5,6;15;6,83;1,03;13,44;4,27;3,49;4,89;2,48
02/12/2016;37;CABRA;860;0;0;0;1,032;15,44;5,99;4,09;4,75;3,04
02/12/2016;38;OVEJA;3420;0;0;0;1,036;17,35;6,56;5,25;4,81;4,21
02/12/2016;38;CABRA;6960;0;0;0;1,032;14,75;5,51;3,76;4,81;2,81
02/12/2016;36;CABRA;11280;5,3;14;6,8;1,032;15,71;6,26;3,89;4,82;2,89
02/12/2016;1;CABRA;25020;4,3;14;6,83;1,032;15,38;6,05;3,78;4,85;2,77
03/12/2016;1;CABRA;23520;4;14;6,83;1,032;14,51;5,38;3,74;4,74;2,74
03/12/2016;21;VACA;23680;3,1;15;6,84;1,03;12,9;3,81;3,34;4,92;2,38
03/12/2016;24;VACA;10480;6;15;6,8;1,03;12,29;3,46;3,27;4,76;2,27
03/12/2016;24;VACA;6180;0;0;0;1,03;12,63;3,59;3,41;4,84;2,38
03/12/2016;26;VACA;6580;6,2;15;6,79;1,03;12,37;3,5;3,25;4,78;2,27
03/12/2016;29;VACA;16280;6;15;6,82;1,03;12,57;3,74;3,28;4,75;2,27
03/12/2016;29;VACA;5980;7;15;6,83;1,03;13,07;4,3;3,23;4,7;2,22
03/12/2016;40;OVEJA;3860;5,5;20;6,78;1,036;20,13;8,74;5,89;4,61;4,54
03/12/2016;40;CABRA;3240;0;0;0;1,032;16,19;6,54;3,99;4,82;3
03/12/2016;43;CABRA;2040;0;0;0;1,032;14,98;5,77;4,06;4,5;2,97
03/12/2016;43;OVEJA;1860;0;0;0;1,036;19,54;8,16;5,97;4,66;4,54
03/12/2016;41;CABRA;5460;6,7;14;6,84;1,032;15,16;5,65;3,88;4,89;2,96
03/12/2016;32;VACA;18280;6,4;15;6,78;1,03;12,23;3,48;3,19;4,73;2,18
03/12/2016;42;OVEJA;6540;5,5;20;6,78;1,036;19,52;7,76;6,23;4,73;4,8
03/12/2016;42;CABRA;2140;5;14;6,82;1,032;15,66;6,12;3,93;4,88;2,93
03/12/2016;38;CABRA;300;6;14;6,8;1,032;14,98;5,7;3,88;4,65;2,92
03/12/2016;25;VACA;23520;6,3;15;6,78;1,03;13,22;4,16;3,39;4,81;2,41
03/12/2016;46;OVEJA;7540;6,6;20;6,8;1,036;18,67;7,55;5,55;4,72;4,31
03/12/2016;1;OVEJA;15320;0;0;0;1,036;18,12;7,28;5,53;4,42;4,2
04/12/2016;21;VACA;27060;0;0;0;1,03;12,77;3,84;3,3;4,84;2,32
04/12/2016;35;VACA;13740;0;0;0;1,03;12,8;3,89;3,32;4,8;2,32
04/12/2016;35;VACA;8040;0;0;0;1,03;12,86;3,78;3,53;4,8;2,47
04/12/2016;41;OVEJA;9500;4,5;19;6,8;1,036;19,4;8,07;5,8;4,75;4,45
04/12/2016;24;VACA;13020;5;15;6,82;1,03;12,39;3,55;3,24;4,79;2,25
04/12/2016;24;VACA;5480;5;15;6,8;1,03;12,46;3,55;3,31;4,83;2,29
04/12/2016;26;VACA;6540;5;15;6,8;1,03;12,35;3,47;3,28;4,79;2,28
04/12/2016;29;VACA;16220;3,6;15;6,82;1,03;12,59;3,78;3,31;4,66;2,29
04/12/2016;29;VACA;5080;5;15;6,82;1,03;12,23;3,65;3,26;4,58;2,25
04/12/2016;30;VACA;25460;5;14;6,82;1,03;12,5;3,64;3,3;4,76;2,29
04/12/2016;39;CABRA;1380;5,5;14;6,83;1,032;15,73;6,11;4,02;4,79;3
04/12/2016;39;OVEJA;4480;0;0;0;1,036;19,2;8,1;5,57;4,65;4,33
04/12/2016;32;VACA;26540;3;15;6,81;1,03;12,57;3,48;3,4;4,95;2,39
04/12/2016;25;VACA;22460;6,3;15;6,8;1,03;13,43;4,25;3,49;4,88;2,51
04/12/2016;37;CABRA;980;6;14;6,8;1,032;15,6;6,1;4,15;4,71;3,07
04/12/2016;38;OVEJA;2920;5;20;6,82;1,036;17;6,34;5,05;4,89;4,07
04/12/2016;38;CABRA;8080;5;15;6,82;1,032;14,81;5,58;3,68;4,86;2,73
04/12/2016;42;CABRA;3420;5,8;14;6,81;1,032;15,13;5,72;4,02;4,65;2,94
04/12/2016;42;OVEJA;6120;4,7;18;6,8;1,036;19,6;8,35;5,62;4,74;4,36
05/12/2016;21;VACA;24800;3,7;16;6,81;1,03;12,74;3,71;3,33;4,92;2,41
05/12/2016;1;CABRA;4040;4;15;6,8;1,032;14,96;5,7;3,67;4,85;2,74
05/12/2016;26;VACA;6940;5,2;16;6,8;1,03;12,36;3,42;3,3;4,85;2,34
05/12/2016;40;OVEJA;3860;6,3;21;6,74;1,036;20;8,4;6,05;4,56;4,73
05/12/2016;40;CABRA;3280;5,5;15;6,82;1,032;16,06;6,4;3,98;4,87;2,98
05/12/2016;32;VACA;18100;5;16;6,78;1,03;12,41;3,53;3,26;4,8;2,29
05/12/2016;41;CABRA;5260;6;15;6,8;1,032;15,01;5,56;3,84;4,91;2,93
05/12/2016;38;CABRA;420;5;14;6,82;1,032;15,07;5,57;3,98;4,76;3,04
05/12/2016;43;CABRA;1220;6;14;6,82;1,032;15,72;6,03;4,13;4,78;3,17
05/12/2016;25;VACA;22020;6;15;6,82;1,03;12,79;3,69;3,4;4,83;2,46
05/12/2016;42;CABRA;920;6;14;6,79;1,032;15,02;5,84;3,83;4,62;2,84
05/12/2016;42;OVEJA;6520;6;20;6,78;1,036;19,32;7,62;6,22;4,73;4,81
05/12/2016;46;OVEJA;7400;6;20;6,78;1,036;18,5;7,27;5,5;4,84;4,4
05/12/2016;1;OVEJA;7820;6;19;6,77;1,036;18,63;7,45;5,71;4,62;4,45
05/12/2016;36;CABRA;11080;6;14;6,78;1,032;15,1;5,72;3,76;4,87;2,83
06/12/2016;21;VACA;27260;3,5;15;6,81;1,03;12,86;3,85;3,33;4,88;2,37
06/12/2016;24;VACA;15480;6,4;15;6,82;1,03;13;4,2;3,2;4,76;2,25
06/12/2016;24;VACA;6100;6;15;6,82;1,03;12,53;3,56;3,35;4,84;2,37
06/12/2016;26;VACA;6560;4,3;15;6,82;1,03;12,24;3,34;3,27;4,83;2,29
06/12/2016;43;CABRA;2000;5;15;6,85;1,032;15,34;5,82;4,12;4,76;3,1
06/12/2016;43;OVEJA;1320;4,7;21;6,77;1,036;19,91;8,6;5,99;4,57;4,53
06/12/2016;41;OVEJA;7300;4,6;20;6,82;1,036;19,44;8,21;5,7;4,77;4,4
06/12/2016;32;VACA;26820;3,6;15;6,8;1,03;12,48;3,43;3,39;4,95;2,39
06/12/2016;39;CABRA;1260;6;13;6,8;1,032;16,1;6,37;4,13;4,6;3,19
06/12/2016;39;OVEJA;4440;5,6;18;6,78;1,036;19,33;8,21;5,58;4,69;4,37
06/12/2016;37;CABRA;920;6,5;14;6,82;1,032;15,58;6,11;4,1;4,74;3,06
06/12/2016;38;OVEJA;3240;4;19;6,8;1,036;17,37;6,64;5,13;4,88;4,15
06/12/2016;38;CABRA;6960;6;14;6,8;1,032;14,89;5,66;3,72;4,83;2,77
06/12/2016;25;VACA;22680;6;15;6,78;1,03;13,43;4,24;3,49;4,89;2,52
06/12/2016;42;OVEJA;5800;5;20;6,81;1,036;19,42;7,92;5,9;4,73;4,6
06/12/2016;42;CABRA;3960;6;14;6,81;1,032;14,99;5,63;3,85;4,86;2,85
07/12/2016;21;VACA;24100;3,7;15;6,82;1,03;12,82;3,76;3,33;4,9;2,38
07/12/2016;40;OVEJA;3540;5,2;20;6,81;1,036;19,48;8,03;5,9;4,71;4,56
07/12/2016;40;CABRA;3240;5,2;14;6,83;1,032;15,95;6,34;3,96;4,88;2,99
07/12/2016;41;CABRA;5500;6;14;6,84;1,032;14,94;5,53;3,76;4,92;2,85
07/12/2016;32;VACA;18540;5,2;15;6,82;1,03;12,3;3,48;3,23;4,8;2,26
07/12/2016;24;VACA;15060;6,5;15;6,8;1,03;12,37;3,58;3,2;4,8;2,26
07/12/2016;24;VACA;6320;5,2;15;6,82;1,03;12,06;3,41;3,17;4,71;2,16
07/12/2016;26;VACA;6720;4;15;6,84;1,03;12,23;3,34;3,28;4,81;2,26
07/12/2016;25;VACA;23120;6,6;15;6,82;1,03;13,17;4,13;3,38;4,83;2,43
07/12/2016;42;CABRA;1600;6;14;6,83;1,032;15,13;5,62;4,09;4,69;3,06
07/12/2016;42;OVEJA;6520;5,5;20;6,8;1,036;18,9;7,05;6,27;4,81;4,89
07/12/2016;38;CABRA;500;6;14;6,83;1,032;15,59;5,79;4,31;4,74;3,31
07/12/2016;46;OVEJA;7860;5,2;19;6,82;1,036;17,94;6,62;5,48;4,69;4,56
07/12/2016;1;OVEJA;8600;3,3;20;6,78;1,036;18,33;7,01;5,72;4,7;4,52
07/12/2016;36;CABRA;6380;4,2;14;6,83;1,032;14,83;5,45;3,61;4,69;3,07
08/12/2016;21;VACA;27240;3,5;15;6,82;1,03;12,77;3,76;3,32;4,89;2,36
08/12/2016;1;CABRA;4060;6;14;6,78;1,032;14,88;5,61;3,7;4,89;2,84
08/12/2016;26;VACA;6740;4,4;15;6,82;1,03;12,41;3,49;3,24;4,83;2,27
08/12/2016;41;OVEJA;7780;5;19;6,82;1,036;19,6;8,25;5,83;4,71;4,5
08/12/2016;32;VACA;26560;3;15;6,82;1,03;12,52;3,47;3,39;4,96;2,45
08/12/2016;29;VACA;17040;4;15;6,82;1,03;12,32;3,6;3,21;4,74;2,24
08/12/2016;29;VACA;6440;6;15;6,85;1,03;12,24;3,56;3,25;4,65;2,3
08/12/2016;39;OVEJA;4620;5;19;6,8;1,036;19,03;7,87;5,57;4,7;4,4
08/12/2016;39;CABRA;1300;4;15;6,8;1,032;15,54;6,05;3,96;4,72;2,97
08/12/2016;43;CABRA;1120;5,5;14;6,85;1,032;15,55;5,78;4,18;4,86;3,18
08/12/2016;42;CABRA;1540;5,6;14;6,81;1,032;14,99;5,58;3,97;4,66;2,97
08/12/2016;42;OVEJA;5900;4,8;18;6,82;1,036;19,54;8,39;5,52;4,7;4,37
08/12/2016;25;VACA;22660;5,6;15;6,82;1,03;13,46;4,29;3,48;4,87;2,51
08/12/2016;37;CABRA;940;6,2;14;6,86;1,032;15,46;5,99;4,15;4,7;3,12
08/12/2016;38;OVEJA;3320;4,8;18;6,84;1,036;17,54;6,76;5,17;4,85;4,18
08/12/2016;38;CABRA;8280;6,3;13;6,85;1,032;14,77;5,58;3,65;4,74;2,77
09/12/2016;22;VACA;25080;5,4;15;6,84;1,03;12,73;3,74;3,33;4,9;2,37
09/12/2016;21;VACA;24060;3,5;15;6,8;1,03;13;3,91;3,35;4,93;2,43
09/12/2016;43;CABRA;2200;5,1;14;6,84;1,032;14,56;5,36;3,97;4,64;2,91
09/12/2016;43;OVEJA;1600;5,2;21;6,78;1,036;19,29;8,08;5,87;4,62;4,48
09/12/2016;41;CABRA;5160;6,5;14;6,81;1,032;14,85;5,53;3,68;4,91;2,84
09/12/2016;40;OVEJA;4000;6,3;20;6,78;1,036;20,03;8,36;6,16;4,69;4,76
09/12/2016;40;CABRA;3280;5,5;14;6,8;1,032;15,91;6,37;3,92;4,85;2,94
09/12/2016;32;VACA;18580;5,5;15;6,79;1,03;12,3;3,48;3,22;4,78;2,27
09/12/2016;29;VACA;15780;3,9;15;6,81;1,03;12,38;3,66;3,22;4,76;2,24
09/12/2016;29;VACA;5660;5,4;14;6,84;1,03;11,86;3,17;3,2;4,74;2,25
09/12/2016;24;VACA;15680;6;14;6,84;1,03;12,45;3,56;3,25;4,85;2,31
09/12/2016;24;VACA;6080;5,3;15;6,81;1,03;12,69;3,67;3,38;4,84;2,38
09/12/2016;26;VACA;6660;4,02;15;6,82;1,03;11,42;2,46;3,28;4,91;2,35
09/12/2016;42;OVEJA;6440;4;19;6,8;1,036;19,18;7,3;6,31;4,77;4,9
09/12/2016;42;CABRA;3560;5,5;14;6,83;1,032;15,16;5,69;3,96;4,87;2,95
09/12/2016;38;CABRA;360;6,5;14;6,83;1,032;14,94;5,6;3,88;4,75;2,98
09/12/2016;25;VACA;23440;7,3;15;6,8;1,03;13,23;4,15;3,42;4,82;2,44
09/12/2016;1;CABRA;25820;4,4;14;6,83;1,032;15,44;6,06;3,82;4,84;2,84
09/12/2016;36;CABRA;10760;5,2;14;6,78;1,032;15,57;6,2;3,78;4,86;2,85
10/12/2016;1;CABRA;25780;4;14;6,84;1,032;14,73;5,38;3,78;4,92;2,82
10/12/2016;21;VACA;26620;2,5;15;6,82;1,03;12,94;3,9;3,32;4,92;2,39
10/12/2016;22;VACA;24880;5,3;15;6,82;1,03;12,88;3,79;3,35;4,93;2,38
10/12/2016;30;VACA;23380;3,5;15;6,82;1,03;12,78;3,96;3,25;4,73;2,3
10/12/2016;24;VACA;14720;4;15;6,8;1,03;12,48;3,62;3,27;4,8;2,32
10/12/2016;24;VACA;4020;5;14;6,8;1,03;12,14;3,54;3,14;4,68;2,14
10/12/2016;26;VACA;6420;4;15;6,8;1,03;12,35;3,51;3,19;4,77;2,24
10/12/2016;41;OVEJA;8520;5,8;20;6,84;1,036;19,2;7,97;5,67;4,74;4,42
10/12/2016;29;VACA;14560;5;15;6,82;1,03;12,49;3,73;3,2;4,78;2,26
10/12/2016;29;VACA;5340;6;14;6,82;1,03;12,54;3,83;3,24;4,6;2,29
10/12/2016;32;VACA;26600;3;15;6,81;1,03;12,49;3,36;3,4;4,98;2,43
10/12/2016;39;CABRA;1320;5;14;6,82;1,032;16;6,29;4,15;4,72;3,12
10/12/2016;39;OVEJA;4360;5;18;6,8;1,036;19,36;8,11;5,66;4,66;4,48
10/12/2016;37;CABRA;860;7;14;6,8;1,032;15,57;6,04;4,17;4,7;3,15
10/12/2016;38;CABRA;5600;5,7;14;6,8;1,032;14,86;5,62;3,72;4,83;2,76
10/12/2016;38;OVEJA;3460;5;19;6,82;1,036;17,55;6,79;5,12;4,82;4,19
10/12/2016;25;VACA;23040;6;15;6,82;1,03;13,45;4,28;3,49;4,85;2,52
10/12/2016;42;CABRA;1980;6,3;15;6,8;1,032;14,93;5,68;3,93;4,58;2,87
10/12/2016;42;OVEJA;5940;5;20;6,8;1,036;19,45;8,29;5,53;4,67;4,35
11/12/2016;21;VACA;24280;3,4;15;6,83;1,03;12,93;3,84;3,33;4,91;2,42
11/12/2016;1;CABRA;4020;6,1;14;6,82;1,032;15,08;5,72;3,76;4,87;2,9
11/12/2016;40;CABRA;3320;4,7;14;6,83;1,032;15,94;6,34;3,88;4,85;2,95
11/12/2016;40;OVEJA;3360;4,5;19;6,78;1,036;19,84;8,27;5,9;4,67;4,67
11/12/2016;29;VACA;15480;3;15;6,8;1,03;12,49;3,73;3,21;4,79;2,28
11/12/2016;29;VACA;6460;8;15;6,81;1,03;12,88;4,29;3,01;4,5;2,37
11/12/2016;41;CABRA;5480;6,5;14;6,84;1,032;14,82;5,51;3,65;4,92;2,8
11/12/2016;32;VACA;18720;5,8;16;6,83;1,03;12,28;3,49;3,21;4,78;2,29
11/12/2016;26;VACA;6660;4,1;15;6,8;1,03;12,31;3,39;3,25;4,83;2,32
11/12/2016;43;CABRA;1180;5;14;6,86;1,032;15,71;5,98;4,16;4,85;3,19
11/12/2016;25;VACA;23160;6,7;15;6,8;1,03;13,22;4,15;3,4;4,86;2,5
11/12/2016;1;OVEJA;7800;3,3;20;6,81;1,036;18,35;7,34;5,47;4,52;4,36
11/12/2016;46;OVEJA;7720;5,3;20;6,81;1,036;18,71;7,56;5,55;4,75;4,42
11/12/2016;42;CABRA;940;5,3;14;6,78;1,032;15,06;5,8;3,84;4,72;2,88
11/12/2016;42;OVEJA;6200;5;20;6,81;1,036;19,32;7,54;6,28;4,73;4,9
11/12/2016;38;CABRA;380;4;14;6,78;1,032;14,93;5,54;3,91;4,75;3,01
12/12/2016;21;VACA;27240;3,4;15;6,84;1,03;12,73;3,76;3,32;4,85;2,36
12/12/2016;20;VACA;23640;5,5;15;6,83;1,03;12,79;3,77;3,4;4,83;2,41
12/12/2016;35;VACA;15820;4,7;14;6,85;1,03;12,86;3,91;3,35;4,85;2,37
12/12/2016;35;VACA;8180;4,3;14;6,85;1,03;12,69;3,7;3,45;4,82;2,42
12/12/2016;43;CABRA;2200;4,8;14;6,84;1,032;15,15;5,71;4,04;4,75;3,02
12/12/2016;43;OVEJA;1260;6;20;6,81;1,036;19,5;8,27;5,88;4,63;4,49
12/12/2016;24;VACA;13720;6,4;14;6,84;1,03;13,95;5,31;3,13;4,6;2,17
12/12/2016;24;VACA;6160;4,2;14;6,85;1,03;12,64;3,68;3,32;4,86;2,34
12/12/2016;26;VACA;6460;4,1;15;6,82;1,03;12,28;3,38;3,28;4,83;2,29
12/12/2016;41;OVEJA;7300;5,4;19;6,82;1,036;19,6;8,24;5,91;4,7;4,52
12/12/2016;29;VACA;14280;3,6;15;6,83;1,03;12,37;3,66;3,18;4,76;2,25
12/12/2016;29;VACA;5320;4,4;14;6,85;1,03;12,6;3,83;3,24;4,64;2,33
12/12/2016;32;VACA;27140;3,2;15;6,82;1,03;12,6;3,48;3,41;4,97;2,42
12/12/2016;39;CABRA;1340;5,1;13;6,85;1,032;15,3;5,93;3,86;4,72;2,88
12/12/2016;39;OVEJA;4920;5,5;18;6,84;1,036;19,23;8,07;5,59;4,67;NA
12/12/2016;42;OVEJA;5960;5,1;20;6,79;1,036;19,69;8,4;5,62;4,64;4,45
12/12/2016;42;CABRA;4400;5;13;6,85;1,032;15,1;5,69;3,87;4,86;2,87
12/12/2016;25;VACA;22820;5,4;15;6,81;1,03;13,5;4,31;3,49;4,87;2,52
12/12/2016;37;CABRA;1140;7,1;14;6,83;1,032;15,52;5,95;4,22;4,69;3,16
12/12/2016;38;OVEJA;2820;5,2;18;6,85;1,036;17,34;6,62;4,99;4,78;4,17
12/12/2016;38;CABRA;7960;5;14;6,83;1,032;14,7;5,42;3,74;4,86;2,78
12/12/2016;36;CABRA;10800;5;14;6,82;1,032;14,85;5,68;3,7;4,79;2,78
12/12/2016;30;VACA;24760;3;14;6,78;1,03;11,97;3,29;3,24;4,67;2,26
13/12/2016;18;VACA;25340;5;15;6,84;1,03;12,66;3,46;3,54;4,92;2,54
13/12/2016;21;VACA;24300;3,7;15;6,83;1,03;12,89;3,83;3,32;4,91;2,45
13/12/2016;18;VACA;24960;2,7;15;6,84;1,03;12,73;3,4;3,6;4,94;2,59
13/12/2016;20;VACA;24300;5,2;15;6,82;1,03;12,7;3,63;3,39;4,91;2,44
13/12/2016;41;CABRA;5140;6;14;6,81;1,032;14,74;5,33;3,57;4,64;3,12
13/12/2016;40;OVEJA;4020;6,2;20;6,8;1,036;20,21;8,53;6,13;4,69;4,73
13/12/2016;40;CABRA;3380;5;14;6,82;1,032;15,74;6,16;3,76;4,6;3,14
13/12/2016;24;VACA;13760;5,1;15;6,84;1,03;12,46;3,63;3,22;4,75;2,27
13/12/2016;26;VACA;6580;4,1;15;6,82;1,03;12,25;3,3;3,28;4,86;2,32
13/12/2016;24;VACA;4920;5,7;15;6,84;1,03;12,46;3,6;3,25;4,81;2,3
13/12/2016;29;VACA;16220;5,4;15;6,82;1,03;12,3;3,64;3,16;4,74;2,23
13/12/2016;29;VACA;3960;5,4;15;6,82;1,03;12,36;3,64;3,24;4,65;2,3
13/12/2016;32;VACA;18740;5,5;15;6,8;1,03;12,32;3,48;3,2;4,78;2,28
13/12/2016;38;CABRA;320;6;14;6,81;1,032;15,27;5,8;3,95;4,74;3,03
13/12/2016;25;VACA;23680;6,7;15;6,8;1,03;13,17;4,08;3,4;4,86;2,47
13/12/2016;42;CABRA;1780;5;14;6,83;1,032;14,85;5,54;3,95;4,6;2,91
13/12/2016;42;OVEJA;6520;5;19;6,81;1,036;19,42;7,57;6,3;4,74;4,92
13/12/2016;1;OVEJA;8400;4;19;6,8;1,036;17,69;7,12;5,18;4,53;4,05
13/12/2016;46;OVEJA;8080;5,4;19;6,78;1,036;18,7;7,55;5,44;4,8;4,32
14/12/2016;21;VACA;21260;2;15;6,84;1,03;12,86;3,8;3,34;4,88;2,4
14/12/2016;1;CABRA;4120;4;15;6,8;1,032;15,43;6,03;3,79;4,84;2,88
14/12/2016;35;VACA;13760;4,6;15;6,85;1,03;12,85;3,95;3,33;4,84;2,36
14/12/2016;35;VACA;10520;4;14;6,81;1,03;12,83;3,77;3,48;4,87;2,47
14/12/2016;30;VACA;15520;3,6;15;6,84;1,03;12,68;3,92;3,24;4,69;2,26
14/12/2016;30;VACA;6960;3,6;15;6,84;1,03;12,59;3,92;3,24;4,58;2,26
14/12/2016;29;VACA;15960;3,5;15;6,84;1,03;12,12;3,52;3,18;4,67;2,21
14/12/2016;26;VACA;6560;4;15;6,81;1,03;12,33;3,39;3,3;4,83;2,35
14/12/2016;41;OVEJA;5800;6,2;20;6,82;1,036;18,65;7,52;5,46;4,84;4,25
14/12/2016;32;VACA;26500;3,2;15;6,84;1,03;12,52;3,46;3,39;4,93;2,42
14/12/2016;39;CABRA;1280;4,6;14;6,84;1,032;15,94;6,23;4,15;4,76;3,15
14/12/2016;39;OVEJA;3340;5;20;6,8;1,036;19,37;8,15;5,73;4,6;4,53
14/12/2016;37;CABRA;780;7;14;6,8;1,032;15,65;6,11;4,24;4,66;3,19
14/12/2016;38;OVEJA;3300;4,8;20;6,84;1,036;17,5;6,67;5,21;4,89;4,21
14/12/2016;38;CABRA;6180;7,4;14;6,82;1,032;15,01;5,73;3,86;4,77;2,87
14/12/2016;25;VACA;22860;5,9;15;6,82;1,03;13,45;4,27;3,48;4,88;2,55
14/12/2016;43;CABRA;1200;4,7;14;6,82;1,032;15,55;5,87;4,08;4,92;3,11
14/12/2016;42;CABRA;380;5,6;14;6,78;1,032;13,73;4,95;3,61;4,45;2,61
14/12/2016;42;OVEJA;6000;5,3;19;6,81;1,036;19,76;8,48;5,63;4,63;4,49
14/12/2016;36;CABRA;6640;5;14;6,84;1,032;14,8;5,58;3,71;4,85;2,82
15/12/2016;21;VACA;24700;3;15;6,81;1,03;12,82;3,79;3,34;4,88;2,41
15/12/2016;43;CABRA;2020;5;13;6,85;1,032;15,23;5,72;4,1;4,8;3,07
15/12/2016;43;OVEJA;1380;7;20;6,78;1,036;19,35;8;6,01;4,67;4,63
15/12/2016;24;VACA;15800;6,2;14;6,86;1,03;12,11;3,34;3,18;4,8;2,25
15/12/2016;26;VACA;6660;4,2;15;6,82;1,03;12,3;3,35;3,3;4,85;2,35
15/12/2016;24;VACA;6180;5,5;15;6,79;1,03;12,5;3,6;3,26;4,88;2,33
15/12/2016;40;OVEJA;3460;7;19;6,8;1,036;19,54;7,97;5,99;4,76;4,67
15/12/2016;40;CABRA;3300;5,6;14;6,82;1,032;15,65;6,11;3,92;4,89;2,98
15/12/2016;41;CABRA;5500;5,5;13;6,85;1,032;14,97;5,62;3,75;4,87;2,87
15/12/2016;29;VACA;15440;3,5;15;6,82;1,03;12,28;3,59;3,25;4,67;2,26
15/12/2016;29;VACA;5980;6,3;15;6,78;1,03;12,23;3,54;3,19;4,72;2,23
15/12/2016;32;VACA;18520;6;15;6,8;1,03;12,37;3,53;3,21;4,79;2,3
15/12/2016;25;VACA;23780;6,3;15;6,79;1,03;13,22;4,12;3,42;4,84;2,46
15/12/2016;42;OVEJA;6540;0;0;0;1,036;19,54;7,68;6,34;4,74;4,94
15/12/2016;42;CABRA;4200;0;0;0;1,032;15,38;5,87;3,96;4,85;2,94
15/12/2016;38;CABRA;480;0;0;0;1,032;15,56;6,04;4,1;4,65;3,17
15/12/2016;46;OVEJA;8080;0;0;0;1,036;18,72;7,55;5,49;4,81;4,37
15/12/2016;1;OVEJA;8720;0;0;0;1,036;17,75;7,07;5,28;4,57;4,09
16/12/2016;21;VACA;27200;3,1;15;6,82;1,03;12,88;3,81;3,39;4,91;2,41
16/12/2016;35;VACA;16220;5,3;14;6,85;1,03;12,91;3,92;3,37;4,88;2,38
16/12/2016;35;VACA;7880;4,3;14;6,85;1,03;12,87;3,78;3,54;4,84;2,49
16/12/2016;41;OVEJA;8020;5;20;6,78;1,036;19,53;8,21;5,76;4,77;4,51
16/12/2016;32;VACA;26600;3,4;15;6,8;1,03;12,48;3,42;3,38;4,97;2,4
16/12/2016;29;VACA;15060;3,5;15;6,78;1,03;12,32;3,64;3,24;4,74;2,27
16/12/2016;29;VACA;5380;5;15;6,79;1,03;12,42;3,66;3,28;4,68;2,34
16/12/2016;24;VACA;12020;4;15;6,81;1,03;12,4;3,62;3,22;4,76;2,27
16/12/2016;24;VACA;6240;5,5;15;6,8;1,03;12,12;3,34;3,22;4,83;2,26
16/12/2016;26;VACA;6360;4,2;15;6,8;1,03;12,26;3,32;3,27;4,85;2,33
16/12/2016;39;CABRA;1320;5,2;14;6,8;1,032;15,41;5,95;3,92;4,77;2,98
16/12/2016;39;OVEJA;3620;5;20;6,8;1,036;19,28;8,11;5,7;4,6;4,45
16/12/2016;30;VACA;23580;3,2;15;6,82;1,03;12,48;3,69;3,25;4,75;2,27
16/12/2016;38;OVEJA;3440;4,2;20;6,8;1,036;17,76;6,83;5,28;4,92;4,28
16/12/2016;38;CABRA;7740;7;14;6,82;1,032;14,85;5,54;3,75;4,87;2,82
16/12/2016;37;CABRA;1040;6,5;14;6,84;1,032;15,53;5,93;4,23;4,72;3,19
16/12/2016;25;VACA;22720;5,4;15;6,81;1,03;13,4;4,26;3,46;4,9;2,48
16/12/2016;42;CABRA;2060;5;14;6,8;1,032;14,99;5,75;3,94;4,6;2,83
16/12/2016;42;OVEJA;6100;5;19;6,82;1,036;19,55;8,29;5,65;4,73;4,43
16/12/2016;36;CABRA;10480;4,6;13;6,82;1,032;15,01;5,8;3,67;4,84;2,79
16/12/2016;1;CABRA;21680;4,7;14;6,82;1,032;14,84;5,51;3,78;4,9;2,82
16/12/2016;1;CABRA;26060;4;14;6,82;1,032;15,43;6,05;3,79;4,87;2,84
17/12/2016;21;VACA;24100;2;15;6,81;1,03;12,91;3,8;3,34;4,92;2,41
17/12/2016;1;CABRA;4160;5,2;14;6,81;1,032;15,48;6,06;3,82;4,85;2,91
17/12/2016;26;VACA;6700;4,8;15;6,8;1,03;14,21;5,06;3,72;4,78;2,73
17/12/2016;41;CABRA;5060;6,7;14;6,83;1,032;14,77;5,47;3,65;4,93;2,8
17/12/2016;40;OVEJA;3800;6,4;20;6,79;1,036;19,5;8,08;5,77;4,74;4,54
17/12/2016;40;CABRA;3400;5,6;14;6,83;1,032;15,56;6,03;3,86;4,87;2,94
17/12/2016;29;VACA;16560;3,7;15;6,85;1,03;12,36;3,66;3,21;NA;NA
17/12/2016;29;VACA;6380;7,8;15;6,84;1,03;12,53;3,78;3,2;4,75;2,24
17/12/2016;32;VACA;18580;0;0;0;1,03;12,31;3,5;3,18;4,8;2,2
17/12/2016;38;CABRA;360;6;14;6,8;1,032;15,14;5,75;3,84;4,81;2,97
17/12/2016;25;VACA;24380;5,6;15;6,78;1,03;13,17;4,05;3,4;4,88;2,41
17/12/2016;43;CABRA;1180;6;14;6,82;1,032;15,43;5,67;4,09;4,99;3,13
17/12/2016;46;OVEJA;7300;6;20;6,78;1,036;18,65;7,48;5,49;4,81;4,38
17/12/2016;1;OVEJA;15880;4;19;6,82;1,036;18,2;7,3;5,41;4,63;4,24
17/12/2016;42;CABRA;1260;6;14;6,8;1,032;15,05;5,83;3,82;4,64;2,79
17/12/2016;42;OVEJA;6580;6;18;6,8;1,036;19,56;7,75;6,27;4,7;4,81
18/12/2016;22;VACA;24600;5,6;15;6,82;1,03;12,63;3,57;3,31;4,95;2,36
18/12/2016;21;VACA;27260;3,3;15;6,83;1,03;12,96;3,85;3,36;4,9;2,41
18/12/2016;20;VACA;24500;5,7;15;6,82;1,03;12,72;3,69;3,4;4,86;2,4
18/12/2016;35;VACA;14060;5,1;15;6,83;1,03;12,86;3,87;3,36;4,87;2,37
18/12/2016;35;VACA;8040;5,1;15;6,85;1,03;12,91;3,76;3,55;4,85;2,54
18/12/2016;24;VACA;14520;6;14;6,85;1,03;12,13;3,35;3,23;4,76;2,23
18/12/2016;24;VACA;6340;5,6;15;6,82;1,03;12,83;3,67;3,39;4,95;2,4
18/12/2016;26;VACA;6480;4,5;15;6,82;1,03;12,37;3,36;3,32;4,87;2,35
18/12/2016;43;CABRA;2240;5,6;14;6,83;1,032;14,93;5,56;4,11;4,58;3,02
18/12/2016;43;OVEJA;1960;5,4;19;6,78;1,036;18,76;7,69;5,68;4,61;4,37
18/12/2016;41;OVEJA;9420;5,4;20;6,82;1,036;19,47;8,19;5,73;4,73;4,43
18/12/2016;32;VACA;26280;3,6;15;6,81;1,03;12,52;3,46;3,37;4,94;2,42
18/12/2016;30;VACA;24460;3,8;15;6,84;1,03;12,49;3,58;3,33;4,8;2,32
18/12/2016;29;VACA;16260;3,7;15;6,82;1,03;12,64;3,8;3,26;4,77;2,3
18/12/2016;39;CABRA;1400;5;14;6,83;1,032;15,89;6,09;4,13;4,81;3,17
18/12/2016;39;OVEJA;3260;4,6;20;6,81;1,036;18,73;7,35;5,82;4,67;4,55
18/12/2016;42;OVEJA;5540;4,8;14;6,77;1,036;19,61;8,34;5,65;4,69;4,42
18/12/2016;42;CABRA;4840;5;15;6,82;1,032;14,55;5,13;3,78;4,92;2,82
18/12/2016;38;OVEJA;3080;5;20;6,8;1,036;17,15;6,35;5,17;4,88;4,13
18/12/2016;38;CABRA;7120;6,5;15;6,81;1,032;14,87;5,51;3,73;4,89;2,8
18/12/2016;37;CABRA;820;6,6;14;6,85;1,032;15,83;6,08;4,29;4,72;3,24
18/12/2016;25;VACA;22920;5,3;15;6,82;1,03;13,4;4,18;3,47;4,91;2,51
19/12/2016;21;VACA;25220;2,3;15;6,84;1,03;12,91;3,8;3,32;4,93;2,41
19/12/2016;18;VACA;26140;4;15;6,82;1,03;12,73;3,32;3,62;5,05;2,65
19/12/2016;40;OVEJA;3240;4,5;20;6,82;1,036;19,62;8,1;5,88;4,74;4,57
19/12/2016;40;CABRA;3480;4,5;14;6,84;1,032;15,44;5,99;3,79;4,88;2,85
19/12/2016;24;VACA;13400;7,4;15;6,84;1,03;12,53;3,68;3,2;4,82;2,25
19/12/2016;24;VACA;3900;5,4;15;6,84;1,03;12,49;3,54;3,26;4,89;2,29
19/12/2016;26;VACA;6540;4,1;15;6,84;1,03;12,32;3,32;3,31;4,85;2,31
19/12/2016;41;CABRA;5300;5,2;14;6,8;1,032;14,95;5,67;3,66;4,91;2,79
19/12/2016;32;VACA;18720;6,3;15;6,82;1,03;12,37;3,5;3,21;4,81;2,26
19/12/2016;42;CABRA;1260;6,1;14;6,84;1,032;15,26;5,81;4,03;4,69;2,99
19/12/2016;42;OVEJA;3680;4,6;20;6,8;1,036;18,88;6,84;6,34;4,85;4,94
19/12/2016;38;CABRA;540;5,3;14;6,83;1,032;15,94;6,11;4,34;4,73;3,33
19/12/2016;25;VACA;24500;5,5;15;6,79;1,03;13,22;4,06;3,42;4,88;2,47
19/12/2016;46;OVEJA;8420;5,8;20;6,76;1,036;18,8;7,55;5,54;4,8;4,37
19/12/2016;1;OVEJA;7820;5,4;20;6,77;1,036;18,47;7,43;5,55;4,66;4,28
19/12/2016;18;VACA;25900;4,6;15;6,8;1,03;12,97;3,63;3,58;4,94;2,55
19/12/2016;36;CABRA;8560;5;14;6,81;1,032;15,03;5,71;3,74;4,91;2,82
19/12/2016;42;OVEJA;8300;5,7;19;6,78;1,036;19,94;8,44;5,94;4,63;4,69
20/12/2016;21;VACA;20720;2;15;6,8;1,03;13;3,89;3,4;4,88;2,46
20/12/2016;1;CABRA;19880;4;15;6,81;1,032;15,26;5,92;3,86;4,75;2,87
20/12/2016;18;VACA;25520;4,5;15;6,8;1,03;12,79;3,5;3,58;4,93;2,54
20/12/2016;1;CABRA;4220;5;15;6,8;1,032;15,37;5,9;3,81;4,9;2,88
20/12/2016;26;VACA;6060;4;15;6,82;1,03;12,41;3,46;3,28;4,82;2,33
20/12/2016;41;OVEJA;5680;5;19;6,8;1,036;19,37;8,08;5,74;4,71;4,42
20/12/2016;32;VACA;26160;2,7;15;6,82;1,03;12,59;3,54;3,36;4,93;2,38
20/12/2016;42;CABRA;920;5,5;13;6,78;1,032;14,41;5,43;3,76;4,49;2,72
20/12/2016;42;OVEJA;5160;5,2;20;6,77;1,036;19,8;8,4;5,64;4,62;4,57
20/12/2016;39;OVEJA;3179;6;20;6,78;1,036;18,87;7,66;5,57;4,74;4,4
20/12/2016;25;VACA;22980;5,7;15;6,81;1,03;13,4;4,19;3,48;4,92;2,5
20/12/2016;37;CABRA;1120;6,3;14;6,82;1,032;15,59;5,95;4,18;4,81;3,16
20/12/2016;43;CABRA;1360;4,3;14;6,81;1,032;15,66;5,95;4,1;4,93;3,1
20/12/2016;38;CABRA;8560;6;14;6,83;1,032;14,77;5,45;3,75;4,84;2,79
20/12/2016;38;OVEJA;3340;6;18;6,82;1,036;17,68;6,59;5,43;4,87;4,35
20/12/2016;1;OVEJA;16700;4,1;19;6,77;1,036;18,23;7,33;5,26;4,78;4,11
20/12/2016;1;CABRA;25760;3;13;6,84;1,032;15,26;6;3,73;4,85;2,73
21/12/2016;39;CABRA;1260;4;15;6,8;1,032;NA;NA;NA;NA;NA
21/12/2016;21;VACA;24520;0;15;6,82;1,03;12,94;3,83;3,34;4,92;2,43
21/12/2016;43;CABRA;1920;4,8;14;6,82;1,032;15,57;5,88;4,28;4,74;3,2
21/12/2016;43;OVEJA;1440;4,6;21;6,75;1,036;19,13;7,83;5,85;4,68;4,52
21/12/2016;40;OVEJA;4520;6,1;20;6,77;1,036;19,67;8,16;5,85;4,73;4,54
21/12/2016;40;CABRA;3360;5,8;14;6,8;1,032;15,61;6,07;3,83;4,91;2,89
21/12/2016;41;CABRA;5000;5,6;13;6,81;1,032;15,05;5,75;3,65;4,91;2,79
21/12/2016;24;VACA;15660;5,7;14;6,82;1,03;12,22;3,42;3,21;4,79;2,24
21/12/2016;24;VACA;6060;4,2;15;6,81;1,03;12,59;3,6;3,28;4,91;2,36
21/12/2016;26;VACA;7040;4;15;6,81;1,03;12,37;3,4;3,29;4,85;2,35
21/12/2016;32;VACA;18580;5;15;6,78;1,03;11,63;3,45;3,1;4,49;2,24
21/12/2016;25;VACA;24120;6,2;15;6,8;1,03;13,23;4,12;3,4;4,85;2,43
21/12/2016;38;CABRA;540;5;13;6,85;1,032;15,01;5,64;3,79;4,89;2,91
21/12/2016;42;OVEJA;6480;5,4;19;6,8;1,036;19,38;7,51;6,26;4,79;4,9
21/12/2016;42;CABRA;4060;4,7;14;6,8;1,032;15,15;5,66;3,9;4,92;2,89
21/12/2016;46;OVEJA;8020;5,5;19;6,78;1,036;18,72;7,5;5,56;4,81;4,4
21/12/2016;1;OVEJA;7780;5,5;19;6,78;1,036;17,97;7,13;5,4;4,59;4,18
21/12/2016;1;CABRA;16240;4,6;14;6,81;1,032;14,47;5,33;3,65;4,82;2,7
21/12/2016;36;CABRA;8000;4,5;13;6,83;1,032;14,89;5,59;3,7;4,89;2,76
22/12/2016;21;VACA;27080;3,4;15;6,81;1,03;13;3,9;3,37;4,91;2,44
22/12/2016;41;OVEJA;6660;4,6;20;6,8;1,036;19,3;8,06;5,81;4,76;4,47
22/12/2016;24;VACA;14800;5,7;15;6,82;1,03;12,48;3,65;3,14;4,84;2,21
22/12/2016;24;VACA;6220;6;15;6,82;1,03;12,38;3,54;3,21;4,87;2,26
22/12/2016;26;VACA;6680;4;15;6,8;1,03;12,33;3,44;3,23;4,8;2,27
22/12/2016;32;VACA;25600;3,2;15;6,82;1,03;12,56;3,55;3,3;4,97;2,34
22/12/2016;42;CABRA;2200;5,2;14;6,82;1,032;15,36;5,84;4,1;4,71;3,03
22/12/2016;42;OVEJA;6060;4,8;20;6,8;1,036;19,69;8,29;5,76;4,75;4,55
22/12/2016;37;CABRA;1020;8;14;6,8;1,032;15,68;6,09;4,14;4,79;3,13
22/12/2016;39;CABRA;700;6,4;14;6,82;1,032;17,44;7,22;4,62;4,76;3,48
22/12/2016;39;OVEJA;3000;4;19;6,8;1,036;19,11;7,83;5,9;4,51;4,5
22/12/2016;25;VACA;23140;6,2;15;6,8;1,03;13,36;4,16;3,48;4,9;2,5
22/12/2016;38;CABRA;7560;5;14;6,82;1,032;14,78;5,5;3,76;4,82;2,83
22/12/2016;38;OVEJA;3560;4;18;6,8;1,036;17,77;6,77;5,36;4,84;4,32
23/12/2016;21;VACA;25140;2;15;6,82;1,03;12,93;3,83;3,34;4,95;2,45
23/12/2016;22;VACA;24060;5;15;6,82;1,03;12,75;3,73;3,29;4,92;2,38
23/12/2016;1;CABRA;4400;4;14;6,8;1,032;15,37;5,89;3,82;4,87;2,9
23/12/2016;41;CABRA;5000;5,6;14;6,8;1,032;14,79;5,51;3,6;4,95;2,75
23/12/2016;32;VACA;18900;6,8;15;6,78;1,03;12,2;3,38;3,18;4,81;2,25
23/12/2016;40;OVEJA;5440;6;20;6,78;1,036;19,24;7,96;5,58;4,78;4,42
23/12/2016;40;CABRA;3000;5,4;14;6,82;1,032;15,53;5,96;3,8;4,96;2,9
23/12/2016;43;CABRA;1140;6;14;6,82;1,032;15,55;5,86;4,03;4,98;3,07
23/12/2016;42;CABRA;760;5,6;14;6,81;1,032;14,62;5,53;3,75;4,64;2,77
23/12/2016;42;OVEJA;6600;0;20;6,78;1,036;19,33;7,54;6,24;4,75;4,84
23/12/2016;25;VACA;24740;6;15;6,8;1,03;13,1;4,04;3,39;4,85;2,44
23/12/2016;38;CABRA;500;6,5;14;6,82;1,032;15,05;5,8;3,72;4,79;2,83
23/12/2016;46;OVEJA;8200;6;20;6,82;1,036;18,77;7,6;5,55;4,81;4,38
23/12/2016;1;OVEJA;7160;5;20;6,82;1,036;17,84;7,15;5,18;4,67;4,02
23/12/2016;26;VACA;7960;6;15;6,79;1,03;12,47;3,54;3,23;4,81;2,25
23/12/2016;22;VACA;22980;5,5;15;6,8;1,03;12,83;3,8;3,3;4,93;2,35
23/12/2016;36;CABRA;10360;4,4;14;6,8;1,032;15,14;5,91;3,71;4,81;2,75
23/12/2016;20;VACA;24420;5;15;7,9;1,03;12,75;3,69;3,42;4,86;2,42
23/12/2016;24;VACA;13660;6,6;15;6,8;1,03;12,32;3,47;3,26;4,8;2,26
23/12/2016;1;CABRA;24960;3;14;6,8;1,032;15,36;6,03;3,74;4,9;2,77
24/12/2016;1;CABRA;25780;4,5;14;6,82;1,032;14,95;5,61;3,82;4,86;2,81
24/12/2016;30;VACA;24680;3,4;14;6,85;1,03;12,43;3,55;3,34;4,74;2,29
24/12/2016;43;CABRA;2560;6,2;15;6,82;1,032;15,22;5,6;4,08;4,84;3,09
24/12/2016;43;OVEJA;1400;4,7;22;6,7;1,036;18,7;7,23;5,95;4,7;4,59
24/12/2016;40;OVEJA;4660;5,2;20;6,8;1,036;19,51;8,03;5,8;4,76;4,51
24/12/2016;40;CABRA;2060;5,8;14;6,83;1,032;15,58;6,12;3,9;4,81;2,92
24/12/2016;32;VACA;25060;3,4;15;6,81;1,03;12,57;3,63;3,21;4,98;2,26
24/12/2016;41;CABRA;2680;8,5;14;8,2;1,032;15,07;5,74;3,7;4,91;2,79
24/12/2016;41;OVEJA;4320;5,2;20;6,8;1,036;19,21;7,97;5,68;4,79;4,4
24/12/2016;42;OVEJA;5500;5,2;20;6,81;1,036;19,82;8,51;5,69;4,69;4,47
24/12/2016;42;CABRA;4400;5;14;6,84;1,032;14,84;5,46;3,77;4,95;2,78
24/12/2016;39;CABRA;600;5;14;8,4;1,032;16,35;6,61;4,06;4,89;3,09
24/12/2016;39;OVEJA;3340;6;19;6,8;1,036;18,92;7,74;5,6;4,71;4,42
24/12/2016;29;VACA;11940;5;15;6,8;1,03;12,4;3,56;3,24;4,81;2,29
24/12/2016;29;VACA;15860;3,8;15;6,8;1,03;12,82;4,04;3,43;4,42;2,34
24/12/2016;25;VACA;23020;5;15;6,82;1,03;13,37;4,16;3,48;4,92;2,54
24/12/2016;37;CABRA;960;6;14;6,8;1,032;15,49;6,01;4,11;4,72;3,07
24/12/2016;38;CABRA;7280;6;15;6,8;1,032;14,67;5,46;3,71;4,77;2,75
24/12/2016;38;OVEJA;3500;6;20;6,8;1,036;17,43;6,42;5,33;4,9;4,26
24/12/2016;26;VACA;5640;5,8;15;6,8;1,03;12,31;3,4;3,26;4,81;2,26
25/12/2016;20;VACA;24320;5;15;6,82;1,03;12,47;3,44;3,35;4,87;2,37
25/12/2016;21;VACA;25060;4,2;15;6,79;1,03;12,93;3,81;3,34;4,92;2,44
25/12/2016;22;VACA;24200;6;15;6,78;1,03;12,73;3,7;3,3;4,92;2,37
25/12/2016;32;VACA;17240;5,6;15;6,8;1,03;12,23;3,46;3,16;4,77;2,21
25/12/2016;25;VACA;24500;6,9;15;6,81;1,03;13,08;4,04;3,38;4,83;2,41
25/12/2016;1;OVEJA;15800;6;20;6,78;1,036;17,72;7,06;5,23;4,58;4,01
25/12/2016;46;OVEJA;7760;6,3;19;6,79;1,036;18,62;7,47;5,47;4,79;4,33
25/12/2016;26;VACA;6840;7,1;15;6,8;1,03;12,77;3,88;3,26;4,77;2,27
25/12/2016;42;OVEJA;6580;5,3;19;6,8;1,036;19,23;7,45;6,18;4,75;4,76
25/12/2016;42;CABRA;2520;6;14;6,8;1,032;15,21;5,76;4,02;4,68;2,98
26/12/2016;21;VACA;27320;0;3;6,82;1,03;13;3,89;3,39;4,92;2,47
26/12/2016;1;CABRA;4580;4,5;14;6,82;1,032;15,3;5,85;3,8;4,9;2,89
26/12/2016;41;OVEJA;1280;5,7;18;6,82;1,036;19,11;7,99;5,63;4,71;4,32
26/12/2016;41;CABRA;4580;5,7;13;6,82;1,032;14,88;5,59;3,66;4,92;2,76
26/12/2016;40;OVEJA;9440;5,3;18;6,82;1,036;19,09;7,86;5,57;4,77;4,34
26/12/2016;40;CABRA;3040;4,6;15;6,82;1,032;15,54;5,98;3,81;4,95;2,9
26/12/2016;39;CABRA;760;4,8;15;6,83;1,032;17,82;7,46;4,72;4,8;3,65
26/12/2016;39;OVEJA;2980;7;18;6,8;1,036;18,91;7,71;5,6;4,71;4,43
26/12/2016;32;VACA;24980;3,2;15;8,3;1,03;12,73;3,71;3,32;4,95;2,36
26/12/2016;43;CABRA;1320;5;14;6,81;1,032;15,69;5,96;4,09;4,94;3,09
26/12/2016;42;OVEJA;7980;5,2;20;6,78;1,036;19,77;8,42;5,75;4,71;4,52
26/12/2016;24;VACA;9740;4,2;15;6,82;1,03;11,78;3,01;3,23;4,76;2,23
26/12/2016;24;VACA;13160;6,4;15;6,82;1,03;12,64;3,62;3,32;4,92;2,34
26/12/2016;25;VACA;23080;5,7;15;8,2;1,03;13,37;4,16;3,49;4,94;2,5
26/12/2016;37;CABRA;1120;4,6;14;8,2;1,032;15,36;5,83;4,1;4,79;3,1
26/12/2016;18;VACA;25480;4,4;15;6,82;1,03;12,66;3,54;3,48;4,87;2,43
26/12/2016;26;VACA;7200;5,3;15;6,8;1,03;12,43;3,51;3,25;4,85;2,26
26/12/2016;38;CABRA;8740;6,8;14;6,8;1,032;14,85;5,66;3,71;4,75;2,74
26/12/2016;38;OVEJA;3120;5,2;20;6,8;1,036;17,28;6,27;5,33;4,95;4,26
26/12/2016;18;VACA;25460;5,7;15;6,82;1,03;12,14;2,65;3,66;5,1;2,62
26/12/2016;18;VACA;25160;5,8;15;6,82;1,03;13,42;4,08;3,58;4,95;2,53
26/12/2016;36;CABRA;8800;5,1;14;6,82;1,032;15,07;5,77;3,76;4,8;2,79
27/12/2016;18;VACA;26400;4,2;15;8,3;1,03;12,98;3,91;3,33;4,89;2,4
27/12/2016;18;VACA;25480;5;15;6,81;1,03;12,82;3,55;3,53;4,95;2,5
27/12/2016;43;OVEJA;1440;6;21;6,77;1,036;18,64;7,46;5,84;4,59;4,47
27/12/2016;43;CABRA;2500;4,8;14;6,83;1,032;15,7;6,02;4,11;4,84;3,09
27/12/2016;21;VACA;25540;3,6;15;6,81;1,03;13,04;3,88;3,36;4,94;2,41
27/12/2016;41;OVEJA;4180;4,2;15;6,83;1,036;19,62;8,32;5,5;4,78;4,34
27/12/2016;32;VACA;20820;6;15;6,84;1,03;12,26;3,44;3,21;4,79;2,24
27/12/2016;26;VACA;6740;3,9;15;6,83;1,03;12,23;3,27;3,29;4,89;2,31
27/12/2016;24;VACA;14480;6;15;6,85;1,03;12,34;3,56;3,23;4,75;2,22
27/12/2016;24;VACA;11260;5,6;15;6,81;1,03;12,48;3,52;3,25;4,89;2,28
27/12/2016;38;CABRA;1020;5;14;6,82;1,032;15,16;5,81;3,81;4,79;2,87
27/12/2016;42;CABRA;5180;5,4;14;6,81;1,032;15,09;5,62;3,86;4,91;2,83
27/12/2016;42;OVEJA;3260;5;20;6,8;1,036;19,18;7,23;6,3;4,86;4,89
27/12/2016;25;VACA;24980;6,7;15;6,81;1,03;13,26;4,11;3,44;4,88;2,48
27/12/2016;18;VACA;25980;4,5;15;6,82;1,03;12,93;3,59;3,56;5,01;2,53
27/12/2016;46;OVEJA;8280;5,4;20;6,78;1,036;18,42;7,4;5,41;4,74;4,26
27/12/2016;1;OVEJA;14060;4,3;21;6,8;1,036;18,98;7,68;5,72;4,7;4,41
28/12/2016;21;VACA;27560;2,7;14;6,84;1,03;13,02;3,95;3,38;4,87;2,47
28/12/2016;26;VACA;7020;4;15;6,79;1,03;12,24;3,29;3,29;4,87;2,32
28/12/2016;41;CABRA;4900;5,4;14;6,8;1,032;14,94;5,67;3,63;4,89;2,73
28/12/2016;40;OVEJA;4880;6,4;20;6,79;1,036;19,54;8,19;5,69;4,73;4,45
28/12/2016;40;CABRA;3700;4,5;14;6,82;1,032;15,61;6,16;3,82;4,78;2,85
28/12/2016;32;VACA;24540;3,3;15;6,83;1,03;12,75;3,7;3,36;4,93;2,38
28/12/2016;42;OVEJA;8060;5,5;20;6,78;1,036;19,57;8,31;5,73;4,63;4,5
28/12/2016;39;CABRA;2160;5,2;14;6,81;1,032;15,24;5,82;3,77;4,82;2,84
28/12/2016;39;OVEJA;3400;6;20;6,78;1,036;18,76;7,52;5,57;4,78;4,44
28/12/2016;37;CABRA;1220;4,3;14;8,2;1,032;15,43;5,91;4,03;4,8;3,02
28/12/2016;25;VACA;23500;5,8;15;6,84;1,03;13,47;4,26;3,47;4,89;2,48
28/12/2016;38;CABRA;8000;5,5;14;6,82;1,032;14,78;5,55;3,74;4,72;2,78
28/12/2016;38;OVEJA;3560;4,8;20;6,78;1,036;17,61;6,53;5,42;4,92;4,35
28/12/2016;36;CABRA;5940;4,6;14;6,83;1,032;15,11;5,74;3,74;4,9;2,8
29/12/2016;21;VACA;25200;2,9;15;6,84;1,03;12,94;3,83;3,32;4,91;2,4
29/12/2016;1;CABRA;4600;5,7;14;6,84;1,032;15,24;5,78;3,78;4,87;2,84
29/12/2016;24;VACA;14940;6,6;14;6,82;1,03;12,19;3,36;3,23;4,78;2,27
29/12/2016;24;VACA;7980;5,4;14;6,82;1,03;12,66;3,77;3,26;4,82;2,28
29/12/2016;41;OVEJA;7000;5,4;20;6,78;1,036;19,23;7,96;5,68;4,72;4,38
29/12/2016;32;VACA;19380;5,7;15;6,82;1,03;12,23;3,44;3,18;4,78;2,27
29/12/2016;43;CABRA;1240;6;14;6,82;1,032;15,75;6,03;4,1;4,88;3,09
29/12/2016;42;CABRA;1580;4,7;14;6,8;1,032;14,68;5,37;3,95;4,6;2,87
29/12/2016;42;OVEJA;3940;4,4;20;6,8;1,036;18,64;6,73;6,16;4,84;4,75
29/12/2016;26;VACA;7380;4,8;15;6,8;1,03;12,38;3,41;3,28;4,86;2,3
29/12/2016;38;CABRA;600;5;14;6,8;1,032;15,11;5,7;3,81;4,79;2,89
29/12/2016;25;VACA;24240;6,5;15;6,82;1,03;13,24;4,08;3,44;4,88;2,43
29/12/2016;1;CABRA;25600;3,5;14;6,84;1,032;15,32;5,99;3,72;4,85;2,71
29/12/2016;46;OVEJA;8520;5,6;20;6,78;1,036;18,48;7,44;5,43;4,74;4,28
29/12/2016;1;OVEJA;15380;5,2;20;6,75;1,036;18,41;7,44;5,44;4,63;4,21
30/12/2016;18;VACA;25500;4;15;6,81;1,03;12,9;3,53;3,56;4,98;2,57
30/12/2016;21;VACA;27620;3,7;15;6,82;1,03;12,99;3,86;3,36;4,91;2,43
30/12/2016;20;VACA;24180;5,8;15;6,81;1,03;11,67;3,34;3,14;4,42;2,11
30/12/2016;40;OVEJA;3320;6;18;6,8;1,036;20,01;8,45;5,98;4,71;4,61
30/12/2016;40;CABRA;2920;5,1;14;6,8;1,032;15,45;5,89;3,74;4,97;2,83
30/12/2016;41;CABRA;4360;6;14;6,83;1,032;14,5;5,32;3,52;4,95;2,64
30/12/2016;43;CABRA;2520;5;14;7,8;1,032;15,57;5,91;4,08;4,88;3,06
30/12/2016;43;OVEJA;1500;5;18;6,82;1,036;18,73;7,27;5,92;4,77;4,59
30/12/2016;32;VACA;25140;4,9;15;6,82;1,03;12,65;3,65;3,36;4,9;2,39
30/12/2016;39;CABRA;1540;5;14;6,81;1,032;16,01;6,32;4,08;4,72;3,07
30/12/2016;39;OVEJA;3300;5,6;19;6,79;1,036;18,75;7,54;5,55;4,79;4,43
30/12/2016;42;OVEJA;8560;6;20;6,82;1,036;19,8;8,48;5,68;4,67;4,47
30/12/2016;42;CABRA;6020;5;14;6,82;1,032;15,13;5,5;3,8;4,74;3,1
30/12/2016;1;CABRA;25840;4;14;6,82;1,032;15,35;6,06;3,73;4,81;2,73
30/12/2016;37;CABRA;1000;5;14;6,82;1,032;15,53;5,95;4,07;4,82;3,08
30/12/2016;26;VACA;6420;6;15;6,8;1,03;12,41;3,43;3,28;4,83;2,29
30/12/2016;25;VACA;23440;4,5;15;8,1;1,03;13,36;4,19;3,46;4,88;2,48
30/12/2016;18;VACA;26540;4;16;7,5;1,03;12,84;3,43;3,61;5,04;2,6
30/12/2016;38;CABRA;8720;6;14;6,82;1,032;14,75;5,5;3,76;4,74;2,82
30/12/2016;38;OVEJA;3800;5;20;6,8;1,036;17,53;6,49;5,38;4,91;4,31
30/12/2016;36;CABRA;10160;4,3;14;6,81;1,032;15,39;6,12;3,73;4,79;2,76
30/12/2016;24;VACA;18120;6;15;6,82;1,03;12,39;3,59;3,26;4,73;2,25
31/12/2016;1;CABRA;25220;3,4;14;6,84;1,032;14,77;5,39;3,81;4,9;2,86
31/12/2016;21;VACA;24920;3,5;15;6,81;1,03;12,98;3,83;3,35;4,94;2,41
31/12/2016;20;VACA;23100;4,8;14;6,85;1,03;12,48;3,51;3,32;4,84;2,34
31/12/2016;26;VACA;6560;5;16;6,82;1,03;12,54;3,53;3,32;4,82;2,36
31/12/2016;40;CABRA;1720;4,6;14;6,81;1,032;15,74;6,38;3,8;4,73;2,84
31/12/2016;40;OVEJA;8200;5,6;20;6,8;1,036;19,22;7,81;5,67;4,85;4,43
31/12/2016;32;VACA;18940;5,5;15;6,78;1,03;12,3;3,45;3,19;4,81;2,24
31/12/2016;41;CABRA;2740;4,7;14;6,8;1,032;15,03;5,65;3,62;4,85;2,81
31/12/2016;41;OVEJA;2720;6;20;8,2;1,036;19,14;7,84;5,81;4,72;4,48
31/12/2016;29;VACA;17500;3;15;6,82;1,03;12,59;3,81;3,39;4,57;2,35
31/12/2016;29;VACA;12480;4;15;6,82;1,03;12,41;3,65;3,2;4,73;2,25
31/12/2016;1;OVEJA;25940;3;18;6,75;1,036;17,84;6,82;5,29;4,87;4,2
31/12/2016;38;CABRA;660;5;14;6,82;1,032;15,43;5,95;3,97;4,75;3
31/12/2016;42;CABRA;1780;5;14;6,82;1,032;14,84;5,57;3,82;4,7;2,84
31/12/2016;42;OVEJA;3940;5;20;6,82;1,036;18,69;6,78;6,17;4,86;4,79
31/12/2016;25;VACA;24520;6,5;15;6,82;1,03;13,23;4,09;3,44;4,86;2,48
31/12/2016;46;OVEJA;8740;5,7;20;6,76;1,036;18,12;7,21;5,35;4,71;4,22
31/12/2016;1;OVEJA;8980;5;20;6,75;1,036;17,24;6,74;5,03;4,61;3,88
01/01/2017;22;VACA;24940;6,7;15;6,84;1,03;12,67;3,64;3,3;4,94;2,39
01/01/2017;35;VACA;15700;4,7;15;6,85;1,03;12,93;3,94;3,37;4,85;2,4
01/01/2017;35;VACA;8920;5;15;6,85;1,03;12,3;3,47;3,34;4,79;2,36
01/01/2017;20;VACA;19720;5,1;15;8,2;1,03;12,52;3,53;3,36;4,87;2,37
01/01/2017;23;VACA;24760;5;14;6,82;1,03;12,75;3,66;3,31;5;2,36
01/01/2017;21;VACA;27540;2,6;15;6,8;1,03;13,02;3,9;3,37;4,9;2,4
01/01/2017;32;VACA;19560;1,5;15;8,2;1,03;12,77;3,74;3,37;4,88;2,37
01/01/2017;1;CABRA;5680;5,6;14;6,8;1,032;15,22;5,78;3,71;4,92;2,82
01/01/2017;42;OVEJA;9100;5,1;20;6,78;1,036;20,08;8,71;5,86;4,64;4,59
01/01/2017;25;VACA;23260;7,2;15;6,82;1,03;13,4;4,21;3,5;4,87;2,5
01/01/2017;37;CABRA;1120;5,5;14;6,83;1,032;15,4;5,81;4,07;4,85;3,11
01/01/2017;26;VACA;7780;4,2;15;6,83;1,03;12,59;3,56;3,37;4,82;2,35
02/01/2017;21;VACA;25340;3;15;6,81;1,03;13;3,88;3,35;4,91;2,46
02/01/2017;29;VACA;15580;6;15;6,82;1,03;12,91;4,05;3,55;4,44;2,46
02/01/2017;29;VACA;6880;5;15;6,82;1,03;12,69;3,82;3,36;4,66;2,37
02/01/2017;41;CABRA;4220;5;14;6,83;1,032;14,89;5,55;3,66;4,94;2,8
02/01/2017;40;OVEJA;9240;6;19;6,79;1,036;19,49;8,02;5,83;4,8;4,53
02/01/2017;40;CABRA;2960;5,7;14;6,8;1,032;15,53;5,93;3,79;4,97;2,88
02/01/2017;30;VACA;25880;4,5;15;6,82;1,03;12,33;3,37;3,36;4,79;2,36
02/01/2017;24;VACA;26000;5,7;15;6,79;1,03;12,32;3,47;3,28;4,8;2,36
02/01/2017;26;VACA;5260;4;15;6,81;1,03;12,42;3,49;3,33;4,81;2,35
02/01/2017;39;CABRA;1780;5,5;13;6,83;1,032;15,38;5,95;3,79;4,84;2,88
02/01/2017;39;OVEJA;4800;5,3;20;6,78;1,036;18,83;7,52;5,61;4,8;4,46
02/01/2017;43;CABRA;1880;4,4;14;6,8;1,032;15,62;5,85;4,11;4,95;3,13
02/01/2017;38;CABRA;640;6,6;13;6,85;1,032;15,47;6;3,93;4,76;3
02/01/2017;25;VACA;21760;6,6;16;6,77;1,03;13,35;4,14;3,54;4,89;2,61
02/01/2017;18;VACA;25080;4;15;6,82;1,03;12,84;3,51;3,59;4,98;2,63
02/01/2017;42;CABRA;2840;5;14;6,8;1,032;15,1;5,65;4,03;4,72;3,01
02/01/2017;42;OVEJA;4180;6;18;6,78;1,036;18,76;6,71;6,39;4,84;4,96
02/01/2017;38;OVEJA;5380;6;20;6,8;1,036;17,44;6,34;5,36;4,97;4,31
02/01/2017;38;CABRA;10360;5;14;6,8;1,032;15,28;5,98;3,8;4,72;2,85
02/01/2017;47;OVEJA;8540;5;18;6,82;1,036;18,74;7,46;5,61;4,83;4,48
02/01/2017;1;OVEJA;8000;6;20;6,82;1,036;18,02;7,27;5,28;4,6;4,08
02/01/2017;18;VACA;24840;4;15;6,8;1,03;12,89;3,78;3,4;4,97;2,49
02/01/2017;36;CABRA;9920;4,8;14;6,81;1,032;15,06;5,79;3,76;4,79;2,86
02/01/2017;32;VACA;19540;5,6;15;6,8;1,03;12,33;3,51;3,23;4,77;2,32
02/01/2017;18;VACA;25820;4,4;15;6,78;1,03;12,84;3,44;3,63;5,03;2,65
03/01/2017;1;CABRA;24680;4;15;6,83;1,032;14,78;5,43;3,86;4,87;2,88
03/01/2017;21;VACA;21480;2,6;15;6,83;1,03;13,06;3,92;3,4;4,93;2,44
03/01/2017;18;VACA;25500;3,8;15;6,82;1,03;12,48;3,51;3,43;4,78;2,42
03/01/2017;41;OVEJA;5500;5;18;6,81;1,036;20,02;8,52;6;4,69;4,64
03/01/2017;29;VACA;17720;3,8;15;6,84;1,03;12,95;4,11;3,58;4,38;2,51
03/01/2017;29;VACA;5540;4;15;6,84;1,03;12,53;3,79;3,25;4,67;2,3
03/01/2017;32;VACA;30880;3;15;6,82;1,03;12,86;3,75;3,43;4,96;2,45
03/01/2017;24;VACA;22160;5,1;15;6,82;1,03;12,55;3,69;3,22;4,84;2,32
03/01/2017;43;OVEJA;3520;4,6;18;6,79;1,036;18,59;7,39;5,82;4,62;4,5
03/01/2017;43;CABRA;3240;5;14;6,78;1,032;15,3;5,85;4,04;4,76;2,99
03/01/2017;42;OVEJA;8320;5,7;18;6,79;1,036;20,07;8,62;5,95;4,67;4,66
03/01/2017;42;CABRA;4020;6;14;6,79;1,032;15,39;5,73;3,98;4,99;2,97
03/01/2017;37;CABRA;1040;6;14;6,78;1,032;15,67;6,03;4,2;4,79;3,19
03/01/2017;25;VACA;21720;6;14;6,79;1,03;13,55;4,32;3,52;4,89;2,55
03/01/2017;26;VACA;6740;5;15;7,9;1,03;12,43;3,5;3,29;4,84;2,35
03/01/2017;38;CABRA;4640;6;14;7,7;1,032;15,42;6,09;3,84;4,78;2,87
03/01/2017;38;OVEJA;1780;5;18;7,7;1,036;17,3;6,3;5,33;4,94;4,35
03/01/2017;18;VACA;25540;5;15;6,82;1,03;12,99;3,61;3,58;5;2,6
03/01/2017;1;CABRA;24660;4;14;6,82;1,032;15,47;6,07;3,77;4,91;2,82
03/01/2017;1;OVEJA;14240;3,3;18;6,8;1,036;17,99;7,23;5,22;4,71;4,07
03/01/2017;18;VACA;26100;6;15;6,78;1,03;13,05;3,6;3,63;5;2,66
04/01/2017;21;VACA;25620;4;15;6,83;1,03;12,86;3,77;3,34;4,91;2,41
04/01/2017;1;CABRA;6640;0;0;0;1,032;NA;NA;NA;NA;NA
04/01/2017;18;VACA;25940;6;14;6,74;1,03;12,52;3,21;3,5;4,87;2,7
04/01/2017;18;VACA;25080;4;15;6,78;1,03;12,94;3,51;3,62;5,03;2,63
04/01/2017;18;VACA;26120;4,8;16;6,81;1,03;12,87;3,68;3,52;4,9;2,51
04/01/2017;26;VACA;5940;6;15;6,82;1,03;12,22;3,38;3,25;4,79;2,29
04/01/2017;29;VACA;16160;3,5;15;6,85;1,03;13,07;4,26;3,62;4,26;2,56
04/01/2017;29;VACA;8060;6,1;15;6,85;1,03;12,25;3,57;3,21;4,7;2,25
04/01/2017;41;CABRA;4780;5,6;14;6,84;1,032;14,71;5,4;3,47;4,7;2,93
04/01/2017;40;OVEJA;4580;6,2;18;6,8;1,036;19,06;7,74;5,63;4,78;4,46
04/01/2017;40;CABRA;3600;5;14;6,8;1,032;15,46;6,01;3,84;4,84;2,89
04/01/2017;39;CABRA;1420;5;14;6,78;1,032;16,43;6,63;4,25;4,74;3,24
04/01/2017;39;OVEJA;3320;5;19;6,77;1,036;18,76;7,56;5,56;4,77;4,43
04/01/2017;32;VACA;19520;5,5;15;6,8;1,03;12,35;3,51;3,21;4,8;2,3
04/01/2017;42;OVEJA;4080;5;20;6,77;1,036;18,96;7,08;6,17;4,83;4,81
04/01/2017;42;CABRA;2460;5;14;6,78;1,032;15,4;5,97;3,88;4,8;2,91
04/01/2017;25;VACA;21240;6;15;6,78;1,03;13,19;4,02;3,48;4,88;2,52
04/01/2017;38;CABRA;620;5;14;6,82;1,032;15,31;5,86;3,94;4,67;3,07
04/01/2017;47;OVEJA;8980;5;18;6,74;1,036;18,39;7,27;5,51;4,79;4,36
04/01/2017;1;OVEJA;15720;6;18;6,75;1,036;18,34;7,41;5,39;4,67;4,19
04/01/2017;1;CABRA;25700;4;14;6,78;1,032;15,38;6,05;3,75;4,86;2,75
04/01/2017;36;CABRA;6140;4;14;6,8;1,032;14,82;5,49;3,78;4,86;2,88
05/01/2017;1;CABRA;25600;4,3;14;6,78;1,032;14,87;5,82;3,67;4,69;2,66
05/01/2017;21;VACA;28120;3,8;15;6,82;1,03;12,81;3,78;3,35;4,89;2,41
05/01/2017;18;VACA;25440;3,6;15;6,79;1,03;12,68;3,5;3,52;4,88;2,47
05/01/2017;29;VACA;16420;3,7;15;6,81;1,03;12,76;3,98;3,43;4,48;2,38
05/01/2017;29;VACA;5460;5,1;14;6,78;1,03;12,44;3,74;3,27;4,65;2,32
05/01/2017;24;VACA;26640;5,1;15;6,84;1,03;12,38;3,54;3,22;4,81;2,24
05/01/2017;32;VACA;25860;3,5;15;6,77;1,03;12,72;3,66;3,4;4,95;2,41
05/01/2017;41;OVEJA;8180;5,4;18;6,79;1,036;19,61;8,29;5,84;4,69;4,5
05/01/2017;42;OVEJA;8620;6;18;6,76;1,036;19,74;8,41;5,8;4,7;4,53
05/01/2017;43;CABRA;1380;5;14;6,79;1,032;15,6;5,81;4,15;4,95;3,14
05/01/2017;25;VACA;21640;6,5;14;6,82;1,03;13,53;4,32;3,48;4,88;2,49
05/01/2017;26;VACA;6780;6;15;6,78;1,03;12,38;3,46;3,26;4,85;2,29
05/01/2017;37;CABRA;1120;6;14;6,82;1,032;15,14;5,6;3,9;4,69;3,18
05/01/2017;30;VACA;22740;4,6;14;6,81;1,03;12,9;4,02;3,33;4,71;2,32
05/01/2017;1;OVEJA;14200;3,5;19;6,77;1,036;18,33;7,46;5,3;4,73;4,16
05/01/2017;38;CABRA;8880;6;14;6,79;1,032;14,96;5,71;3,73;4,77;2,79
05/01/2017;38;OVEJA;4260;5;19;6,79;1,036;17,57;6,49;5,42;4,9;4,34
05/01/2017;1;OVEJA;24260;5;19;6,77;1,036;18,21;7,38;5,33;4,65;4,16
06/01/2017;20;VACA;25200;5,5;15;6,84;1,03;12,49;3,49;3,34;4,9;2,38
06/01/2017;22;VACA;24480;5,4;14;6,85;1,03;12,75;3,77;3,27;4,92;2,36
06/01/2017;21;VACA;27040;4;15;6,83;1,03;12,9;3,76;3,34;4,96;2,44
06/01/2017;23;VACA;23880;5,5;14;6,85;1,03;12,99;3,91;3,3;4,95;2,4
06/01/2017;29;VACA;16160;2,8;14;6,83;1,03;12,5;3,74;3,31;4,63;2,34
06/01/2017;29;VACA;6460;6,3;14;6,84;1,03;12,15;3,51;3,22;4,64;2,3
06/01/2017;41;CABRA;4460;5,7;14;6,81;1,032;14,37;5,06;3,58;5,01;2,77
06/01/2017;40;OVEJA;4020;6,4;18;6,82;1,036;18,8;7,62;5,39;4,87;4,29
06/01/2017;40;CABRA;3160;4,8;13;6,83;1,032;15,28;5,73;3,7;4,66;3,14
06/01/2017;26;VACA;6800;4;15;6,8;1,03;12,35;3,39;3,29;4,85;2,34
06/01/2017;43;CABRA;2660;5,3;13;6,8;1,032;14,94;5,61;3,99;4,72;2,97
06/01/2017;43;OVEJA;3620;4,6;19;8;1,036;18,16;7,04;5,64;4,71;4,41
06/01/2017;32;VACA;19720;5,5;14;6,78;1,03;12,36;3,51;3,19;4,83;2,26
06/01/2017;42;CABRA;4900;5,4;14;6,79;1,032;15,1;5,5;3,97;4,93;2,98
06/01/2017;42;OVEJA;4320;4,7;20;6,77;1,036;18,58;6,81;6,04;4,89;4,74
06/01/2017;38;CABRA;640;4;14;6,78;1,032;15,47;5,98;3,98;4,74;3,06
06/01/2017;25;VACA;21640;5;14;6,78;1,03;13,12;3,92;3,47;4,94;2,49
06/01/2017;47;OVEJA;8760;5,4;20;6,74;1,036;18,45;7,21;5,52;4,91;4,4
06/01/2017;1;CABRA;25620;3;14;6,82;1,032;15,03;5,71;3,75;4,83;2,78
06/01/2017;36;CABRA;10320;5;14;6,83;1,032;15,22;5,95;3,71;4,81;2,8
06/01/2017;1;CABRA;25120;4,2;14;6,81;1,032;14,92;5,56;3,84;4,85;2,85
07/01/2017;22;VACA;23440;5,2;15;6,78;1,03;12,79;3,76;3,3;4,94;2,35
07/01/2017;21;VACA;27920;3,3;15;6,78;1,03;12,96;3,83;3,39;4,94;2,43
07/01/2017;1;CABRA;7660;5,8;14;6,8;1,032;14,96;5,62;3,65;4,9;2,77
07/01/2017;18;VACA;26800;6;15;6,8;1,03;12,63;3,19;3,61;5,06;2,64
07/01/2017;18;VACA;26180;6;15;6,8;1,03;12,69;3,41;3,55;4,96;2,57
07/01/2017;26;VACA;6960;5;15;6,81;1,03;12,49;3,52;3,31;4,84;2,35
07/01/2017;41;OVEJA;8980;5,2;20;6,81;1,036;19,57;8,22;5,8;4,72;4,48
07/01/2017;29;VACA;15020;3,2;15;6,81;1,03;12,25;3,43;3,21;4,53;2,54
07/01/2017;29;VACA;5760;4,3;15;6,84;1,03;12,61;3,81;3,29;4,65;2,28
07/01/2017;24;VACA;22000;5;14;6,8;1,03;12,41;3,55;3,26;4,84;2,33
07/01/2017;32;VACA;24720;3;15;6,81;1,03;12,81;3,71;3,4;4,95;2,42
07/01/2017;39;CABRA;1820;5;14;6,82;1,032;15,03;5,71;3,49;4,57;2,97
07/01/2017;39;OVEJA;4900;5;19;6,77;1,036;18,67;7,43;5,54;4,82;4,42
07/01/2017;25;VACA;22400;3,2;15;6,79;1,03;13,53;4,26;3,53;4,91;2,54
07/01/2017;37;CABRA;1260;5;13;6,8;1,032;15,35;5,84;4,07;4,78;3,08
07/01/2017;42;OVEJA;8020;5,4;18;6,78;1,036;19,9;8,58;5,85;4,66;4,6
07/01/2017;38;CABRA;7720;4,7;14;6,82;1,032;15,44;6,11;3,82;4,72;2,88
07/01/2017;38;OVEJA;4000;4,3;21;6,78;1,036;17,3;6,29;5,34;4,96;4,3
07/01/2017;30;VACA;26220;5,4;15;6,83;1,03;12,51;3,58;3,35;4,79;2,36
08/01/2017;29;VACA;16300;3,7;14;6,86;1,03;12,46;3,64;3,33;4,67;2,33
08/01/2017;29;VACA;7220;4,3;15;6,81;1,03;12,71;4,06;3,14;4,65;2,2
08/01/2017;41;CABRA;4440;6;14;6,85;1,032;14,44;5,17;3,44;4,77;2,96
08/01/2017;40;OVEJA;4900;5,6;20;6,8;1,036;19,22;7,92;5,57;4,8;4,45
08/01/2017;40;CABRA;3020;4,6;14;6,81;1,032;15,31;5,85;3,91;4,76;3,02
08/01/2017;32;VACA;19360;5;15;6,8;1,03;12,33;3,48;3,22;4,82;2,26
08/01/2017;26;VACA;6720;4;15;6,8;1,03;12,52;3,51;3,31;4,87;2,32
08/01/2017;43;CABRA;1300;3,8;14;6,85;1,032;15,69;5,93;4,11;4,91;3,14
08/01/2017;38;CABRA;660;4,4;14;6,83;1,032;15,24;5,82;3,87;4,75;3
08/01/2017;25;VACA;21200;4,6;15;6,82;1,03;13,26;4,04;3,49;4,91;2,52
08/01/2017;42;CABRA;1940;5;14;6,86;1,032;14,95;5,59;3,97;4,62;2,94
08/01/2017;42;OVEJA;4500;4,5;19;6,82;1,036;18,54;6,76;6,01;4,91;4,75
08/01/2017;47;OVEJA;9080;5;20;6,76;1,036;18,5;7,19;5,58;4,89;4,44
08/01/2017;1;OVEJA;7780;3,8;20;6,77;1,036;18;7,2;5,33;4,64;4,2
09/01/2017;35;VACA;14860;5;14;6,82;1,03;12,85;3,94;3,32;4,8;2,37
09/01/2017;35;VACA;6880;5;14;6,82;1,03;12,6;3,7;3,41;4,71;2,45
09/01/2017;21;VACA;26340;3;15;6,79;1,03;13,02;3,93;3,37;4,92;2,45
09/01/2017;41;OVEJA;8580;5;18;6,82;1,036;19,49;8,11;5,79;4,75;4,52
09/01/2017;39;CABRA;1480;4,9;14;6,8;1,032;16,2;6,43;4,2;4,74;3,21
09/01/2017;39;OVEJA;3020;5;18;6,8;1,036;17,79;7,43;4,88;4,56;5,76
09/01/2017;29;VACA;16420;3,7;15;6,81;1,03;12,56;3,71;3,33;4,71;2,38
09/01/2017;29;VACA;3940;4,8;15;6,78;1,03;12,6;3,81;3,29;4,69;2,36
09/01/2017;26;VACA;6840;5;14;6,8;1,03;12,24;3,3;3,24;4,73;2,45
09/01/2017;32;VACA;25180;3,5;14;6,78;1,03;12,76;3,7;3,39;4,94;2,42
09/01/2017;43;OVEJA;4020;4,5;21;6,76;1,036;18,15;6,99;5,66;4,73;4,44
09/01/2017;43;CABRA;2560;5;14;6,82;1,032;15,12;5,65;4,05;4,78;3,05
09/01/2017;42;OVEJA;8560;5;21;6,74;1,036;19,88;8,48;5,83;4,69;4,64
09/01/2017;42;CABRA;5680;5;14;6,8;1,032;15,13;5,61;3,9;4,95;2,92
09/01/2017;24;VACA;12180;4,1;15;6,8;1,03;12,42;3,55;3,21;4,84;2,3
09/01/2017;24;VACA;12300;7;15;6,79;1,03;12,6;3,54;3,34;4,97;2,38
09/01/2017;37;CABRA;1020;4,5;15;6,8;1,032;15,19;5,67;4,07;4,8;3,11
09/01/2017;25;VACA;22080;6,2;16;6,78;1,03;13,56;4,3;3,52;4,87;2,54
09/01/2017;38;CABRA;8700;5,6;14;6,8;1,032;15,09;5,86;3,74;4,66;2,81
09/01/2017;38;OVEJA;3840;5;19;6,79;1,036;NA;NA;NA;NA;NA
09/01/2017;36;CABRA;8840;4,4;13;6,84;1,032;15;5,79;3,74;4,73;2,8
09/01/2017;1;OVEJA;26320;5;20;6,76;1,036;17,81;6,89;5,33;4,73;4,21
09/01/2017;30;VACA;26720;3;15;6,8;1,03;12,68;3,66;3,39;4,83;2,38
10/01/2017;21;VACA;25640;4,6;15;6,8;1,03;12,59;3,68;3,27;4,82;2,37
10/01/2017;1;CABRA;7240;4;15;6,79;1,032;15,14;5,75;3,69;4,93;2,82
10/01/2017;29;VACA;16660;3,5;14;6,85;1,03;12,51;3,67;3,33;4,71;2,38
10/01/2017;29;VACA;6240;4,2;14;6,86;1,03;12,25;3,55;3,21;4,71;2,29
10/01/2017;41;CABRA;4580;5;13;6,85;1,032;14,59;5,32;3,62;4,96;2,81
10/01/2017;40;OVEJA;4640;4;19;6,8;1,036;19;7,72;5,74;4,67;4,49
10/01/2017;40;CABRA;3300;5;14;6,83;1,032;15,46;6,02;3,83;4,84;2,91
10/01/2017;32;VACA;19280;4,5;15;6,8;1,03;12,37;3,53;3,21;4,83;2,29
10/01/2017;26;VACA;7040;4,4;15;6,8;1,03;12,2;3,32;3,28;4,81;2,31
10/01/2017;38;CABRA;820;6,3;14;6,82;1,032;15,82;6,07;4,21;4,77;3,27
10/01/2017;42;CABRA;2200;4,8;14;6,81;1,032;15,28;5,79;3,95;4,8;3
10/01/2017;42;OVEJA;4160;4,5;19;6,79;1,036;18,81;6,87;6,14;4,94;4,85
10/01/2017;25;VACA;21460;5,1;15;6,8;1,03;13,27;4,08;3,49;4,91;2,53
10/01/2017;24;VACA;9100;3,8;15;6,84;1,03;12,48;3,77;3,2;4,72;2,27
10/01/2017;24;VACA;7720;4,5;14;6,86;1,03;12,33;3,45;3,2;4,92;2,3
10/01/2017;47;OVEJA;8780;5,2;20;6,78;1,036;18,34;7,08;5,55;4,9;4,45
10/01/2017;1;OVEJA;6860;7;20;6,77;1,036;18,55;7,45;5,51;4,75;4,34
10/01/2017;1;OVEJA;14200;3,6;19;6,76;1,036;18,39;7,43;5,31;4,8;4,18
11/01/2017;21;VACA;22000;3;15;6,81;1,03;12,86;3,83;3,36;4,85;2,45
11/01/2017;35;VACA;12700;6,1;14;6,85;1,03;12,8;3,93;3,29;4,82;2,37
11/01/2017;35;VACA;8600;4,6;15;6,82;1,03;12,86;3,81;3,52;4,82;2,53
11/01/2017;32;VACA;24620;4,1;15;6,81;1,03;12,73;3,7;3,36;4,94;2,41
11/01/2017;29;VACA;16520;4;14;6,86;1,03;12,49;3,68;3,32;4,68;2,35
11/01/2017;29;VACA;3940;4,2;15;6,82;1,03;12,53;3,71;3,31;4,74;2,37
11/01/2017;26;VACA;7060;4,2;15;6,82;1,03;12,09;3,25;3,26;4,8;2,32
11/01/2017;39;CABRA;1280;4;15;6,8;1,032;15,09;5,72;3,71;4,88;2,86
11/01/2017;39;OVEJA;3440;4;19;6,8;1,036;18,64;7,4;5,56;4,82;4,45
11/01/2017;41;OVEJA;4820;7,4;18;6,84;1,036;19,57;8,22;5,85;4,71;4,53
11/01/2017;42;OVEJA;8140;5,3;20;6,75;1,036;19,87;8,47;5,87;4,73;4,63
11/01/2017;43;CABRA;1380;5,3;14;6,82;1,032;15,67;5,9;4,1;4,93;3,1
11/01/2017;37;CABRA;1220;7,8;14;6,83;1,032;15,27;5,79;4,03;4,78;3,04
11/01/2017;25;VACA;22480;6;16;6,78;1,03;13,48;4,24;3,48;4,87;2,48
11/01/2017;38;CABRA;8240;5;13;6,87;1,032;15,04;5,79;3,72;4,75;2,77
11/01/2017;38;OVEJA;3800;4,5;18;6,85;1,036;17,62;6,55;5,36;4,95;4,32
11/01/2017;1;OVEJA;19640;6;18;6,76;1,036;17,98;7,19;5,23;4,61;4,1
11/01/2017;30;VACA;27140;5;15;6,82;1,03;12,55;3,55;3,38;4,81;2,32
11/01/2017;36;CABRA;5180;5;14;6,82;1,032;15;5,71;3,76;4,76;2,81
12/01/2017;21;VACA;26220;3;15;6,8;1,03;12,6;3,71;3,24;4,81;2,36
12/01/2017;24;VACA;24500;5,3;15;6,83;1,03;12,34;3,38;3,27;4,9;2,37
12/01/2017;40;OVEJA;4240;5,8;18;6,85;1,036;18,51;7,17;5,52;4,97;4,39
12/01/2017;40;CABRA;3120;5;14;6,83;1,032;15,35;5,79;3,8;4,98;2,93
12/01/2017;41;CABRA;4440;5,5;14;6,82;1,032;14,7;5,41;3,62;4,96;2,78
12/01/2017;29;VACA;15500;3,8;14;6,86;1,03;12,52;3,67;3,29;4,67;2,4
12/01/2017;29;VACA;3900;5;14;6,86;1,03;12,23;3,48;3,28;4,64;2,37
12/01/2017;26;VACA;6720;4,1;14;6,85;1,03;12,23;3,32;3,28;4,84;2,36
12/01/2017;32;VACA;19780;5,5;15;6,79;1,03;12,22;3,46;3,16;4,79;2,26
12/01/2017;43;OVEJA;3780;5,4;21;6,77;1,036;17,72;6,56;5,62;4,75;4,43
12/01/2017;43;CABRA;2600;5,5;13;6,84;1,032;15,32;5,55;4,14;4,98;3,2
12/01/2017;38;CABRA;680;6;13;6,85;1,032;15,25;5,84;3,86;4,79;3
12/01/2017;25;VACA;21980;5,6;15;6,79;1,03;13,06;3,94;3,43;4,89;2,47
12/01/2017;42;CABRA;5560;5,3;14;6,82;1,032;15,15;5,61;3,94;4,89;2,92
12/01/2017;42;OVEJA;4080;4,4;19;6,82;1,036;18,69;6,78;6,07;4,97;4,81
12/01/2017;1;OVEJA;14160;3,6;19;6,77;1,036;18,68;7,67;5,42;4,72;4,24
12/01/2017;47;OVEJA;9100;5,5;20;6,77;1,036;18,22;6,99;5,5;4,9;4,39
12/01/2017;1;OVEJA;6160;5;18;6,78;1,036;16,92;6,58;4,98;4,5;3,87
13/01/2017;21;VACA;27100;4;15;6,78;1,03;12,9;3,84;3,35;4,89;2,42
13/01/2017;22;VACA;26320;4,9;15;6,83;1,03;12,77;3,71;3,3;4,99;2,39
13/01/2017;35;VACA;14280;4,8;15;6,82;1,03;12,7;3,83;3,3;4,82;2,38
13/01/2017;35;VACA;7080;4,9;15;6,83;1,03;12,55;3,58;3,42;4,85;2,44
13/01/2017;1;CABRA;7800;6,5;15;6,78;1,032;15,12;5,72;3,68;4,97;2,81
13/01/2017;30;VACA;20100;3,7;14;6,85;1,03;12,58;3,67;3,31;4,76;2,3
13/01/2017;41;OVEJA;9380;4,3;19;6,82;1,036;19,27;8,01;5,65;4,77;4,41
13/01/2017;32;VACA;24660;4;15;6,8;1,03;12,85;3,77;3,34;4,97;2,41
13/01/2017;29;VACA;16560;3,8;14;6,85;1,03;12,44;3,7;3,21;4,66;2,27
13/01/2017;29;VACA;3960;5;14;6,85;1,03;12,56;3,64;3,34;4,77;2,42
13/01/2017;26;VACA;6820;4,3;15;6,82;1,03;12,16;3,21;3,27;4,85;2,35
13/01/2017;39;CABRA;1420;4,7;14;6,84;1,032;15,84;6,15;4,06;4,8;3,12
13/01/2017;39;OVEJA;3120;5,6;19;6,8;1,036;18,49;7,36;5,48;4,79;4,34
13/01/2017;24;VACA;14400;6,3;14;6,86;1,03;12,29;3,65;3,09;4,71;2,2
13/01/2017;24;VACA;3280;5,2;15;6,82;1,03;12,42;3,26;3,39;4,94;2,44
13/01/2017;42;OVEJA;8180;5,3;20;6,78;1,036;19,88;8,55;5,78;4,7;4,57
13/01/2017;37;CABRA;1080;6,5;14;6,83;1,032;15,09;5,56;4,04;4,8;3,08
13/01/2017;25;VACA;23120;6;15;6,8;1,03;13,44;4,22;3,47;4,89;2,51
13/01/2017;38;CABRA;7920;5,2;14;6,83;1,032;15,15;5,81;3,79;4,73;2,85
13/01/2017;38;OVEJA;3940;4,6;19;6,82;1,036;17,13;6,15;5,28;4,94;4,25
13/01/2017;1;CABRA;25600;3;14;6,81;1,032;14,84;5,44;3,89;4,82;2,88
13/01/2017;36;CABRA;10140;4,5;13;6,82;1,032;15,23;5,99;3,73;4,75;2,78
14/01/2017;1;CABRA;25500;5;15;6,82;1,032;15,03;5,85;3,68;4,95;2,79
14/01/2017;21;VACA;26340;3,6;15;6,83;1,03;12,53;3,54;3,29;4,95;2,37
14/01/2017;22;VACA;24500;5,6;15;6,84;1,03;12,9;3,67;3,25;4,81;2,64
14/01/2017;41;CABRA;4360;5;14;6,83;1,032;14,58;5,4;3,49;4,95;2,68
14/01/2017;40;OVEJA;4560;5,5;19;6,82;1,036;18,79;7,61;5,44;4,89;4,28
14/01/2017;40;CABRA;3420;5,3;14;6,83;1,032;15,22;5,78;3,78;4,85;2,88
14/01/2017;29;VACA;17520;4;15;6,83;1,03;12,55;3,75;3,17;4,75;2,24
14/01/2017;29;VACA;4660;5,2;15;6,82;1,03;13,09;4,53;3,15;4,51;2,19
14/01/2017;26;VACA;6780;4;16;6,8;1,03;12,32;3,41;3,27;4,78;2,3
14/01/2017;32;VACA;19020;5;15;6,77;1,03;12,24;3,48;3,13;4,81;2,2
14/01/2017;43;CABRA;1300;5;14;6,84;1,032;15,83;6;4,14;4,95;3,15
14/01/2017;38;CABRA;780;5;14;6,8;1,032;15,09;5,83;3,76;4,73;2,87
14/01/2017;42;CABRA;1480;4;14;6,8;1,032;15,04;5,68;3,89;4,67;2,86
14/01/2017;42;OVEJA;4520;5;19;6,8;1,036;18,78;6,94;5,99;4,99;4,73
14/01/2017;47;OVEJA;8860;5;18;6,77;1,036;18,24;7,03;5,46;4,9;4,33
14/01/2017;1;OVEJA;7400;4;20;6,75;1,036;18,57;7,47;5,49;4,7;4,34
14/01/2017;25;VACA;22300;4,6;15;6,82;1,03;13,17;3,98;3,44;4,95;2,51
15/01/2017;35;VACA;14060;5;15;6,82;1,03;12,71;3,88;3,27;4,78;2,32
15/01/2017;35;VACA;8160;4,2;15;6,84;1,03;12,78;3,8;3,39;4,58;2,32
15/01/2017;21;VACA;26720;3,1;15;6,81;1,03;12,94;3,87;3,35;4,9;2,42
15/01/2017;24;VACA;11780;7;15;6,84;1,03;12,36;3,46;3,28;4,82;2,33
15/01/2017;24;VACA;6140;3,8;15;6,82;1,03;12,71;3,57;3,38;4,94;2,42
15/01/2017;26;VACA;6800;4,9;16;6,82;1,03;12,52;3,51;3,34;4,82;2,39
15/01/2017;41;OVEJA;9460;4,7;20;6,82;1,036;19,49;8;5,68;4,51;4,69
15/01/2017;29;VACA;14120;3,2;14;6,87;1,03;12,44;3,69;3,19;4,71;2,27
15/01/2017;29;VACA;5660;3,5;14;6,86;1,03;12,69;3,81;3,29;4,71;2,37
15/01/2017;32;VACA;24840;3,7;15;6,86;1,03;12,88;3,78;3,37;4,96;2,43
15/01/2017;42;OVEJA;8660;4,6;20;6,76;1,036;19,91;8,46;5,77;4,66;4,64
15/01/2017;42;CABRA;4580;5;14;6,85;1,032;15,15;5,63;3,61;4,69;3,04
15/01/2017;30;VACA;25840;3,5;14;6,88;1,03;12,29;3,25;3,38;4,87;2,36
15/01/2017;39;CABRA;1100;4,8;13;6,85;1,032;15,4;6,62;4,21;4,72;3,2
15/01/2017;39;OVEJA;4620;5,6;19;6,79;1,036;18,78;7,55;5,51;4,76;4,43
15/01/2017;43;OVEJA;4820;6;19;6,79;1,036;17,81;6,78;5,47;4,74;4,29
15/01/2017;43;CABRA;2420;5;14;6,86;1,032;15,29;5,72;4,09;4,78;3,08
15/01/2017;37;CABRA;1180;4;15;6,8;1,032;16,01;6,22;4,28;4,74;3,26
15/01/2017;25;VACA;22100;7,1;15;6,83;1,03;13,58;4,31;3,49;4,9;2,51
15/01/2017;38;CABRA;8220;5,2;13;6,86;1,032;15,59;6,21;3,76;4,78;2,83
15/01/2017;38;OVEJA;3480;4,7;18;6,84;1,036;16,92;5,94;5,23;4,99;4,2
16/01/2017;21;VACA;26860;4;15;6,84;1,03;12,92;3,83;3,32;4,96;2,45
16/01/2017;22;VACA;22560;5,3;15;6,84;1,03;12,69;3,65;3,32;4,97;2,4
16/01/2017;20;VACA;24660;4,8;15;6,8;1,03;12,68;3,59;3,37;4,95;2,44
16/01/2017;1;CABRA;7740;5,3;14;6,85;1,032;15,15;5,76;3,67;4,95;2,79
16/01/2017;41;CABRA;3920;5,6;14;6,8;1,032;14,42;5,26;3,47;4,99;2,68
16/01/2017;40;OVEJA;4540;5,8;20;6,8;1,036;18,4;7,2;5,5;4,9;4,41
16/01/2017;40;CABRA;2980;4,6;14;6,82;1,032;15,25;5,73;3,79;4,95;2,9
16/01/2017;24;VACA;11940;7,4;15;6,82;1,03;12,72;3,82;3,21;4,87;2,34
16/01/2017;24;VACA;3040;7,2;15;6,82;1,03;12,97;3,78;3,42;4,97;2,48
16/01/2017;26;VACA;6720;4,2;15;6,83;1,03;12,45;3,43;3,36;4,84;2,37
16/01/2017;32;VACA;18880;5,5;15;6,82;1,03;12,24;3,46;3,16;4,81;2,26
16/01/2017;42;CABRA;2580;4,2;14;6,83;1,032;15,68;5,99;4,01;4,89;3,08
16/01/2017;42;OVEJA;4120;4;20;6,81;1,036;19,03;7,03;6,08;5,03;4,82
16/01/2017;25;VACA;21800;6;15;6,82;1,03;13,17;3,96;3,46;4,95;2,5
16/01/2017;38;CABRA;720;4,6;13;6,86;1,032;15,34;5,91;3,9;4,78;2,99
16/01/2017;47;OVEJA;8480;5,3;19;6,78;1,036;18,41;7,13;5,53;4,9;4,42
16/01/2017;1;OVEJA;6360;5,8;19;6,77;1,036;18,38;7,33;5,43;4,76;4,28
16/01/2017;36;CABRA;8620;4,8;13;6,86;1,032;15,37;6,02;3,79;4,79;2,82
16/01/2017;1;OVEJA;26200;4;18;6,8;1,036;17,7;6,89;5,15;4,8;4,06
17/01/2017;21;VACA;19580;2,6;15;6,84;1,03;12,63;3,69;3,32;4,79;2,34
17/01/2017;20;VACA;24540;5,5;15;6,84;1,03;12,75;3,69;3,41;4,86;2,43
17/01/2017;22;VACA;24500;2,6;15;6,84;1,03;12,81;3,72;3,31;5;2,43
17/01/2017;26;VACA;6980;4;15;6,82;1,03;12,52;3,5;3,33;4,88;2,36
17/01/2017;41;OVEJA;8080;4,8;18;6,84;1,036;19,52;8,22;5,68;4,77;4,44
17/01/2017;1;CABRA;10800;3;14;6,83;1,032;14,91;5,7;3,76;4,7;2,79
17/01/2017;32;VACA;25240;3,2;15;6,82;1,03;12,72;3,67;3,37;4,91;2,43
17/01/2017;39;CABRA;1500;4,6;14;6,82;1,032;16,07;6,32;4,05;4,83;3,08
17/01/2017;39;OVEJA;3720;5,4;19;6,8;1,036;18,77;7,49;5,53;4,85;4,44
17/01/2017;43;CABRA;1280;4,6;14;6,82;1,032;15,69;5,8;4,18;4,97;3,18
17/01/2017;42;OVEJA;8900;5,3;20;6,78;1,036;19,86;8,4;5,84;4,73;4,65
17/01/2017;37;CABRA;1260;6;14;6,82;1,032;15,49;5,9;4,07;4,78;3,12
17/01/2017;25;VACA;22580;6,5;15;6,82;1,03;13,5;4,28;3,47;4,91;2,53
17/01/2017;38;CABRA;8120;5,2;14;6,83;1,032;15,53;6,12;3,94;4,7;2,93
17/01/2017;38;OVEJA;3980;4,8;18;6,83;1,036;17,23;6,2;5,3;4,95;4,28
17/01/2017;1;OVEJA;13980;4,8;19;6,78;1,036;18,3;7,39;5,24;4,77;4,12
18/01/2017;21;VACA;26200;3,5;15;6,81;1,03;12,37;3,61;3,21;4,77;2,3
18/01/2017;22;VACA;27760;5,3;15;6,83;1,03;12,7;3,63;3,33;5,02;2,42
18/01/2017;20;VACA;24680;4,7;14;6,85;1,03;12,71;3,64;3,37;4,96;2,44
18/01/2017;41;CABRA;5100;4,5;14;6,84;1,032;15,01;5,41;3,76;5,12;2,94
18/01/2017;40;CABRA;3260;4,6;14;6,81;1,032;15,15;5,66;3,81;4,89;2,91
18/01/2017;40;OVEJA;4560;6,1;19;6,82;1,036;18,86;7,45;5,63;4,94;4,46
18/01/2017;32;VACA;18960;5;15;6,8;1,03;12,22;3,43;3,17;4,85;2,27
18/01/2017;24;VACA;16560;6,3;14;6,85;1,03;12,52;3,7;3,2;4,81;2,28
18/01/2017;24;VACA;6320;5,1;15;6,83;1,03;12,73;3,62;3,37;4,92;2,45
18/01/2017;26;VACA;6600;4;15;6,82;1,03;12,48;3,48;3,34;4,82;2,39
18/01/2017;43;OVEJA;4160;4,5;20;6,78;1,036;17,9;6,71;5,67;4,71;4,46
18/01/2017;43;CABRA;2640;5;14;6,85;1,032;15,04;5,47;3,95;4,98;3,01
18/01/2017;38;CABRA;700;4,4;13;6,86;1,032;15,26;5,83;3,87;4,83;2,99
18/01/2017;25;VACA;22100;6;15;6,81;1,03;13,14;3,94;3,46;4,95;2,47
18/01/2017;42;CABRA;5420;5;13;6,86;1,032;15,39;5,78;4;4,93;2,98
18/01/2017;42;OVEJA;4240;4;21;6,78;1,036;18,87;6,93;6,04;5;4,81
18/01/2017;47;OVEJA;8740;5;19;6,8;1,036;18,44;7,1;5,58;4,9;4,43
18/01/2017;1;OVEJA;6660;4,7;19;6,8;1,036;18,01;7,06;5,41;4,69;4,2
18/01/2017;36;CABRA;5240;4;13;6,86;1,032;15,08;5,72;3,79;4,84;2,87
19/01/2017;21;VACA;26860;2,7;15;6,81;1,03;12,86;3,82;3,35;4,92;2,44
19/01/2017;26;VACA;6760;5,8;15;6,8;1,03;12,55;3,57;3,31;4,81;2,37
19/01/2017;1;CABRA;8060;5,2;14;6,81;1,032;15,17;5,74;3,7;5,01;2,83
19/01/2017;41;OVEJA;6420;6;20;6,82;1,036;19,66;8,22;5,86;4,73;4,56
19/01/2017;32;VACA;25100;4,5;15;6,81;1,03;12,79;3,69;3,42;4,97;2,47
19/01/2017;42;OVEJA;7780;5;20;6,81;1,036;20,12;8,59;5,96;4,68;4,71
19/01/2017;39;CABRA;1160;5;14;6,81;1,032;15,54;6,07;3,78;4,9;2,89
19/01/2017;39;OVEJA;4040;5,5;19;6,8;1,036;18,74;7,44;5,56;4,87;4,46
19/01/2017;37;CABRA;1820;4;15;6,8;1,032;15,9;6,2;4,14;4,83;3,13
19/01/2017;25;VACA;22220;5,6;15;6,81;1,03;13,48;4,25;3,5;4,92;2,51
19/01/2017;1;OVEJA;13160;3,5;19;6,81;1,036;18,36;7,49;5,33;4,68;4,17
19/01/2017;1;OVEJA;24080;3,8;19;6,8;1,036;17,73;7;5,25;4,62;4,11
19/01/2017;38;OVEJA;4000;4;19;6,82;1,036;17,41;6,27;5,39;4,95;4,32
19/01/2017;38;CABRA;8340;5,5;14;6,84;1,032;15,67;6,15;3,98;4,74;2,98
20/01/2017;21;VACA;25520;5;15;6,8;1,03;12,7;3,7;3,31;4,9;2,39
20/01/2017;22;VACA;21920;6,7;15;6,8;1,03;12,88;3,8;3,38;4,92;2,43
20/01/2017;20;VACA;25120;4,6;15;6,8;1,03;12,71;3,6;3,39;4,96;2,45
20/01/2017;43;CABRA;1100;4,3;14;6,8;1,032;16;6,14;4,18;4,97;3,18
20/01/2017;41;CABRA;4860;6,3;14;6,8;1,032;15,07;5,6;3,74;4,99;2,89
20/01/2017;32;VACA;19120;5;15;6,8;1,03;12,31;3,47;3,2;4,85;2,29
20/01/2017;24;VACA;14880;6,7;15;6,81;1,03;12,57;3,7;3,24;4,87;2,28
20/01/2017;24;VACA;6360;5,5;15;6,8;1,03;12,77;3,68;3,39;4,94;2,43
20/01/2017;26;VACA;6740;3,8;15;6,8;1,03;12,51;3,52;3,32;4,85;2,37
20/01/2017;40;OVEJA;4380;6;20;6,78;1,036;19,18;7,8;5,64;4,86;4,46
20/01/2017;40;CABRA;2800;4,8;14;6,8;1,032;15,39;5,84;3,8;4,92;2,91
20/01/2017;38;CABRA;760;5,7;14;6,8;1,032;15,41;5,96;3,92;4,8;3,01
20/01/2017;25;VACA;22560;6,1;15;6,82;1,03;13,14;3,93;3,48;4,97;2,5
20/01/2017;47;OVEJA;8480;5,2;20;6,79;1,036;18,7;7,4;5,62;4,86;4,45
20/01/2017;1;OVEJA;6900;6,1;20;6,78;1,036;18,31;7,31;5,53;4,64;4,3
20/01/2017;36;CABRA;9100;4,5;14;6,77;1,032;15,43;6,08;3,79;4,83;2,82
21/01/2017;1;CABRA;25420;3,5;15;6,8;1,032;15,81;6,28;3,85;4,93;2,89
21/01/2017;1;CABRA;22860;3,5;15;6,8;1,032;15,15;5,52;4,01;4,95;3,03
21/01/2017;22;VACA;26260;3,3;15;6,82;1,03;12,63;3,52;3,35;5;2,42
21/01/2017;21;VACA;26720;5,4;15;6,82;1,03;12,84;3,76;3,37;4,95;2,45
21/01/2017;20;VACA;24180;5;15;8,2;1,03;12,93;3,83;3,44;4,91;2,47
21/01/2017;24;VACA;14920;5,8;15;6,84;1,03;12,96;4,07;3,25;4,81;2,32
21/01/2017;26;VACA;7040;5,4;15;6,81;1,03;12,5;3,55;3,25;4,83;2,31
21/01/2017;41;OVEJA;9420;4,7;20;6,82;1,036;19,56;8,15;5,81;4,76;4,51
21/01/2017;32;VACA;24420;5;15;6,81;1,03;12,8;3,73;3,38;4,94;2,38
21/01/2017;43;OVEJA;4860;5;20;6,81;1,036;17,64;6,45;5,71;4,66;4,4
21/01/2017;43;CABRA;2700;6;14;6,83;1,032;15,6;5,87;4,18;4,93;3,11
21/01/2017;39;CABRA;1300;5,8;14;6,84;1,032;16,32;6,44;4,17;4,88;3,18
21/01/2017;39;OVEJA;2300;5,6;19;6,8;1,036;18,64;7,45;5,53;4,81;4,38
21/01/2017;25;VACA;22420;5,3;15;6,83;1,03;13,54;4,3;3,48;4,93;2,49
21/01/2017;37;CABRA;2060;6,4;14;6,8;1,032;15,89;6,16;4,12;4,82;3,11
21/01/2017;42;CABRA;3240;5,4;15;6,82;1,032;15,44;5,89;4,04;4,73;2,97
21/01/2017;42;OVEJA;6420;4,2;19;6,78;1,036;18,9;6,86;6,18;4,97;4,83
21/01/2017;38;CABRA;7320;5,5;14;6,82;1,032;15,61;6,05;3,99;4,78;2,96
21/01/2017;38;OVEJA;3960;4,3;19;6,2;1,036;17,43;6,17;5,48;4,97;4,37
22/01/2017;21;VACA;26760;3,9;15;6,81;1,03;12,92;3,78;3,34;4,97;2,44
22/01/2017;22;VACA;24340;5,4;15;6,83;1,03;12,89;3,84;3,3;4,98;2,39
22/01/2017;1;CABRA;8220;6;14;6,81;1,032;15,31;5,8;3,74;4,99;2,88
22/01/2017;26;VACA;7220;4;15;6,82;1,03;12,29;3,36;3,24;4,87;2,32
22/01/2017;32;VACA;19200;4;15;6,8;1,03;12,3;3,47;3,18;4,81;2,27
22/01/2017;41;CABRA;5100;6;14;6,83;1,032;15,32;5,76;3,82;4,96;2,96
22/01/2017;40;OVEJA;5180;8;21;6,79;1,036;18,95;7,56;5,72;4,77;4,49
22/01/2017;40;CABRA;3240;5;14;6,81;1,032;15,43;5,85;3,85;4,9;2,95
22/01/2017;38;CABRA;620;5,5;14;6,82;1,032;15,26;5,88;3,81;4,8;2,93
22/01/2017;25;VACA;22200;3,8;15;6,82;1,03;13,06;3,84;3,46;4,98;2,49
22/01/2017;42;OVEJA;9360;5;20;6,78;1,036;20,27;8,75;5,89;4,71;4,65
22/01/2017;42;CABRA;4560;4,7;6,8;6,8;1,032;14,99;5,42;3,97;4,88;2,94
22/01/2017;47;OVEJA;8400;5,7;20;6,78;1,036;18,55;7,23;5,59;4,86;4,45
22/01/2017;1;OVEJA;6420;4,4;20;6,77;1,036;18,26;7,34;5,48;4,6;4,27
23/01/2017;21;VACA;26980;3,3;15;6,82;1,03;12,87;3,8;3,37;4,93;2,43
23/01/2017;22;VACA;24460;5;15;6,82;1,03;12,67;3,57;3,35;4,99;2,4
23/01/2017;23;VACA;23860;5;15;6,82;1,03;12,83;3,76;3,29;5;2,35
23/01/2017;24;VACA;17000;6;15;6,82;1,03;12,59;3,76;3,21;4,83;2,32
23/01/2017;24;VACA;6300;5;15;6,82;1,03;12,67;3,58;3,39;4,9;2,4
23/01/2017;26;VACA;6440;4;15;6,82;1,03;12,26;3,46;3,17;4,82;2,23
23/01/2017;41;OVEJA;8320;5;20;6,81;1,036;19,4;8,04;5,78;4,74;4,5
23/01/2017;32;VACA;25060;5;15;6,8;1,03;12,83;3,74;3,41;4,93;2,47
23/01/2017;39;CABRA;1260;5;14;6,82;1,032;15,53;5,99;3,82;4,93;2,92
23/01/2017;39;OVEJA;4520;4,5;20;6,82;1,036;19,05;7,7;5,63;4,88;4,49
23/01/2017;42;OVEJA;7960;5,5;21;6,76;1,036;19,79;8,32;5,89;4,72;4,63
23/01/2017;29;VACA;16400;3,8;15;6,82;1,03;12,6;3,79;3,4;4,63;2,43
23/01/2017;29;VACA;5620;4,7;15;6,82;1,03;12,65;3,87;3,28;4,72;2,34
23/01/2017;43;OVEJA;3120;6;19;6,8;1,036;18,29;6,77;5,89;4,84;4,66
23/01/2017;37;CABRA;1940;6,3;14;6,8;1,032;15,68;6,01;4,13;4,83;3,16
23/01/2017;25;VACA;23140;4,7;15;6,81;1,03;13,39;4,2;3,49;4,91;2,53
23/01/2017;38;OVEJA;3280;4;20;6,76;1,036;17,12;6,06;5,36;4,96;4,32
23/01/2017;38;CABRA;9160;6,2;14;6,8;1,032;15,35;5,86;3,87;4,85;2,93
23/01/2017;36;CABRA;8440;4,8;13;6,86;1,032;15,06;5,73;3,81;4,8;2,85
24/01/2017;18;VACA;24760;5;15;6,8;1,03;11,71;2,26;3,6;5,17;2,64
24/01/2017;22;VACA;24120;5;15;6,8;1,03;12,69;3,66;3,31;4,96;2,38
24/01/2017;23;VACA;22960;3;15;6,8;1,03;12,73;3,6;3,34;5;2,45
24/01/2017;21;VACA;25560;5;15;6,8;1,03;13,01;3,83;3,37;5,01;2,48
24/01/2017;41;CABRA;4720;6,1;14;6,82;1,032;15,11;5,71;3,7;4,97;2,86
24/01/2017;40;OVEJA;4180;6,7;20;6,78;1,036;18,79;7,61;5,48;4,85;4,38
24/01/2017;40;CABRA;3060;5;14;6,8;1,032;15,33;5,73;3,82;4,99;2,96
24/01/2017;43;CABRA;4740;5;14;6,8;1,032;15,54;5,8;4,09;4,95;3,13
24/01/2017;32;VACA;19660;6,4;15;6,82;1,03;12,36;3,5;3,19;4,83;2,31
24/01/2017;29;VACA;15000;3,8;15;6,82;1,03;12,63;3,76;3,36;4,77;2,42
24/01/2017;29;VACA;3940;4;15;6,82;1,03;12,99;4,29;3,11;4,76;2,19
24/01/2017;26;VACA;6860;5;15;6,8;1,03;12,34;3,51;3,16;4,82;2,24
24/01/2017;42;OVEJA;6580;4,5;20;6,77;1,036;18,75;6,75;6,11;5,01;4,83
24/01/2017;42;CABRA;4800;4,5;15;6,78;1,032;15,67;5,93;4,05;4,99;3,06
24/01/2017;25;VACA;22200;5;15;6,8;1,03;13,07;3,85;3,49;4,99;2,55
24/01/2017;38;CABRA;740;6;14;6,8;1,032;15,42;6,01;3,84;4,8;2,95
24/01/2017;1;OVEJA;13620;3,7;21;6,76;1,036;18,21;7,3;5,34;4,77;4,13
24/01/2017;1;OVEJA;4380;5,3;20;6,78;1,036;18,33;7,27;5,43;4,75;4,3
24/01/2017;47;OVEJA;8480;5,6;20;6,78;1,036;18,28;7,05;5,57;4,84;4,42
25/01/2017;21;VACA;21140;3,6;15;6,81;1,03;13,01;3,89;3,39;4,93;2,48
25/01/2017;1;OVEJA;25980;4,6;19;6,81;1,036;17,41;6,73;5,13;4,74;4,02
25/01/2017;1;CABRA;8040;6;15;6,81;1,032;15,12;5,67;3,72;4,97;2,85
25/01/2017;24;VACA;16340;5,5;15;6,85;1,03;12,41;3,62;3,17;4,82;2,26
25/01/2017;24;VACA;9480;5,5;15;6,85;1,03;12,39;3,39;3,32;4,92;2,37
25/01/2017;26;VACA;6520;4,5;15;6,8;1,03;12,46;3,56;3,2;4,85;2,32
25/01/2017;41;OVEJA;7060;5;20;6,82;1,036;19,04;7,73;5,67;4,8;4,45
25/01/2017;32;VACA;25000;4;15;6,8;1,03;12,84;3,75;3,4;4,94;2,42
25/01/2017;39;CABRA;1260;4,6;14;6,8;1,032;16,08;6,26;4,06;4,94;3,15
25/01/2017;39;OVEJA;4640;5;20;6,82;1,036;18,2;7,01;5,38;4,92;4,32
25/01/2017;42;OVEJA;9720;5,3;20;6,77;1,036;19,89;8,41;5,92;4,73;4,66
25/01/2017;25;VACA;23120;5,2;15;6,8;1,03;13,48;4,26;3,48;4,94;2,54
25/01/2017;37;CABRA;2000;6;14;6,8;1,032;15,47;5,9;3,99;4,85;3,05
25/01/2017;38;CABRA;8060;6,5;14;6,82;1,032;15,35;5,89;3,86;4,83;2,97
25/01/2017;1;OVEJA;21220;5;20;6,76;1,036;17,7;7,04;5,23;4,58;4,09
25/01/2017;36;CABRA;7160;4,8;14;6,82;1,032;14,85;5,5;3,77;4,84;2,84
26/01/2017;38;OVEJA;0;7;20;6,8;1,036;NA;NA;NA;NA;NA
26/01/2017;21;VACA;25960;4,5;15;6,82;1,03;13,09;4,02;3,33;4,9;2,4
26/01/2017;40;OVEJA;3940;5;20;6,78;1,036;18,93;7,67;5,59;4,79;4,42
26/01/2017;40;CABRA;3100;5;15;6,83;1,032;15,18;5,61;3,83;4,93;2,95
26/01/2017;41;CABRA;5460;6,8;14;6,84;1,032;15,17;5,7;3,71;4,98;2,87
26/01/2017;32;VACA;19820;6,7;15;6,81;1,03;12,41;3,54;3,21;4,82;2,26
26/01/2017;43;OVEJA;4520;4,8;20;6,78;1,036;17,96;6,48;5,74;4,93;4,57
26/01/2017;25;VACA;22360;5,7;16;6,78;1,03;13,13;3,92;3,46;4,97;2,52
26/01/2017;38;CABRA;640;5;14;6,82;1,032;15,15;5,8;3,78;4,82;2,89
26/01/2017;42;OVEJA;4600;4,8;21;6,76;1,036;18,59;6,62;6,1;4,99;4,84
26/01/2017;42;CABRA;4040;4,7;14;6,78;1,032;15,12;5,77;3,84;4,73;2,86
26/01/2017;1;OVEJA;13980;3,4;20;6,77;1,036;18,45;7,47;5,35;4,75;4,19
26/01/2017;26;VACA;6740;6;15;6,8;1,03;12,76;3,96;3,17;4,79;2,22
26/01/2017;47;OVEJA;8620;6;20;6,78;1,036;18,42;7,13;5,59;4,87;4,44
26/01/2017;1;OVEJA;5580;5,6;21;6,78;1,036;16,79;6,47;5,17;4,34;3,95
27/01/2017;21;VACA;27380;3;15;6,82;1,03;12,87;3,79;3,37;4,92;2,45
27/01/2017;22;VACA;23080;6;15;6,8;1,03;12,85;3,75;3,34;4,98;2,41
27/01/2017;24;VACA;16960;6;15;6,8;1,03;12,46;3,74;3,17;4,78;2,26
27/01/2017;24;VACA;6440;5;15;6,8;1,03;12,45;3,37;3,36;4,98;2,39
27/01/2017;26;VACA;6840;5;15;6,8;1,03;12,22;3,37;3,22;4,82;2,3
27/01/2017;43;CABRA;4380;4,8;15;6,8;1,032;15,53;5,77;4,1;4,95;3,13
27/01/2017;41;OVEJA;9340;4,3;18;6,8;1,036;19,1;7,76;5,72;4,81;4,47
27/01/2017;32;VACA;25220;5,3;15;6,8;1,03;12,85;3,78;3,41;4,93;2,44
27/01/2017;42;OVEJA;9040;5;18;6,8;1,036;17,52;7,03;4,98;4,78;3,75
27/01/2017;42;CABRA;5040;4,5;13;6,79;1,032;19,99;8,62;5,45;4,79;4,43
27/01/2017;39;CABRA;1460;5;14;6,79;1,032;15,85;6,23;3,9;4,89;2,97
27/01/2017;39;OVEJA;4180;4,5;19;6,79;1,036;18,48;7,28;5,44;4,91;4,35
27/01/2017;25;VACA;22820;6;14;6,8;1,03;13,5;4,25;3,48;4,94;2,54
27/01/2017;37;CABRA;2120;6;13;6,8;1,032;15,72;6,07;4,1;4,83;3,13
27/01/2017;1;CABRA;24900;3;14;6,8;1,032;15,56;6,06;3,86;4,87;2,87
27/01/2017;38;CABRA;8860;5;14;6,79;1,032;15,24;5,81;3,84;4,8;2,91
27/01/2017;38;OVEJA;4420;5;19;6,79;1,036;17,59;6,38;5,51;4,91;4,37
27/01/2017;36;CABRA;10120;5;14;6,8;1,032;15,34;6,02;3,74;4,81;2,79
28/01/2017;1;CABRA;25380;3;14;6,81;1,032;14,8;5,37;3,86;4,9;2,9
28/01/2017;21;VACA;26340;2;15;6,82;1,03;12,8;3,61;3,38;5;2,46
28/01/2017;22;VACA;26580;5;15;6,82;1,03;12,78;3,72;3,32;4,98;2,4
28/01/2017;20;VACA;24180;4,9;15;6,82;1,03;12,64;3,51;3,39;5;2,45
28/01/2017;1;CABRA;8200;4;14;6,8;1,032;15,07;5,6;3,72;4,98;2,83
28/01/2017;24;VACA;12560;5;15;6,8;1,03;12,32;3,52;3,17;4,86;2,25
28/01/2017;24;VACA;5920;4;15;6,82;1,03;12,41;3,37;3,37;4,92;2,38
28/01/2017;26;VACA;6000;8;15;6,8;1,03;12,37;3,45;3,23;4,87;2,29
28/01/2017;40;OVEJA;4320;6;18;6,8;1,036;18,83;7,56;5,6;4,79;4,39
28/01/2017;40;CABRA;3000;5;13;6,83;1,032;15,49;5,92;3,82;4,93;2,91
28/01/2017;41;CABRA;5340;7;14;6,84;1,032;15,09;5,63;3,7;4,98;2,86
28/01/2017;32;VACA;19740;6;15;6,82;1,03;12,31;3,49;3,18;4,83;2,24
28/01/2017;25;VACA;22560;5;15;6,8;1,03;13,11;3,86;3,47;5;2,52
28/01/2017;42;CABRA;1180;5;15;6,81;1,032;14,84;5,48;3,97;4,61;2,9
28/01/2017;42;OVEJA;4900;5;20;6,8;1,036;18,2;6,33;6,01;5,03;4,72
28/01/2017;38;CABRA;620;6;14;6,82;1,032;15,22;5,87;3,85;4,76;2,94
28/01/2017;47;OVEJA;8720;5;20;6,77;1,036;18,58;7,23;5,61;4,91;4,44
28/01/2017;1;OVEJA;5960;3,8;21;6,75;1,036;18,97;7,68;5,64;4,76;4,45
29/01/2017;21;VACA;27700;3;15;6,82;1,03;12,81;3,72;3,35;4,95;2,42
29/01/2017;22;VACA;24600;5,5;15;6,82;1,03;12,54;3,44;3,33;5,01;2,4
29/01/2017;41;OVEJA;9660;4,5;20;6,82;1,036;18,88;7,65;5,59;4,81;4,37
29/01/2017;32;VACA;24800;3,4;15;6,83;1,03;12,84;3,73;3,39;4,97;2,41
29/01/2017;26;VACA;6440;3,9;16;6,82;1,03;12,39;3,44;3,26;4,87;2,32
29/01/2017;42;OVEJA;9880;5,4;20;6,83;1,036;20,13;8,69;5,84;4,68;4,57
29/01/2017;39;CABRA;1320;5;14;6,81;1,032;15,86;6,12;3,98;4,93;3,05
29/01/2017;39;OVEJA;3820;5,4;20;6,79;1,036;18,44;7,27;5,39;4,88;4,29
29/01/2017;25;VACA;22940;4;14;6,82;1,03;13,39;4,18;3,46;4,93;2,48
29/01/2017;38;CABRA;7980;6,5;14;6,8;1,032;15,17;5,83;3,75;4,8;2,81
29/01/2017;38;OVEJA;3860;4,6;20;6,75;1,036;17,57;6,39;5,4;5,01;4,32
29/01/2017;37;CABRA;2140;7,5;15;6,78;1,032;15,68;6,08;4,02;4,86;3,04
29/01/2017;43;OVEJA;4100;5;20;6,81;1,036;18,02;6,57;5,77;4,9;4,54
30/01/2017;22;VACA;25260;2,5;15;6,82;1,03;12,16;3,07;3,35;5,04;2,41
30/01/2017;21;VACA;26440;5,8;15;6,82;1,03;12,91;3,76;3,36;4,97;2,44
30/01/2017;20;VACA;24580;4;15;6,82;1,03;12,68;3,57;3,37;4,97;2,39
30/01/2017;23;VACA;23180;5,8;15;6,82;1,03;13,01;3,92;3,33;4,95;2,39
30/01/2017;24;VACA;13000;7;15;6,8;1,03;12,21;3,46;3,19;4,8;2,24
30/01/2017;24;VACA;6200;5,3;15;6,8;1,03;12,54;3,36;3,43;4,99;2,47
30/01/2017;26;VACA;6260;6;15;6,8;1,03;12,2;3,34;3,23;4,85;2,28
30/01/2017;40;OVEJA;4500;6,3;20;6,8;1,036;19,15;7,87;5,65;4,77;4,39
30/01/2017;40;CABRA;3140;5,7;14;6,82;1,032;15,37;5,92;3,8;4,84;2,87
30/01/2017;43;CABRA;4700;5;14;6,82;1,032;15,66;5,85;4,12;4,96;3,14
30/01/2017;32;VACA;19980;5,7;15;6,82;1,03;12,29;3,48;3,16;4,86;2,26
30/01/2017;41;CABRA;5740;5;14;6,8;1,032;14,84;5,55;3,58;4,93;2,74
30/01/2017;38;CABRA;680;5;14;6,82;1,032;15,36;6,03;3,86;4,75;2,94
30/01/2017;25;VACA;22540;4,8;14;6,82;1,03;13,06;3,87;3,42;5;2,45
30/01/2017;42;CABRA;6460;5;14;6,82;1,032;15,22;5,62;3,97;4,93;2,96
30/01/2017;42;OVEJA;4800;4,8;20;6,8;1,036;18,11;6,23;6,03;5;4,75
30/01/2017;47;OVEJA;8460;5,5;20;6,77;1,036;18,62;7,36;5,6;4,86;4,45
30/01/2017;1;OVEJA;5920;6;20;6,78;1,036;18,23;7,15;5,51;4,75;4,33
30/01/2017;18;VACA;26080;6;15;6,8;1,03;12,62;3,25;3,51;5,1;2,53
30/01/2017;1;CABRA;24840;3,5;14;6,82;1,032;15,3;5,83;3,83;4,91;2,88
30/01/2017;36;CABRA;8620;5;14;6,83;1,032;14,9;5,62;3,74;4,8;2,8
30/01/2017;18;VACA;25140;5,4;15;6,8;1,03;12,52;3,15;3,52;5,08;2,5
31/01/2017;20;VACA;19260;5;15;6,82;1,03;12,56;3,49;3,36;4,94;2,43
31/01/2017;22;VACA;24320;5,4;15;6,82;1,03;12,55;3,5;3,3;4,98;2,4
31/01/2017;21;VACA;22400;4;15;6,82;1,03;12,94;3,81;3,38;4,95;2,44
31/01/2017;23;VACA;23520;5;15;6,82;1,03;12,74;3,65;3,31;5,03;2,41
31/01/2017;1;CABRA;8800;6,5;14;6,82;1,032;14,94;5,6;3,64;4,93;2,79
31/01/2017;24;VACA;16260;6;15;6,82;1,03;12,46;3,62;3,2;4,86;2,31
31/01/2017;26;VACA;6340;6;15;6,8;1,03;12,32;3,44;3,19;4,88;2,29
31/01/2017;41;OVEJA;8760;6;20;6,78;1,036;18,77;7,55;5,56;4,86;4,35
31/01/2017;32;VACA;25000;3;15;6,83;1,03;12,74;3,67;3,38;4,96;2,43
31/01/2017;39;CABRA;1520;4;15;6,8;1,032;15,53;6,01;3,78;4,93;2,9
31/01/2017;39;OVEJA;4500;5;20;6,8;1,036;18,24;7,11;5,39;4,86;4,32
31/01/2017;42;OVEJA;9240;5;20;6,77;1,036;19,77;8,36;5,85;4,72;4,59
31/01/2017;25;VACA;23400;5;15;6,81;1,03;13,38;4,18;3,45;4,9;2,52
31/01/2017;37;CABRA;2020;6,8;14;6,8;1,032;15,19;5,73;3,85;4,87;2,94
31/01/2017;38;CABRA;8540;6,8;14;6,81;1,032;15,09;5,7;3,74;4,86;2,84
31/01/2017;38;OVEJA;3220;5,2;20;6,8;1,036;17,5;6,31;5,4;5,06;4,35
31/01/2017;1;OVEJA;13920;4,2;20;6,76;1,036;18,33;7,34;5,36;4,78;4,2
31/01/2017;1;CABRA;12500;5;14;6,8;1,032;15,04;5,61;3,84;4,85;2,89
31/01/2017;18;VACA;24880;3,8;15;6,82;1,03;12,76;3,36;3,49;5,07;2,55
01/02/2017;21;VACA;26020;3;15;6,82;1,03;12,9;3,76;3,34;4,96;2,41
01/02/2017;40;OVEJA;4320;5;19;6,78;1,036;18,82;7,74;5,47;4,7;4,29
01/02/2017;40;CABRA;3100;5;14;6,81;1,032;15,19;5,71;3,77;4,89;2,87
01/02/2017;41;CABRA;6020;6;14;6,82;1,032;14,56;5,3;3,53;4,98;2,74
01/02/2017;32;VACA;19920;5,6;15;6,82;1,03;12,17;3,38;3,14;4,84;2,23
01/02/2017;43;OVEJA;3880;5;20;6,78;1,036;17,7;6,44;5,46;4,98;4,31
01/02/2017;42;OVEJA;4940;5;19;6,8;1,036;18,1;6,28;5,95;5;4,68
01/02/2017;42;CABRA;2140;5;14;6,79;1,032;14,66;5,31;3,79;4,82;2,85
01/02/2017;26;VACA;6420;4;15;6,8;1,03;12,42;3,55;3,18;4,83;2,21
01/02/2017;25;VACA;8880;3,8;15;6,78;1,03;13,56;4,27;3,46;4,97;2,5
01/02/2017;38;CABRA;720;5;14;6,85;1,032;15,04;5,66;3,8;4,83;2,93
01/02/2017;36;CABRA;8700;4;14;6,82;1,032;15,03;5,74;3,67;4,84;2,74
02/02/2017;21;VACA;28380;3,2;15;6,8;1,03;12,69;3,54;3,36;4,97;2,45
02/02/2017;24;VACA;16760;5,7;14;6,8;1,03;12,31;3,59;3,12;4,78;2,19
02/02/2017;24;VACA;7660;6,7;14;6,8;1,03;12,81;3,75;3,34;4,83;2,37
02/02/2017;26;VACA;5820;5;14;6,8;1,03;12,17;3,36;3,16;4,81;2,2
02/02/2017;43;CABRA;4820;5,2;14;6,78;1,032;15,55;5,78;4,1;4,94;3,15
02/02/2017;41;OVEJA;8020;5,8;19;6,8;1,036;18,6;7,53;5,41;4,8;4,25
02/02/2017;32;VACA;24900;3;14;6,8;1,03;12,79;3,74;3,33;4,95;2,36
02/02/2017;39;OVEJA;4300;5;19;6,8;1,036;18,12;7,04;5,32;4,84;4,25
02/02/2017;42;CABRA;5640;5;14;6,8;1,032;15,04;5,42;3,97;4,91;2,96
02/02/2017;42;OVEJA;8880;6;19;6,77;1,036;19,51;8,18;5,64;4,75;4,47
02/02/2017;1;OVEJA;25220;4,5;20;6,75;1,036;17,86;7,03;5,36;4,62;4,14
02/02/2017;25;VACA;13860;4;15;6,8;1,03;12,95;3,82;3,37;4,96;2,43
02/02/2017;37;CABRA;2340;6;14;6,8;1,032;15,28;5,85;3,82;4,84;2,92
02/02/2017;39;OVEJA;5800;4;20;6,8;1,036;18,97;7,73;5,7;4,62;4,4
02/02/2017;38;CABRA;7920;4;14;6,82;1,032;14,71;5,48;3,65;4,82;2,76
02/02/2017;38;OVEJA;3820;5;18;6,77;1,036;17,15;6,14;5,36;4,91;4,26
03/02/2017;39;CABRA;1400;4;15;6,8;1,032;15,41;5,78;3,9;4,85;2,95
03/02/2017;25;VACA;25160;4,2;15;6,8;1,03;13,08;4,08;3,38;4,78;2,38
03/02/2017;21;VACA;27480;3,6;15;6,78;1,03;12,79;3,73;3,31;4,93;2,41
03/02/2017;22;VACA;25320;5,4;15;6,76;1,03;12,3;3,29;3,3;4,95;2,37
03/02/2017;20;VACA;24520;4,7;15;6,79;1,03;12,5;3,46;3,33;4,92;2,39
03/02/2017;1;CABRA;8980;7;14;6,76;1,032;14,63;5,35;3,62;4,93;2,73
03/02/2017;40;OVEJA;4380;6,2;19;6,77;1,036;19,01;8,03;5,4;4,66;4,23
03/02/2017;40;CABRA;3060;5,5;15;6,77;1,032;15,15;5,81;3,79;4,79;2,86
03/02/2017;41;CABRA;5960;6,4;13;6,8;1,032;14,43;5,26;3,52;4,94;2,7
03/02/2017;32;VACA;19240;6,4;15;6,78;1,03;12,12;3,4;3,13;4,78;2,23
03/02/2017;26;VACA;7180;4,3;15;6,78;1,03;12,36;3,59;3,17;4,78;2,23
03/02/2017;25;VACA;14620;6,4;15;6,78;1,03;12,98;3,9;3,38;4,9;2,44
03/02/2017;38;CABRA;620;6,7;14;6,82;1,032;14,77;5,66;3,7;4,71;2,79
03/02/2017;42;CABRA;1980;5;14;6,8;1,032;14,96;5,59;3,94;4,64;2,92
03/02/2017;42;OVEJA;4980;6;18;6,78;1,036;17,91;6,27;5,84;4,96;4,58
03/02/2017;1;CABRA;24760;3,5;14;6,8;1,032;15,12;5,85;3,64;4,87;2,7
03/02/2017;36;CABRA;8840;4,7;14;6,78;1,032;14,91;5,77;3,68;4,73;2,73
03/02/2017;1;CABRA;25040;3,4;14;6,83;1,032;14,79;5,44;3,81;4,84;2,85
04/02/2017;22;VACA;26140;5,4;15;6,82;1,03;12,31;3,26;3,31;4,97;2,37
04/02/2017;21;VACA;28640;3,3;15;6,82;1,03;12,79;3,74;3,35;4,89;2,38
04/02/2017;20;VACA;24640;4;15;6,8;1,03;12,76;3,73;3,37;4,87;2,42
04/02/2017;24;VACA;17020;5,5;15;6,81;1,03;12,36;3,55;3,16;4,86;2,23
04/02/2017;24;VACA;7700;5,2;15;6,82;1,03;12,58;3,58;3,3;4,86;2,32
04/02/2017;26;VACA;5480;4,2;15;6,79;1,03;12,21;3,42;3,19;4,78;2,21
04/02/2017;41;OVEJA;9480;6;20;6,81;1,036;18,4;7,43;5,3;4,81;4,14
04/02/2017;32;VACA;24860;4;15;6,8;1,03;12,64;3,66;3,31;4,91;2,32
04/02/2017;39;CABRA;700;4;15;6,8;1,032;15,54;6,13;3,66;4,95;2,8
04/02/2017;39;OVEJA;4980;4;19;6,8;1,036;18,01;7,01;5,28;4,85;4,22
04/02/2017;42;OVEJA;8920;4;19;6,8;1,036;19,37;8,12;5,69;4,69;4,48
04/02/2017;43;OVEJA;4680;5,2;20;6,8;1,036;17,8;6,82;5,5;4,73;4,28
04/02/2017;25;VACA;20600;5,2;15;6,82;1,03;13,25;4,16;3,43;4,83;2,44
04/02/2017;37;CABRA;2100;5,7;14;6,82;1,032;15,2;5,8;3,86;4,79;2,92
04/02/2017;38;CABRA;7180;6,7;14;6,8;1,032;14,96;5,68;3,71;4,82;2,76
04/02/2017;38;OVEJA;3780;5,1;20;6,8;1,036;16,8;5,77;5,35;4,94;4,24
04/02/2017;39;OVEJA;6120;4;20;6,82;1,036;18,51;7,34;5,55;4,69;4,31
05/02/2017;22;VACA;24800;5,2;15;6,82;1,03;12,56;3,57;3,29;4,94;2,35
05/02/2017;21;VACA;26160;3,8;15;6,81;1,03;12,82;3,74;3,34;4,94;2,41
05/02/2017;43;CABRA;5020;5,3;14;6,81;1,032;15,24;5,6;4,02;4,91;3,05
05/02/2017;40;OVEJA;4480;6,5;19;6,78;1,036;18,72;7,66;5,4;4,76;4,26
05/02/2017;40;CABRA;2900;6;14;6,82;1,032;15,18;5,74;3,77;4,86;2,86
05/02/2017;41;CABRA;6140;7,5;14;6,83;1,032;14,38;5,22;3,51;4,95;2,67
05/02/2017;32;VACA;19440;6,5;15;6,79;1,03;12,08;3,37;3,14;4,79;2,21
05/02/2017;29;VACA;14840;4,8;15;6,86;1,03;12,59;3,85;3,3;4,57;2,33
05/02/2017;29;VACA;8700;4,7;15;6,85;1,03;12,19;3,51;3,2;4,66;2,26
05/02/2017;26;VACA;7220;4,2;15;6,78;1,03;12,55;3,78;3,16;4,75;2,18
05/02/2017;42;CABRA;6240;5,4;14;6,82;1,032;14,86;5,4;3,93;4,86;2,94
05/02/2017;42;OVEJA;4960;5;20;6,8;1,036;17,91;6,33;5,8;4,98;4,57
05/02/2017;38;CABRA;640;6,2;14;6,84;1,032;14,75;5,55;3,8;4,73;2,88
05/02/2017;25;VACA;15360;5,8;15;6,82;1,03;12,93;3,88;3,38;4,89;2,42
05/02/2017;47;OVEJA;8340;5,5;20;6,8;1,036;18,32;7,16;5,53;4,79;4,36
05/02/2017;1;OVEJA;7820;4,8;20;6,78;1,036;17,11;6,34;5,22;4,73;4,02
06/02/2017;21;VACA;28680;3;15;6,81;1,03;12,86;3,82;3,33;4,91;2,4
06/02/2017;20;VACA;24760;5,2;15;6,84;1,03;12,69;3,69;3,37;4,89;2,42
06/02/2017;22;VACA;25120;5,5;15;6,82;1,03;12,66;3,66;3,28;4,97;2,36
06/02/2017;23;VACA;26200;5,3;15;6,82;1,03;12,58;3,55;3,28;5;2,35
06/02/2017;1;CABRA;9140;7;14;6,8;1,032;14,61;5,35;3,6;4,92;2,73
06/02/2017;41;OVEJA;8940;5;19;6,83;1,036;18,66;7,69;5,31;4,79;4,17
06/02/2017;32;VACA;25260;4;15;76;1,03;12,59;3,65;3,28;4,91;2,33
06/02/2017;24;VACA;13940;4,7;15;6,82;1,03;12,3;3,67;3,13;4,71;2,18
06/02/2017;24;VACA;6260;4,6;15;6,83;1,03;12,51;3,43;3,34;4,94;2,36
06/02/2017;26;VACA;6500;4,1;15;6,8;1,03;12,19;3,39;3,19;4,79;2,21
06/02/2017;29;VACA;15560;4,3;15;6,85;1,03;12,65;3,86;3,29;4,59;2,33
06/02/2017;29;VACA;8080;7;15;6,85;1,03;12,19;3,43;3,18;4,83;2,24
06/02/2017;39;CABRA;640;6;15;6,85;1,032;15,87;6,02;4,08;5,03;3,18
06/02/2017;39;OVEJA;3320;5;20;6,8;1,036;17,97;6,91;5,3;4,88;4,28
06/02/2017;42;OVEJA;9120;5;20;6,78;1,036;19,38;8,12;5,63;4,73;4,45
06/02/2017;37;CABRA;2340;5,5;15;6,86;1,032;15,16;5,73;3,88;4,83;2,94
06/02/2017;38;CABRA;7660;5,7;14;6,84;1,032;14,72;5,54;3,61;4,82;2,71
06/02/2017;38;OVEJA;3780;6,2;19;6,78;1,036;17,16;6,3;5,23;4,9;4,16
06/02/2017;25;VACA;26160;4,8;15;6,8;1,03;13,26;4,15;3,4;4,87;2,44
06/02/2017;36;CABRA;8400;5;15;6,82;1,032;14,34;5,22;3,66;4,73;2,72
07/02/2017;20;VACA;25580;4,9;14;6,86;1,03;12,6;3,59;3,34;4,94;2,41
07/02/2017;21;VACA;26920;3;15;6,81;1,03;12,91;3,81;3,32;4,94;2,42
07/02/2017;22;VACA;24700;5,6;15;6,8;1,03;12,67;3,68;3,27;4,94;2,36
07/02/2017;23;VACA;23360;6,4;15;6,79;1,03;12,79;3,78;3,27;4,92;2,36
07/02/2017;1;VACA;25120;6;15;6,77;1,03;11,93;3,31;3,12;4,75;2,21
07/02/2017;1;VACA;24940;5;15;6,79;1,03;12,44;3,47;3,24;4,96;2,36
07/02/2017;24;VACA;16920;5,6;15;6,78;1,03;12,54;3,6;3,27;4,85;2,3
07/02/2017;26;VACA;6640;5;15;6,8;1,03;12,09;3,32;3,17;4,79;2,2
07/02/2017;1;VACA;25020;6,4;15;6,8;1,03;12,47;3,47;3,24;4,96;2,36
07/02/2017;41;CABRA;6140;6;14;6,86;1,032;14,43;5,36;3,44;4,94;2,63
07/02/2017;32;VACA;19740;6,7;15;6,77;1,03;12,13;3,39;3,13;4,8;2,22
07/02/2017;43;OVEJA;3980;4,7;20;6,81;1,036;17,31;6,29;5,41;4,86;4,28
07/02/2017;42;OVEJA;5240;4,6;19;6,8;1,036;17,83;6,27;5,79;4,97;4,56
07/02/2017;42;CABRA;2260;5;14;6,77;1,032;14,48;5,18;3,83;4,72;2,86
07/02/2017;25;VACA;27440;4;15;6,8;1,03;12,81;3,75;3,36;4,94;2,43
07/02/2017;38;CABRA;640;7,5;14;6,85;1,032;14,83;5,66;3,74;4,73;2,82
07/02/2017;39;OVEJA;8100;5;20;6,82;1,036;18,69;7,67;5,43;4,73;4,26
07/02/2017;40;OVEJA;4820;6,4;19;6,78;1,036;18,81;7,67;5,43;4,78;4,33
07/02/2017;40;CABRA;3340;5,3;15;6,82;1,032;15,22;5,82;3,8;4,82;2,86
08/02/2017;1;CABRA;25260;4,6;14;6,8;1,032;14,35;5,09;3,74;4,87;2,75
08/02/2017;21;VACA;22900;3,6;15;6,81;1,03;12,84;3,76;3,34;4,94;2,42
08/02/2017;43;CABRA;5180;4,6;15;6,84;1,032;15,28;5,6;4,05;4,9;3,07
08/02/2017;41;OVEJA;6560;6;19;6,81;1,036;18,6;7,59;5,42;4,8;4,24
08/02/2017;32;VACA;25500;3;15;6,81;1,03;12,51;3,6;3,28;4,89;2,37
08/02/2017;39;CABRA;720;5,4;14;6,86;1,032;15,56;6,14;3,64;5,07;2,78
08/02/2017;39;OVEJA;4720;6;19;6,83;1,036;17,87;6,89;5,27;4,88;4,23
08/02/2017;42;OVEJA;9240;6;20;6,78;1,036;19,14;7,83;5,72;4,76;4,49
08/02/2017;42;CABRA;5340;4,2;14;6,84;1,032;15,25;5,62;4,03;4,86;3,04
08/02/2017;26;VACA;6640;4,5;15;6,82;1,03;12,23;3,41;3,18;4,79;2,24
08/02/2017;37;CABRA;2120;5;6;6,83;1,032;14,87;5,46;3,84;4,86;2,94
08/02/2017;25;VACA;20460;5,4;15;6,81;1,03;13,35;4,22;3,42;4,87;2,43
08/02/2017;38;CABRA;7800;6;15;6,8;1,032;14,74;5,55;3,69;4,78;2,77
08/02/2017;38;OVEJA;3820;4,5;20;6,8;1,036;17,14;6,25;5,28;4,92;4,21
08/02/2017;36;CABRA;5700;5,2;14;6,8;1,032;14,77;5,58;3,66;4,76;2,72
09/02/2017;21;VACA;26740;3;15;6,82;1,03;12,72;3,65;3,31;4,94;2,39
09/02/2017;22;VACA;22660;5;15;6,82;1,03;12,58;3,6;3,25;4,94;2,31
09/02/2017;1;CABRA;9020;5,6;14;6,82;1,032;14,57;5,32;3,62;4,9;2,75
09/02/2017;40;CABRA;2880;4,5;14;6,8;1,032;15,13;5,68;3,75;4,9;2,87
09/02/2017;24;VACA;16620;5;15;6,84;1,03;12,33;3,61;3,12;4,79;2,2
09/02/2017;24;VACA;7760;4,8;15;6,82;1,03;12,33;3,38;3,23;4,92;2,27
09/02/2017;26;VACA;5620;3,8;15;6,82;1,03;12,17;3,43;3,1;4,77;2,17
09/02/2017;41;CABRA;6060;6,8;14;6,82;1,032;14,32;5,2;3,45;4,92;2,64
09/02/2017;1;VACA;25020;5,4;15;6,81;1,03;12,26;3,29;3,23;4,97;2,37
09/02/2017;1;VACA;24940;5,6;15;6,81;1,03;12,32;3,35;3,23;4,98;2,35
09/02/2017;32;VACA;19500;5,6;15;6,8;1,03;11,47;3,2;2,96;4,51;1,98
09/02/2017;1;VACA;25400;5,7;15;6,82;1,03;12,41;3,42;3,19;5,01;2,31
09/02/2017;25;VACA;22600;5,8;15;6,82;1,03;12,87;3,79;3,37;4,95;2,42
09/02/2017;38;CABRA;720;6;13;6,85;1,032;14,92;5,72;3,77;4,71;2,86
09/02/2017;39;CABRA;1840;5,4;14;6,84;1,032;15,16;5,81;3,7;4,85;2,8
09/02/2017;42;CABRA;2080;5,5;14;6,83;1,032;14,83;5,59;3,87;4,69;2,84
09/02/2017;42;OVEJA;3100;5,3;20;6,83;1,036;18,09;6,62;5,68;4,99;4,46
09/02/2017;1;OVEJA;14120;3,3;18;6,83;1,036;17,64;6,93;5,16;4,8;4,02
10/02/2017;21;VACA;28860;3,5;15;6,82;1,03;12,74;3,69;3,35;4,91;2,38
10/02/2017;22;VACA;26840;5,2;15;6,82;1,03;12,42;3,4;3,29;4,99;2,33
10/02/2017;41;OVEJA;6880;4,8;19;6,82;1,036;18,22;7,3;5,22;4,86;4,14
10/02/2017;32;VACA;25580;2,8;15;6,82;1,03;12,6;3,62;3,32;4,91;2,38
10/02/2017;39;CABRA;1080;4,6;13;6,85;1,032;15,72;6,17;3,89;4,89;2,96
10/02/2017;39;OVEJA;4840;5,6;18;6,84;1,036;18,18;7,17;5,33;4,84;4,26
10/02/2017;26;VACA;6660;4,2;14;6,85;1,03;12,26;3,54;3,09;4,75;2,19
10/02/2017;42;OVEJA;9560;5,5;19;6,84;1,036;19,29;7,99;5,77;4,71;4,5
10/02/2017;25;VACA;22880;6;14;6,8;1,03;13,33;4,21;3,43;4,87;2,45
10/02/2017;43;OVEJA;4020;4,2;18;6,84;1,036;17,79;6,74;5,46;4,85;4,29
10/02/2017;1;CABRA;25200;2,4;14;6,82;1,032;14,1;5,18;3,67;4,64;2,63
10/02/2017;38;CABRA;5360;5,5;14;6,83;1,032;14,64;5,49;3,65;4,82;2,76
10/02/2017;38;OVEJA;3900;4,6;19;6,82;1,036;17,47;6,59;5,32;4,89;4,21
10/02/2017;37;CABRA;2500;4,5;13;6,85;1,032;15,1;5,78;3,83;4,79;2,88
10/02/2017;36;CABRA;8880;4,4;14;6,83;1,032;15,13;5,85;3,77;4,74;2,81
10/02/2017;1;CABRA;25220;3,5;14;6,83;1,032;14,85;5,57;3,7;4,9;2,75
11/02/2017;22;VACA;24700;5,8;15;6,82;1,03;12,55;3,56;3,28;4,95;2,35
11/02/2017;21;VACA;27400;3,6;15;6,82;1,03;12,8;3,72;3,31;4,93;2,39
11/02/2017;43;CABRA;5520;4,3;14;6,85;1,032;15,17;5,53;4,04;4,91;3,08
11/02/2017;29;VACA;16700;3,6;14;6,84;1,03;12,37;3,64;3,36;4,55;2,38
11/02/2017;29;VACA;7240;5;14;6,84;1,03;12,39;3,67;3,21;4,71;2,26
11/02/2017;24;VACA;16980;6,3;15;6,83;1,03;12,19;3,52;3,15;4,77;2,23
11/02/2017;24;VACA;6420;3,9;15;6,8;1,03;12,47;3,43;3,32;4,97;2,39
11/02/2017;26;VACA;5700;4;15;6,81;1,03;12,3;3,52;3,12;4,78;2,21
11/02/2017;41;CABRA;6280;5,6;14;6,83;1,032;14,24;5,22;3,38;4,82;2,66
11/02/2017;40;OVEJA;5580;6;19;6,8;1,036;19,17;8;5,54;4,72;4,36
11/02/2017;40;CABRA;3180;5;14;6,82;1,032;15,25;5,81;3,87;4,84;2,9
11/02/2017;32;VACA;19400;6;15;6,8;1,03;12,22;3,47;3,15;4,78;2,22
11/02/2017;38;CABRA;620;6;13;6,82;1,032;15;5,79;3,83;4,68;2,87
11/02/2017;42;OVEJA;6020;4;18;6,8;1,036;18,14;6,54;5,78;5;4,57
11/02/2017;42;CABRA;4080;6;14;6,82;1,032;15;5,48;3,99;4,89;2,95
11/02/2017;25;VACA;23140;5,3;15;6,8;1,03;12,9;3,76;3,4;4,97;2,42
11/02/2017;47;OVEJA;9180;5;20;6,78;1,036;18,54;7,34;5,6;4,79;4,38
11/02/2017;1;OVEJA;6180;6;20;6,76;1,036;17,6;6,96;5,29;4,57;4
11/02/2017;39;OVEJA;7120;5,2;20;6,77;1,036;18,86;7,75;5,53;4,73;4,3
12/02/2017;22;VACA;25000;5,5;15;6,78;1,03;12,5;3,48;3,29;4,99;2,37
12/02/2017;21;VACA;29280;3,3;16;6,76;1,03;12,82;3,72;3,36;4,94;2,43
12/02/2017;1;CABRA;9280;6,6;15;6,79;1,032;14,75;5,4;3,68;4,96;2,76
12/02/2017;1;VACA;24900;5,7;15;6,8;1,03;12,51;3,55;3,25;4,95;2,35
12/02/2017;1;VACA;24940;5,5;15;6,82;1,03;11,93;3,25;3,16;4,79;2,21
12/02/2017;41;OVEJA;9620;5,5;20;6,82;1,036;18,59;7,56;5,37;4,85;4,22
12/02/2017;29;VACA;17000;4,9;15;6,83;1,03;12,58;3,83;3,46;4,41;2,39
12/02/2017;29;VACA;4780;8,5;15;6,8;1,03;12,55;3,78;3,3;4,64;2,34
12/02/2017;32;VACA;25460;3,8;15;6,81;1,03;12,58;3,65;3,3;4,88;2,35
12/02/2017;39;CABRA;1560;5;14;6,83;1,032;14,9;5,65;3,58;4,96;2,69
12/02/2017;39;OVEJA;4560;4;20;6,82;1,036;17,68;6,68;5,29;4,92;4,26
12/02/2017;26;VACA;6480;4;15;6,79;1,03;12,34;3,59;3,14;4,77;2,21
12/02/2017;25;VACA;23380;6,2;15;6,82;1,03;13,31;4,16;3,44;4,88;2,44
12/02/2017;38;CABRA;6380;5,8;14;6,82;1,032;14,79;5,61;3,64;4,84;2,74
12/02/2017;38;OVEJA;3540;4,7;20;6,81;1,036;16,88;6,05;5,23;4,96;4,17
12/02/2017;42;OVEJA;9500;5,5;19;6,77;1,036;19,09;7,84;5,68;4,74;4,46
12/02/2017;37;CABRA;2100;5;14;6,8;1,032;15,22;5,85;3,88;4,82;2,93
13/02/2017;21;VACA;25340;2;15;6,84;1,03;12,7;3,64;3,33;4,92;2,41
13/02/2017;1;VACA;25120;5,5;15;6,84;1,03;12,68;3,84;3,22;4,87;2,31
13/02/2017;1;VACA;24920;5,5;15;6,84;1,03;12,78;3,93;3,21;4,86;2,3
13/02/2017;1;VACA;25000;5,4;15;6,8;1,03;12,48;3,56;3,22;4,95;2,33
13/02/2017;24;VACA;14860;5,6;15;6,78;1,03;12,29;3,64;3,13;4,71;2,17
13/02/2017;24;VACA;6400;4,2;15;6,82;1,03;12,42;3,42;3,29;4,96;2,36
13/02/2017;26;VACA;6280;4,5;15;6,82;1,03;12,03;3,28;3,17;4,81;2,21
13/02/2017;41;CABRA;6140;5,4;14;6,85;1,032;14,11;5,06;3,45;4,93;2,61
13/02/2017;40;OVEJA;5280;6,4;20;6,8;1,036;18,34;7,24;5,39;4,8;4,24
13/02/2017;40;CABRA;3340;5,7;14;6,83;1,032;15,42;5,89;3,93;4,85;2,95
13/02/2017;32;VACA;19800;7,3;15;6,82;1,03;12,11;3,33;3,16;4,81;2,22
13/02/2017;43;OVEJA;4620;4,2;19;6,84;1,036;17,62;6,66;5,39;4,81;4,2
13/02/2017;42;OVEJA;6260;5;20;6,83;1,036;18,07;6,54;5,75;4,99;4,49
13/02/2017;42;CABRA;4660;5,1;14;6,82;1,032;15,03;5,57;3,89;4,84;2,92
13/02/2017;25;VACA;24220;5,7;15;6,81;1,03;12,68;3,76;3,34;4,79;2,33
13/02/2017;38;OVEJA;660;5,7;19;6,84;1,036;18,24;6,93;5,38;4,93;4,32
13/02/2017;38;CABRA;640;5,6;13;6,86;1,032;14,81;5,7;3,73;4,71;2,78
13/02/2017;47;OVEJA;9100;6;20;6,8;1,036;18,33;7,16;5,58;4,8;4,41
13/02/2017;1;OVEJA;4700;6;21;6,75;1,036;17,8;6,96;5,41;4,66;4,18
13/02/2017;29;VACA;17460;4,1;15;6,84;1,03;12,62;3,88;3,39;4,46;2,36
13/02/2017;29;VACA;5660;7,3;14;6,86;1,03;12,53;3,77;3,22;4,73;2,29
13/02/2017;39;OVEJA;5340;5;18;6,83;1,036;18,78;7,79;5,4;4,74;4,19
13/02/2017;1;CABRA;25200;3;14;6,82;1,032;14,5;5,35;3,68;4,79;2,72
14/02/2017;36;CABRA;3740;4;15;6,8;1,032;15,04;5,75;3,74;4,79;2,81
14/02/2017;21;VACA;23460;3,2;15;6,84;1,03;12,54;3,5;3,36;4,91;2,42
14/02/2017;22;VACA;23240;5,7;15;6,84;1,03;12,7;3,68;3,3;4,98;2,36
14/02/2017;1;VACA;25340;5,2;15;6,82;1,03;12,35;3,39;3,27;4,96;2,41
14/02/2017;1;VACA;25420;5,6;15;6,8;1,03;12,46;3,51;3,27;4,94;2,39
14/02/2017;43;CABRA;5980;4,6;14;6,81;1,032;15,31;5,55;4,11;4,95;3,15
14/02/2017;41;OVEJA;7000;4,6;20;6,82;1,036;18,22;7,12;5,43;4,82;4,26
14/02/2017;32;VACA;25800;3;15;6,84;1,03;12,63;3,64;3,34;4,95;2,39
14/02/2017;26;VACA;6980;4,2;15;6,8;1,03;11,96;3,18;3,15;4,78;2,24
14/02/2017;42;OVEJA;9300;5;20;6,77;1,036;18,97;7,84;5,55;4,73;4,38
14/02/2017;42;CABRA;4760;4,5;14;6,8;1,032;15,39;5,91;3,87;4,69;3,01
14/02/2017;39;CABRA;1560;4,6;13;6,86;1,032;15,13;5,61;3,86;4,92;2,97
14/02/2017;39;OVEJA;4940;5,2;19;6,8;1,036;17,75;6,77;5,26;4,91;4,23
14/02/2017;1;VACA;27680;6,9;15;6,78;1,03;12,26;3,36;3,21;4,93;2,32
14/02/2017;25;VACA;22060;6,3;15;6,84;1,03;13,38;4,26;3,45;4,86;2,48
14/02/2017;37;CABRA;2500;4,4;13;6,86;1,032;15,11;5,71;3,88;4,82;2,94
14/02/2017;38;CABRA;8580;6,6;14;6,83;1,032;14,77;5,59;3,67;4,81;2,74
14/02/2017;38;OVEJA;4220;4,7;19;6,82;1,036;17,24;6,41;5,22;4,91;4,11
14/02/2017;1;OVEJA;17200;4,8;23;6,63;1,036;17,64;6,94;5,17;4,72;4,02
14/02/2017;36;CABRA;5820;0;0;0;1,032;NA;NA;NA;NA;NA
15/02/2017;21;VACA;28500;3,8;15;6,84;1,03;12,63;3,5;3,32;4,99;2,42
15/02/2017;1;CABRA;9380;6,8;15;6,77;1,032;14,48;5,15;3,66;4,98;2,79
15/02/2017;24;VACA;16980;5;15;6,84;1,03;12,24;3,56;3,1;4,76;2,17
15/02/2017;24;VACA;7760;5;15;6,84;1,03;12,02;3,29;3,13;4,79;2,16
15/02/2017;26;VACA;5580;4;15;6,85;1,03;12,44;3,45;3,27;4,95;2,31
15/02/2017;41;CABRA;6240;6;14;6,81;1,032;14,08;5,03;3,46;4,95;2,63
15/02/2017;40;OVEJA;5140;6,6;20;6,8;1,036;18,73;7,6;5,42;4,84;4,28
15/02/2017;40;CABRA;3460;5,2;14;6,82;1,032;15,21;5,75;3,88;4,79;2,9
15/02/2017;32;VACA;20520;6,6;15;6,81;1,03;12,14;3,37;3,16;4,82;2,22
15/02/2017;42;CABRA;1880;4,5;13;6,85;1,032;15,04;5,83;3,6;4,79;2,75
15/02/2017;42;OVEJA;6540;4,7;19;6,84;1,036;17,79;6,32;5,66;5,01;4,45
15/02/2017;39;OVEJA;4080;4,1;18;6,86;1,036;18,15;7,06;5,47;4,77;4,31
15/02/2017;25;VACA;23220;6;15;6,82;1,03;13,01;3,88;3,39;4,92;2,44
15/02/2017;47;OVEJA;9520;5,3;19;6,77;1,036;18,23;7,1;5,55;4,77;4,35
15/02/2017;1;OVEJA;4740;5,7;20;6,74;1,036;17,79;6,96;5,4;4,65;4,15
15/02/2017;38;OVEJA;800;6;20;6,77;1,036;17,84;6,66;5,31;4,92;4,31
15/02/2017;38;CABRA;660;5,5;14;6,78;1,032;14,83;5,71;3,72;4,72;2,8
15/02/2017;36;CABRA;7920;4,4;14;6,8;1,032;15,02;5,74;3,7;4,81;2,76
16/02/2017;21;VACA;29940;3,2;15;6,83;1,03;12,69;3,64;3,33;4,91;2,43
16/02/2017;1;VACA;25380;5,8;15;6,82;1,03;12,47;3,48;3,25;5;2,38
16/02/2017;41;OVEJA;7120;4,3;20;6,8;1,036;19;7,9;5,48;4,78;4,31
16/02/2017;42;OVEJA;9540;4,5;20;6,8;1,036;18,97;7,83;5,54;4,76;4,37
16/02/2017;32;VACA;25900;3,2;15;6,82;1,03;12,57;3,63;3,29;4,92;2,37
16/02/2017;26;VACA;7060;4,4;15;6,83;1,03;12,28;3,47;3,15;4,81;2,24
16/02/2017;1;OVEJA;26900;6;20;6,78;1,036;18;7,16;5,39;4,66;4,15
16/02/2017;39;CABRA;1620;5,4;14;6,8;1,032;15,05;5,72;3,69;4,9;2,8
16/02/2017;39;OVEJA;5020;5,3;20;6,77;1,036;17,47;6,45;5,28;4,96;4,27
16/02/2017;25;VACA;23620;6;15;6,83;1,03;13,27;4,16;3,43;4,88;2,45
16/02/2017;43;OVEJA;4560;4;19;6,8;1,036;17,69;6,63;5,39;4,9;4,26
16/02/2017;37;CABRA;2440;4;14;6,8;1,032;15,08;5,76;3,8;4,8;2,89
16/02/2017;38;CABRA;7780;6;14;6,82;1,032;14,59;5,49;3,59;4,79;2,72
16/02/2017;38;OVEJA;4140;4,8;20;6,77;1,036;17,31;6,51;5,27;4,85;4,17
16/02/2017;1;OVEJA;14180;4,6;20;6,8;1,036;17,63;6,89;5,18;4,8;4,03
17/02/2017;21;VACA;26860;3,2;14;6,85;1,03;12,67;3,61;3,32;4,93;2,4
17/02/2017;22;VACA;25360;5,5;15;6,82;1,03;12,54;3,61;3,25;4,92;2,33
17/02/2017;43;CABRA;5780;4,5;14;6,84;1,032;15,01;5,34;4,06;4,92;3,1
17/02/2017;24;VACA;16780;4,8;15;6,84;1,03;12,18;3,58;3,09;4,7;2,18
17/02/2017;24;VACA;7700;4,5;15;6,84;1,03;12,7;3,74;3,23;4,94;2,27
17/02/2017;26;VACA;5320;4,2;15;6,81;1,03;12,19;3,42;3,16;4,77;2,18
17/02/2017;41;CABRA;6300;5,7;14;6,82;1,032;14,1;5,06;3,45;4,9;2,6
17/02/2017;40;OVEJA;5020;6,8;20;6,8;1,036;18,67;7,63;5,33;4,81;4,25
17/02/2017;40;CABRA;3540;5,8;14;6,82;1,032;15,41;5,86;3,89;4,86;2,95
17/02/2017;32;VACA;20380;5,8;15;6,85;1,03;12,13;3,39;3,14;4,77;2,19
17/02/2017;42;CABRA;8060;4,8;14;6,84;1,032;15,23;5,77;3,89;4,83;2,92
17/02/2017;42;OVEJA;5940;4,5;20;6,83;1,036;17,66;6,2;5,7;4,98;4,52
17/02/2017;25;VACA;23780;5,8;15;6,81;1,03;12,89;3,82;3,58;4,78;2,4
17/02/2017;38;OVEJA;980;6;20;6,82;1,036;17,97;6,91;5,17;4,98;4,15
17/02/2017;38;CABRA;720;5;14;6,84;1,032;15;5,78;3,79;4,69;2,86
17/02/2017;47;OVEJA;9740;5,2;20;6,8;1,036;18,14;7,06;5,54;4,79;4,33
17/02/2017;1;OVEJA;4720;3,8;20;6,78;1,036;17,29;6,57;5,3;4,68;4,05
17/02/2017;39;OVEJA;8400;4,6;20;6,8;1,036;18,57;7,53;5,41;4,78;4,21
17/02/2017;36;CABRA;13080;4;14;6,82;1,032;15,78;6,23;3,9;4,81;2,97
17/02/2017;1;CABRA;25240;3,4;14;6,82;1,032;14,93;5,63;3,66;4,91;2,73
17/02/2017;1;CABRA;15560;4,2;15;6,82;1,032;14,4;5,11;3,77;4,87;2,79
17/02/2017;1;CABRA;9140;5,5;14;6,82;1,032;14,19;4,99;3,74;4,85;2,76
18/02/2017;22;VACA;26660;5,5;15;6,84;1,03;12,61;3,6;3,27;4,95;2,32
18/02/2017;21;VACA;29640;3,3;15;6,84;1,03;12,73;3,68;3,33;4,88;2,39
18/02/2017;1;CABRA;9560;6,6;15;6,83;1,032;14,49;5,19;3,64;4,94;2,74
18/02/2017;41;OVEJA;8980;5,4;20;6,79;1,036;18,44;7,5;5,3;4,81;4,13
18/02/2017;32;VACA;25560;3;15;6,8;1,03;12,64;3,66;3,3;4,94;2,32
18/02/2017;39;CABRA;1660;5;15;6,84;1,032;15,18;5,74;3,79;4,84;2,89
18/02/2017;39;OVEJA;4780;5,5;18;6,82;1,036;17,39;6,44;5,2;4,94;4,16
18/02/2017;1;VACA;27940;6;15;6,83;1,03;12,29;3,34;3,22;4,94;2,3
18/02/2017;42;OVEJA;10060;5,4;20;6,83;1,036;18,95;7,79;5,6;18,95;NA
18/02/2017;25;VACA;22980;6,7;15;6,83;1,03;13,35;4,2;3,42;4,87;2,44
18/02/2017;26;VACA;7720;4,6;16;6,81;1,03;12,55;3,81;3,12;4,75;2,16
18/02/2017;37;CABRA;2820;5;14;6,8;1,032;14,99;5,68;3,82;4,79;2,87
18/02/2017;38;CABRA;7400;4,3;14;6,8;1,032;14,72;5,65;3,58;4,77;2,67
18/02/2017;38;OVEJA;4220;5,3;19;6,8;1,036;17,28;6,42;5,31;4,87;4,18
18/02/2017;21;VACA;26880;3;16;6,78;1,03;12,8;3,75;3,28;4,95;2,3
19/02/2017;41;CABRA;6260;6;14;6,85;1,032;14,08;5,02;3,44;4,92;2,59
19/02/2017;40;OVEJA;5400;5,5;20;6,81;1,036;18,95;7,85;5,35;4,79;4,22
19/02/2017;40;CABRA;3640;5,3;15;6,85;1,032;15,28;5,8;3,87;4,8;2,93
19/02/2017;24;VACA;17000;4,5;15;6,83;1,03;12,56;3,82;3,18;4,7;2,22
19/02/2017;24;VACA;7580;4;15;6,8;1,03;13,14;4,14;3,27;4,88;2,32
19/02/2017;26;VACA;5680;4;15;6,8;1,03;12,5;3,81;3,1;4,69;2,16
19/02/2017;32;VACA;20320;6,8;15;6,84;1,03;12,17;3,39;3,16;4,78;2,2
19/02/2017;29;VACA;5920;5,1;15;6,81;1,03;12,22;3,44;3,22;4,76;2,29
19/02/2017;29;VACA;17740;5,2;15;6,82;1,03;12,49;3,84;3,47;4,21;2,42
19/02/2017;25;VACA;23320;5;15;6,77;1,03;12,86;3,78;3,38;4,9;2,41
19/02/2017;43;OVEJA;4580;5,5;20;6,82;1,036;17,83;6,62;5,57;4,91;4,36
19/02/2017;38;OVEJA;1220;5;20;6,81;1,036;18;6,91;5,11;5,01;4,15
19/02/2017;38;CABRA;760;5;14;6,85;1,032;14,85;5,69;3,77;4,7;2,85
19/02/2017;42;OVEJA;6040;5;20;6,79;1,036;17,75;6,35;5,64;4,95;4,43
19/02/2017;42;CABRA;2880;4;14;6,85;1,032;14,67;5,6;3,64;4,7;2,68
19/02/2017;47;OVEJA;10500;5,4;20;6,84;1,036;18,12;7,03;5,54;4,78;4,36
19/02/2017;1;OVEJA;4840;5;20;6,8;1,036;16,95;6,68;4,99;4,51;3,78
19/02/2017;1;VACA;25460;6,2;15;6,82;1,03;12,34;3,38;3,22;4,95;2,34
20/02/2017;21;VACA;30000;5,8;15;6,85;1,03;12,82;3,77;3,33;4,91;2,42
20/02/2017;22;VACA;22640;2,4;15;6,83;1,03;12,59;3,61;3,26;4,94;2,34
20/02/2017;1;CABRA;22860;5;14;6,81;1,032;14,67;5,58;3,65;4,69;2,67
20/02/2017;43;CABRA;6200;5;14;6,84;1,032;15,41;5,76;4,05;4,87;3,11
20/02/2017;41;OVEJA;9060;4,6;19;6,83;1,036;18,51;7,61;5,32;4,79;4,15
20/02/2017;1;OVEJA;10600;4,7;21;6,76;1,036;16,97;6,63;5,01;4,57;3,83
20/02/2017;48;OVEJA;2700;5;22;6,75;1,036;17,8;6,65;5,36;4,99;4,28
20/02/2017;50;OVEJA;9860;5;22;6,75;1,036;19,16;7,66;5,79;4,86;4,49
20/02/2017;32;VACA;26200;3;15;6,84;1,03;12,54;3,6;3,29;4,91;2,34
20/02/2017;39;CABRA;1760;5,3;14;6,83;1,032;15,02;5,72;3,67;4,87;2,81
20/02/2017;39;OVEJA;5320;5;18;6,83;1,036;17,45;6,56;5,19;4,93;4,19
20/02/2017;42;OVEJA;9540;5,5;20;6,78;1,036;19,15;7,98;5,6;4,71;4,4
20/02/2017;42;CABRA;5140;4,7;14;6,8;1,032;15,07;5,63;3,89;4,87;2,93
20/02/2017;1;VACA;27860;6,6;15;6,81;1,03;12,3;3,38;3,21;4,93;2,31
20/02/2017;25;VACA;23340;6;15;6,83;1,03;13,33;4,2;3,42;4,87;2,5
20/02/2017;26;VACA;7120;4,6;15;6,82;1,03;12,39;3,59;3,15;4,8;2,22
20/02/2017;37;CABRA;2360;5,2;14;6,83;1,032;14,89;5,54;3,8;4,85;2,92
20/02/2017;38;CABRA;7540;5,7;14;6,83;1,032;14,63;5,55;3,61;4,77;2,7
20/02/2017;38;OVEJA;3640;5;19;6,82;1,036;17,03;6,19;5,27;4,94;4,19
20/02/2017;18;VACA;25940;3,8;15;6,83;1,03;12,56;3,3;3,45;5,05;2,51
20/02/2017;18;VACA;25380;4,6;15;6,82;1,03;12,34;3,3;3,4;4,9;2,42
20/02/2017;18;VACA;24320;5,5;15;6,8;1,03;12,64;3,4;3,44;5,08;2,51
20/02/2017;36;CABRA;11240;5,2;14;6,83;1,032;14,94;5,58;3,82;4,78;2,95
21/02/2017;21;VACA;27780;4;15;6,82;1,03;12,24;3,49;3,21;4,75;2,25
21/02/2017;23;VACA;26080;6;15;6,8;1,03;12,6;3,63;3,27;4,92;2,35
21/02/2017;22;VACA;26100;5,5;15;6,82;1,03;12,68;3,67;3,28;4,97;2,34
21/02/2017;1;CABRA;9780;6,3;14;6,84;1,032;14,41;5,15;3,64;4,92;2,74
21/02/2017;18;VACA;24640;4,4;15;6,84;1,03;12,65;3,41;3,44;5,01;2,47
21/02/2017;24;VACA;16900;5,1;14;6,84;1,03;12,18;3,6;3,07;4,7;2,18
21/02/2017;24;VACA;7880;4,5;15;6,82;1,03;12,5;3,56;3,23;4,92;2,33
21/02/2017;26;VACA;5480;4;15;6,82;1,03;12,04;3,37;3,11;4,75;2,18
21/02/2017;41;CABRA;6220;5,8;14;6,8;1,032;13,98;4,95;3,44;4,93;2,63
21/02/2017;32;VACA;20920;6;15;6,83;1,03;12,11;3,34;3,14;4,78;2,25
21/02/2017;40;OVEJA;5220;5,7;18;6,8;1,036;18,5;7,5;5,29;4,83;4,23
21/02/2017;40;CABRA;3720;5,6;14;6,82;1,032;15,22;5,71;3,84;4,9;2,95
21/02/2017;42;CABRA;2660;4,7;14;6,82;1,032;14,87;5,64;3,72;4,79;2,8
21/02/2017;42;OVEJA;6240;4,4;20;6,82;1,036;18,04;6,57;5,7;4,99;4,53
21/02/2017;25;VACA;14660;4;15;6,8;1,03;12,58;3,55;3,34;4,93;2,38
21/02/2017;38;OVEJA;1520;5;20;6,8;1,036;17,65;6,59;5,07;5,08;4,17
21/02/2017;38;CABRA;740;5;14;6,82;1,032;15,04;5,77;3,79;4,73;2,92
21/02/2017;1;OVEJA;17480;5,2;20;6,8;1,036;17,42;6,71;5,12;4,83;4,03
21/02/2017;18;VACA;24980;6;15;6,82;1,03;12,68;3,41;3,44;5,08;2,48
21/02/2017;18;VACA;25520;6;15;6,82;1,03;12,75;3,51;3,41;5,02;2,45
21/02/2017;25;VACA;9020;4;15;6,8;1,03;NA;NA;NA;NA;NA
22/02/2017;21;VACA;24420;4,6;15;6,82;1,03;12,8;3,78;3,33;4,88;2,41
22/02/2017;41;OVEJA;5100;4;19;6,8;1,036;19,64;8,4;5,74;4,63;4,44
22/02/2017;48;OVEJA;2260;5;18;6,8;1,036;17,5;6,41;5,34;4,96;4,27
22/02/2017;50;OVEJA;11620;5;20;6,8;1,036;18,95;7,51;5,74;4,89;4,47
22/02/2017;42;OVEJA;9140;5,2;20;6,8;1,036;19,23;8,06;5,6;4,73;4,34
22/02/2017;32;VACA;25880;3,2;15;6,84;1,03;12,6;3,61;3,33;4,91;2,36
22/02/2017;39;CABRA;1820;5;14;6,82;1,032;15,18;5,77;3,77;4,88;2,9
22/02/2017;39;OVEJA;5100;5;20;6,82;1,036;17,48;6,61;5,17;4,93;4,14
22/02/2017;26;VACA;6860;4,5;15;6,79;1,03;12,19;3,54;3,13;4,76;2,18
22/02/2017;43;OVEJA;4600;3,6;20;6,8;1,036;17,66;6,43;5,35;4,93;4,36
22/02/2017;25;VACA;23360;6;15;6,77;1,03;13,25;4,17;3,4;4,84;2,43
22/02/2017;37;CABRA;2960;5,6;14;6,79;1,032;14,87;5,57;3,79;4,83;2,89
22/02/2017;38;CABRA;7500;6,3;14;6,8;1,032;14,74;5,68;3,6;4,76;2,68
22/02/2017;38;OVEJA;4280;5;20;6,77;1,036;17,07;6,26;5,3;4,86;4,18
22/02/2017;36;CABRA;13060;5,7;13;6,84;1,032;15,25;5,93;3,69;4,82;2,8
23/02/2017;21;VACA;27240;3,8;15;6,84;1,03;12,71;3,67;3,29;4,94;2,34
23/02/2017;22;VACA;23420;5,7;15;6,84;1,03;12,59;3,62;3,23;4,94;2,3
23/02/2017;24;VACA;17000;5;15;6,8;1,03;12,19;3,59;3,08;4,71;2,15
23/02/2017;24;VACA;7820;5;15;6,85;1,03;12,53;3,61;3,22;4,84;2,28
23/02/2017;26;VACA;5440;4,5;15;6,84;1,03;12,11;3,41;3,08;4,73;2,19
23/02/2017;43;CABRA;6780;5;14;6,82;1,032;15,24;5,62;4,03;4,87;3,09
23/02/2017;40;OVEJA;4700;6,5;20;6,8;1,036;18,28;7,38;5,18;4,8;4,1
23/02/2017;40;CABRA;3800;5,4;14;6,78;1,032;15,17;5,71;3,86;4,84;2,93
23/02/2017;29;VACA;15760;4,3;14;6,84;1,03;12,69;4,07;3,47;4,09;2,45
23/02/2017;29;VACA;8300;6;14;6,84;1,03;12,36;3,59;3,21;4,73;2,27
23/02/2017;41;CABRA;6380;6;13;6,8;1,032;13,9;4,91;3,42;4,91;2,6
23/02/2017;32;VACA;20680;5,4;15;6,8;1,03;12,16;3,38;3,14;4,81;2,22
23/02/2017;42;OVEJA;6240;4,7;19;6,83;1,036;17,72;6,36;5,6;4,98;4,42
23/02/2017;42;CABRA;5120;5;14;6,8;1,032;14,93;5,56;3,84;4,85;2,86
23/02/2017;39;OVEJA;3760;6;19;6,82;1,036;18,92;7,78;5,48;4,75;4,29
23/02/2017;25;VACA;24380;6,2;15;6,83;1,03;12,85;3,76;3,35;4,92;2,39
23/02/2017;38;OVEJA;1720;4;19;6,8;1,036;17,43;6,43;4,93;5,15;4,06
23/02/2017;38;CABRA;820;4;15;6,8;1,032;14,67;5,56;3,7;4,71;2,79
23/02/2017;1;OVEJA;14140;4;18;6,82;1,036;17,06;6,63;4,97;4,73;3,87
24/02/2017;22;VACA;26400;5,3;15;6,83;1,03;12,03;3,32;3,15;4,81;2,17
24/02/2017;21;VACA;30200;4;15;6,82;1,03;12,68;3,65;3,31;4,9;2,35
24/02/2017;1;CABRA;9900;6;14;6,78;1,032;14,18;5,05;3,6;4,85;2,69
24/02/2017;48;OVEJA;2260;5,2;22;6,76;1,036;17,7;6,6;5,35;4,95;4,28
24/02/2017;50;OVEJA;12100;4,6;21;6,78;1,036;18,95;7,54;5,66;4,92;4,43
24/02/2017;26;VACA;7200;4,3;15;6,83;1,03;12,17;3,42;3,11;4,78;2,2
24/02/2017;41;OVEJA;8680;4,7;20;6,78;1,036;18,27;7,36;5,3;4,83;4,12
24/02/2017;32;VACA;26140;2,5;15;6,84;1,03;12,59;3,61;3,33;4,91;2,37
24/02/2017;42;OVEJA;10100;5,3;20;6,78;1,036;18,48;7,31;5,58;4,77;4,36
24/02/2017;1;VACA;28080;6;15;6,82;1,03;12,19;3,32;3,2;4,9;2,26
24/02/2017;39;CABRA;1820;5,7;14;6,82;1,032;15,07;5,73;3,7;4,88;2,8
24/02/2017;39;OVEJA;5440;5,6;20;6,8;1,036;17,15;6,33;5,1;4,97;4,1
24/02/2017;1;OVEJA;15820;5,4;19;6,78;1,036;17,41;6,76;5,21;4,67;4,01
24/02/2017;45;CABRA;7720;6;14;6,82;1,032;14,21;4,96;3,76;4,85;2,84
24/02/2017;25;VACA;23220;4;15;6,81;1,03;13,21;4,12;3,42;4,87;2,43
24/02/2017;37;CABRA;2540;5,2;14;6,82;1,032;14,75;5,51;3,75;4,83;2,86
24/02/2017;38;CABRA;7460;5;14;6,8;1,032;14,52;5,41;3,62;4,8;2,71
24/02/2017;38;OVEJA;4400;4,8;20;6,8;1,036;16,99;6,18;5,24;4,91;4,14
24/02/2017;36;CABRA;13100;5,6;14;6,83;1,032;14,94;5,69;3,64;4,83;2,74
24/02/2017;1;CABRA;25060;3,8;14;6,85;1,032;14,98;5,77;3,65;4,85;2,69
25/02/2017;1;CABRA;25140;3,8;14;6,83;1,032;14,52;5,21;3,78;4,9;2,84
25/02/2017;22;VACA;24680;5,2;15;6,83;1,03;12,52;3,56;3,26;4,96;2,32
25/02/2017;21;VACA;27380;4,1;15;6,83;1,03;12,65;3,63;3,3;4,94;2,4
25/02/2017;24;VACA;16900;6,2;15;6,84;1,03;12,26;3,6;3,11;4,77;2,16
25/02/2017;24;VACA;7700;4,2;15;6,84;1,03;12,51;3,56;3,22;4,9;2,28
25/02/2017;26;VACA;5660;4;15;6,81;1,03;12,27;3,52;3,16;4,71;2,22
25/02/2017;41;CABRA;6260;6;14;6,82;1,032;13,77;4,8;3,4;4,9;2,58
25/02/2017;40;OVEJA;5520;6;20;6,8;1,036;18,77;7,69;5,37;4,8;4,24
25/02/2017;40;CABRA;3880;4;15;6,8;1,032;15,31;5,76;3,85;4,9;2,96
25/02/2017;32;VACA;20280;4;15;6,8;1,03;12,1;3,33;3,14;4,8;2,23
25/02/2017;43;OVEJA;5060;5;20;6,82;1,036;17,42;6,28;5,49;4,95;4,31
25/02/2017;42;OVEJA;6280;4,6;20;6,81;1,036;17,58;6,2;5,6;5;4,43
25/02/2017;42;CABRA;3780;5,6;14;6,84;1,032;14,95;5,71;3,65;4,85;2,78
25/02/2017;38;OVEJA;1820;5;20;6,79;1,036;17,06;6,2;4,78;5,2;3,96
25/02/2017;38;CABRA;780;6;14;6,76;1,032;14,78;5,56;3,78;4,75;2,87
25/02/2017;25;VACA;23300;6;15;6,82;1,03;12,64;3,71;3,3;4,85;2,34
25/02/2017;39;OVEJA;8820;4;19;6,82;1,036;18,14;7,29;5,26;4,73;4,09
26/02/2017;21;VACA;30320;4;15;6,8;1,03;12,78;3,69;3,35;4,94;2,39
26/02/2017;22;VACA;24620;5,6;15;6,83;1,03;12,41;3,46;3,27;4,96;2,32
26/02/2017;23;VACA;25640;6;15;6,83;1,03;12,5;3,52;3,25;4,99;2,32
26/02/2017;48;OVEJA;2140;5,5;19;6,78;1,036;17,81;6,73;5,36;4,93;4,28
26/02/2017;50;OVEJA;11980;4,7;20;6,77;1,036;18,78;7,36;5,66;4,93;4,4
26/02/2017;43;CABRA;6960;4,8;15;6,83;1,032;15,04;5,49;3,94;4,89;3
26/02/2017;41;OVEJA;8500;3,9;20;6,84;1,036;18,55;7,62;5,34;4,78;4,15
26/02/2017;29;VACA;16840;4,2;15;6,81;1,03;13,02;4,29;3,63;4,08;2,51
26/02/2017;29;VACA;6640;6;15;6,83;1,03;12,16;3,39;3,22;4,8;2,3
26/02/2017;32;VACA;26220;4;15;6,79;1,03;12,62;3,63;3,34;4,91;2,36
26/02/2017;39;CABRA;2220;5;14;6,86;1,032;15,2;5,78;3,79;4,86;2,89
26/02/2017;39;OVEJA;5240;5;20;6,8;1,036;17,18;6,41;5,06;4,96;4,08
26/02/2017;1;VACA;28000;6,5;15;6,8;1,03;12,2;3,3;3,19;4,94;2,26
26/02/2017;42;OVEJA;9660;5;20;6,8;1,036;18,84;7,76;5,53;4,77;4,34
26/02/2017;42;CABRA;4120;5,5;14;6,86;1,032;14,83;5,46;3,83;4,89;2,88
26/02/2017;26;VACA;7320;4,7;15;6,81;1,03;12,56;3,79;3,14;4,71;2,19
26/02/2017;25;VACA;23860;6;15;6,83;1,03;13,28;4,15;3,42;4,88;2,44
26/02/2017;37;CABRA;2860;5;14;6,83;1,032;14,72;5,45;3,74;4,83;2,85
26/02/2017;38;CABRA;7480;5,5;14;6,84;1,032;14,7;5,61;3,63;4,78;2,71
26/02/2017;38;OVEJA;3740;5,4;19;6,83;1,036;16,67;5,9;5,21;4,95;4,12
26/02/2017;1;OVEJA;16620;3,5;20;6,76;1,036;17,91;7,02;5,37;4,77;4,15
26/02/2017;45;CABRA;8860;5,5;14;6,82;1,032;14,23;4,98;3,75;14,23;2,84
27/02/2017;21;VACA;27680;3;15;6,83;1,03;12,71;3,66;3,3;4,95;2,38
27/02/2017;22;VACA;25280;5;15;6,82;1,03;12,35;3,36;3,29;5;2,31
27/02/2017;1;CABRA;9960;6,7;14;6,83;1,032;13,93;4,91;3,54;4,79;2,61
27/02/2017;23;VACA;25200;5,5;15;6,83;1,03;12,6;3,69;3,23;4,9;2,3
27/02/2017;1;VACA;24860;6;15;6,82;1,03;12,35;3,38;3,24;4,96;2,34
27/02/2017;1;VACA;25400;6;15;6,84;1,03;12,52;3,54;3,26;4,97;2,36
27/02/2017;24;VACA;16600;4,6;15;6,84;1,03;12,09;3,55;3,12;4,6;2,13
27/02/2017;24;VACA;7760;4;15;6,81;1,03;12,4;3,46;3,21;4,94;2,27
27/02/2017;26;VACA;5700;4;15;6,82;1,03;12,21;3,47;3,14;4,71;2,2
27/02/2017;41;CABRA;6260;4,3;14;6,82;1,032;13,84;4,85;3,44;4,87;2,6
27/02/2017;40;OVEJA;5580;6;18;6,79;1,036;18,35;7,34;5,29;4,84;4,13
27/02/2017;40;CABRA;3960;5,4;13;6,86;1,032;15,27;5,82;3,79;4,81;2,89
27/02/2017;32;VACA;20440;6,3;15;6,82;1,03;12,16;3,39;3,15;4,81;2,23
27/02/2017;1;VACA;25120;6;15;6,81;1,03;12,23;3,41;3,2;4,88;2,24
27/02/2017;43;OVEJA;4440;4,8;18;6,83;1,036;17,44;6,39;5,43;4,9;4,27
27/02/2017;42;CABRA;3480;4,6;13;6,82;1,032;14,21;5,09;3,68;4,66;2,75
27/02/2017;42;OVEJA;6540;5;19;6,82;1,036;17,31;5,9;5,61;5,04;4,43
27/02/2017;25;VACA;24200;4,8;15;6,82;1,03;12,91;3,85;3,35;4,91;2,39
27/02/2017;38;CABRA;780;6;14;6,82;1,032;14,75;5,52;3,8;4,72;2,89
27/02/2017;38;OVEJA;1980;6;20;6,82;1,036;17,07;6,27;4,67;5,24;3,82
27/02/2017;1;CABRA;26540;4;14;6,84;1,032;14,3;5,17;3,7;4,79;2,71
27/02/2017;36;CABRA;13000;7;13;6,77;1,032;14,73;5,48;3,63;4,84;2,77
28/02/2017;23;VACA;24000;5,7;15;6,8;1,03;12,39;3,43;3,23;4,99;2,3
28/02/2017;21;VACA;24400;3,9;16;6,76;1,03;12,64;3,67;3,3;4,85;2,36
28/02/2017;1;VACA;24980;6;15;6,79;1,03;12,46;3,49;3,22;4,97;2,32
28/02/2017;1;VACA;25020;6,1;15;6,81;1,03;12,42;3,49;3,22;4,97;2,32
28/02/2017;43;CABRA;4820;5,2;14;6,8;1,032;14,65;5,24;3,8;4,9;2,92
28/02/2017;41;OVEJA;8260;4,5;18;6,8;1,036;18,4;7,39;5,38;4,81;4,16
28/02/2017;50;OVEJA;12220;5;21;6,8;1,036;18,66;7,35;5,6;4,87;4,36
28/02/2017;48;OVEJA;2140;5,6;20;6,8;1,036;17,78;6,69;5,34;4,89;4,24
28/02/2017;1;OVEJA;22720;5,7;20;6,81;1,036;17,6;6,82;5,23;4,79;4,05
28/02/2017;32;VACA;26580;5;15;6,82;1,03;12,6;3,61;3,34;4,95;2,38
28/02/2017;39;OVEJA;8700;4;19;6,8;1,036;17,85;6,99;5,17;4,86;4,11
28/02/2017;42;OVEJA;9880;5,5;20;6,78;1,036;18,8;7,74;5,48;4,77;4,27
28/02/2017;26;VACA;7700;4,3;15;6,82;1,03;12,27;3,49;3,18;4,75;2,23
28/02/2017;1;VACA;27680;4,3;15;6,82;1,03;12,23;3,32;3,19;4,94;2,25
28/02/2017;25;VACA;23700;6,3;15;6,8;1,03;13,28;4,16;3,41;4,87;2,46
28/02/2017;45;CABRA;8220;6,7;14;6,79;1,032;14,08;4,98;3,64;4,79;2,72
28/02/2017;37;CABRA;2940;4;15;6,8;1,032;14,69;5,41;3,74;4,86;2,83
28/02/2017;38;CABRA;7560;4;15;6,8;1,032;14,51;5,42;3,67;4,73;2,72
28/02/2017;38;OVEJA;4300;4,3;20;6,8;1,036;16,92;6,07;5,29;4,91;4,17
28/02/2017;1;OVEJA;17500;6;18;6,8;1,036;17,11;6,58;4,95;4,82;3,85
28/02/2017;21;VACA;26620;3,5;15;6,82;1,03;12,08;3,41;3,2;4,68;2,21
28/02/2017;18;VACA;25140;4;15;6,82;1,03;12,13;3,06;3,41;4,94;2,38
01/03/2017;41;CABRA;6040;5,5;14;6,8;1,032;14,03;5,06;3,39;4,87;2,55
01/03/2017;40;OVEJA;5420;5,8;20;6,84;1,036;18,14;7,3;5,05;4,87;4,03
01/03/2017;40;CABRA;3900;5,3;14;6,8;1,032;15,2;5,74;3,73;4,88;2,85
01/03/2017;24;VACA;16720;5;15;6,84;1,03;12,36;3,66;3,09;4,79;2,16
01/03/2017;24;VACA;7780;5,3;15;6,84;1,03;12,73;3,85;3,17;4,87;2,22
01/03/2017;26;VACA;5440;4;15;6,82;1,03;12,21;3,48;3,15;4,71;2,16
01/03/2017;32;VACA;20800;6;15;6,82;1,03;12,15;3,38;3,15;4,84;2,24
01/03/2017;43;OVEJA;3820;5,1;20;6,81;1,036;17,38;6,29;5,55;4,88;4,39
01/03/2017;25;VACA;23940;4,8;15;6,8;1,03;12,92;3,84;3,34;4,93;2,37
01/03/2017;1;CABRA;24880;4,6;14;6,82;1,032;14,63;5,43;3,63;4,86;2,68
01/03/2017;42;CABRA;8220;4,7;14;6,82;1,032;15,07;5,71;3,83;4,82;2,86
01/03/2017;42;OVEJA;6800;4,5;20;6,81;1,036;17,3;5,91;5,6;5,03;4,43
01/03/2017;39;CABRA;3240;4;14;6,82;1,032;14,9;5,54;3,67;4,93;2,81
01/03/2017;38;CABRA;900;5,6;14;6,8;1,032;14,49;5,33;3,63;4,85;2,77
01/03/2017;38;OVEJA;2020;4;19;6,8;1,036;16,9;6,06;4,55;5,06;3,99
01/03/2017;36;CABRA;12800;5,2;14;6,81;1,032;14,98;5,84;3,56;4,78;2,7
02/03/2017;21;VACA;30120;3,4;15;6,83;1,03;12,59;3,53;3,32;4,95;2,37
02/03/2017;1;CABRA;9300;4;15;6,8;1,032;14,25;5,01;3,63;4,91;2,74
02/03/2017;43;CABRA;5000;5;14;6,84;1,032;14,84;5,39;3,87;4,88;2,95
02/03/2017;41;OVEJA;6720;4,8;20;6,8;1,036;18,7;7,61;5,46;4,78;4,22
02/03/2017;32;VACA;26680;3;15;6,83;1,03;12,44;3,56;3,28;4,88;2,32
02/03/2017;39;OVEJA;8040;7;20;6,8;1,036;17,42;6,52;5,14;4,95;4,13
02/03/2017;26;VACA;7980;4,4;15;6,8;1,03;12,33;3,51;3,16;4,77;2,22
02/03/2017;42;OVEJA;9960;5,5;20;6,78;1,036;18,75;7,67;5,43;4,83;4,26
02/03/2017;25;VACA;23620;4;15;6,8;1,03;13,27;4,14;3,43;4,89;2,47
02/03/2017;37;CABRA;2740;4;15;6,8;1,032;14,64;5,36;3,76;4,84;2,86
02/03/2017;38;CABRA;7440;5;14;6,8;1,032;14,27;5,11;3,73;4,77;2,78
02/03/2017;38;OVEJA;4500;4,8;20;6,8;1,036;17,03;6,06;5,32;5;4,2
03/03/2017;21;VACA;26940;3,1;15;6,8;1,03;12,67;3,64;3,31;4,94;2,39
03/03/2017;24;VACA;16920;5;15;6,82;1,03;12,2;3,54;3,16;4,69;2,18
03/03/2017;24;VACA;7720;7;15;6,82;1,03;12,18;3,25;3,24;4,93;2,3
03/03/2017;26;VACA;5860;4,6;15;6,82;1,03;12,22;3,47;3,15;4,74;2,22
03/03/2017;41;CABRA;6380;5,6;14;6,84;1,032;13,85;4,84;3,41;4,92;2,56
03/03/2017;40;OVEJA;5400;6,3;20;6,79;1,036;18,24;7,34;5,12;4,87;4,07
03/03/2017;40;CABRA;4380;5,4;15;6,81;1,032;15,25;5,85;3,73;4,87;2,84
03/03/2017;32;VACA;20220;5,8;15;6,81;1,03;12,17;3,4;3,14;4,85;2,2
03/03/2017;1;CABRA;24800;3,2;14;6,82;1,032;14,81;5,61;3,62;4,86;2,69
03/03/2017;25;VACA;23500;4;15;6,8;1,03;12,83;3,77;3,34;4,93;2,38
03/03/2017;42;OVEJA;6500;4;19;6,8;1,036;17,31;5,89;5,65;5;4,43
03/03/2017;42;CABRA;3620;3,9;14;6,8;1,032;14,63;5,4;3,69;4,78;2,76
03/03/2017;38;CABRA;880;5;13;6,81;1,032;14,65;5,43;3,82;4,69;2,89
03/03/2017;38;OVEJA;2100;5;20;6,81;1,036;15,87;6;3,99;4,96;4,84
03/03/2017;43;OVEJA;4460;5,4;19;6,79;1,036;17,39;6,24;5,58;4,88;4,4
03/03/2017;39;CABRA;1680;5;14;6,8;1,032;14,76;5,55;3,56;4,86;2,71
03/03/2017;39;OVEJA;6400;5;18;6,8;1,036;18,2;7,44;5,23;4,69;4,03
03/03/2017;36;CABRA;12780;5,5;13;6,84;1,032;14,96;5,78;3,55;4,82;2,72
03/03/2017;1;CABRA;24900;3,2;14;6,84;1,032;14,7;5,62;3,56;4,8;2,63
04/03/2017;22;VACA;25660;4;15;6,8;1,03;12,51;3,53;3,27;4,98;2,3
04/03/2017;21;VACA;30160;3,1;15;6,82;1,03;12,66;3,65;3,3;4,93;2,32
04/03/2017;20;VACA;25500;5,5;15;6,82;1,03;12,68;3,65;3,37;4,9;2,39
04/03/2017;23;VACA;28120;5,5;15;6,82;1,03;12,62;3,6;3,27;5,02;2,3
04/03/2017;43;CABRA;4340;4,5;14;6,81;1,032;14,71;5,31;3,81;4,88;2,9
04/03/2017;48;OVEJA;1780;5;18;6,74;1,036;18,62;7,27;5,6;4,95;4,35
04/03/2017;50;OVEJA;12680;5;18;6,74;1,036;17,78;6,69;5,39;4,91;4,25
04/03/2017;41;OVEJA;3600;5;20;6,8;1,036;18,84;7,85;5,31;4,82;4,14
04/03/2017;32;VACA;27140;3,6;14;6,84;1,03;12,52;3,56;3,33;4,95;2,38
04/03/2017;42;OVEJA;9100;4;20;6,81;1,036;18,81;7,69;5,51;4,86;4,29
04/03/2017;42;CABRA;5140;5;14;6,84;1,032;14,91;5,52;3,87;4,82;2,87
04/03/2017;39;OVEJA;8700;5;20;6,83;1,036;17,19;6,38;5,11;4,94;4,08
04/03/2017;45;CABRA;8320;5;14;6,8;1,032;14,29;5,1;3,67;4,89;2,78
04/03/2017;1;OVEJA;8880;3;18;6,77;1,036;17,66;6,79;5,26;4,87;4,15
04/03/2017;26;VACA;7680;4;15;6,79;1,03;12,56;3,76;3,16;4,73;2,22
04/03/2017;25;VACA;24500;6,2;15;6,8;1,03;13,26;4,14;3,45;4,87;2,47
04/03/2017;37;CABRA;2980;5;13;6,8;1,032;14,67;5,44;3,72;4,85;2,83
04/03/2017;1;CABRA;24480;3;14;6,8;1,032;14,68;5,53;3,61;4,84;2,65
04/03/2017;38;CABRA;7300;5;14;8,83;1,032;14,61;5,5;3,65;4,8;2,72
04/03/2017;38;OVEJA;4500;4,2;18;6,77;1,036;17;6,12;5,31;4,96;4,18
04/03/2017;1;VACA;25160;5,5;15;6,82;1,03;12,22;3,31;3,22;4,92;2,28
04/03/2017;1;CABRA;24960;4;14;6,82;1,03;14,21;5,06;3,72;4,78;2,73
05/03/2017;20;VACA;24500;14,8;15;6,8;1,03;12,55;3,47;3,38;4,95;2,41
05/03/2017;22;VACA;25840;6;15;6,8;1,03;12,31;3,21;3,34;5,04;2,38
05/03/2017;23;VACA;23960;6;15;6,8;1,03;12,69;3,68;3,29;4,94;2,34
05/03/2017;1;CABRA;9880;6;14;6,8;1,032;14,38;5,1;3,66;4,92;2,76
05/03/2017;21;VACA;27360;5;15;6,78;1,03;12,76;3,67;3,33;4,96;2,39
05/03/2017;24;VACA;16860;6,3;15;6,81;1,03;12,04;3,46;3,1;4,69;2,15
05/03/2017;26;VACA;5680;8;16;6,79;1,03;12,35;3,57;3,14;4,75;2,2
05/03/2017;24;VACA;7760;4;15;6,83;1,03;12,55;3,52;3,28;4,96;2,34
05/03/2017;40;OVEJA;4860;6,4;20;6,78;1,036;18,56;7,63;5,09;4,86;4,09
05/03/2017;40;CABRA;3040;5;15;6,8;1,032;15,15;5,77;3,66;4,95;2,8
05/03/2017;41;CABRA;6100;5,6;14;6,84;1,032;14,03;5,01;3,45;4,9;2,61
05/03/2017;29;VACA;16980;5;15;6,8;1,03;12,27;3,49;3,42;4,48;2,38
05/03/2017;29;VACA;7820;5,4;15;6,8;1,03;12,57;3,85;3,19;4,7;2,23
05/03/2017;32;VACA;19520;6;15;6,82;1,03;12,18;3,39;3,18;4,81;2,22
05/03/2017;25;VACA;23040;5;15;6,78;1,03;12,92;3,85;3,35;4,93;2,38
05/03/2017;39;CABRA;2440;5;15;6,77;1,032;14,87;5,58;3,6;4,94;2,75
05/03/2017;38;CABRA;880;6;13;6,84;1,032;15,14;5,67;4;4,72;3,03
05/03/2017;38;OVEJA;2300;5;19;6,77;1,036;17,28;6,45;4,67;5,21;3,8
05/03/2017;42;CABRA;2540;3,8;14;6,82;1,032;13,94;4,98;3,47;4,76;2,59
05/03/2017;42;OVEJA;6540;4,2;18;6,77;1,036;17,42;5,9;5,68;5,07;4,47
05/03/2017;43;OVEJA;2900;4,8;20;6,77;1,036;17,72;6,47;5,56;4,97;4,39
06/03/2017;21;VACA;30120;3;15;6,82;1,03;12,84;3,79;3,33;4,94;2,4
06/03/2017;22;VACA;25180;5,4;15;6,82;1,03;12,63;3,62;3,29;5;2,36
06/03/2017;23;VACA;26980;5,5;15;6,8;1,03;12,39;3,33;3,29;5,06;2,37
06/03/2017;1;VACA;24960;5,8;15;6,77;1,03;12,42;3,44;3,26;4,97;2,35
06/03/2017;26;VACA;7100;6;15;6,8;1,03;12,37;3,53;3,2;4,79;2,25
06/03/2017;40;CABRA;3100;5;14;6,8;1,032;14,92;5,6;3,63;4,93;2,75
06/03/2017;41;OVEJA;320;5;19;78;1,036;18,13;7,15;5,66;4,55;4,32
06/03/2017;1;VACA;24980;5,9;15;6,78;1,03;12,03;3;3,3;5,02;2,37
06/03/2017;32;VACA;27160;3,5;16;6,77;1,03;12,64;3,62;3,34;4,95;2,37
06/03/2017;48;OVEJA;2100;7;22;6,8;1,036;17,6;6,44;5,38;4,92;4,3
06/03/2017;50;OVEJA;12780;6,22;19;6,77;1,036;18,67;7,27;5,61;4,97;4,36
06/03/2017;42;OVEJA;4180;5;20;6,8;1,036;18,88;7,55;5,74;4,83;4,48
06/03/2017;39;OVEJA;7680;5,6;18;6,83;1,036;17,44;6,62;5,07;4,98;4,07
06/03/2017;1;VACA;25220;6,5;15;6,78;1,03;12,08;3,23;3,2;4,9;2,27
06/03/2017;25;VACA;24860;4;15;6,8;1,03;13,22;4,08;3,44;4,9;2,46
06/03/2017;37;CABRA;2860;6,6;14;6,82;1,032;14,8;5,44;3,79;4,89;2,88
06/03/2017;45;CABRA;8740;5,7;14;6,8;1,032;14,72;5,34;3,8;4,89;2,88
06/03/2017;1;OVEJA;5840;4,2;20;6,74;1,036;17,7;6,9;5,26;4,8;4,06
06/03/2017;38;CABRA;8260;6,6;14;6,81;1,032;14,49;5,3;3,73;4,79;2,76
06/03/2017;38;OVEJA;3700;6;19;6,78;1,036;16,98;5,96;5,4;5;4,23
06/03/2017;1;VACA;27980;5,2;16;6,8;1,03;12,82;3,94;3,28;4,82;2,36
06/03/2017;1;CABRA;24720;4,4;14;6,8;1,032;14,58;5,55;3,56;4,77;2,58
06/03/2017;36;CABRA;13800;5,5;14;6,82;1,032;14,73;5,57;3,54;4,83;2,7
06/03/2017;43;CABRA;5880;5;14;6,82;1,032;14,54;5,19;3,74;4,95;2,86
07/03/2017;1;CABRA;24940;4,3;14;6,83;1,032;14,2;5,08;3,67;4,81;2,72
07/03/2017;21;VACA;27140;3,6;15;6,82;1,03;12,73;3,67;3,33;4,95;2,4
07/03/2017;22;VACA;25460;5,5;15;6,82;1,03;12,61;3,62;3,3;4,98;2,36
07/03/2017;23;VACA;25080;5,5;15;6,82;1,03;12,71;3,72;3,27;4,93;2,35
07/03/2017;18;VACA;25240;5,6;15;6,8;1,03;12,35;3,04;3,52;5,05;2,52
07/03/2017;18;VACA;25400;5,2;15;6,8;1,03;12,6;3,3;3,5;5,08;2,51
07/03/2017;1;VACA;25220;5,6;16;6,78;1,03;12,51;3,5;3,28;4,99;2,38
07/03/2017;1;VACA;25160;5,7;16;6,78;1,03;12,47;3,45;3,29;5,01;2,36
07/03/2017;40;OVEJA;3380;5,3;18;6,82;1,036;19,32;8,36;5,32;4,73;4,14
07/03/2017;41;CABRA;6240;6;14;6,78;1,032;13,9;4,91;3,43;4,88;2,58
07/03/2017;32;VACA;20000;6,5;16;6,78;1,03;12,24;3,44;3,17;4,83;2,21
07/03/2017;42;CABRA;8860;4,6;14;6,83;1,032;15,09;5,61;3,87;4,92;2,92
07/03/2017;42;OVEJA;6500;4,4;20;6,8;1,036;17,3;5,77;5,71;5,06;4,49
07/03/2017;25;VACA;23620;4;15;6,8;1,03;12,81;3,78;3,32;4,93;2,36
07/03/2017;38;CABRA;980;6;15;6,83;1,032;14,77;5,5;3,84;4,72;2,9
07/03/2017;38;OVEJA;2660;6;18;6,82;1,036;17,36;6,54;4,74;5,16;3,86
07/03/2017;39;CABRA;1820;5,8;14;6,83;1,032;14,54;5,28;3,54;4,94;2,7
07/03/2017;1;CABRA;24640;4;15;6,82;1,032;14,82;5,63;3,64;4,82;2,69
07/03/2017;1;VACA;30200;4,5;15;6,81;1,03;12,73;3,76;3,31;4,89;2,32
07/03/2017;26;VACA;10280;5;15;6,81;1,03;12,06;3,32;3,16;4,79;2,14
07/03/2017;43;OVEJA;4380;5,3;20;6,78;1,036;17,52;6,32;5,54;4,93;4,34
07/03/2017;24;VACA;28220;5,3;15;6,81;1,03;12,25;3,39;3,22;4,88;2,25
08/03/2017;21;VACA;25180;3,7;15;6,8;1,03;12,74;3,7;3,32;4,9;2,36
08/03/2017;1;CABRA;10340;7;14;6,78;1,032;14,43;5,07;3,7;4,93;2,77
08/03/2017;50;OVEJA;12240;4,7;21;6,73;1,036;18,38;7,22;5,5;4,87;4,21
08/03/2017;48;OVEJA;2140;5,4;22;6,72;1,036;17,47;6,39;5,37;4,93;4,26
08/03/2017;41;OVEJA;1480;5;22;6,72;1,036;18,77;7,7;5,85;4,45;4,4
08/03/2017;40;OVEJA;5280;6,3;21;6,74;1,036;18,85;7,89;5,13;4,79;4,07
08/03/2017;40;CABRA;4120;5,3;14;6,78;1,032;14,96;5,58;3,65;4,93;2,79
08/03/2017;32;VACA;27260;3,8;15;6,8;1,03;12,51;3,52;3,32;4,95;2,33
08/03/2017;42;OVEJA;9960;5,6;20;6,8;1,036;18,63;7,57;5,42;4,81;4,22
08/03/2017;39;OVEJA;8380;6,5;18;6,83;1,036;17,36;6,6;5,02;4,95;3,98
08/03/2017;26;VACA;4560;4,5;15;6,81;1,03;11,79;3,15;2,99;4,82;2,07
08/03/2017;45;CABRA;9180;6,5;14;6,78;1,032;14,23;5,05;3,69;4,82;2,75
08/03/2017;1;OVEJA;5380;6;21;6,72;1,036;17,53;6,79;5,18;4,76;4
08/03/2017;37;CABRA;3140;5,8;14;6,83;1,032;14,55;5,27;3,73;4,86;2,78
08/03/2017;25;VACA;24620;6,6;15;6,8;1,03;13,24;4,09;3,44;4,91;2,43
08/03/2017;43;CABRA;5080;5,6;14;6,84;1,032;14,63;5,3;3,76;4,89;2,81
08/03/2017;29;VACA;16500;5,7;15;6,84;1,03;12,71;3,93;3,46;4,32;2,39
08/03/2017;29;VACA;8660;5,6;15;6,82;1,03;12,2;3,45;3,21;4,82;2,23
08/03/2017;38;CABRA;8400;5;14;6,83;1,032;14,15;5,07;3,65;4,78;2,69
08/03/2017;38;OVEJA;4480;5,5;20;6,8;1,036;17,08;6,21;5,33;4,9;4,17
08/03/2017;36;CABRA;12540;5,6;14;6,81;1,032;14,57;5,58;3,46;4,77;2,59
09/03/2017;21;VACA;27680;4,2;15;6,8;1,03;12,75;3,72;3,29;4,93;2,37
09/03/2017;40;OVEJA;6160;6;19;6,81;1,036;18,57;7,7;5,22;4,8;4,07
09/03/2017;41;CABRA;5940;6;13;6,84;1,032;13,81;4,82;3,44;4,89;2,59
09/03/2017;26;VACA;5760;4,3;15;6,82;1,03;11,88;3,26;2,99;4,79;2,08
09/03/2017;24;VACA;17080;6,5;15;6,82;1,03;11,78;3,4;2,98;4,59;1,96
09/03/2017;24;VACA;7940;6,3;15;6,8;1,03;12,06;3,19;3,19;4,91;2,24
09/03/2017;32;VACA;20280;5,8;15;6,78;1,03;12,26;3,46;3,15;4,81;2,17
09/03/2017;25;VACA;24240;6;126;6,8;1,03;12,79;3,75;3,3;4,96;2,37
09/03/2017;42;OVEJA;6700;5;20;6,8;1,036;17,24;5,77;5,65;5,08;4,46
09/03/2017;42;CABRA;4360;5;14;6,83;1,032;14,46;5,34;3,63;4,73;2,72
09/03/2017;43;OVEJA;4360;5;20;6,78;1,036;17,7;6,46;5,58;4,96;4,41
09/03/2017;1;OVEJA;15820;3,7;21;6,77;1,036;17,57;6,81;5,19;4,75;3,99
09/03/2017;38;CABRA;1060;6;13;6,83;1,032;14,6;5,36;3,72;4,78;2,82
09/03/2017;38;OVEJA;2960;5;20;6,83;1,036;17,15;6,31;4,73;5,16;3,83
09/03/2017;39;CABRA;2620;6,4;13;6,82;1,032;14,67;5,39;3,59;4,92;2,72
10/03/2017;21;VACA;30580;3,1;15;6,8;1,03;12,72;3,69;3,31;4,91;2,36
10/03/2017;50;OVEJA;11760;5;20;6,76;1,036;18,5;7,19;5,52;4,96;4,29
10/03/2017;48;OVEJA;2080;5,2;20;6,77;1,036;17,38;6,28;5,35;4,96;4,26
10/03/2017;41;OVEJA;4080;5,9;20;6,82;1,036;17,93;6,95;5,39;4,83;4,17
10/03/2017;43;CABRA;4020;5,3;13;6,86;1,032;14,41;5,1;3,76;4,89;2,88
10/03/2017;40;OVEJA;3360;8;21;6,74;1,036;18,12;7,22;5,18;4,83;4,07
10/03/2017;40;CABRA;4300;7,2;14;6,78;1,032;14,82;5,59;3,57;4,87;2,71
10/03/2017;32;VACA;27300;5;15;6,81;1,03;12,58;3,57;3,31;4,96;2,35
10/03/2017;39;OVEJA;7760;5;18;6,84;1,036;17,35;6,61;4,98;4,92;3,98
10/03/2017;26;VACA;7480;4,7;16;6,82;1,03;11,87;3,19;3,02;4,83;2,1
10/03/2017;42;OVEJA;10100;6,2;20;6,78;1,036;18,57;7,55;5,34;4,78;4,18
10/03/2017;42;CABRA;4120;4,7;13;6,83;1,032;14,73;5,26;3,93;4,86;2,94
10/03/2017;1;VACA;25720;7;15;6,78;1,03;12,18;3,3;3,18;4,88;2,23
10/03/2017;25;VACA;23400;6,2;16;6,8;1,03;13,28;4,14;3,41;4,89;2,4
10/03/2017;37;CABRA;3220;6,5;14;6,83;1,032;14,45;5,24;3,69;4,83;2,79
10/03/2017;38;CABRA;8740;7;14;6,84;1,032;14,06;5,07;3,54;4,79;2,6
10/03/2017;38;OVEJA;4620;5,3;18;6,82;1,036;16,83;5,99;5,26;4,91;4,1
10/03/2017;45;CABRA;9980;6,5;15;6,84;1,032;14,11;4,96;3,63;4,82;2,71
10/03/2017;1;OVEJA;5200;6,5;21;6,84;1,036;17,18;6,42;5,23;4,76;4,04
10/03/2017;36;CABRA;13100;6;14;6,82;1,032;14,63;5,61;3,44;4,76;2,61
10/03/2017;1;CABRA;26360;3,8;14;6,84;1,032;14,64;5,49;3,57;4,83;2,66
10/03/2017;1;CABRA;25260;4,7;14;6,84;1,032;14,14;5;3,65;4,85;2,7
11/03/2017;21;VACA;27840;4;15;6,8;1,03;12,75;3,69;3,3;4,96;2,39
11/03/2017;22;VACA;25260;5,6;15;6,8;1,03;12,59;3,58;3,27;4,98;2,28
11/03/2017;1;CABRA;10660;7;14;6,78;1,032;14,28;4,99;3,65;4,91;2,74
11/03/2017;24;VACA;17000;5,3;15;6,82;1,03;12,06;3,32;3,12;4,61;2,03
11/03/2017;24;VACA;7940;4,3;15;6,79;1,03;12,12;3,15;3,19;4,95;2,25
11/03/2017;26;VACA;5740;4,2;15;6,79;1,03;11,85;3,2;3;4,82;2,1
11/03/2017;40;OVEJA;6560;6;18;6,82;1,036;18,18;7,27;5,37;4,79;4,11
11/03/2017;41;CABRA;6020;5,8;14;6,85;1,032;14,01;4,97;3,51;4,83;2,63
11/03/2017;32;VACA;19980;5,3;15;6,77;1,03;12,17;3,4;3,12;4,83;2,14
11/03/2017;42;CABRA;2960;5,3;14;6,85;1,032;14,09;5,09;3,5;4,75;2,57
11/03/2017;42;OVEJA;6860;4,8;20;6,82;1,036;17,15;5,7;5,57;5,09;4,38
11/03/2017;25;VACA;24200;5,5;15;6,78;1,03;12,68;3,65;3,52;4,81;2,32
11/03/2017;43;OVEJA;4740;6,6;18;6,8;1,036;17,29;6,17;5,49;4,91;4,32
11/03/2017;38;CABRA;1140;6,5;14;6,83;1,032;14,64;5,39;3,74;4,76;2,85
11/03/2017;38;OVEJA;3280;5,3;18;6,8;1,036;16,98;6,19;4,67;5,2;3,82
11/03/2017;39;OVEJA;6480;4;19;6,8;1,036;17,74;6,91;5,2;4,77;4
11/03/2017;39;CABRA;1820;6;14;6,82;1,032;14,46;5,33;3,45;4,89;2,61
12/03/2017;21;VACA;30760;4,7;15;6,82;1,03;12,65;3,6;3,28;4,92;2,29
12/03/2017;29;VACA;16160;4,3;14;6,84;1,03;12,45;3,73;3,42;4,29;2,4
12/03/2017;29;VACA;9840;5,7;14;6,85;1,03;12,32;3,58;3,22;4,72;2,26
12/03/2017;41;OVEJA;4400;6,1;18;6,84;1,036;17,9;6,92;5,36;4,8;4,08
12/03/2017;50;OVEJA;14420;5;19;6,74;1,036;18,33;6,98;5,51;4,97;4,25
12/03/2017;40;OVEJA;4960;6,5;19;6,76;1,036;18,34;7,45;4,99;4,88;3,94
12/03/2017;40;CABRA;4160;5,3;14;6,82;1,032;14,74;5,5;3,52;4,9;2,66
12/03/2017;43;CABRA;5580;4,9;14;6,83;1,032;14,4;5,1;3,69;4,9;2,77
12/03/2017;32;VACA;27260;3,8;16;6,77;1,03;12,63;3,63;3,3;4,94;2,37
12/03/2017;42;OVEJA;11100;5,1;20;6,8;1,036;18,52;7,52;5,3;4,83;4,16
12/03/2017;39;OVEJA;8560;6;19;6,76;1,036;17,25;6,55;4,97;4,93;3,95
12/03/2017;1;VACA;25300;6,4;15;6,8;1,03;12,14;3,28;3,16;4,87;2,23
12/03/2017;25;VACA;23460;6;15;6,8;1,03;13,24;4,12;3,4;4,88;2,41
12/03/2017;45;CABRA;9940;6;14;6,8;1,032;13,98;4,83;3,64;4,85;2,76
12/03/2017;1;OVEJA;5160;4,9;21;6,74;1,036;17,37;6,69;5,17;4,74;3,98
12/03/2017;38;CABRA;8220;6,6;14;6,8;1,032;13,8;4,86;3,51;4,78;2,61
12/03/2017;38;OVEJA;4660;4;19;6,8;1,036;16,76;5,93;5,27;4,93;4,12
12/03/2017;26;VACA;7520;5;16;6,77;1,03;12,05;3,3;3;4,86;2,09
12/03/2017;37;CABRA;3240;5,6;14;6,8;1,032;14,33;5,21;3,63;4,81;2,75
13/03/2017;21;VACA;27900;3,9;15;6,8;1,03;12,74;3,64;3,32;4,99;2,39
13/03/2017;22;VACA;22600;6;15;6,82;1,03;12,66;3,68;3,24;4,97;2,31
13/03/2017;23;VACA;26320;5,8;15;6,82;1,03;12,68;3,73;3,21;4,92;2,29
13/03/2017;24;VACA;16980;5,5;16;6,8;1,03;11,97;3,38;3,06;4,74;2,14
13/03/2017;24;VACA;7840;5;15;6,82;1,03;12,2;3,32;3,19;4,88;2,21
13/03/2017;26;VACA;5760;6;15;6,8;1,03;12,06;3,28;3,07;4,83;2,14
13/03/2017;40;OVEJA;6860;5,8;18;6,8;1,036;18,79;7,79;5,45;4,74;4,17
13/03/2017;41;CABRA;5800;6;14;6,82;1,032;13,78;4,79;3,44;4,86;2,56
13/03/2017;32;VACA;19560;4;15;6,8;1,03;12,18;3,37;3,15;4,85;2,23
13/03/2017;1;CABRA;24840;4,5;14;6,8;1,032;14,21;5,16;3,54;4,8;2,63
13/03/2017;43;OVEJA;4520;4,6;18;6,84;1,036;14,26;5,16;3,61;4,76;2,79
13/03/2017;25;VACA;23760;5;16;6,8;1,03;12,72;3,67;3,33;4,94;2,38
13/03/2017;38;CABRA;1040;5,6;14;6,84;1,032;14,26;5,16;3,61;4,77;2,79
13/03/2017;38;OVEJA;3520;5;19;6,83;1,036;17,13;6,23;4,78;5,21;3,93
13/03/2017;47;OVEJA;13220;5;20;6,8;1,036;17,39;6,53;5,19;4,9;4,08
13/03/2017;42;CABRA;9300;4,4;14;6,84;1,032;14,7;5,29;3,84;4,83;2,9
13/03/2017;42;OVEJA;6560;4,2;20;6,8;1,036;17,16;5,81;5,51;5,05;4,33
13/03/2017;39;CABRA;2780;5;14;6,83;1,032;14,58;5,37;3,52;4,88;2,69
13/03/2017;1;VACA;25840;6,8;15;6,8;1,03;12,72;3,8;3,29;4,84;2,33
13/03/2017;36;CABRA;12960;5;14;6,82;1,032;14,29;5,22;3,49;4,82;2,64
14/03/2017;1;CABRA;25080;4;14;6,82;1,032;13,98;4,97;3,56;4,73;2,61
14/03/2017;22;VACA;27060;4;16;6,78;1,03;12,72;3,74;3,27;4,91;2,32
14/03/2017;21;VACA;24500;3;15;6,8;1,03;12,77;3,69;3,34;4,92;2,39
14/03/2017;18;VACA;24560;5;15;6,78;1,03;12,71;3,42;3,49;5,05;2,49
14/03/2017;18;VACA;25920;4,4;15;6,8;1,03;12,35;3,24;3,37;4,99;2,39
14/03/2017;23;VACA;25100;5,7;15;6,8;1,03;12,6;3,54;3,28;5,01;2,33
14/03/2017;1;CABRA;10960;4;16;6,75;1,032;14,08;4,92;3,58;4,85;2,68
14/03/2017;18;VACA;26060;6;15;6,78;1,03;12,77;3,55;3,48;5,03;2,49
14/03/2017;50;OVEJA;13060;6;21;6,74;1,036;18,42;7,07;5,56;4,95;4,3
14/03/2017;43;CABRA;4860;5;14;6,82;1,032;14,41;5,05;3,77;4,93;2,84
14/03/2017;40;OVEJA;5080;4;19;6,8;1,036;19,05;7,94;5,29;4,81;4,15
14/03/2017;40;CABRA;4180;5;14;6,78;1,032;14,72;5,46;3,55;4,91;2,67
14/03/2017;41;OVEJA;1920;6;20;6,78;1,036;17,95;6,97;5,57;4,61;4,32
14/03/2017;26;VACA;8000;4,4;16;6,77;1,03;12,1;3,33;3,1;4,85;2,19
14/03/2017;39;OVEJA;8140;5;19;6,77;1,036;17,28;6,58;4,99;4,92;3,98
14/03/2017;1;VACA;25460;7,3;16;6,75;1,03;12,06;3,23;3,16;4,88;2,26
14/03/2017;42;OVEJA;10260;5,3;18;6,79;1,036;18,79;7,7;5,44;4,8;4,27
14/03/2017;25;VACA;23820;6,2;16;6,79;1,03;13,25;4,15;3,41;4,84;2,47
14/03/2017;37;CABRA;3100;5;14;6,81;1,032;14,38;5,17;3,7;4,83;2,83
14/03/2017;32;VACA;27180;4;15;6,8;1,03;12,27;3,54;3,2;4,78;2,25
14/03/2017;45;CABRA;10360;4;15;6,8;1,032;14,03;4,92;3,62;4,81;2,72
14/03/2017;1;OVEJA;5220;4;19;6,8;1,036;17,41;6,59;5,21;4,85;4,04
14/03/2017;38;CABRA;8580;6,2;14;6,83;1,032;14,02;4,98;3,65;4,74;2,72
14/03/2017;38;OVEJA;3900;5,3;20;6,81;1,036;16,69;5,83;5,28;4,95;4,14
14/03/2017;1;OVEJA;14100;4;18;6,8;1,036;16,65;6,24;4,86;4,82;3,77
14/03/2017;1;CABRA;25720;3,4;14;6,84;1,032;14,39;5,35;3,51;4,79;2,61
15/03/2017;22;VACA;25000;4;15;6,8;1,03;12,61;3,65;3,26;4,93;2,32
15/03/2017;21;VACA;27020;4;15;6,8;1,03;12,5;3,4;3,3;5,01;2,42
15/03/2017;18;VACA;25180;3;15;6,8;1,03;12,39;3,1;3,5;5,01;2,49
15/03/2017;18;VACA;24620;4;15;6,8;1,03;12,25;3,22;3,33;4,93;2,33
15/03/2017;23;VACA;24740;6;15;6,8;1,03;12,76;3,75;3,28;4,92;2,37
15/03/2017;1;VACA;30500;5,5;15;6,8;1,03;12,75;3,9;3,25;4,79;2,32
15/03/2017;40;OVEJA;3980;5,8;18;6,76;1,036;18,75;7,79;5,38;4,73;4,16
15/03/2017;26;VACA;5800;4,5;15;6,78;1,03;11,95;3,25;3,04;4,82;NA
15/03/2017;24;VACA;17060;4;15;6,8;1,03;12,04;3,46;3,1;4,7;2,14
15/03/2017;24;VACA;7780;5,2;15;6,8;1,03;11,93;2,99;3,22;4,94;2,29
15/03/2017;1;OVEJA;18040;5,7;21;6,7;1,036;16,81;6,36;5,03;4,61;3,81
15/03/2017;41;CABRA;6220;4,8;14;6,8;1,032;14,23;4,92;3,74;4,78;2,78
15/03/2017;32;VACA;20680;6,4;15;6,78;1,03;12,14;3,37;3,16;4,82;2,21
15/03/2017;42;OVEJA;6580;4,5;19;6,78;1,036;17,34;5,93;5,59;5,03;4,39
15/03/2017;42;CABRA;4740;4;14;6,82;1,032;14,54;5,38;3,61;4,82;2,72
15/03/2017;18;VACA;25160;4,6;16;6,75;1,03;12,7;3,46;3,49;5,04;2,49
15/03/2017;29;VACA;16400;5;15;6,79;1,03;12,73;3,93;3,56;4,22;2,51
15/03/2017;29;VACA;6780;6;15;6,78;1,03;12,31;3,57;3,24;4,69;2,29
15/03/2017;25;VACA;24140;6,2;15;6,78;1,03;12,62;3,61;3,32;4,94;2,35
15/03/2017;43;OVEJA;4220;5;20;6,79;1,036;17,41;6,13;5,56;4,97;4,41
15/03/2017;47;OVEJA;12960;5,7;19;6,79;1,036;17,49;6,62;5,25;4,85;4,11
15/03/2017;38;CABRA;1040;4;15;6,8;1,032;14,4;5,26;3,63;4,8;2,79
15/03/2017;38;OVEJA;3740;5;20;6,8;1,036;17,09;6,2;4,76;5,21;3,92
15/03/2017;39;CABRA;1760;6;14;6,78;1,032;14,85;5,66;3,49;4,88;2,64
15/03/2017;36;CABRA;13020;5;14;6,82;1,032;14,66;5,68;3,48;4,74;2,61
16/03/2017;21;VACA;30600;5,6;15;6,79;1,03;12,53;3,58;3,29;4,91;2,36
16/03/2017;22;VACA;25100;4,3;15;6,79;1,03;12,52;3,58;3,27;4,94;2,34
16/03/2017;1;VACA;30320;5,6;16;6,78;1,03;12,58;3,68;3,28;4,85;2,34
16/03/2017;1;VACA;26060;7,8;16;6,75;1,03;12,97;4,02;3,31;4,86;2,39
16/03/2017;23;VACA;25300;7;15;6,78;1,03;12,44;3,47;3,25;4,97;2,34
16/03/2017;43;CABRA;5120;4,8;15;6,78;1,032;14,21;4,87;3,74;4,95;2,86
16/03/2017;50;OVEJA;13120;5;20;6,74;1,036;18,37;7,07;5,58;4,9;4,35
16/03/2017;40;OVEJA;4900;6;20;6,8;1,036;18,89;7,83;5,28;4,78;4,17
16/03/2017;40;CABRA;4120;5;14;6,81;1,032;14,86;5,57;3,6;4,94;2,78
16/03/2017;41;OVEJA;4260;5,6;18;6,83;1,036;18,23;7,12;5,56;4,75;4,33
16/03/2017;42;OVEJA;9780;5,2;21;6,78;1,036;18,87;7,78;5,43;4,77;4,29
16/03/2017;42;CABRA;4040;5,2;14;6,82;1,032;14,78;5,39;3,85;4,88;2,9
16/03/2017;26;VACA;7720;4,6;15;6,82;1,03;11,89;3,16;3,07;4,83;2,19
16/03/2017;32;VACA;27020;4,2;15;6,84;1,03;12,42;3,55;3,22;4,92;2,29
16/03/2017;18;VACA;24860;5;15;6,8;1,03;12,66;3,43;3,48;5,04;2,48
16/03/2017;25;VACA;23640;6;15;6,8;1,03;13,17;4,08;3,4;4,87;2,45
16/03/2017;45;CABRA;10120;6,3;14;6,82;1,032;14,03;4,9;3,64;4,83;2,75
16/03/2017;1;OVEJA;5160;3,3;20;6,8;1,036;17,05;6,47;5,18;4,69;4,01
16/03/2017;37;CABRA;3220;5,4;14;6,81;1,032;14,38;5,19;3,68;4,84;2,8
16/03/2017;18;VACA;24680;4,6;15;6,8;1,03;12,11;3,17;3,32;4,91;2,36
16/03/2017;38;CABRA;7880;5;14;6,83;1,032;17,09;6,16;5,18;4,92;4,2
16/03/2017;38;OVEJA;4460;4,5;19;6,82;1,036;14,29;5,25;3,84;4,72;2,75
16/03/2017;18;VACA;25040;4,4;15;6,81;1,03;12,59;3,36;3,48;4,98;2,48
16/03/2017;39;OVEJA;8960;5,3;19;6,82;1,036;17,33;6,64;5;4,9;3,97
17/03/2017;1;CABRA;25660;4;15;6,8;1,032;14,3;5,27;3,52;4,82;2,57
17/03/2017;22;VACA;24680;5,6;15;6,82;1,03;12,44;3,51;3,25;4,92;2,32
17/03/2017;21;VACA;27380;4,6;15;6,82;1,03;12,59;3,55;3,3;4,96;2,38
17/03/2017;1;CABRA;10940;6,8;14;6,82;1,032;14,19;4,98;3,61;4,91;2,73
17/03/2017;24;VACA;16680;4;15;6,8;1,03;12,34;3,71;3,13;4,72;2,21
17/03/2017;24;VACA;12400;4;15;6,8;1,03;11,84;2,96;3,21;4,91;2,27
17/03/2017;40;OVEJA;6420;6,3;20;6,82;1,036;18,57;7,55;5,4;4,77;4,23
17/03/2017;41;CABRA;5580;5,9;13;6,82;1,032;13,77;4,78;3,47;4,84;2,59
17/03/2017;32;VACA;19900;4;16;6,8;1,03;12,01;3,29;3,14;4,82;2,21
17/03/2017;26;VACA;6780;4,3;15;6,8;1,03;12,01;3,32;3,05;4,77;2,12
17/03/2017;43;OVEJA;4440;5;19;6,82;1,036;17,33;6,13;5,55;4,91;4,38
17/03/2017;42;CABRA;3220;5;14;6,82;1,032;14,05;5,09;3,54;4,73;2,61
17/03/2017;42;OVEJA;6440;5,2;20;6,81;1,036;17,35;5,97;5,59;4,98;4,37
17/03/2017;25;VACA;23740;5;15;6,81;1,03;12,62;3,6;3,31;4,95;2,39
17/03/2017;38;CABRA;1140;4;15;6,8;1,032;14,42;5,28;3,65;4,77;2,81
17/03/2017;38;OVEJA;4100;5,3;18;6,83;1,036;17;6,09;4,81;5,22;3,94
17/03/2017;39;CABRA;2780;5,3;14;6,83;1,032;14,68;5,47;3,58;4,89;2,72
17/03/2017;39;OVEJA;5700;4,2;19;6,82;1,036;18,21;7,17;5,43;4,71;4,26
17/03/2017;36;CABRA;12440;5;14;6,82;1,032;14,55;5,44;3,51;4,86;2,68
17/03/2017;1;CABRA;23940;4,8;14;6,82;1,032;13,86;4,86;3,64;4,73;2,69
18/03/2017;22;VACA;25300;6,2;15;6,82;1,03;12,53;3,59;3,25;4,93;2,31
18/03/2017;21;VACA;30140;4,3;15;6,82;1,03;12,6;3,62;3,28;4,9;2,36
18/03/2017;18;VACA;26000;4,9;15;6,82;1,03;12,48;3,22;3,51;5,04;2,5
18/03/2017;43;CABRA;5200;4,8;14;6,8;1,032;14,25;4,99;3,74;4,83;2,83
18/03/2017;50;OVEJA;13500;5;21;6,75;1,036;18,24;6,95;5,54;4,91;4,29
18/03/2017;41;OVEJA;5240;4;18;6,82;1,036;18,09;7,07;5,53;4,7;4,27
18/03/2017;40;OVEJA;5000;4;19;6,8;1,036;18,18;7,27;5,18;4,81;4,02
18/03/2017;40;CABRA;4220;7;14;6,8;1,032;14,76;5,54;3,54;4,83;2,71
18/03/2017;39;OVEJA;7360;6;19;6,8;1,036;17,39;6,72;4,98;4,9;3,95
18/03/2017;32;VACA;27180;4;15;6,8;1,03;12,4;3,52;3,25;4,91;2,27
18/03/2017;1;CABRA;24780;5;14;6,82;1,032;14,49;5,4;3,54;4,81;2,59
18/03/2017;42;OVEJA;10560;5;18;6,78;1,036;18,76;7,74;5,44;4,77;4,21
18/03/2017;1;VACA;25620;6;15;6,82;1,03;12,03;3,18;3,18;4,85;2,24
18/03/2017;26;VACA;6780;6;15;6,8;1,03;12,46;3,73;3,07;4,73;2,12
18/03/2017;25;VACA;23980;5,9;15;6,8;1,03;13,24;4,15;3,38;4,85;2,4
18/03/2017;1;OVEJA;4920;4;20;6,78;1,036;14,98;5,7;4,6;4,07;3,24
18/03/2017;45;CABRA;11140;5;14;6,82;1,032;14,04;4,95;3,57;4,82;2,7
18/03/2017;37;CABRA;3480;4,8;14;6,8;1,032;14,12;4,98;3,64;4,8;2,73
18/03/2017;38;CABRA;9360;6;14;6,8;1,032;14,06;5,05;3,61;4,7;2,66
18/03/2017;38;OVEJA;4620;5;20;6,76;1,036;16,8;6,03;5,27;4,83;4,1
19/03/2017;21;VACA;27580;3;15;6,82;1,03;12,58;3,57;3,26;4,93;2,33
19/03/2017;18;VACA;26200;4,4;16;6,78;1,03;12,5;3,24;3,47;5,02;2,48
19/03/2017;40;OVEJA;6980;6;20;6,82;1,036;18,56;7,6;5,37;4,72;4,14
19/03/2017;24;VACA;16740;4;15;6,8;1,03;12,45;3,76;3,16;4,72;2,18
19/03/2017;24;VACA;7480;4,2;15;6,82;1,03;12,12;3,16;3,24;4,91;2,27
19/03/2017;26;VACA;5320;4,3;15;6,82;1,03;12,05;3,32;3,1;4,75;2,14
19/03/2017;29;VACA;17480;4;15;6,8;1,03;13,02;4,25;3,47;4,23;2,41
19/03/2017;29;VACA;8820;4;15;6,8;1,03;12,35;3,55;3,23;4,76;2,26
19/03/2017;41;CABRA;6620;5,3;14;6,82;1,032;14,12;4,98;3,62;4,77;2,72
19/03/2017;32;VACA;19620;6;16;6,77;1,03;12,08;3,34;3,14;4,8;2,17
19/03/2017;43;OVEJA;4740;6;20;6,8;1,036;17,27;6,16;5,51;4,83;4,35
19/03/2017;25;VACA;23240;5,3;16;6,8;1,03;12,71;3,67;3,31;4,91;2,34
19/03/2017;42;CABRA;8680;5,2;15;6,83;1,032;14,89;5,53;3,77;4,86;2,84
19/03/2017;42;OVEJA;6540;4,5;20;6,8;1,036;16,84;5,55;5,48;5,02;4,28
19/03/2017;38;CABRA;1140;5;14;6,84;1,032;14,1;5,12;3,52;4,75;2,68
19/03/2017;38;OVEJA;4360;6;20;6,82;1,036;17;6,08;4,82;5,2;3,89
19/03/2017;39;CABRA;1920;5;14;6,82;1,032;14,58;5,43;3,49;4,88;2,66
20/03/2017;20;VACA;26040;5,6;15;6,82;1,03;12,51;3,59;3,32;4,84;2,38
20/03/2017;22;VACA;23620;6,3;15;6,82;1,03;12,51;3,59;3,24;4,91;2,32
20/03/2017;21;VACA;30580;3,8;15;6,81;1,03;12,52;3,58;3,26;4,91;2,34
20/03/2017;23;VACA;25420;6;16;6,8;1,03;12,43;3,48;3,26;4,96;2,32
20/03/2017;1;CABRA;10920;7;15;6,81;1,032;14,13;4,99;3,58;4,89;2,7
20/03/2017;43;CABRA;6060;5;14;6,85;1,032;14,35;5,05;3,8;4,84;2,91
20/03/2017;50;OVEJA;13760;5,2;21;6,77;1,036;18,17;6,88;5,39;4,68;4,44
20/03/2017;41;OVEJA;4440;6,9;21;6,82;1,036;18,07;7,13;5,51;4,68;4,24
20/03/2017;40;OVEJA;4960;4;19;6,8;1,036;18,74;7,84;5,2;4,75;4,04
20/03/2017;40;CABRA;4580;5,9;15;6,83;1,032;14,65;5,43;3,54;4,89;2,72
20/03/2017;32;VACA;26840;4,4;15;6,8;1,03;12,39;3,5;3,24;4,92;2,32
20/03/2017;39;OVEJA;8460;4;19;6,8;1,036;17,05;6,45;4,94;4,89;3,95
20/03/2017;1;VACA;25820;4;15;80;1,03;11,99;3,2;3,16;4,83;2,25
20/03/2017;26;VACA;8360;4,8;16;6,78;1,03;12,36;3,61;3,08;4,76;2,16
20/03/2017;42;OVEJA;10620;5,7;19;6,76;1,036;18,62;7,66;5,35;4,75;4,22
20/03/2017;25;VACA;23120;5,5;15;6,8;1,03;13,28;4,23;3,36;4,82;2,41
20/03/2017;38;CABRA;8180;6,8;14;6,82;1,032;13,8;4,88;3,56;4,7;2,63
20/03/2017;38;OVEJA;3940;5,7;20;6,76;1,036;16,37;5,61;5,24;4,94;4,12
20/03/2017;45;CABRA;10700;6,7;14;6,81;1,032;13,78;4,77;3,55;4,82;2,67
20/03/2017;37;CABRA;3480;6,3;14;6,85;1,032;14;4,93;3,62;4,8;2,72
20/03/2017;36;CABRA;13020;5,5;13;6,82;1,032;14,35;5,39;3,44;4,74;2,62
20/03/2017;1;CABRA;25760;3,4;14;6,82;1,032;14,27;5,25;3,51;4,82;2,61
21/03/2017;1;CABRA;25860;4;14;6,82;1,032;13,91;4,89;3,6;4,78;2,66
21/03/2017;20;VACA;25820;5;15;6,82;1,03;12,37;3,39;3,32;4,91;2,37
21/03/2017;22;VACA;26700;5,8;15;6,8;1,03;12,5;3,57;3,27;4,94;2,34
21/03/2017;18;VACA;25300;4,8;15;6,8;1,03;12,16;3,15;3,34;4,95;2,33
21/03/2017;21;VACA;27860;4,6;16;6,8;1,03;12,53;3,54;3,28;4,94;2,33
21/03/2017;23;VACA;25420;6;15;6,8;1,03;12,6;3,68;3,25;4,89;2,35
21/03/2017;18;VACA;25100;6;15;6,78;1,03;12,52;3,34;3,46;5,04;2,5
21/03/2017;18;VACA;25100;6,2;16;6,78;1,03;12,35;3,14;3,48;5,06;2,5
21/03/2017;40;OVEJA;5460;6;19;6,82;1,036;18,4;7,5;5,3;4,76;4,13
21/03/2017;24;VACA;16920;5;15;6,82;1,03;11,99;3,4;3,1;4,73;2,17
21/03/2017;24;VACA;8080;4,6;15;6,81;1,03;12,1;3,18;3,19;4,93;2,28
21/03/2017;26;VACA;5720;4,5;15;6,82;1,03;12;3,28;3,1;4,78;2,17
21/03/2017;41;CABRA;6020;5,6;14;6,83;1,032;13,93;4,93;3,5;4,81;2,62
21/03/2017;32;VACA;19560;6,3;15;6,77;1,03;12,01;3,29;3,13;4,79;2,22
21/03/2017;42;CABRA;3480;5,4;14;6,83;1,032;14,79;5,54;3,71;4,81;2,8
21/03/2017;42;OVEJA;11280;4,9;20;6,78;1,036;16,87;5,65;5,46;5;4,28
21/03/2017;43;OVEJA;4800;4,8;20;6,81;1,036;17,17;6,05;5,44;4,93;4,31
21/03/2017;25;VACA;24280;6,3;16;6,77;1,03;12,66;3,68;3,29;4,92;2,36
21/03/2017;1;OVEJA;14380;4,2;20;6,77;1,036;17,42;6,6;5,2;4,85;4
21/03/2017;1;CABRA;25720;3,5;14;6,8;1,032;14,38;5,3;3,54;4,8;2,63
21/03/2017;38;CABRA;1120;5,5;14;6,82;1,032;13,81;4,95;3,45;4,74;2,62
21/03/2017;38;OVEJA;4580;5,5;19;6,82;1,036;16,92;6,07;4,78;5,21;3,9
21/03/2017;39;CABRA;2840;5,3;14;6,79;1,032;14,48;5,35;3,54;4,84;2,69
21/03/2017;1;CABRA;24820;4,5;14;6,82;1,032;13,85;4,78;3,63;4,81;2,7
22/03/2017;22;VACA;25700;5,5;15;6,83;1,03;12,45;3,51;3,26;4,95;2,32
22/03/2017;20;VACA;25900;5,5;15;6,84;1,03;12,37;3,41;3,24;4,74;2,46
22/03/2017;21;VACA;30780;3,8;15;6,83;1,03;12,55;3,54;3,29;4,96;2,35
22/03/2017;23;VACA;25700;5,8;15;6,8;1,03;12,38;3,45;3,25;4,97;2,3
22/03/2017;18;VACA;26520;6,2;15;6,81;1,03;12,39;3,19;3,44;5,05;2,48
22/03/2017;43;CABRA;5300;4,5;14;6,83;1,032;14,18;4,91;3,76;4,83;2,9
22/03/2017;50;OVEJA;13760;4,6;20;6,79;1,036;18,39;7,01;5,56;4,89;4,32
22/03/2017;18;VACA;24700;5,5;15;6,81;1,03;12,59;3,41;3,47;4,98;2,51
22/03/2017;41;OVEJA;2600;4;19;6,8;1,036;17,83;6,97;5,44;4,6;4,19
22/03/2017;40;OVEJA;5360;6,2;19;6,78;1,036;18,48;7,6;5,17;4,8;4
22/03/2017;40;CABRA;4780;4;15;6,8;1,032;14,61;5,38;3,56;4,87;2,74
22/03/2017;32;VACA;26880;3,8;15;6,8;1,03;12,37;3,48;3,23;4,95;2,3
22/03/2017;42;CABRA;3980;4,7;14;6,81;1,032;14,15;5,11;3,46;4,69;2,69
22/03/2017;42;OVEJA;6300;4,5;19;6,8;1,036;18,31;7,35;5,14;4,76;4,15
22/03/2017;39;OVEJA;8660;5,5;19;6,84;1,036;16,96;6,35;4,9;4,89;3,9
22/03/2017;26;VACA;7660;4,5;15;6,82;1,03;12,11;3,38;3,11;4,78;2,15
22/03/2017;25;VACA;23600;6;15;6,83;1,03;13,16;4,14;3,33;4,86;2,39
22/03/2017;37;CABRA;3500;5,5;14;6,82;1,032;13,88;4,82;3,56;4,8;2,71
22/03/2017;29;VACA;17700;5;15;6,8;1,03;12,76;4,03;3,44;4,2;2,41
22/03/2017;29;VACA;8780;5,4;15;6,83;1,03;11,93;3,28;3,13;4,76;2,19
22/03/2017;45;CABRA;11020;6,1;14;6,83;1,032;13,82;4,81;3,52;4,82;2,67
22/03/2017;38;CABRA;9500;4;15;6,8;1,032;13,82;4,86;3,56;4,73;2,64
22/03/2017;38;OVEJA;4780;4,5;19;6,82;1,036;16,76;5,98;5,28;4,83;4,1
22/03/2017;18;VACA;25280;5;15;6,8;1,03;12,56;3,34;3,47;5,02;2,47
22/03/2017;36;CABRA;13220;4;14;6,82;1,032;14,35;5,43;3,36;4,77;2,54
22/03/2017;1;CABRA;25840;4;14;6,82;1,032;14,4;5,35;3,52;4,79;2,59
22/03/2017;1;CABRA;24920;4;14;6,82;1,032;14,16;5,09;3,58;4,77;2,66
23/03/2017;22;VACA;23020;5,6;15;6,81;1,03;12,53;3,59;3,27;4,9;2,32
23/03/2017;20;VACA;25420;4,6;15;6,82;1,03;12,48;3,44;3,35;4,92;2,39
23/03/2017;21;VACA;26820;2,3;15;6,8;1,03;12,58;3,55;3,31;4,96;2,39
23/03/2017;23;VACA;25080;5;15;6,82;1,03;12,67;3,73;3,25;4,91;2,34
23/03/2017;1;CABRA;11400;6;14;6,81;1,032;14,08;4,96;3,55;4,88;2,69
23/03/2017;18;VACA;25020;6,3;15;6,81;1,03;12,58;3,36;3,48;5,03;2,51
23/03/2017;1;OVEJA;16460;4,5;19;6,78;1,036;16,85;6,26;5,12;4,72;3,95
23/03/2017;40;OVEJA;3560;8,5;19;6,78;1,036;17,8;6,74;5,31;4,91;4,16
23/03/2017;24;VACA;17000;4,8;15;6,79;1,03;12,06;3,47;3,08;4,75;2,15
23/03/2017;24;VACA;7840;4,2;15;6,8;1,03;12,05;3,09;3,22;4,99;2,33
23/03/2017;26;VACA;5780;4,2;15;6,81;1,03;12;3,23;3,13;4,81;2,23
23/03/2017;41;CABRA;5840;4,6;14;6,81;1,032;14,04;4,97;3,55;4,83;2,68
23/03/2017;32;VACA;20580;5,1;15;6,8;1,03;12,17;3,39;3,18;4,84;2,24
23/03/2017;42;OVEJA;11340;4,8;20;6,81;1,036;17,43;6,31;5,46;4,93;4,27
23/03/2017;25;VACA;23360;5,4;15;6,82;1,03;12,79;3,76;3,29;4,94;2,36
23/03/2017;43;OVEJA;4520;4,9;19;6,81;1,036;17,08;5,97;5,49;4,9;4,35
23/03/2017;39;CABRA;1860;5,2;14;6,86;1,032;14,52;5,41;3,49;4,92;2,66
23/03/2017;38;CABRA;1160;4,8;13;6,86;1,032;14,35;5,28;3,63;4,71;2,79
23/03/2017;38;OVEJA;4800;4,9;18;6,84;1,036;16,95;6,13;4,74;5,24;3,87
23/03/2017;18;VACA;25140;6;15;6,79;1,03;12,7;3,5;3,48;4,97;2,51
23/03/2017;1;CABRA;25400;3,5;14;6,82;1,032;13,8;4,82;3,6;4,75;2,67
23/03/2017;1;CABRA;25510;3,5;14;6,82;1,032;14,49;5,44;3,54;4,8;2,62
24/03/2017;1;CABRA;24640;3,5;14;6,82;1,032;13,83;4,78;3,66;4,79;2,72
24/03/2017;20;VACA;25660;4,8;15;6,81;1,03;12,62;3,63;3,36;4,88;2,43
24/03/2017;22;VACA;25100;5,2;15;6,82;1,03;12,64;3,62;3,33;4,96;2,39
24/03/2017;21;VACA;30340;3;15;6,8;1,03;12,66;3,63;3,33;4,94;2,39
24/03/2017;23;VACA;25500;5,2;15;6,81;1,03;12,43;3,47;3,27;5;2,33
24/03/2017;50;OVEJA;12980;4,7;21;6,77;1,036;18,16;6,88;5,53;4,96;4,31
24/03/2017;40;CABRA;4369;5;15;6,82;1,032;14,56;5,32;3,55;4,95;2,76
24/03/2017;32;VACA;27360;3,4;15;6,8;1,03;12,44;3,52;3,26;4,96;2,33
24/03/2017;39;OVEJA;8160;5,7;19;6,83;1,036;17,21;6,54;5;4,91;4,01
24/03/2017;42;CABRA;7640;4,2;15;6,82;1,032;14,17;5,07;3,65;4,76;2,7
24/03/2017;26;VACA;8180;4,2;15;6,8;1,03;12,43;3,61;3,13;4,79;2,22
24/03/2017;1;VACA;25360;6,3;15;6,81;1,03;12,07;3,2;3,2;4,92;2,31
24/03/2017;43;CABRA;6560;5,8;14;6,86;1,032;14,31;4,87;3,91;4,91;3,04
24/03/2017;25;VACA;23040;6;15;6,8;1,03;13,28;4,18;3,36;4,92;2,4
24/03/2017;45;CABRA;10120;5,7;14;6,82;1,032;13,8;4,77;3,58;4,84;2,73
24/03/2017;37;CABRA;3300;5;14;6,84;1,032;13,96;4,84;3,63;4,85;2,79
24/03/2017;38;CABRA;8040;5,5;14;6,86;1,032;14,09;5,01;3,69;4,74;2,77
24/03/2017;38;OVEJA;4600;4,4;20;6,83;1,036;17,05;6,16;5,37;4,89;4,22
24/03/2017;1;CABRA;24580;3,5;15;6,84;1,032;14,53;5,42;3,53;4,86;2,66
24/03/2017;42;OVEJA;9100;5,5;20;6,8;1,036;18,76;7,74;5,35;4,78;4,24
24/03/2017;36;CABRA;13000;5,8;14;6,82;1,032;14,56;5,58;3,41;4,76;2,61
24/03/2017;1;CABRA;25900;3;14;6,82;1,032;13,83;4,8;3,66;4,74;2,75
25/03/2017;1;CABRA;25840;3;14;6,82;1,032;14,29;5,26;3,54;4,8;2,66
25/03/2017;20;VACA;24980;4,6;15;6,83;1,03;12,79;3,81;3,32;4,89;2,35
25/03/2017;21;VACA;27460;3,5;15;6,83;1,03;12,72;3,66;3,32;4,97;2,39
25/03/2017;22;VACA;24860;5,5;15;6,84;1,03;13,02;4,06;3,28;4,89;2,31
25/03/2017;18;VACA;25360;4,1;15;6,84;1,03;12,5;3,22;3,51;5,08;2,55
25/03/2017;40;OVEJA;8080;6,5;20;6,84;1,036;18,46;7,44;5,42;4,8;4,23
25/03/2017;24;VACA;16960;5,5;15;6,83;1,03;12,12;3,52;3,16;4,69;2,21
25/03/2017;24;VACA;8100;4,3;15;6,82;1,03;12,55;3,6;3,23;4,93;2,29
25/03/2017;26;VACA;5260;4,4;15;6,8;1,03;12,04;3,33;3,09;4,77;2,16
25/03/2017;41;CABRA;6120;4;15;6,8;1,032;14,03;4,91;3,55;4,9;2,68
25/03/2017;32;VACA;19680;5,3;15;6,82;1,03;12,21;3,42;3,19;4,84;2,25
25/03/2017;43;OVEJA;4600;5;20;6,81;1,036;17,74;6,45;5,68;4,88;4,5
25/03/2017;25;VACA;23880;5;15;6,79;1,03;12,83;3,8;3,3;4,96;2,35
25/03/2017;42;CABRA;3460;5;14;6,8;1,032;15,59;6,04;3,86;4,93;2,96
25/03/2017;42;OVEJA;11800;5,5;20;6,8;1,036;17,66;6,35;5,62;4,95;4,42
25/03/2017;38;CABRA;1160;4;14;6,8;1,032;14,35;5,31;3,55;4,82;2,72
25/03/2017;38;OVEJA;5040;5,6;20;6,8;1,036;17,08;6,15;4,82;5,25;3,92
25/03/2017;39;OVEJA;5440;5;20;6,8;1,036;18,78;7,62;5,52;4,74;4,28
25/03/2017;39;CABRA;3060;5;14;6,8;1,032;14,77;5,61;3,57;4,87;2,69
26/03/2017;22;VACA;26060;5,7;15;6,85;1,03;12,65;3,66;3,3;4,92;2,33
26/03/2017;21;VACA;30500;3,3;15;6,83;1,03;12,61;3,56;3,34;4,94;2,35
26/03/2017;1;CABRA;11320;6;14;6,82;1,032;14,21;4,98;3,61;4,93;2,72
26/03/2017;23;VACA;25780;4;15;6,8;1,03;12,5;3,48;3,3;5;2,32
26/03/2017;26;VACA;7680;4,5;15;6,84;1,03;12,15;3,39;3,1;4,79;2,16
26/03/2017;43;CABRA;4460;4,3;14;6,85;1,032;14,49;5,14;3,82;4,89;2,91
26/03/2017;50;OVEJA;12960;4,5;22;6,77;1,036;18,29;6,99;5,57;4,92;4,31
26/03/2017;41;OVEJA;6120;6,7;20;6,81;1,036;17,94;6,88;5,45;4,81;4,25
26/03/2017;40;CABRA;4860;5,2;14;6,83;1,032;14,5;5,2;3,59;4,98;2,76
26/03/2017;40;OVEJA;4520;6,2;20;6,81;1,036;18,64;7,68;5,2;4,8;4,12
26/03/2017;32;VACA;27060;3;15;6,82;1,03;12,44;3,53;3,25;4,93;2,29
26/03/2017;29;VACA;17300;4,3;15;6,8;1,03;12,56;3,86;3,33;4,43;2,33
26/03/2017;29;VACA;8920;5;15;6,81;1,03;12,13;3,51;3,17;4,71;2,24
26/03/2017;39;OVEJA;8200;5,2;18;6,82;1,036;17,29;6,59;5,04;4,9;4,02
26/03/2017;1;VACA;25000;6;15;6,81;1,03;12,14;3,21;3,24;4,88;2,28
26/03/2017;42;CABRA;3740;4,6;14;6,86;1,032;14,54;5,43;3,57;4,85;2,71
26/03/2017;42;OVEJA;6460;4,7;20;6,82;1,036;18,96;7,9;5,35;4,77;4,22
26/03/2017;25;VACA;22240;6;15;6,81;1,03;13,22;4,17;3,37;4,84;2,39
26/03/2017;37;CABRA;3320;6;174;6,83;1,032;14,11;4,98;3,61;4,84;2,73
26/03/2017;45;CABRA;10740;6,2;14;6,82;1,032;14,11;4,95;3,59;4,9;2,71
26/03/2017;38;CABRA;8420;5;14;6,8;1,032;14,27;5,17;3,63;4,77;2,71
26/03/2017;38;OVEJA;4600;5;18;6,8;1,036;17,23;6,36;5,34;4,83;4,16
27/03/2017;22;VACA;25060;4,8;15;6,84;1,03;12,56;3,59;3,27;4,92;2,29
27/03/2017;21;VACA;26560;4,4;15;6,84;1,03;12,61;3,56;3,31;4,93;2,35
27/03/2017;20;VACA;24820;4,4;15;6,82;1,03;12,35;3,33;3,33;4,91;2,38
27/03/2017;23;VACA;24500;5,6;15;6,82;1,03;12,61;3,6;3,27;4,94;2,35
27/03/2017;24;VACA;16320;4,6;15;6,82;1,03;12,19;3,41;3,15;4,82;2,23
27/03/2017;24;VACA;7660;5,8;15;6,82;1,03;12,14;3,27;3,21;4,86;2,24
27/03/2017;26;VACA;5120;5;15;6,84;1,03;12,1;3,34;3,09;4,77;2,14
27/03/2017;40;OVEJA;7280;5,8;20;6,82;1,036;18,72;7,63;5,5;4,75;4,27
27/03/2017;41;CABRA;6320;5,8;14;6,78;1,032;14,05;4,92;3,54;4,82;2,67
27/03/2017;32;VACA;25420;6;15;6,82;1,03;12,16;3,38;3,16;4,86;2,2
27/03/2017;43;OVEJA;4440;4,7;20;6,8;1,036;17,13;5,81;5,62;4,95;4,47
27/03/2017;25;VACA;23540;5;16;6,84;1,03;12,72;3,72;3,28;4,95;2,32
27/03/2017;42;OVEJA;11420;5,5;21;6,8;1,036;17,6;6,32;5,56;4,97;4,38
27/03/2017;38;CABRA;1080;3;14;6,82;1,032;14,23;5,23;3,5;4,79;2,7
27/03/2017;38;OVEJA;5080;6;20;6,84;1,036;16,93;6,13;4,69;5,19;3,82
27/03/2017;39;CABRA;2020;5;14;6,85;1,032;14,14;5,01;3,45;4,95;2,62
27/03/2017;18;VACA;25840;5,2;16;6,83;1,03;12,84;3,51;3,49;5,09;2,52
27/03/2017;36;CABRA;12900;5,4;13;6,85;1,032;14,24;5,23;3,47;4,78;2,69
27/03/2017;1;CABRA;25580;3,9;14;6,83;1,032;14,33;5,3;3,51;4,79;2,61
28/03/2017;1;CABRA;25500;3,9;14;6,83;1,032;14,41;5,34;3,55;4,78;2,64
28/03/2017;1;CABRA;25400;3,5;13;6,86;1,032;14,03;4,92;3,61;4,84;2,69
28/03/2017;1;CABRA;24920;5;13;6,86;1,032;13,92;4,87;3,64;4,75;2,73
28/03/2017;22;VACA;25360;4;15;6,83;1,03;12,19;3,14;3,31;4,99;2,36
28/03/2017;21;VACA;24380;5;15;6,83;1,03;12,63;3,6;3,33;4,93;2,38
28/03/2017;43;CABRA;6220;4,7;14;6,82;1,032;14,44;4,8;4,06;4,85;3,14
28/03/2017;41;OVEJA;1580;4,8;20;6,8;1,036;18,1;7,25;5,34;4,7;4,11
28/03/2017;50;OVEJA;13100;5;20;6,78;1,036;18,35;7;5,56;4,93;4,34
28/03/2017;40;OVEJA;5600;6,5;20;6,78;1,036;18,37;7,46;5,17;4,8;4,08
28/03/2017;40;CABRA;4400;5,3;14;6,81;1,032;14,59;5,38;3,51;4,92;2,72
28/03/2017;32;VACA;23320;3,3;16;6,83;1,03;12,45;3,49;3,25;4,93;2,32
28/03/2017;26;VACA;8000;4,8;15;6,83;1,03;12,27;3,49;3,09;4,78;2,17
28/03/2017;39;OVEJA;8560;6;18;6,82;1,036;17,2;6,53;4,96;4,88;3,96
28/03/2017;45;CABRA;9700;5,6;14;6,82;1,032;14,07;4,86;3,59;4,96;2,74
28/03/2017;1;OVEJA;5460;6;20;6,75;1,036;17,18;6,35;5,25;4,8;4,07
28/03/2017;25;VACA;23960;6;16;6,8;1,03;13,12;4,08;3,31;4,88;2,38
28/03/2017;42;CABRA;8540;5;14;6,86;1,032;14,14;5,03;3,6;4,81;2,66
28/03/2017;37;CABRA;3440;6,5;14;6,82;1,032;14,02;4,9;3,57;4,82;2,72
28/03/2017;18;VACA;25500;5,4;16;6,8;1,03;12,6;3,32;3,51;5,03;2,5
28/03/2017;38;CABRA;8080;5,8;14;6,84;1,032;13,83;4,73;3,61;4,81;2,71
28/03/2017;38;OVEJA;4580;5;21;6,82;1,036;16,96;6,14;5,3;4,84;4,16
28/03/2017;18;VACA;25420;4;16;6,84;1,03;12,68;3,42;3,48;5,04;2,51
28/03/2017;1;CABRA;25500;3,6;13;6,86;1,032;14,4;5,33;3,48;4,88;2,58
28/03/2017;1;CABRA;25660;2,7;13;6,86;1,032;13,94;4,84;3,64;4,8;2,72
29/03/2017;21;VACA;27380;2;15;6,83;1,03;12,72;3,66;3,29;4,96;2,39
29/03/2017;1;CABRA;11660;6,7;14;6,83;1,032;14,09;4,91;3,52;4,87;2,66
29/03/2017;24;VACA;14520;4,3;15;6,82;1,03;11,83;3,38;3,04;4,61;2,07
29/03/2017;24;VACA;6220;6;15;6,82;1,03;11,98;3,19;3,17;4,8;2,23
29/03/2017;26;VACA;6340;4,6;15;6,84;1,03;12,07;3,38;3,03;4,72;2,11
29/03/2017;40;OVEJA;5000;5;20;6,82;1,036;18,08;7,24;5,27;4,75;4,09
29/03/2017;41;CABRA;6820;7;13;6,84;1,032;13,92;4,79;3,57;4,82;2,72
29/03/2017;32;VACA;24960;6,6;15;6,81;1,03;12,15;3,41;3,11;4,81;2,17
29/03/2017;43;OVEJA;4720;6;18;6,78;1,036;17,2;5,89;5,56;4,97;4,39
29/03/2017;25;VACA;23800;6;15;6,8;1,03;12,81;3,79;3,26;4,95;2,33
29/03/2017;42;CABRA;3640;5,5;13;6,8;1,032;15,23;5,79;3,72;4,96;2,83
29/03/2017;42;OVEJA;11740;4,8;18;6,8;1,036;17,5;6,31;5,48;4,94;4,27
29/03/2017;38;CABRA;1220;5;14;6,82;1,032;14,14;5,15;3,48;4,77;2,67
29/03/2017;38;OVEJA;5280;5;18;6,8;1,036;16,97;6,25;4,62;4,86;4,55
29/03/2017;39;CABRA;3160;5,3;14;6,8;1,032;14,37;5,19;3,53;4,88;2,67
29/03/2017;36;CABRA;13200;6;13;6,85;1,032;14,42;5,4;3,44;4,76;2,59
29/03/2017;1;CABRA;25940;3,8;14;6,81;1,032;14,5;5,36;3,58;4,84;2,67
29/03/2017;29;VACA;17680;4,4;14;6,86;1,03;12,67;3,91;3,44;4,32;2,42
29/03/2017;29;VACA;6800;5;14;6,86;1,03;12,26;3,55;3,25;4,63;2,27
30/03/2017;21;VACA;30480;4;15;6,84;1,03;12,82;3,74;3,33;4,93;2,37
30/03/2017;23;VACA;26080;4;15;6,84;1,03;12,41;3,39;3,26;4,99;2,27
30/03/2017;50;OVEJA;13480;4,6;13480;6,77;1,036;18,18;6,95;5,48;4,92;4,26
30/03/2017;43;CABRA;5720;5;14;6,82;1,032;14,08;4,78;3,75;4,85;2,87
30/03/2017;41;OVEJA;0;4;15;6,81;1,036;17,69;6,83;5,22;4,85;4,05
30/03/2017;40;OVEJA;0;5;18;6,82;1,036;18,5;7,53;5,31;4,79;4,09
30/03/2017;40;CABRA;4880;4,5;14;6,82;1,032;14,25;5,11;3,46;4,88;2,66
30/03/2017;42;OVEJA;2580;6;18;6,82;1,036;18,55;7,48;5,51;4,77;4,32
30/03/2017;42;CABRA;3380;5;14;6,8;1,032;13,81;4,85;3,5;4,69;2,6
30/03/2017;39;OVEJA;8900;5,6;20;6,82;1,036;17,14;6,5;4,98;4,86;3,92
30/03/2017;32;VACA;22560;4,3;15;6,82;1,03;12,38;3,41;3,27;4,98;2,37
30/03/2017;25;VACA;23620;4;15;6,8;1,03;13,02;4,05;3,3;4,82;2,36
30/03/2017;1;CABRA;26000;3,5;14;6,82;1,032;14,2;5,12;3,54;4,78;2,64
30/03/2017;24;VACA;15940;6,5;15;6,82;1,03;12,21;3,42;3,11;4,86;2,19
30/03/2017;26;VACA;6540;5;15;6,82;1,03;12,81;4,15;2,98;4,7;2,09
30/03/2017;37;CABRA;3820;6;14;6,82;1,032;13,8;4,79;3,53;4,8;2,67
30/03/2017;38;CABRA;8700;6;14;6,84;1,032;13,68;4,64;3,6;4,77;2,67
30/03/2017;38;OVEJA;3760;6,2;20;6,79;1,036;16,63;5,72;5,32;4,93;4,2
30/03/2017;42;OVEJA;6720;5;20;6,81;1,036;18,34;7,48;5,1;4,79;4,05
30/03/2017;45;CABRA;11040;6,8;14;6,8;1,032;13,79;4,76;3,54;4,83;2,67
30/03/2017;1;OVEJA;5760;8;23;6,68;1,036;17;6,29;5,21;4,71;3,97
31/03/2017;21;VACA;27660;4,8;15;6,82;1,03;12,59;3,56;3,3;4,92;2,34
31/03/2017;26;VACA;6220;4,4;15;6,82;1,03;12,07;3,46;3,08;4,73;2,17
31/03/2017;24;VACA;13560;5,4;15;6,84;1,03;12,08;3,36;3,05;4,8;2,11
31/03/2017;24;VACA;6320;4,8;15;6,84;1,03;12,34;3,4;3,2;4,93;2,26
31/03/2017;40;OVEJA;2380;5,3;20;6,8;1,036;17,18;6,33;5,21;4,68;4,07
31/03/2017;41;CABRA;7000;5,7;14;6,82;1,032;14,17;4,95;3,73;4,77;2,81
31/03/2017;32;VACA;23500;6,7;16;6,8;1,03;12,13;3,43;3,12;4,8;2,2
31/03/2017;42;CABRA;3400;4,5;14;6,85;1,032;14,83;5,49;3,75;4,89;2,85
31/03/2017;42;OVEJA;11680;4,8;20;6,82;1,036;17,26;6,1;5,41;5;4,24
31/03/2017;25;VACA;24260;6;16;6,83;1,03;12,55;3,6;3,25;4,92;2,3
31/03/2017;43;OVEJA;4460;4,8;20;6,8;1,036;17,05;5,84;5,52;4,94;4,37
31/03/2017;1;CABRA;25960;3,5;14;6,84;1,032;14,18;5,17;3,48;4,79;2,59
31/03/2017;38;CABRA;1060;6,7;14;6,79;1,032;13,83;4,92;3,44;4,76;2,67
31/03/2017;38;OVEJA;5640;7;20;6,8;1,036;16,83;6,17;4,56;5,13;3,75
31/03/2017;39;CABRA;2020;5;14;6,8;1,032;14,02;4,9;3,53;4,88;2,65
31/03/2017;1;CABRA;25520;4;15;6,8;1,032;14,15;5,04;3,58;4,82;2,67
31/03/2017;36;CABRA;12500;4,8;13;6,86;1,032;14,55;5,54;3,43;4,72;2,59
31/03/2017;1;CABRA;25460;3,1;13;6,85;1,032;13,83;4,79;3,59;4,8;2,69
31/03/2017;1;CABRA;25800;3,2;13;6,86;1,032;14,38;5,32;3,51;4,82;2,61
31/03/2017;20;VACA;25800;5,5;15;6,84;1,03;12,41;3,46;3,31;4,84;2,34
31/03/2017;22;VACA;25740;5,9;15;6,84;1,03;12,55;3,6;3,25;4,92;2,3
31/03/2017;21;VACA;30480;4,5;15;6,83;1,03;12,68;3,64;3,31;4,91;2,32
01/04/2017;18;VACA;26240;5,7;15;6,82;1,03;13,38;4,26;3,43;4,89;2,41
01/04/2017;1;CABRA;11560;5,2;15;6,82;1,032;14,02;4,9;3,53;4,88;2,65
01/04/2017;50;OVEJA;13500;4,7;19;6,76;1,036;18,03;6,81;5,45;4,94;4,26
01/04/2017;43;CABRA;6400;5;14;6,86;1,032;14,3;5;3,8;4,8;2,88
01/04/2017;41;OVEJA;900;4;19;6,8;1,036;17,58;6,85;5,3;4,6;4,07
01/04/2017;40;CABRA;4680;5,5;14;6,86;1,032;14,44;5,25;3,52;4,87;2,7
01/04/2017;26;VACA;6680;4,5;20;6,81;1,03;11,9;3,14;3,03;4,84;2,12
01/04/2017;32;VACA;23460;4;15;6,8;1,03;12,57;3,61;3,27;4,94;2,32
01/04/2017;42;CABRA;3820;6;14;6,85;1,032;14,39;5,19;3,67;4,79;2,78
01/04/2017;42;OVEJA;6540;5;20;6,81;1,036;18,52;7,68;5,13;4,75;4,07
01/04/2017;39;OVEJA;8920;5,6;19;6,76;1,036;17,05;6,51;4,91;4,86;3,88
01/04/2017;25;VACA;23120;4,8;20;6,79;1,03;13,12;4,09;3,32;4,87;2,37
01/04/2017;37;CABRA;3160;4,5;14;6,8;1,032;13,89;4,86;3,55;4,78;2,68
01/04/2017;45;CABRA;11340;6,1;13;6,85;1,032;13,78;4,71;3,55;4,85;2,68
01/04/2017;1;OVEJA;5300;5,6;21;6,74;1,036;17,04;6,29;5,23;4,74;3,99
01/04/2017;38;CABRA;8420;4;13;6,86;1,032;13,68;4,84;3,45;4,7;2,55
01/04/2017;38;OVEJA;4840;4;18;6,84;1,036;16,78;5,84;5,38;4,89;4,2
01/04/2017;1;CABRA;25860;3,8;13;6,84;1,032;13,75;4,71;3,63;4,72;2,7
02/04/2017;22;VACA;28460;5,3;15;6,82;1,03;12,53;3,56;3,26;4,95;2,35
02/04/2017;20;VACA;26040;5,2;15;6,84;1,03;12,36;3,37;3,26;4,91;2,34
02/04/2017;23;VACA;26640;4,4;15;6,83;1,03;12,65;3,66;3,25;4,92;2,34
02/04/2017;21;VACA;27140;5,5;15;6,83;1,03;12,67;3,6;3,33;4,92;2,38
02/04/2017;24;VACA;16200;5;15;6,84;1,03;12,28;3,57;3,16;4,74;2,21
02/04/2017;24;VACA;6520;4,8;15;6,85;1,03;12,4;3,45;3,21;4,93;2,28
02/04/2017;26;VACA;6180;4,3;15;6,8;1,03;12,04;3,33;3,03;4,78;2,15
02/04/2017;40;OVEJA;2760;5,1;18;6,78;1,036;17,12;6,16;5,23;4,72;4,12
02/04/2017;32;VACA;23360;6,4;15;6,8;1,03;12,14;3,44;3,11;4,78;2,18
02/04/2017;41;CABRA;7300;6;14;6,86;1,032;14,23;4,98;3,68;4,84;2,84
02/04/2017;25;VACA;24120;6;16;6,82;1,03;12,72;3,73;3,26;4,92;2,33
02/04/2017;42;OVEJA;11560;5;20;6,82;1,036;17,45;6,26;5,44;4,99;4,26
02/04/2017;43;OVEJA;5100;5,5;20;6,8;1,036;17,1;5,79;5,62;4,94;4,46
02/04/2017;38;CABRA;1120;6;14;6,84;1,032;13,8;4,89;3,46;4,74;2,65
02/04/2017;38;OVEJA;5380;6,4;21;6,8;1,036;16,96;6,22;4,62;5,19;3,8
02/04/2017;1;CABRA;26060;3,6;14;6,84;1,032;14,03;4,94;3,59;4,78;2,66
02/04/2017;39;CABRA;3340;5,2;14;6,8;1,032;14,38;5,15;3,58;4,83;2,76
02/04/2017;1;CABRA;25200;3,7;13;6,85;1,032;14,29;5,23;3,51;4,8;2,62
02/04/2017;29;VACA;27560;4,3;15;6,85;1,03;12,46;3,68;3,36;4,5;2,38
03/04/2017;1;CABRA;25520;3,2;13;6,85;1,032;13,77;4,76;3,54;4,78;2,61
03/04/2017;21;VACA;27240;5;15;6,84;1,03;12,58;3,52;3,32;4,91;2,39
03/04/2017;35;VACA;15300;6;15;6,84;1,03;12,41;3,59;3,26;4,84;2,32
03/04/2017;35;VACA;7880;5;15;6,84;1,03;12,48;3,54;3,41;4,82;2,41
03/04/2017;50;OVEJA;13640;5;20;6,82;1,036;18,06;6,82;5,49;4,93;4,26
03/04/2017;40;CABRA;4720;5;14;6,82;1,032;14,25;5,07;3,54;4,89;2,73
03/04/2017;39;OVEJA;8280;5,4;20;6,8;1,036;17,03;6,47;4,92;4,87;3,92
03/04/2017;32;VACA;24080;4,2;15;6,82;1,03;12,51;3,58;3,26;4,9;2,32
03/04/2017;42;CABRA;11320;4,8;14;6,82;1,032;14,37;5,2;3,6;4,82;2,71
03/04/2017;26;VACA;6900;4,4;15;6,84;1,03;12,5;3,75;3,1;4,75;2,18
03/04/2017;25;VACA;23780;6;15;6,82;1,03;12,99;3,98;3,31;4,86;2,37
03/04/2017;30;VACA;25640;4,1;14;6,86;1,03;12,28;3,55;3,14;4,84;2,16
03/04/2017;37;CABRA;3700;5,7;14;6,83;1,032;13,59;4,81;3,48;4,64;2,58
03/04/2017;45;CABRA;11000;6;14;6,82;1,032;13,67;4,61;3,54;4,86;2,69
03/04/2017;1;OVEJA;5100;6;20;6,78;1,036;17,11;6,42;5,19;4,74;4,03
03/04/2017;29;VACA;26440;4;14;6,86;1,03;12,34;3,6;3,28;4,59;2,31
03/04/2017;38;CABRA;8140;6;14;6,83;1,032;13,46;4,68;3,37;4,72;2,5
03/04/2017;38;OVEJA;4840;5;19;6,82;1,036;16,63;5,87;5,33;4,77;4,1
03/04/2017;18;VACA;25720;4,4;15;6,82;1,03;12,57;3,31;3,51;4,99;2,5
03/04/2017;18;VACA;25980;5,2;15;6,83;1,03;12,53;3,25;3,5;5;2,49
03/04/2017;18;VACA;24640;5;15;6,82;1,03;12,24;3,11;3,46;4,98;2,44
03/04/2017;42;OVEJA;9320;5,3;19;6,8;1,036;18,28;7,36;5,2;4,77;4,13
03/04/2017;36;CABRA;11060;6,3;14;6,82;1,032;14,23;5,17;3,48;4,75;2,67
03/04/2017;43;CABRA;6840;6,3;14;6,84;1,032;13,9;4,55;3,84;4,83;2,9
03/04/2017;1;CABRA;26140;4,3;14;6,83;1,032;14,16;5,2;3,49;4,73;2,56
03/04/2017;1;CABRA;25100;4,3;14;6,85;1,032;13,51;4,55;3,62;4,72;2,69
04/04/2017;1;CABRA;25140;4,8;13;6,86;1,032;13,68;4,68;3,6;4,73;2,66
04/04/2017;21;VACA;24560;4;15;6,8;1,03;12,64;3,57;3,35;4,9;2,38
04/04/2017;1;CABRA;12100;7;14;6,81;1,032;13,96;4,87;3,52;4,87;2,66
04/04/2017;24;VACA;17000;5,1;15;6,82;1,03;12,3;3,52;3,16;4,81;2,24
04/04/2017;24;VACA;7640;4,1;15;6,81;1,03;12,14;3,33;3,15;4,91;2,22
04/04/2017;26;VACA;5800;4;15;6,83;1,03;12,01;3,27;3,13;4,78;2,16
04/04/2017;40;OVEJA;5940;4,8;19;6,83;1,036;18,07;7,19;5,22;4,85;4,08
04/04/2017;29;VACA;17340;3,7;14;6,85;1,03;12,39;3,63;3,26;4,63;2,28
04/04/2017;29;VACA;7720;5;14;6,86;1,03;12,11;3,46;3,16;4,73;2,22
04/04/2017;41;CABRA;7640;6,5;14;6,83;1,032;14,26;5,04;3,62;4,87;2,79
04/04/2017;18;VACA;25720;5;15;6,82;1,03;12,06;3,11;3,24;4,98;2,25
04/04/2017;32;VACA;23600;6,4;15;6,81;1,03;12,06;3,39;3,1;4,8;2,16
04/04/2017;18;VACA;25000;4,6;15;6,84;1,03;12,1;3,01;3,29;5,03;2,3
04/04/2017;42;OVEJA;8880;4,5;19;6,82;1,036;16,73;5,55;5,34;5,06;4,18
04/04/2017;25;VACA;24560;5,3;15;6,81;1,03;12,58;3,62;3,27;4,93;2,29
04/04/2017;43;OVEJA;4740;4;19;6,8;1,036;17,01;5,7;5,57;5,01;4,4
04/04/2017;18;VACA;24260;6,2;15;6,8;1,03;12,55;3,28;3,53;5;2,52
04/04/2017;18;VACA;25900;5;15;6,81;1,03;12,63;3,46;3,48;4,9;2,45
04/04/2017;38;CABRA;1120;6;13;6,85;1,032;13,81;4,93;3,48;4,68;2,64
04/04/2017;38;OVEJA;6120;6;18;6,83;1,036;17,04;6,36;4,6;5,09;3,77
04/04/2017;30;VACA;23740;4;14;6,85;1,03;12,24;3,47;3,21;4,81;2,19
04/04/2017;1;CABRA;25480;3,4;14;6,82;1,032;14,32;5,29;3,5;4,78;2,59
04/04/2017;39;CABRA;2200;5,2;14;6,82;1,032;14,28;5,14;3,47;4,91;2,65
04/04/2017;1;CABRA;25040;4,2;14;6,82;1,032;14,27;5,26;3,52;4,78;2,62
04/04/2017;1;CABRA;26360;4,5;14;6,77;1,032;14,35;5,27;3,54;4,79;2,65
04/04/2017;1;CABRA;24480;4,5;14;6,79;1,032;13,7;4,73;3,6;4,69;2,69
05/04/2017;21;VACA;25240;4,1;15;6,82;1,03;12,56;3,51;3,35;4,94;2,4
05/04/2017;35;VACA;14620;5,6;15;6,81;1,03;12,57;3,74;3,31;4,79;2,32
05/04/2017;35;VACA;7980;5,8;15;6,82;1,03;12,55;3,82;3,21;4,8;2,27
05/04/2017;50;OVEJA;12980;5;21;6,75;1,036;18,09;6,96;5,47;4,86;4,25
05/04/2017;18;VACA;24940;4;15;6,8;1,03;12,27;3,25;3,27;4,98;2,29
05/04/2017;43;CABRA;5560;5,2;14;6,83;1,032;14,09;4,77;3,79;4,83;NA
05/04/2017;40;CABRA;4740;5;14;6,85;1,032;14,25;5,12;3,48;4,92;2,7
05/04/2017;18;VACA;26120;6;16;6,75;1,03;12,56;3,37;3,5;4,96;2,49
05/04/2017;29;VACA;17000;4;15;6,81;1,03;12,18;3,48;3,2;4,64;2,29
05/04/2017;29;VACA;8620;7;14;6,85;1,03;12,02;3,31;3,13;4,85;2,19
05/04/2017;32;VACA;24140;3,1;15;6,81;1,03;12,51;3,59;3,23;4,94;2,28
05/04/2017;39;OVEJA;8620;5,6;19;6,82;1,036;16,95;6,38;4,89;4,85;3,91
05/04/2017;26;VACA;7300;4,5;15;6,81;1,03;12,21;3,38;3,11;4,8;2,19
05/04/2017;42;OVEJA;4100;5,8;20;6,78;1,036;18,41;7,41;5,49;4,73;4,3
05/04/2017;42;CABRA;4920;4,6;14;6,83;1,032;13,94;4,92;3,57;4,69;2,71
05/04/2017;37;CABRA;3540;6;14;6,82;1,032;13,9;4,91;3,57;4,74;2,71
05/04/2017;25;VACA;14740;5;15;6,8;1,03;12,97;3,95;3,34;4,87;2,4
05/04/2017;45;CABRA;10760;6,3;14;6,83;1,032;13,47;4,54;3,47;4,81;2,62
05/04/2017;1;OVEJA;5080;5,5;21;6,75;1,036;17;6,28;5,19;4,78;4,01
05/04/2017;18;VACA;24840;4;15;6,82;1,03;12,27;3,23;3,29;4,96;2,29
05/04/2017;38;CABRA;8820;4;15;6,8;1,032;13,56;4,71;3,48;4,72;2,57
05/04/2017;38;OVEJA;4080;5;19;6,82;1,036;16,58;5,78;5,31;4,85;4,16
05/04/2017;36;CABRA;11720;4,5;14;6,81;1,032;14,35;5,39;3,4;4,76;2,57
05/04/2017;1;CABRA;26280;3,8;14;6,82;1,032;14,17;5,13;3,49;4,8;2,58
05/04/2017;18;VACA;24680;6,2;16;6,77;1,03;12,55;3,27;3,54;4,96;2,52
06/04/2017;21;VACA;27800;4;15;6,8;1,03;12,5;3,45;3,33;4,91;2,38
06/04/2017;18;VACA;26760;5,1;16;6,74;1,03;12,51;3,32;3,49;4,98;2,48
06/04/2017;29;VACA;16980;3,3;14;6,8;1,03;12,28;3,54;3,24;4,6;2,26
06/04/2017;29;VACA;8280;4,5;14;6,85;1,03;12,19;3,48;3,16;4,77;2,27
06/04/2017;40;OVEJA;8160;4,8;19;6,8;1,036;17,83;7,03;5,17;4,84;4,04
06/04/2017;24;VACA;17620;5;15;6,79;1,03;12,08;3,4;3,13;4,8;2,18
06/04/2017;24;VACA;3420;4,2;15;6,8;1,03;12,06;3,46;3,13;4,8;NA
06/04/2017;26;VACA;6940;4,1;15;6,8;1,03;12,12;3,36;3,11;4,79;2,2
06/04/2017;41;CABRA;6940;5,7;14;6,82;1,032;14,11;4,99;3,54;4,84;2,74
06/04/2017;32;VACA;23500;5,5;15;6,8;1,03;12,08;3,41;3,1;4,81;2,16
06/04/2017;25;VACA;25820;6;15;6,82;1,03;12,58;3,59;3,29;4,93;2,32
06/04/2017;43;OVEJA;4880;5;20;6,78;1,036;17,08;5,82;5,62;4,93;4,44
06/04/2017;38;OVEJA;6260;5,6;20;6,78;1,036;16,89;6,21;4,62;5,12;3,73
06/04/2017;38;CABRA;1200;5,8;14;6,81;1,032;13,77;4,89;3,45;4,73;2,64
06/04/2017;18;VACA;25060;5,2;15;6,82;1,03;12,07;3,03;3,32;4,94;2,33
06/04/2017;39;CABRA;3480;5,7;14;6,82;1,032;14,45;5,2;3,58;4,87;2,77
06/04/2017;18;VACA;25480;4,7;15;6,8;1,03;12,61;3,34;3,49;5;2,5
06/04/2017;42;OVEJA;8860;4,8;20;6,8;1,036;16,68;5,54;5,32;5,05;4,17
06/04/2017;42;CABRA;5000;5,8;14;6,82;1,032;14,51;5,32;3,6;4,88;2,72
06/04/2017;30;VACA;25860;4;15;6,82;1,03;12,16;3,42;3,16;4,82;2,17
06/04/2017;18;VACA;26020;5,2;15;6,82;1,03;12,54;3,33;3,46;4,98;2,46
06/04/2017;1;CABRA;25040;3,4;14;6,82;1,032;14;4,98;3,54;4,79;2,63
07/04/2017;1;CABRA;25420;4,4;14;6,84;1,032;13,35;4,55;3,54;4,62;2,62
07/04/2017;35;VACA;14440;5;15;6,81;1,03;12,42;3,65;3,23;4,84;2,29
07/04/2017;35;VACA;8200;5;15;6,82;1,03;13,41;4,62;3,3;4,71;2,33
07/04/2017;21;VACA;27980;3,4;15;6,8;1,03;12,6;3,57;3,33;4,91;2,35
07/04/2017;1;CABRA;12120;6,7;14;6,79;1,032;14;4,94;3,49;4,85;2,64
07/04/2017;43;CABRA;5740;5;14;6,82;1,032;14,21;4,99;3,7;4,82;2,82
07/04/2017;42;CABRA;5020;5;14;6,83;1,032;14,09;4,98;3,63;4,74;2,73
07/04/2017;50;OVEJA;13100;4,8;21;6,75;1,036;18,23;7,05;5,47;4,88;4,27
07/04/2017;41;OVEJA;6180;5;20;6,81;1,036;17,34;6,46;5,25;4,9;4,11
07/04/2017;29;VACA;17660;5;15;6,84;1,03;12,1;3,43;3,19;4,62;2,29
07/04/2017;29;VACA;7940;4;15;6,84;1,03;12,32;3,61;3,24;4,6;2,26
07/04/2017;40;CABRA;4860;5,2;14;6,8;1,032;14,12;4,97;3,47;4,91;2,7
07/04/2017;40;OVEJA;760;5,2;14;6,8;1,036;18,24;7,29;5,37;4,77;4,1
07/04/2017;39;OVEJA;8460;6,2;19;6,8;1,036;16,9;6,41;4,86;4,86;3,86
07/04/2017;32;VACA;23000;3;15;6,8;1,03;10,95;3,08;2,81;4,33;1,82
07/04/2017;1;CABRA;25900;3,4;14;6,82;1,032;14,23;5,17;3,52;4,84;2,64
07/04/2017;25;VACA;22820;6;15;6,8;1,03;12,97;3,93;3,34;4,88;2,36
07/04/2017;45;CABRA;11280;6,7;14;6,78;1,032;13,38;4,49;3,46;4,78;2,6
07/04/2017;1;OVEJA;5200;6;22;6,71;1,036;17,27;6,31;5,27;4,9;4,15
07/04/2017;37;CABRA;3700;5,5;14;6,8;1,032;13,75;4,79;3,5;4,75;2,62
07/04/2017;24;VACA;14800;4,4;15;6,81;1,03;12,26;3,47;3,16;4,85;2,22
07/04/2017;26;VACA;6900;4,6;15;6,81;1,03;12,95;4,3;3,03;4,69;2,08
07/04/2017;42;OVEJA;11500;6;20;6,78;1,036;18,52;7,56;5,27;4,73;4,15
07/04/2017;38;CABRA;8120;6,6;14;6,82;1,032;13,52;4,62;3,52;4,68;2,59
07/04/2017;38;OVEJA;5200;5,1;20;6,77;1,036;16,7;6,01;5,24;4,78;4,04
07/04/2017;30;VACA;27500;3,8;15;6,84;1,03;11,96;3,27;3,13;4,76;2,13
07/04/2017;36;CABRA;12340;5;15;6,8;1,032;14,27;5,29;3,47;4,73;2,62
07/04/2017;1;CABRA;25400;3,5;14;6,84;1,032;13,47;4,53;3,58;4,72;2,61
07/04/2017;1;CABRA;25860;3,5;14;6,83;1,032;14,14;5,16;3,49;4,79;2,6
08/04/2017;21;VACA;27840;2,8;15;6,82;1,03;12,54;3,51;3,32;4,92;2,36
08/04/2017;18;VACA;25380;4;15;6,8;1,03;12,49;3,28;3,46;5,02;2,47
08/04/2017;40;OVEJA;8800;5;20;6,83;1,036;17,76;6,84;5,27;4,87;4,09
08/04/2017;24;VACA;17380;4;15;6,8;1,03;12,26;3,43;3,18;4,87;2,22
08/04/2017;24;VACA;3900;4;15;6,8;1,03;12,16;3,4;3,03;4,89;2,16
08/04/2017;26;VACA;7040;4;15;6,8;1,03;12,07;3,28;3,13;4,8;2,21
08/04/2017;29;VACA;15980;6,5;15;6,81;1,03;12,29;3,44;3,23;4,73;2,27
08/04/2017;29;VACA;11960;3,2;16;6,82;1,03;12,06;3,32;3,11;4,85;2,18
08/04/2017;41;CABRA;8560;6,3;14;6,84;1,032;13,94;4,85;3,56;4,83;2,69
08/04/2017;32;VACA;23600;6,2;15;6,82;1,03;12,07;3,4;3,06;4,83;2,13
08/04/2017;42;OVEJA;8820;5,8;20;6,81;1,036;16,67;5,53;5,32;5,07;4,17
08/04/2017;25;VACA;24440;5,4;15;6,81;1,03;12,51;3,54;3,26;4,94;2,3
08/04/2017;43;OVEJA;5060;6;20;6,8;1,036;16,98;5,71;5,59;4,94;4,43
08/04/2017;38;CABRA;1180;6,8;13;6,84;1,032;13,77;4,84;3,47;4,73;2,63
08/04/2017;38;OVEJA;6540;5;21;6,81;1,036;18,43;7,02;5,83;4,83;4,61
08/04/2017;39;OVEJA;7680;5,6;21;6,78;1,036;18,44;7,4;5,49;4,65;4,22
08/04/2017;39;CABRA;2100;6;14;6,84;1,032;14;5;3,37;4,92;2,56
08/04/2017;1;CABRA;25620;3,3;15;6,81;1,032;14,02;4,95;3,58;4,81;2,69
08/04/2017;1;CABRA;25560;3,3;15;6,83;1,032;13,51;4,56;3,58;4,71;2,7
09/04/2017;21;VACA;28080;4,2;15;6,79;1,03;12,53;3,5;3,3;4,92;2,33
09/04/2017;35;VACA;14620;5,1;15;6,81;1,03;12,33;3,62;3,25;4,71;2,25
09/04/2017;35;VACA;8040;6;15;6,83;1,03;13,17;4,5;3,15;4,76;2,21
09/04/2017;50;OVEJA;13620;5;19;6,76;1,036;18;6,91;5,4;4,88;4,19
09/04/2017;43;CABRA;6620;5;14;6,83;1,032;13,73;4,59;3,66;4,8;2,78
09/04/2017;30;VACA;25940;4,8;15;6,82;1,03;12,15;3,38;3,16;4,81;2,21
09/04/2017;41;OVEJA;7380;5,7;20;6,82;1,036;17,38;6,58;5,18;4,88;4,05
09/04/2017;40;OVEJA;5420;6,7;19;6,76;1,036;18,38;7,46;5,16;4,8;4,05
09/04/2017;40;CABRA;4560;5,3;14;6,82;1,032;14,14;5,01;3,47;4,9;2,66
09/04/2017;29;VACA;17600;4;15;6,8;1,03;12,2;3,43;3,23;4,65;2,28
09/04/2017;29;VACA;9160;5,3;15;6,84;1,03;12,32;3,67;3,18;4,6;2,18
09/04/2017;26;VACA;6900;4;15;6,8;1,03;12,03;3,26;3,12;4,79;2,17
09/04/2017;42;CABRA;3800;6;14;6,81;1,032;14,09;5,04;3,53;4,8;2,68
09/04/2017;42;OVEJA;11420;5,7;20;6,77;1,036;18,61;7,66;5,3;4,72;4,2
09/04/2017;32;VACA;22900;3,9;15;6,82;1,03;12,26;3,4;3,21;4,92;2,26
09/04/2017;39;OVEJA;9320;4;19;6,8;1,036;17,19;6,54;5,06;4,83;3,97
09/04/2017;25;VACA;24560;5;15;6,82;1,03;12,88;3,85;3,35;4,88;2,36
09/04/2017;37;CABRA;3480;6,2;14;6,82;1,032;13,79;4,78;3,56;4,77;2,68
09/04/2017;45;CABRA;11120;6,2;14;6,8;1,032;13,38;4,5;3,45;4,78;2,58
09/04/2017;1;OVEJA;5120;6;20;6,75;1,036;17,05;6,27;5,2;4,8;4
09/04/2017;1;CABRA;26000;4,7;14;6,83;1,032;13,99;4,99;3,5;4,73;2,57
09/04/2017;38;CABRA;8300;6;14;6,8;1,032;13,74;4,78;3,49;4,83;2,59
09/04/2017;38;OVEJA;4120;5,5;20;6,77;1,036;16,36;5,62;5,28;4,81;4,07
09/04/2017;1;CABRA;25360;3,5;14;6,82;1,032;13,57;4,58;3,6;4,72;2,65
10/04/2017;21;VACA;25040;3,2;16;6,77;1,03;12,52;3,5;3,3;4,91;2,36
10/04/2017;18;VACA;25640;4,5;15;6,81;1,03;11,78;2,68;3,38;5,01;2,38
10/04/2017;1;CABRA;12280;7,1;15;6,76;1,032;13,94;4,91;3,5;4,84;2,66
10/04/2017;42;CABRA;4860;6;14;6,82;1,032;14,06;4,87;3,64;4,8;2,77
10/04/2017;40;OVEJA;3641;4,9;22;6,77;1,036;18,34;7,26;5,48;4,78;4,15
10/04/2017;24;VACA;16880;4,4;16;6,8;1,03;12,32;3,54;3,16;4,84;2,23
10/04/2017;24;VACA;6240;3,8;16;6,8;1,03;12,23;3,26;3,24;4,93;2,3
10/04/2017;26;VACA;6780;4,1;16;6,8;1,03;12;3,2;3,14;4,81;2,17
10/04/2017;41;CABRA;8100;6;14;6,81;1,032;13,94;4,84;3,53;4,88;2,71
10/04/2017;43;OVEJA;5760;4;19;6,8;1,036;16,88;5,67;5,65;4,85;4,42
10/04/2017;32;VACA;23080;5,5;15;6,8;1,03;12,13;3,41;3,11;4,82;2,21
10/04/2017;25;VACA;24940;5,8;15;6,8;1,03;12,52;3,54;3,28;4,94;2,33
10/04/2017;38;CABRA;1200;4;15;6,8;1,032;13,76;4,85;3,47;4,76;2,66
10/04/2017;38;OVEJA;6940;5;20;6,78;1,036;16,69;5,98;4,67;5,15;3,76
10/04/2017;42;CABRA;2820;5,6;14;6,82;1,032;14,7;5,48;3,53;4,93;2,7
10/04/2017;42;OVEJA;8920;5;20;6,8;1,036;16,48;5,4;5,27;5,07;4,12
10/04/2017;39;CABRA;3420;5,4;14;6,81;1,032;14,3;5,1;3,56;4,85;2,72
10/04/2017;36;CABRA;10860;5;14;6,81;1,032;14,04;5,05;3,48;4,74;2,65
10/04/2017;1;CABRA;25600;4;14;6,83;1,032;13,38;4,54;3,55;4,63;2,6
11/04/2017;21;VACA;25100;4,5;15;6,8;1,03;12,42;3,36;3,29;4,95;2,36
11/04/2017;18;VACA;25420;5,7;16;6,76;1,03;12,42;3,27;3,43;4,93;2,47
11/04/2017;18;VACA;24760;5,6;16;6,77;1,03;12,51;3,31;3,45;4,95;2,44
11/04/2017;50;OVEJA;13760;5;20;6,75;1,036;17,77;6,66;5,38;4,93;4,14
11/04/2017;43;CABRA;5820;5;14;6,83;1,032;13,54;4,43;3,58;4,84;2,7
11/04/2017;40;CABRA;5480;4;15;6,8;1,032;14,21;4,98;3,58;4,86;2,71
11/04/2017;32;VACA;24240;3,5;15;6,82;1,03;12,48;3,54;3,27;4,92;2,32
11/04/2017;26;VACA;7060;4,6;15;6,8;1,03;12,22;3,41;3,12;4,82;2,16
11/04/2017;42;CABRA;3800;5,3;14;6,8;1,032;13,67;4,68;3,52;4,69;2,65
11/04/2017;42;OVEJA;4900;5,5;20;6,77;1,036;18,44;7,36;5,5;4,77;4,33
11/04/2017;25;VACA;23960;5,8;15;6,8;1,03;13,02;3,96;3,36;4,86;2,43
11/04/2017;1;OVEJA;4060;4;19;6,8;1,036;17,18;6,4;5,12;4,88;4,01
11/04/2017;45;CABRA;11960;4;15;6,8;1,032;13,39;4,48;3,47;4,79;2,6
11/04/2017;39;OVEJA;9460;4;20;6,8;1,036;17,17;6,53;4,97;4,85;3,95
11/04/2017;37;CABRA;3860;5;14;6,8;1,032;13,7;4,7;3,54;4,8;2,71
11/04/2017;1;CABRA;24760;4;16;6,81;1,032;14,09;5,06;3,52;4,79;2,61
11/04/2017;38;CABRA;8560;6;14;6,8;1,032;13,56;4,54;3,62;4,73;2,7
11/04/2017;38;OVEJA;5500;6,5;20;6,8;1,036;16,69;5,87;5,34;4,83;4,16
11/04/2017;1;CABRA;25740;4;14;6,82;1,032;14,02;5,03;3,48;4,77;2,6
11/04/2017;1;CABRA;24600;4;15;6,8;1,032;13,54;4,57;3,61;4,71;2,67
11/04/2017;1;CABRA;24220;3,6;14;6,82;1,032;14,18;5,21;3,45;4,8;2,58
12/04/2017;1;CABRA;25880;4,8;14;6,82;1,032;13,72;4,72;3,54;4,8;2,65
12/04/2017;24;VACA;11200;3,9;15;6,8;1,03;12,3;3,53;3,1;4,88;2,19
12/04/2017;26;VACA;6300;4;16;6,78;1,03;11,9;3,19;3,08;4,77;2,14
12/04/2017;24;VACA;5960;3,9;15;6,8;1,03;12,26;3,3;3,24;4,96;2,32
12/04/2017;40;OVEJA;5140;6,4;19;6,83;1,036;17,96;7,18;5,11;4,86;3,98
12/04/2017;32;VACA;22880;5,7;16;6,84;1,03;12,12;3,4;3,13;4,84;2,21
12/04/2017;41;CABRA;4380;4,7;13;6,85;1,032;13,63;4,69;3,4;4,86;2,58
12/04/2017;43;OVEJA;4700;4,9;20;6,8;1,036;16,78;5,55;5,62;4,89;4,43
12/04/2017;42;OVEJA;9020;5,5;20;6,8;1,036;16,43;5,3;5,31;5,07;4,16
12/04/2017;42;CABRA;4840;5;14;6,85;1,032;14,34;5,15;3,61;4,9;2,72
12/04/2017;25;VACA;25000;4;5,4;6,8;1,03;12,47;3,51;3,28;4,92;2,33
12/04/2017;39;CABRA;2080;5;14;6,84;1,032;13,85;4,83;3,36;4,96;2,55
12/04/2017;38;CABRA;1100;6;13;6,85;1,032;13,73;4,8;3,52;4,74;2,72
12/04/2017;38;OVEJA;7180;5,3;18;6,84;1,036;16,44;5,77;4,61;5,2;3,74
12/04/2017;1;CABRA;24980;3,5;14;6,82;1,032;14,05;5,05;3,46;4,78;2,56
12/04/2017;36;CABRA;14180;5,7;14;6,82;1,032;14,15;5,16;3,44;4,72;2,63
12/04/2017;1;CABRA;26360;4,2;14;6,83;1,032;14,23;5,12;3,49;4,83;2,61
12/04/2017;41;CABRA;3840;0;0;0;1,032;NA;NA;NA;NA;NA
13/04/2017;1;CABRA;12401;6,8;15;6,78;1,032;13,78;4,81;3,43;4,79;2,57
13/04/2017;50;OVEJA;13500;4,5;20;6,75;1,036;17,87;6,81;5,35;4,92;4,15
13/04/2017;41;OVEJA;5760;5;18;6,84;1,036;17,49;6,78;5,1;4,82;3,94
13/04/2017;42;CABRA;3360;6,4;14;6,84;1,032;13,8;4,78;3,48;4,83;2,61
13/04/2017;42;OVEJA;4920;5,5;20;6,8;1,036;18,21;7,21;5,44;4,76;4,25
13/04/2017;40;CABRA;5180;5,8;14;6,84;1,032;14,05;5;3,46;4,81;2,64
13/04/2017;40;OVEJA;3160;6,3;19;6,8;1,036;18,4;7,53;5,11;4,79;4,06
13/04/2017;39;OVEJA;8660;6,2;18;6,84;1,036;16,9;6,48;4,88;4,77;3,83
13/04/2017;43;CABRA;7260;5,5;14;6,85;1,032;13,3;4,34;3,49;4,8;2,64
13/04/2017;32;VACA;22400;4;15;6,82;1,03;12,5;3,54;3,25;4,95;2,3
13/04/2017;25;VACA;24120;6,3;15;6,81;1,03;12,93;3,91;3,32;4,86;2,34
13/04/2017;1;OVEJA;4080;6,5;21;6,74;1,036;16,47;5,99;5,02;4,73;3,87
13/04/2017;45;CABRA;11500;6,8;14;6,85;1,032;13,32;4,44;3,43;4,76;2,59
13/04/2017;38;CABRA;8240;5,6;14;6,83;1,032;13,16;4,3;3,44;4,7;2,57
13/04/2017;38;OVEJA;3980;4,8;20;6,8;1,036;16,24;5,47;5,24;4,9;4,07
13/04/2017;24;VACA;13800;3,8;15;6,82;1,03;12,16;3,46;3,07;4,84;2,17
13/04/2017;26;VACA;6720;5,3;15;6,82;1,03;12,01;3,24;3,1;4,79;2,15
13/04/2017;38;CABRA;900;5,4;14;6,85;1,032;14,01;5;3,4;4,88;2,58
13/04/2017;38;OVEJA;1040;4;20;6,81;1,036;17,95;7,16;5,31;4,73;4,1
13/04/2017;37;CABRA;3920;6;14;6,84;1,032;13,54;4,6;3,48;4,76;2,66
13/04/2017;42;OVEJA;6320;5,1;20;6,8;1,036;18,54;7,76;5,06;4,77;4
13/04/2017;42;CABRA;2420;4;14;6,85;1,032;13,58;4,73;3,41;4,62;2,6
13/04/2017;1;CABRA;26140;4,3;14;6,83;1,032;14,08;5,13;3,38;4,77;2,51
13/04/2017;1;CABRA;25640;4,6;14;6,84;1,032;13,59;4,59;3,56;4,76;2,65
14/04/2017;21;VACA;28240;3,8;15;6,82;1,03;12,44;3,44;3,29;4,95;2,34
14/04/2017;24;VACA;14660;4,5;15;6,8;1,03;12,17;3,41;3,15;4,85;2,25
14/04/2017;24;VACA;7600;6;15;6,82;1,03;12,47;3,63;3,19;4,88;2,25
14/04/2017;26;VACA;5520;4,8;16;6,79;1,03;11,92;3,19;3,08;4,79;2,17
14/04/2017;29;VACA;16860;4,8;14;6,83;1,03;12,43;3,79;3,31;4,33;2,33
14/04/2017;29;VACA;10520;5,5;14;6,84;1,03;11,98;3,35;3,12;4,7;2,2
14/04/2017;40;OVEJA;8580;4,7;20;6,82;1,036;17,72;7;5,02;4,87;3,94
14/04/2017;41;CABRA;8400;5;14;6,84;1,032;13,59;4,61;3,41;4,86;2,62
14/04/2017;32;VACA;22840;6,5;15;6,8;1,03;12,01;3,34;3,09;4,8;2,15
14/04/2017;43;OVEJA;4860;6;20;6,8;1,036;16,81;5,59;5,48;5;4,35
14/04/2017;25;VACA;24920;6,1;16;6,8;1,03;12,52;3,53;3,26;4,95;2,3
14/04/2017;42;OVEJA;9260;4,6;20;6,82;1,036;16,27;5,22;5,24;5,08;4,13
14/04/2017;38;CABRA;1260;5;14;6,8;1,032;13,46;4,63;3,38;4,7;2,59
14/04/2017;38;OVEJA;6740;5;20;6,8;1,036;16,58;6,04;4,49;5,14;3,62
14/04/2017;39;CABRA;3580;5;14;6,82;1,032;14,2;5,02;3,56;4,85;2,72
14/04/2017;39;OVEJA;8520;6;19;6,8;1,036;17,58;6,53;5,44;4,75;4,22
14/04/2017;36;CABRA;12600;6;14;6,82;1,032;14,2;5,24;3,44;4,71;2,62
14/04/2017;1;CABRA;25780;4;14;6,84;1,032;14;5,02;3,46;4,76;2,58
14/04/2017;1;CABRA;25840;5;14;6,83;1,032;13,37;4,49;3,55;4,65;2,64
14/04/2017;1;CABRA;25580;5;14;6,82;1,032;13,95;4,98;3,44;4,79;2,57
15/04/2017;18;VACA;26640;6,4;15;6,8;1,03;12,01;3,01;3,28;4,98;2,33
15/04/2017;21;VACA;28260;4,3;16;6,8;1,03;12,37;3,38;3,26;4,94;2,33
15/04/2017;18;VACA;26140;6;15;6,79;1,03;12,52;3,27;3,46;5;2,48
15/04/2017;18;VACA;25580;6,5;15;6,8;1,03;12,56;3,39;3,45;4,93;2,47
15/04/2017;43;CABRA;5300;5;14;6,82;1,032;13,86;4,77;3,57;4,79;2,66
15/04/2017;50;OVEJA;13800;5;22;6,75;1,036;17,8;6,75;5,33;4,9;4,14
15/04/2017;41;OVEJA;7100;5;19;6,79;1,036;17,14;6,45;5,01;4,92;3,94
15/04/2017;40;CABRA;5260;6;14;6,82;1,032;13,98;4,92;3,44;4,84;2,62
15/04/2017;40;OVEJA;4920;6;19;6,79;1,036;17,97;7,19;4,97;4,85;3,94
15/04/2017;42;CABRA;5860;4;15;6,8;1,032;14,24;5,08;3,51;4,91;2,69
15/04/2017;42;OVEJA;5040;4;19;6,8;1,036;18,03;7,06;5,42;4,78;4,23
15/04/2017;26;VACA;7840;5;16;6,8;1,03;12,08;3,26;3,1;4,84;2,17
15/04/2017;32;VACA;24860;4;15;6,8;1,03;12,41;3,45;3,23;4,98;2,31
15/04/2017;39;OVEJA;8900;6;20;6,8;1,036;17,04;6,49;4,86;4,86;3,85
15/04/2017;25;VACA;24440;6,4;15;6,8;1,03;12,98;3,94;3,32;4,9;2,35
15/04/2017;45;CABRA;12060;6;14;6,83;1,032;13,39;4,45;3,44;4,79;2,6
15/04/2017;1;OVEJA;3120;5;20;6,8;1,036;16,76;6,12;5,08;4,76;3,94
15/04/2017;38;CABRA;8160;5;14;6,8;1,032;13,7;4,75;3,45;4,83;2,57
15/04/2017;38;OVEJA;5000;5,5;18;6,79;1,036;16,44;5,82;5,16;4,81;3,98
15/04/2017;37;CABRA;4080;5;14;6,8;1,032;13,72;4,64;3,56;4,79;2,75
15/04/2017;42;OVEJA;6340;5;19;6,8;1,036;18,64;7,8;5,09;4,75;4,04
15/04/2017;42;CABRA;4300;5;14;6,8;1,032;13,65;4,71;3,44;4,69;2,6
15/04/2017;1;CABRA;25820;5,3;14;6,82;1,032;13,89;4,92;3,47;4,7;2,56
15/04/2017;1;CABRA;25420;3,8;14;6,83;1,032;13,44;4,44;3,55;4,75;2,61
15/04/2017;1;CABRA;25920;4;15;6,8;1,032;13,79;4,93;3,36;4,72;2,48
15/04/2017;1;CABRA;26260;4,5;14;6,84;1,032;13,86;4,97;3,39;4,76;2,51
16/04/2017;1;CABRA;12240;6,5;14;6,78;1,032;13,77;4,76;3,42;4,84;2,6
16/04/2017;22;VACA;27700;5,7;15;6,81;1,03;12,48;3,52;3,24;4,95;2,31
16/04/2017;18;VACA;25520;6,5;15;6,79;1,03;12,57;3,31;3,5;5,01;2,54
16/04/2017;18;VACA;26040;6;15;6,82;1,03;12,54;3,28;3,49;5;2,52
16/04/2017;21;VACA;28420;4;15;6,8;1,03;12,45;3,42;3,27;4,97;2,34
16/04/2017;18;VACA;25880;6;15;6,8;1,03;12,08;3,04;3,28;4,98;2,3
16/04/2017;40;OVEJA;3160;4;19;6,8;1,036;18,38;7,58;5,02;4,81;3,95
16/04/2017;24;VACA;16420;5;15;6,8;1,03;12,05;3,37;3,1;4,8;2,21
16/04/2017;24;VACA;7560;5;16;6,81;1,03;12,17;3,3;3,19;4,9;2,24
16/04/2017;26;VACA;5280;5,3;15;6,82;1,03;11,98;3,27;3,06;4,78;2,12
16/04/2017;29;VACA;17720;4,5;15;6,83;1,03;12,17;3,51;3,21;4,53;2,28
16/04/2017;29;VACA;9020;5;15;6,8;1,03;11,94;3,33;3,1;4,7;2,18
16/04/2017;41;CABRA;8500;4,6;14;6,83;1,032;13,54;4,59;3,38;4,84;2,6
16/04/2017;32;VACA;23420;5;15;6,76;1,03;12,05;3,34;3,11;4,8;2,2
16/04/2017;43;OVEJA;5160;6;19;6,8;1,036;16,79;5,57;5,45;5;4,34
16/04/2017;25;VACA;25040;5,6;15;6,78;1,03;12,56;3,58;3,26;4,93;2,33
16/04/2017;42;OVEJA;8840;5;18;6,78;1,036;16,24;5,12;5,29;5,1;4,18
16/04/2017;38;CABRA;1200;4;13;6,77;1,032;13,47;4,66;3,39;4,68;2,61
16/04/2017;38;OVEJA;6980;4,6;19;6,8;1,036;16,76;6,09;4,58;5,19;3,75
16/04/2017;39;CABRA;2080;5;14;6,82;1,032;13,65;4,74;3,3;4,83;2,51
16/04/2017;1;CABRA;25760;4,5;14;6,81;1,032;14,03;5,03;3,46;4,77;2,59
16/04/2017;1;CABRA;25220;3,8;14;6,83;1,032;13,49;4,51;3,49;4,8;2,63
17/04/2017;21;VACA;28320;3,4;15;6,82;1,03;12,47;3,44;3,26;4,95;2,3
17/04/2017;22;VACA;28440;5,5;15;6,82;1,03;12,46;3,49;3,24;4,95;2,32
17/04/2017;18;VACA;24900;6,5;15;6,8;1,03;12,44;3,23;3,45;5,01;2,49
17/04/2017;18;VACA;25820;6,3;15;6,82;1,03;12,19;3,17;3,27;4,96;2,31
17/04/2017;50;OVEJA;13840;4,6;22;6,75;1,036;17,78;6,71;5,35;4,9;4,15
17/04/2017;42;CABRA;1860;5,3;14;6,8;1,032;13,7;4,63;3,56;4,74;2,7
17/04/2017;42;OVEJA;5120;5,4;20;6,79;1,036;17,97;6,96;5,46;4,83;4,25
17/04/2017;40;CABRA;5360;5,6;14;6,84;1,032;13,98;4,93;3,42;4,86;2,65
17/04/2017;43;CABRA;7020;5,2;14;6,83;1,032;13,11;4,22;3,46;4,76;2,61
17/04/2017;32;VACA;25340;4;16;6,8;1,03;12,29;3,35;3,23;4,99;2,29
17/04/2017;39;OVEJA;9500;6;19;6,8;1,036;16,98;6,37;4,89;4,87;3,89
17/04/2017;26;VACA;7680;5;15;6,8;1,03;11,92;3,11;3,1;4,85;2,18
17/04/2017;25;VACA;24100;5;15;6,8;1,03;13,02;3,98;3,35;4,85;2,38
17/04/2017;37;CABRA;3680;5;14;6,8;1,032;13,47;4,58;3,45;4,74;2,63
17/04/2017;18;VACA;24840;6;15;6,82;1,03;12,77;3,47;3,51;4,98;2,49
17/04/2017;38;CABRA;8340;3,5;14;6,84;1,032;13,21;4,38;3,45;4,7;2,59
17/04/2017;38;OVEJA;3720;5,7;20;6,8;1,036;16,17;5,48;5,17;4,93;4,04
17/04/2017;1;OVEJA;3160;7;21;6,78;1,036;16,9;6,34;5,14;4,7;3,99
18/04/2017;18;VACA;23880;5,8;15;6,82;1,03;12,25;3,24;3,28;4,96;2,3
18/04/2017;45;CABRA;11680;4;15;6,8;1,032;13,33;4,4;3,46;4,79;2,61
18/04/2017;42;OVEJA;6520;5;20;6,8;1,036;18,22;7,25;5,23;4,81;4,12
18/04/2017;42;CABRA;4400;6;14;6,82;1,032;13,57;4,61;3,49;4,67;2,67
18/04/2017;36;CABRA;14100;6;14;6,82;1,032;14,06;5,03;3,47;4,74;2,69
18/04/2017;1;CABRA;25220;6;14;6,8;1,032;13,92;4,97;3,45;4,76;2,57
18/04/2017;1;CABRA;24780;5;14;6,82;1,032;13,33;4,38;3,55;4,7;2,64
18/04/2017;1;CABRA;25020;5;14;6,82;1,032;13,36;4,47;3,48;4,73;2,59
18/04/2017;21;VACA;25280;4,4;15;6,82;1,03;12,37;3,38;3,24;4,96;2,32
18/04/2017;18;VACA;25360;5,3;15;6,79;1,03;12,4;3,16;3,48;4,97;2,49
18/04/2017;18;VACA;25500;6;15;6,82;1,03;12,49;3,21;3,5;5,03;2,48
18/04/2017;18;VACA;25160;5,2;15;6,8;1,03;12,3;3,49;3,05;4,95;2,16
18/04/2017;22;VACA;27900;5,6;15;6,81;1,03;12,49;3,51;3,24;4,96;2,31
18/04/2017;24;VACA;16860;6;15;6,81;1,03;12,14;3,44;3,09;4,82;2,19
18/04/2017;24;VACA;7760;5,5;15;6,8;1,03;12,04;3,2;3,17;4,9;2,19
18/04/2017;26;VACA;5280;4,4;15;6,82;1,03;11,78;3,07;3,04;4,81;2,1
18/04/2017;40;OVEJA;4720;5,5;19;6,83;1,036;17,54;6,83;4,96;4,84;3,9
18/04/2017;41;CABRA;8660;4,3;14;6,82;1,032;13,56;4,6;3,35;4,86;2,55
18/04/2017;32;VACA;23860;5,8;16;6,8;1,03;12,05;3,33;3,11;4,83;2,21
18/04/2017;43;OVEJA;5000;5,5;20;6,84;1,036;16,87;5,6;5,59;4,95;4,4
18/04/2017;18;VACA;25420;4,3;15;6,82;1,03;12,24;3,2;3,29;4,98;2,36
18/04/2017;25;VACA;25160;5,5;16;6,8;1,03;12,58;3,61;3,25;4,95;2,35
18/04/2017;42;OVEJA;8960;4;19;6,8;1,036;16,17;5,05;5,27;5,12;4,15
18/04/2017;42;CABRA;5440;5;14;6,84;1,032;13,95;4,88;3,42;4,93;2,6
18/04/2017;39;CABRA;3620;6,5;15;6,81;1,032;14,31;5,14;3,51;4,84;2,71
18/04/2017;38;CABRA;1240;6,8;15;6,82;1,032;13,43;4,49;3,43;4,79;2,64
18/04/2017;38;OVEJA;8380;5,5;19;6,82;1,036;16,51;5,8;4,56;5,22;3,71
18/04/2017;1;CABRA;25120;4,1;15;6,8;1,032;13,77;4,81;3,44;4,76;2,54
18/04/2017;18;VACA;25260;5;17;6,79;1,03;12,36;3,11;3,48;5,01;2,46
18/04/2017;1;CABRA;25500;5,5;14;6,82;1,032;13,75;4,77;3,47;4,77;2,6
19/04/2017;1;CABRA;16980;4,3;14;6,83;1,032;13,23;4,35;3,53;4,64;2,63
19/04/2017;1;CABRA;7700;4;14;6,82;1,032;13,3;4,37;3,54;4,68;2,66
19/04/2017;21;VACA;25920;4,4;15;6,82;1,03;12,39;3,38;3,24;4,96;2,31
19/04/2017;1;CABRA;12580;7;15;6,78;1,032;13,66;4,66;3,41;4,83;2,55
19/04/2017;50;OVEJA;13760;4,6;21;6,75;1,036;17,71;6,62;5,36;4,9;4,16
19/04/2017;42;CABRA;2940;6;14;6,82;1,032;13,75;4,75;3,49;4,74;2,65
19/04/2017;42;OVEJA;4860;5,5;19;6,8;1,036;18,05;7,1;5,38;4,79;4,19
19/04/2017;40;CABRA;5080;5,5;14;6,82;1,032;13,88;4,89;3,35;4,83;2,57
19/04/2017;18;VACA;26220;5,7;16;6,74;1,03;12,57;3,32;3,48;5,01;2,46
19/04/2017;18;VACA;26760;5,3;16;6,74;1,03;12,46;3,25;3,48;5,01;2,51
19/04/2017;43;CABRA;5680;6,6;14;6,82;1,032;13,21;4,33;3,49;4,72;2,62
19/04/2017;32;VACA;25340;4;15;6,8;1,03;12,46;3,56;3,2;4,95;2,3
19/04/2017;26;VACA;7640;4,7;15;6,78;1,03;12,01;3,24;3,08;4,82;2,14
19/04/2017;25;VACA;24320;7;15;6,8;1,03;13,1;4,04;3,36;4,86;2,41
19/04/2017;45;CABRA;12020;6,6;14;6,81;1,032;13,27;4,37;3,43;4,78;2,62
19/04/2017;1;OVEJA;3200;5,6;19;6,76;1,036;17,01;6,29;5,07;4,83;3,98
19/04/2017;39;OVEJA;9340;6;19;6,8;1,036;16,87;6,26;4,92;4,89;3,92
19/04/2017;42;CABRA;2400;4,2;13;6,86;1,032;13,33;4,57;3,35;4,69;2,51
19/04/2017;38;CABRA;7860;5,9;14;6,81;1,032;13,34;4,58;3,43;4,65;2,56
19/04/2017;38;OVEJA;5180;4,8;19;6,81;1,036;16,63;5,88;5,17;4,91;4,02
19/04/2017;1;CABRA;25920;4,4;14;6,82;1,032;13,74;4,83;3,42;4,76;2,51
19/04/2017;37;CABRA;4480;5,8;14;6,84;1,032;13,38;4,52;3,43;4,72;2,61
19/04/2017;36;CABRA;12360;4,5;14;6,81;1,032;13,9;5,03;3,35;4,68;2,54
19/04/2017;1;CABRA;25660;4;15;6,8;1,032;13,81;4,92;3,41;4,73;2,51
20/04/2017;21;VACA;28080;3,8;15;6,79;1,03;12,43;3,43;3,24;4,97;2,3
20/04/2017;18;VACA;25380;6,4;15;6,78;1,03;12,34;3,08;3,5;5,02;2,51
20/04/2017;18;VACA;25760;5,5;16;6,76;1,03;11,9;3,23;2,95;4,86;3,71
20/04/2017;40;OVEJA;7680;4,8;19;6,82;1,036;17,77;6,98;5,05;4,91;3,98
20/04/2017;24;VACA;13200;4,5;15;6,82;1,03;12,11;3,41;3,05;4,82;2,16
20/04/2017;24;VACA;6140;3,8;15;6,82;1,03;12,12;3,24;3,17;4,93;2,22
20/04/2017;26;VACA;6360;4;15;6,78;1,03;12,13;3,29;3,13;4,81;2,18
20/04/2017;41;CABRA;8540;4;14;6,82;1,032;13,54;4,59;3,34;4,88;2,56
20/04/2017;32;VACA;23940;5,4;15;6,79;1,03;12,12;3,35;3,12;4,83;2,21
20/04/2017;18;VACA;25680;5;16;6,76;1,03;12,54;3,31;3,49;4,99;2,5
20/04/2017;43;OVEJA;5040;5;20;6,82;1,036;16,86;5,63;5,52;4,94;4,35
20/04/2017;42;OVEJA;9120;6,5;19;6,82;1,036;16,37;5,31;5,23;5,08;4,11
20/04/2017;25;VACA;25140;5,5;15;6,78;1,03;12,65;3,66;3,24;4,93;2,33
20/04/2017;39;CABRA;2860;6;14;6,81;1,032;14,2;5,04;3,47;4,9;2,68
20/04/2017;38;CABRA;1480;6;14;6,84;1,032;13,51;4,64;3,43;4,69;2,62
20/04/2017;38;OVEJA;7380;5,2;20;6,8;1,036;16,66;6,03;4,54;5,17;3,68
20/04/2017;1;CABRA;25460;4,3;14;6,81;1,032;13,68;4,83;3,4;4,73;2,49
20/04/2017;1;CABRA;25300;4,5;14;6,84;1,032;13,2;4,29;3,55;4,67;2,67
21/04/2017;21;VACA;28440;4,2;15;6,84;1,03;12,29;3,33;3,22;4,95;2,29
21/04/2017;50;OVEJA;13680;4,5;21;6,77;1,036;17,72;6,62;5,33;4,94;4,17
21/04/2017;42;CABRA;6160;4,5;14;6,82;1,032;14,09;5,03;3,42;4,87;2,61
21/04/2017;42;OVEJA;4940;5;20;6,78;1,036;18,19;7,19;5,46;4,75;4,25
21/04/2017;40;CABRA;4840;5;13;6,82;1,032;13,88;4,85;3,36;4,87;2,6
21/04/2017;18;VACA;25980;6,2;16;6,77;1,03;12,51;3,29;3,49;5;2,51
21/04/2017;32;VACA;25220;3,6;15;6,8;1,03;12,46;3,51;3,21;4,95;2,33
21/04/2017;39;OVEJA;9240;5,9;18;6,79;1,036;17,29;6,49;5,04;4,92;4,04
21/04/2017;1;CABRA;25000;4,2;14;6,82;1,032;14,1;5,08;3,49;4,77;2,61
21/04/2017;25;VACA;9040;5,5;15;6,78;1,03;13,27;4,16;3,4;4,88;2,44
21/04/2017;18;VACA;25680;6,5;16;6,77;1,03;12,54;3,34;3,47;4,98;2,47
21/04/2017;45;CABRA;11520;6;14;6,78;1,032;13,26;4,35;3,42;4,8;2,59
21/04/2017;1;OVEJA;4020;6;22;6,75;1,036;16,07;5,83;4,79;4,6;3,65
21/04/2017;37;CABRA;3400;4;14;6,82;1,032;13,72;4,76;3,49;4,74;2,67
21/04/2017;42;OVEJA;5940;5;20;6,8;1,036;19,08;8,01;5,31;4,79;4,22
21/04/2017;42;CABRA;4500;4;14;6,8;1,032;13,63;4,62;3,47;4,74;2,66
21/04/2017;38;CABRA;8600;5;14;6,77;1,032;13,5;4,66;3,43;4,69;2,57
21/04/2017;38;OVEJA;4840;5;18;6,77;1,036;16,65;5,92;5,18;4,85;4,03
21/04/2017;24;VACA;14280;5;15;6,8;1,03;12,05;3,3;3,11;4,88;2,23
21/04/2017;26;VACA;6680;5;15;6,8;1,03;12,07;3,25;3,08;4,89;2,17
21/04/2017;43;CABRA;6560;5,2;14;6,76;1,032;13,3;4,24;3,54;4,82;2,71
21/04/2017;36;CABRA;15720;5,8;14;6,8;1,032;14,2;5,2;3,48;4,69;2,65
21/04/2017;1;CABRA;26320;3,8;14;6,82;1,032;14,11;5,14;3,4;4,8;2,53
22/04/2017;1;CABRA;25200;4,8;14;6,8;1,032;13,47;4,54;3,49;4,74;2,57
22/04/2017;18;VACA;26140;6,8;17;6,75;1,03;12,59;3,31;3,5;4,99;2,47
22/04/2017;21;VACA;28520;3,7;15;6,79;1,03;12,41;3,37;3,27;4,98;2,32
22/04/2017;18;VACA;25820;5,9;16;6,76;1,03;12,57;3,29;3,48;5;2,48
22/04/2017;1;CABRA;12940;6;14;6,8;1,032;13,57;4,57;3,42;4,83;2,57
22/04/2017;40;OVEJA;6200;4;19;6,8;1,036;18,42;7,38;5,34;4,78;4,13
22/04/2017;41;CABRA;8380;6;14;6,84;1,032;13,56;4,55;3,34;4,9;2,56
22/04/2017;32;VACA;23780;6;16;6,75;1,03;12,18;3,38;3,15;4,86;2,2
22/04/2017;24;VACA;15220;5,3;15;6,8;1,03;12,15;3,43;3,09;4,85;2,17
22/04/2017;24;VACA;4780;4,7;15;6,8;1,03;12,14;3,16;3,22;4,97;2,27
22/04/2017;26;VACA;6740;4,3;15;6,81;1,03;12,11;3,31;3,07;4,87;2,15
22/04/2017;43;OVEJA;4460;5,8;18;6,77;1,036;17,28;5,96;5,52;4,98;4,37
22/04/2017;42;OVEJA;8500;4,5;18;6,78;1,036;16,53;5,41;5,26;5,07;4,14
22/04/2017;25;VACA;24640;3,8;15;6,79;1,03;12,76;3,71;3,27;4,96;2,34
22/04/2017;38;CABRA;1280;4;14;6,78;1,032;13,68;4,78;3,44;4,68;2,63
22/04/2017;38;OVEJA;7960;5;20;6,77;1,036;16,91;6,17;4,64;5,19;3,74
22/04/2017;1;CABRA;25840;4,2;14;6,82;1,032;13,9;4,92;3,41;4,77;2,51
22/04/2017;39;OVEJA;8260;5;20;6,78;1,036;17,36;6,43;5,29;4,72;4,09
22/04/2017;39;CABRA;2260;6;14;6,8;1,032;14,37;5,24;3,39;4,88;2,58
22/04/2017;1;CABRA;25820;3,8;14;6,82;1,032;13,97;4,99;3,45;4,76;2,54
22/04/2017;1;CABRA;25580;3,2;14;6,83;1,032;13,21;4,33;3,47;4,67;2,57
23/04/2017;18;VACA;26200;5,2;16;6,78;1,03;12,45;3,19;3,5;4,92;2,45
23/04/2017;21;VACA;28500;4;15;6,82;1,03;12,37;3,32;3,27;4,97;2,32
23/04/2017;26;VACA;6580;4,5;15;6,8;1,03;11,9;3,12;3,07;4,88;2,13
23/04/2017;50;OVEJA;13500;4,6;21;6,75;1,036;17,72;6,6;5,39;4,9;4,21
23/04/2017;40;CABRA;5180;5,1;14;6,81;1,032;13,94;4,87;3,42;4,83;2,62
23/04/2017;43;CABRA;5940;5,2;14;6,8;1,032;13,63;4,76;3,49;4,65;2,56
23/04/2017;42;CABRA;2380;5;14;6,82;1,032;13,8;4,69;3,6;4,69;2,74
23/04/2017;42;OVEJA;6060;5,7;19;6,77;1,036;18,31;7,23;5,53;4,77;4,32
23/04/2017;32;VACA;24440;5,5;16;6,75;1,03;12,44;3,46;3,24;4,97;2,29
23/04/2017;39;OVEJA;9240;5,4;20;6,77;1,036;17,4;6,6;5,08;4,89;4,04
23/04/2017;25;VACA;23600;5,9;16;6,8;1,03;13,11;4,08;3,33;4,82;2,38
23/04/2017;38;CABRA;7400;5,4;14;6,81;1,032;13,85;4,89;3,44;4,78;2,57
23/04/2017;38;OVEJA;4780;5,1;20;6,78;1,036;16,67;5,9;5,24;4,85;4,08
23/04/2017;1;OVEJA;3900;5,5;19;6,79;1,036;17,04;6,3;5,03;4,93;3,92
23/04/2017;45;CABRA;11880;6,4;14;6,82;1,032;13,41;4,5;3,42;4,78;2,6
23/04/2017;37;CABRA;3780;6,1;13;6,84;1,032;13,74;4,81;3,5;4,68;2,66
23/04/2017;1;CABRA;25640;4,5;14;6,81;1,032;13,83;4,92;3,41;4,73;2,52
23/04/2017;18;VACA;25420;5,6;15;6,8;1,03;12,06;3,08;3,26;4,96;2,3
23/04/2017;18;VACA;25080;5;15;6,81;1,03;12,56;3,26;3,49;5;2,49
23/04/2017;18;VACA;25040;5,6;15;6,8;1,03;12,47;3,35;3,46;4,91;2,45
23/04/2017;42;OVEJA;6580;5;20;6,78;1,036;19,03;8,09;5,35;4,71;4,17
23/04/2017;42;CABRA;4320;4,6;14;6,81;1,032;13,74;4,81;3,43;4,69;2,61
24/04/2017;22;VACA;26940;5,5;15;6,82;1,03;12,48;3,54;3,2;4,9;2,29
24/04/2017;21;VACA;28520;3;15;6,83;1,03;12,37;3,33;3,25;4,99;2,33
24/04/2017;20;VACA;26000;5,5;15;6,81;1,03;12,3;3,27;3,24;4,98;2,32
24/04/2017;23;VACA;22840;6;15;6,82;1,03;12,66;3,66;3,24;4,95;2,32
24/04/2017;24;VACA;13400;4,7;15;6,82;1,03;12,14;3,41;3,12;4,83;2,2
24/04/2017;24;VACA;7320;4,6;15;6,82;1,03;12,12;3,13;3,24;4,98;2,29
24/04/2017;26;VACA;5520;4,4;15;6,8;1,03;11,86;3,05;3,12;4,87;2,18
24/04/2017;40;OVEJA;8400;5,3;20;6,77;1,036;17,82;6,96;5,15;4,89;4,04
24/04/2017;41;CABRA;4240;5,5;14;6,8;1,032;13,56;4,59;3,36;4,87;NA
24/04/2017;32;VACA;23760;6,1;15;6,82;1,03;12,05;3,3;3,14;4,83;2,2
24/04/2017;43;OVEJA;5260;5,6;20;6,8;1,036;17,09;5,96;5,52;4,9;4,39
24/04/2017;25;VACA;24500;5,8;15;6,8;1,03;12,57;3,6;3,26;4,93;2,36
24/04/2017;42;OVEJA;8900;5,8;20;6,77;1,036;16,57;5,43;5,35;5,01;4,22
24/04/2017;42;CABRA;6280;5,4;14;6,78;1,032;13,81;4,75;3,42;4,89;2,58
24/04/2017;38;CABRA;1380;4;15;6,8;1,032;13,56;4,7;3,39;4,69;2,6
24/04/2017;38;OVEJA;6980;4;19;6,8;1,036;16,81;6,18;4,55;5,13;3,7
24/04/2017;18;VACA;25320;5,2;15;6,82;1,03;12,11;3,09;3,3;4,96;2,31
24/04/2017;39;CABRA;3460;5,7;13;6,81;1,032;14,37;5,15;3,51;4,87;2,69
24/04/2017;1;CABRA;24880;5,8;14;6,78;1,032;13,9;4,98;3,42;4,75;2,52
24/04/2017;18;VACA;25280;7,2;16;6,76;1,03;12,63;3,33;3,51;4,99;2,52
24/04/2017;36;CABRA;15140;5;14;6,78;1,032;14,3;5,11;3,56;4,8;2,79
24/04/2017;1;CABRA;25400;3,5;14;6,78;1,032;13,57;4,6;3,55;4,71;2,66
24/04/2017;1;CABRA;25800;3,5;14;6,78;1,032;14;4,99;3,45;4,8;2,59
24/04/2017;41;CABRA;4380;0;0;0;1,032;NA;NA;NA;NA;NA
25/04/2017;1;CABRA;26000;4,9;14;6,81;1,032;13,44;4,47;3,58;4,7;2,68
25/04/2017;22;VACA;27500;4,5;15;6,84;1,03;12,41;3,5;3,22;4,95;2,3
25/04/2017;1;CABRA;12560;4;14;6,82;1,032;13,57;4,61;3,42;4,78;2,58
25/04/2017;20;VACA;25960;5,4;15;6,82;1,03;12,41;3,5;3,28;4,85;2,34
25/04/2017;18;VACA;25540;5,6;16;6,783;1,03;12,31;3,05;3,51;5,03;2,5
25/04/2017;21;VACA;25580;4,5;15;6,8;1,03;12,28;3,27;3,26;4,96;2,34
25/04/2017;23;VACA;24960;5,3;15;6,81;1,03;12,47;3,49;3,26;4,97;2,35
25/04/2017;50;OVEJA;13980;5;21;6,75;1,036;17,7;6,6;5,4;4,92;4,21
25/04/2017;41;OVEJA;3280;5,1;20;6,8;1,036;17,61;6,77;5,28;4,8;4,09
25/04/2017;40;CABRA;5360;5,9;14;6,82;1,032;14,02;4,92;3,49;4,87;2,69
25/04/2017;40;OVEJA;4900;6,3;20;6,8;1,036;17,76;7,06;4,9;4,91;3,89
25/04/2017;42;CABRA;3560;7,5;14;6,82;1,032;13,59;4,76;3,42;4,68;2,59
25/04/2017;42;OVEJA;4960;5,5;20;6,78;1,036;17,96;7,05;5,37;4,78;4,21
25/04/2017;43;CABRA;7100;4;15;6,81;1,032;13,26;4,25;3,5;4,83;2,66
25/04/2017;32;VACA;23860;4;15;6,8;1,03;12,31;3,41;3,24;4,93;2,31
25/04/2017;26;VACA;7880;4,8;16;6,77;1,03;11,9;3,09;3,15;4,87;2,19
25/04/2017;25;VACA;24780;6,3;15;6,78;1,03;13,02;4;3,33;4,87;2,36
25/04/2017;45;CABRA;13120;4;15;6,8;1,032;13,08;4,3;3,38;4,71;2,55
25/04/2017;1;OVEJA;3080;7,5;19;6,78;1,036;16,32;6,13;4,86;4,62;3,67
25/04/2017;37;CABRA;3920;4;15;6,8;1,032;13,66;4,69;3,52;4,67;2,67
25/04/2017;39;OVEJA;9220;4,9;19;6,81;1,036;17,12;6,52;4,98;4,83;3,96
25/04/2017;38;CABRA;8560;6;14;6,81;1,032;13,33;4,55;3,43;4,66;2,56
25/04/2017;38;OVEJA;3700;5,9;19;6,8;1,036;16,21;5,54;5,15;4,91;4
25/04/2017;1;CABRA;25100;4;15;6,81;1,032;13,51;4,55;3,55;4,69;2,65
26/04/2017;1;CABRA;25520;5;14;6,82;1,032;13,45;4,57;3,49;4,73;2,62
26/04/2017;21;VACA;26180;3,8;15;6,82;1,03;12,29;3,3;3,25;4,96;2,34
26/04/2017;18;VACA;25940;5,3;15;6,83;1,03;12,14;3,13;3,29;4,98;2,36
26/04/2017;18;VACA;25980;6,6;15;6,79;1,03;12,65;3,44;3,47;4,99;2,5
26/04/2017;24;VACA;12700;4,1;15;6,78;1,03;11,97;3,28;3,06;4,83;2,17
26/04/2017;24;VACA;6080;4;15;6,8;1,03;12,08;3,09;3,26;4,99;2,33
26/04/2017;26;VACA;6220;4;15;6,81;1,03;12;3,14;3,15;4,91;2,25
26/04/2017;40;OVEJA;6620;5,4;18;6,83;1,036;17,77;6,98;5,07;4,92;3,98
26/04/2017;41;CABRA;8560;4,4;14;6,82;1,032;13,38;4,46;3,34;4,9;2,56
26/04/2017;32;VACA;23900;5,8;15;6,78;1,03;12;3,26;3,12;4,85;2,2
26/04/2017;43;OVEJA;4860;5;19;6,81;1,036;16,81;5,66;5,51;4,89;4,36
26/04/2017;42;OVEJA;9200;6;19;6,81;1,036;16,52;5,45;5,32;5,01;4,19
26/04/2017;25;VACA;25100;5,7;15;6,8;1,03;12,58;3,58;3,25;4,99;2,37
26/04/2017;1;CABRA;25800;4,2;15;6,81;1,032;13,94;4,9;3,46;4,78;2,59
26/04/2017;38;CABRA;1380;5,7;14;6,82;1,032;13,4;4,52;3,43;4,72;2,65
26/04/2017;38;OVEJA;8180;5;20;6,78;1,036;16,54;5,93;4,51;5,17;3,67
26/04/2017;39;CABRA;2740;5;14;6,8;1,032;13,92;4,91;3,37;4,88;2,58
26/04/2017;36;CABRA;15660;5,9;14;6,78;1,032;14,15;5,22;3,4;4,7;2,61
26/04/2017;1;CABRA;24280;4,5;14;6,82;1,032;14,05;5,02;3,49;4,8;2,6
27/04/2017;22;VACA;26140;5,5;15;6,8;1,03;12,43;3,47;3,24;4,96;2,32
27/04/2017;21;VACA;28900;3,2;15;6,81;1,03;12,43;3,38;3,27;4,97;2,34
27/04/2017;18;VACA;26320;4,6;15;6,83;1,03;11,92;3,08;3,26;4,94;2,29
27/04/2017;18;VACA;25400;5,6;15;6,79;1,03;12,56;3,3;3,47;5,02;2,47
27/04/2017;18;VACA;24680;6;15;6,78;1,03;12,73;3,49;3,48;4,95;2,48
27/04/2017;18;VACA;25060;5,7;15;6,77;1,03;12,62;3,39;3,46;5,02;2,47
27/04/2017;50;OVEJA;14040;4,7;21;6,76;1,036;17,66;6,56;5,35;4,92;4,19
27/04/2017;41;OVEJA;6400;5;18;6,82;1,036;17,54;6,67;5,22;4,91;4,09
27/04/2017;43;CABRA;5660;5,1;14;6,82;1,032;13,46;4,48;3,51;4,77;2,68
27/04/2017;40;CABRA;5460;4,6;14;6,79;1,032;13,92;4,84;3,44;4,86;2,67
27/04/2017;40;OVEJA;4700;6,3;19;6,82;1,036;17,88;7,12;4,95;4,91;3,91
27/04/2017;42;CABRA;8000;4,8;13;6,82;1,032;13,85;4,81;3,43;4,85;2,6
27/04/2017;42;OVEJA;5180;5,6;19;6,75;1,036;17,94;7,04;5,36;4,77;4,21
27/04/2017;32;VACA;25760;3,8;15;6,76;1,03;12,35;3,42;3,22;4,95;2,3
27/04/2017;39;OVEJA;9700;5,3;20;6,75;1,036;17,24;6,53;5;4,88;3,98
27/04/2017;25;VACA;23920;5,7;15;6,8;1,03;13,06;4,01;3,34;4,88;2,42
27/04/2017;45;CABRA;12060;5,5;13;6,85;1,032;13,23;4,38;3,41;4,75;2,59
27/04/2017;1;OVEJA;4160;2,6;19;6,81;1,036;16,91;6,22;4,97;4,89;3,92
27/04/2017;37;CABRA;4040;4;15;6,8;1,032;13,72;4,74;3,56;4,69;2,74
27/04/2017;24;VACA;15400;4,2;14;6,84;1,03;12,04;3,32;3,07;4,86;2,21
27/04/2017;26;VACA;6780;4,8;15;6,8;1,03;12,03;3,09;3,19;4,96;2,3
27/04/2017;38;CABRA;7780;4,9;13;6,85;1,032;13,56;4,64;3,48;4,75;2,61
27/04/2017;38;OVEJA;5420;4,2;19;6,82;1,036;16,48;5,89;5,04;4,84;3,94
27/04/2017;42;OVEJA;6080;4;20;6,8;1,036;18,57;7,61;5,22;4,77;4,13
27/04/2017;42;CABRA;4680;5;14;6,78;1,032;13,28;4,45;3,35;4,74;2,54
27/04/2017;1;CABRA;25400;4,5;14;6,82;1,032;13,92;4,98;3,4;4,75;2,54
27/04/2017;1;CABRA;25800;4;14;6,82;1,032;14,01;5,05;3,41;4,81;2,54
28/04/2017;20;VACA;24180;5,1;15;6,82;1,03;12,45;3,41;3,26;4,97;2,34
28/04/2017;22;VACA;28460;5,8;15;6,84;1,03;12,44;3,45;3,25;4,94;2,33
28/04/2017;18;VACA;25100;4,7;15;6,81;1,03;12,79;3,5;3,48;5;2,51
28/04/2017;18;VACA;25520;5,6;15;6,83;1,03;12,66;3,35;3,49;5,01;2,51
28/04/2017;21;VACA;28860;3,3;15;6,83;1,03;12,52;3,41;3,29;5;2,38
28/04/2017;23;VACA;24320;5,2;15;6,82;1,03;12,71;3,66;3,27;4,98;2,35
28/04/2017;1;CABRA;12140;6,8;14;6,82;1,032;13,65;4,68;3,43;4,82;2,61
28/04/2017;26;VACA;6340;3,8;16;6,84;1,03;11,98;3,14;3,15;4,89;2,22
28/04/2017;24;VACA;11880;4,5;16;6,84;1,03;12,21;3,41;3,14;4,86;2,26
28/04/2017;24;VACA;5860;3,7;16;6,87;1,03;12,16;3,16;3,27;4,95;2,34
28/04/2017;40;OVEJA;7880;4,7;18;6,85;1,036;18,01;7,2;5,1;4,9;3,99
28/04/2017;41;CABRA;8320;4,4;13;6,86;1,032;13,41;4,5;3,34;4,9;2,55
28/04/2017;32;VACA;24200;5;15;6,8;1,03;12,31;3,43;3,2;4,88;2,26
28/04/2017;43;OVEJA;5180;5,5;19;6,84;1,036;17,12;5,97;5,51;4,87;4,35
28/04/2017;25;VACA;24940;5;15;6,81;1,03;12,67;3,63;3,28;4,97;2,37
28/04/2017;42;OVEJA;9160;4,5;19;6,83;1,036;16,57;5,41;5,36;5,02;4,22
28/04/2017;38;CABRA;1220;5,3;13;6,86;1,032;13,38;4,51;3,46;4,69;2,66
28/04/2017;38;OVEJA;7940;6,3;19;6,83;1,036;16,76;6,22;4,47;5,08;3,67
28/04/2017;39;CABRA;3000;4;13;6,81;1,032;14,24;5,05;3,53;4,86;2,72
28/04/2017;36;CABRA;15460;5,5;14;6,82;1,032;14,11;5,19;3,39;4,67;2,59
28/04/2017;1;CABRA;26240;3,6;14;6,82;1,032;13,93;4,98;3,43;4,75;2,53
28/04/2017;1;CABRA;26320;3,6;14;6,82;1,032;13,93;4,97;3,46;4,77;2,57
29/04/2017;21;VACA;28800;3,8;15;6,82;1,03;12,43;3,38;3,27;4,97;2,33
29/04/2017;41;OVEJA;5700;4,4;20;6,84;1,036;17,85;6,9;5,3;4,89;4,16
29/04/2017;40;CABRA;5140;4;15;6,8;1,032;13,82;4,73;3,45;4,86;2,67
29/04/2017;40;OVEJA;4380;5,9;19;6,81;1,036;18,32;7,54;4,93;4,87;3,96
29/04/2017;50;OVEJA;13580;4;19;6,78;1,036;18,03;6,84;5,46;4,86;4,27
29/04/2017;42;CABRA;2860;5;14;6,86;1,032;13,35;4,41;3,44;4,72;2,59
29/04/2017;42;OVEJA;5560;5,5;20;6,81;1,036;17,96;6,96;5,44;4,81;4,26
29/04/2017;43;CABRA;6780;5,1;14;6,86;1,032;13,36;4,48;3,46;4,71;2,58
29/04/2017;32;VACA;24460;4;15;6,84;1,03;12,37;3,41;3,24;5;2,32
29/04/2017;39;OVEJA;9200;5;20;6,8;1,036;17,23;6,46;5,02;4,92;3,96
29/04/2017;1;CABRA;25920;2,6;14;6,86;1,032;13,61;4,74;3,46;4,72;2,57
29/04/2017;25;VACA;24320;4;15;6,8;1,03;13,04;3,96;3,35;4,88;2,4
29/04/2017;45;CABRA;11740;6;14;6,8;1,032;13,36;4,31;3,51;4,85;2,69
29/04/2017;1;OVEJA;4120;6;21;6,78;1,036;16,51;5,91;4,97;4,86;3,88
29/04/2017;26;VACA;7060;5,3;15;6,81;1,03;12,21;3,27;3,19;4,9;2,25
29/04/2017;37;CABRA;3860;6;14;6,8;1,032;13,82;4,8;3,56;4,72;2,71
29/04/2017;38;CABRA;7380;4,8;14;6,8;1,032;13,97;4,93;3,55;4,8;2,67
29/04/2017;38;OVEJA;4660;4,4;20;6,8;1,036;16,93;6,3;5,17;4,78;4,03
29/04/2017;42;OVEJA;5940;4,5;20;6,78;1,036;19,11;8,06;5,3;4,74;4,21
29/04/2017;42;CABRA;3060;4;14;6,82;1,032;13,69;4,83;3,38;4,72;2,54
29/04/2017;1;CABRA;24960;3;14;6,84;1,032;13,85;4,88;3,45;4,76;2,54
30/04/2017;21;VACA;28800;4,1;15;6,82;1,03;12,33;3,32;3,25;4,94;2,34
30/04/2017;24;VACA;16940;5,5;16;6,81;1,03;12,3;3,47;3,17;4,87;2,3
30/04/2017;24;VACA;7560;4,6;16;6,82;1,03;12,03;3,05;3,24;4,95;2,31
30/04/2017;26;VACA;5880;4,2;16;6,8;1,03;12,01;3,18;3,12;4,88;2,21
30/04/2017;40;OVEJA;8640;4;19;6,8;1,036;18,34;7,23;5,35;4,91;4,19
30/04/2017;41;CABRA;8540;5;14;6,82;1,032;13,51;4,51;3,38;4,94;2,59
30/04/2017;32;VACA;24140;6;15;6,8;1,03;12,17;3,34;3,17;4,88;2,24
30/04/2017;43;OVEJA;5480;5;20;6,8;1,036;17,44;6,33;5,53;4,83;4,34
30/04/2017;25;VACA;25100;5,3;16;6,8;1,03;12,79;3,69;3,31;4,96;2,39
30/04/2017;38;CABRA;1300;5,6;14;6,84;1,032;13,77;4,8;3,5;4,73;2,69
30/04/2017;38;OVEJA;7160;5;19;6,79;1,036;17,1;6,45;4,57;5,04;3,73
30/04/2017;42;OVEJA;9060;4;18;6,82;1,036;16,67;5,44;5,41;5,03;4,26
30/04/2017;42;CABRA;4700;5,7;14;6,8;1,032;14,15;4,97;3,5;4,93;2,67
30/04/2017;39;OVEJA;10080;4,5;18;6,82;1,036;17,61;6,78;5,13;4,84;4,02
30/04/2017;39;CABRA;2220;5,5;14;6,82;1,032;14,28;5,16;3,41;4,91;2,62
30/04/2017;1;CABRA;25500;3,5;14;6,82;1,032;13,36;4,43;3,54;4,69;2,63
30/04/2017;1;CABRA;23240;2,5;14;6,82;1,032;13,77;4,78;3,54;4,76;2,67
30/04/2017;23;VACA;24760;5,5;15;6,83;1,03;12,58;3,55;3,26;4,96;2,34
30/04/2017;22;VACA;28120;6;15;6,8;1,03;12,5;3,51;3,24;4,98;2,31
30/04/2017;20;VACA;25380;5,5;15;6,81;1,03;12,43;3,48;3,27;4,88;2,36
30/04/2017;35;VACA;15260;5,4;15;6,83;1,03;12,4;3,64;3,17;4,79;2,25
30/04/2017;35;VACA;7620;4,7;15;6,83;1,03;12,49;3,59;3,26;4,85;2,3
30/04/2017;21;VACA;28840;3,4;15;6,83;1,03;12,39;3,33;3,28;4,97;2,37
01/05/2017;1;CABRA;21920;4,2;14;6,82;1,032;13,78;4,89;3,4;4,74;2,5
01/05/2017;1;CABRA;13280;6,5;13;6,78;1,032;13,72;4,68;3,44;4,86;2,6
01/05/2017;50;OVEJA;14340;4,4;21;6,75;1,036;18,01;6,79;5,46;4,89;4,27
01/05/2017;40;CABRA;5380;5,2;14;6,84;1,032;13,88;4,73;3,51;4,87;2,7
01/05/2017;40;OVEJA;3840;6;19;6,79;1,036;18;7,18;5,06;4,86;3,98
01/05/2017;41;OVEJA;5420;4;19;6,8;1,036;17,83;6,83;5,3;4,92;4,17
01/05/2017;42;CABRA;3720;4,7;14;6,82;1,032;13,6;4,57;3,42;4,85;2,62
01/05/2017;42;OVEJA;4640;5,2;20;6,81;1,036;18,07;7,07;5,42;4,79;4,26
01/05/2017;43;CABRA;4920;6;14;6,84;1,032;13,74;4,65;3,58;4,81;2,73
01/05/2017;26;VACA;6820;4;15;6,8;1,03;12,05;3,2;3,16;4,88;2,22
01/05/2017;32;VACA;24960;4;15;6,8;1,03;12,42;3,41;3,25;5;2,3
01/05/2017;39;OVEJA;9660;6;19;6,8;1,036;17,09;6,35;4,99;4,92;3,98
01/05/2017;25;VACA;24340;5,7;15;6,82;1,03;13,02;3,94;3,33;4,9;2,39
01/05/2017;37;CABRA;3000;7,1;14;6,84;1,032;13,79;4,75;3,51;4,78;2,67
01/05/2017;38;CABRA;1520;4,8;13;6,85;1,032;14,48;5,07;3,81;4,75;2,9
01/05/2017;38;OVEJA;3980;4,5;20;6,78;1,036;17,06;6,31;5,23;4,81;4,1
01/05/2017;1;CABRA;25800;4,5;14;6,81;1,032;14,05;5,01;3,48;4,8;2,58
01/05/2017;38;CABRA;6460;5,8;14;6,79;1,032;13,85;4,9;3,62;4,56;2,69
01/05/2017;45;CABRA;11420;5,4;14;6,8;1,032;13,54;4,51;3,48;4,8;2,65
01/05/2017;42;OVEJA;6580;4,7;20;6,77;1,036;19,12;8,12;5,35;4,76;4,14
01/05/2017;42;CABRA;3460;4,4;13;6,86;1,032;13,6;4,75;3,34;4,72;2,54
01/05/2017;1;CABRA;25540;3,9;14;6,79;1,032;13,72;4,72;3,56;4,75;2,65
01/05/2017;36;CABRA;15980;5,9;14;6,82;1,032;14,29;5,19;3,45;4,76;2,69
01/05/2017;1;CABRA;25500;4;13;6,85;1,032;13,46;4,48;3,54;4,77;2,61
02/05/2017;20;VACA;24440;5;15;6,8;1,03;12,45;3,39;3,24;4,98;2,35
02/05/2017;22;VACA;28200;5,8;15;6,82;1,03;12,54;3,51;3,25;4,97;2,31
02/05/2017;1;CABRA;2160;5,4;14;6,8;1,032;13,98;4,97;3,45;4,8;2,58
02/05/2017;23;VACA;23340;4;15;6,8;1,03;12,8;3,71;3,26;4,98;2,35
02/05/2017;21;VACA;25700;3,8;15;6,82;1,03;12,49;3,39;3,26;4,99;2,32
02/05/2017;40;OVEJA;4880;5;20;6,81;1,036;18,39;7,39;5,24;4,87;4,14
02/05/2017;41;CABRA;9500;6;14;6,84;1,032;13,55;4,59;3,35;4,85;2,52
02/05/2017;32;VACA;23540;5,6;15;6,81;1,03;12,19;3,34;3,16;4,85;2,22
02/05/2017;43;OVEJA;5500;5,2;20;6,78;1,036;17,42;6,31;5,51;4,8;4,31
02/05/2017;24;VACA;28260;4,5;16;6,82;1,03;12,16;3,3;3,12;4,92;2,24
02/05/2017;42;OVEJA;9460;4,8;20;6,8;1,036;16,76;5,56;5,38;5,01;4,24
02/05/2017;25;VACA;25020;5,3;15;6,82;1,03;12,8;3,74;3,26;4,93;2,35
02/05/2017;38;CABRA;1220;4;15;6,8;1,032;13,64;4,72;3,49;4,68;2,66
02/05/2017;38;OVEJA;8020;5,2;21;6,79;1,036;16,89;6,17;4,63;5,07;3,74
02/05/2017;26;VACA;8980;5,1;15;6,82;1,03;12,03;3,19;3,14;4,85;2,17
02/05/2017;1;CABRA;25160;3,4;14;6,84;1,032;13,79;4,79;3,48;4,72;2,58
02/05/2017;39;CABRA;2820;4,7;14;6,83;1,032;14,33;5,11;3,52;4,86;2,68
02/05/2017;1;CABRA;25560;2,6;13;6,86;1,032;13,8;4,77;3,52;4,77;2,64
03/05/2017;1;CABRA;25100;5;14;6,83;1,032;13,34;4,43;3,54;4,68;2,62
03/05/2017;22;VACA;28500;5,4;15;6,82;1,03;12,2;3,25;3,21;4,99;2,33
03/05/2017;23;VACA;23160;6;15;6,8;1,03;12,53;3,49;3,27;5,01;2,38
03/05/2017;21;VACA;27040;4;15;6,81;1,03;12,3;3,24;3,24;4,98;2,34
03/05/2017;1;CABRA;5420;7;14;6,8;1,032;13,67;4,57;3,46;4,85;2,66
03/05/2017;50;OVEJA;14080;5;21;6,77;1,036;17,92;6,79;5,41;4,83;4,22
03/05/2017;26;VACA;4660;4,7;15;6,8;1,03;11,88;3,05;3,12;4,86;2,18
03/05/2017;41;OVEJA;4800;5,6;20;6,78;1,036;17,61;6,64;5,3;4,85;4,14
03/05/2017;40;OVEJA;5260;6,5;20;6,78;1,036;18,26;7,52;4,9;4,8;3,93
03/05/2017;40;CABRA;4400;5,2;14;6,82;1,032;13,79;4,74;3,43;4,83;2,65
03/05/2017;43;CABRA;6380;5;14;6,81;1,032;13,76;4,71;3,52;4,8;2,66
03/05/2017;32;VACA;26360;3,6;15;6,82;1,03;12,29;3,31;3,24;4,96;2,34
03/05/2017;42;CABRA;8640;4;15;6,8;1,032;13,73;4,73;3,41;4,85;2,61
03/05/2017;42;OVEJA;5120;5,6;21;6,77;1,036;17,73;6,76;5,38;4,79;4,24
03/05/2017;39;OVEJA;10060;6;20;6,8;1,036;16,99;6,24;5,01;4,94;4
03/05/2017;25;VACA;24000;6;15;6,8;1,03;12,96;3,9;3,31;4,88;2,4
03/05/2017;37;CABRA;3020;6,2;14;6,86;1,032;13,8;4,82;3,51;4,7;2,7
03/05/2017;38;CABRA;1900;5,5;14;6,83;1,032;14,12;4,95;3,58;4,82;2,72
03/05/2017;38;OVEJA;4620;4,4;19;6,8;1,036;17,34;6,64;5,2;4,73;4,07
03/05/2017;1;CABRA;25560;3,8;14;6,83;1,032;13,68;4,71;3,47;4,76;2,59
03/05/2017;38;CABRA;7160;4,7;14;6,79;1,032;13,25;4,54;3,44;4,51;2,53
03/05/2017;45;CABRA;11660;4;15;6,8;1,032;13,57;4,56;3,5;4,78;2,66
03/05/2017;36;CABRA;16080;6;14;6,81;1,032;14,04;5,08;3,36;4,74;2,56
03/05/2017;1;CABRA;26020;4,2;14;6,83;1,032;13,94;4,96;3,42;4,78;2,54
04/05/2017;21;VACA;29520;3,5;16;6,84;1,03;12,35;3,3;3,24;4,96;2,33
04/05/2017;40;OVEJA;6820;5;18;6,83;1,036;17,77;6,99;5,08;4,86;3,97
04/05/2017;41;CABRA;9740;4,8;14;6,85;1,032;13,41;4,48;3,36;4,86;2,56
04/05/2017;1;OVEJA;10780;2,7;20;6,78;1,036;16,99;6,28;5,14;4,78;4,03
04/05/2017;43;OVEJA;4540;5;20;6,8;1,036;17,06;5,93;5,36;4,96;4,25
04/05/2017;24;VACA;27780;4,7;15;6,81;1,03;12,07;3,21;3,1;4,92;2,24
04/05/2017;42;OVEJA;9180;4,6;20;6,82;1,036;16,51;5,37;5,29;5,03;4,14
04/05/2017;25;VACA;25000;5,5;16;6,79;1,03;12,75;3,71;3,24;4,95;2,38
04/05/2017;32;VACA;23660;5;15;6,82;1,03;12,14;3,3;3,16;4,85;2,25
04/05/2017;38;CABRA;1440;6;14;6,82;1,032;13,42;4,63;3,4;4,64;2,6
04/05/2017;38;OVEJA;7620;6;20;6,8;1,036;17,01;6,25;4,67;5,12;3,79
04/05/2017;1;CABRA;24620;4,7;14;6,82;1,032;13,82;4,92;3,38;4,73;2,52
04/05/2017;39;CABRA;3180;4;15;6,8;1,032;14,24;5,13;3,45;4,85;2,67
04/05/2017;26;VACA;8520;4,5;15;6,78;1,03;12,22;3,29;3,16;4,85;2,23
04/05/2017;1;CABRA;26400;3,5;13;6,86;1,032;13,95;4,94;3,49;4,74;2,61
05/05/2017;22;VACA;25020;6;16;6,82;1,03;12,28;3,34;3,2;4,96;2,23
05/05/2017;21;VACA;29380;5;16;6,82;1,03;12,29;3,23;3,25;4,99;2,29
05/05/2017;1;CABRA;4840;5,5;14;6,77;1,032;13,71;4,73;3,41;4,85;2,55
05/05/2017;50;OVEJA;15040;4,7;21;6,77;1,036;17,7;6,61;5,36;4,91;4,19
05/05/2017;41;OVEJA;5960;5,6;18;6,81;1,036;17,48;6,66;5,15;4,91;4,05
05/05/2017;43;CABRA;5580;5,6;14;6,84;1,032;13,54;4,56;3,52;4,81;2,67
05/05/2017;42;CABRA;3320;4,7;15;6,75;1,032;13,26;4,37;3,43;4,72;2,6
05/05/2017;42;OVEJA;5400;5,6;21;6,77;1,036;17,57;6,72;5,29;4,8;4,16
05/05/2017;40;OVEJA;5260;5,2;19;6,79;1,036;18,02;7,38;4,85;4,78;3,9
05/05/2017;40;CABRA;4560;5,8;14;6,82;1,032;13,5;4,56;3,38;4,8;2,64
05/05/2017;32;VACA;26020;4,5;16;6,79;1,03;12,21;3,3;3,23;4,96;2,31
05/05/2017;39;OVEJA;9460;5,8;18;6,82;1,036;17,11;6,42;4,97;4,92;3,95
05/05/2017;25;VACA;24580;6,4;16;6,78;1,03;12,89;3,9;3,29;4,87;2,37
05/05/2017;37;CABRA;3260;5,5;14;6,81;1,032;13,43;4,65;3,41;4,65;2,6
05/05/2017;38;CABRA;1980;4;15;6,79;1,032;13,93;4,98;3,44;4,74;2,61
05/05/2017;38;OVEJA;4660;4;19;6,8;1,036;17,22;6,58;5,15;4,78;4,03
05/05/2017;38;CABRA;6300;5;14;6,78;1,032;13,31;4,51;3,51;4,6;2,6
05/05/2017;45;CABRA;12320;5;14;6,8;1,032;13,33;4,5;3,41;4,72;2,58
05/05/2017;1;CABRA;26080;5;14;6,82;1,032;13,79;4,91;3,43;4,72;2,53
05/05/2017;42;OVEJA;6240;5,3;21;6,78;1,036;18,48;7,63;5,14;4,76;4,07
05/05/2017;42;CABRA;4640;5,4;14;6,8;1,032;13,4;4,63;3,33;4,71;2,51
05/05/2017;1;CABRA;25480;3,4;14;6,82;1,032;13,9;4,95;3,44;4,77;2,53
05/05/2017;26;VACA;6840;5;15;6,82;1,03;12,04;3,25;3,13;4,83;2,18
05/05/2017;36;CABRA;14800;7;14;6,81;1,032;14,05;5,18;3,38;4,69;2,57
06/05/2017;1;CABRA;9880;5,5;13;6,85;1,032;13,38;4,57;3,46;4,71;2,58
06/05/2017;1;CABRA;8680;5,8;13;6,85;1,032;13,19;4,49;3,42;4,66;2,54
06/05/2017;22;VACA;28340;5,4;15;6,81;1,03;12,38;3,46;3,22;4,96;2,27
06/05/2017;21;VACA;29340;3,5;15;6,8;1,03;12,3;3,29;3,26;4,96;2,3
06/05/2017;1;CABRA;8400;5,5;14;6,8;1,032;13,63;4,68;3,43;4,79;2,59
06/05/2017;40;OVEJA;7260;4,8;20;6,81;1,036;17,93;7,06;5,23;4,87;4,12
06/05/2017;41;CABRA;9980;5,4;14;6,83;1,032;13,32;4,47;3,34;4,84;2,53
06/05/2017;32;VACA;23140;6;14;6,82;1,03;12,08;3,35;3,12;4,81;2,18
06/05/2017;43;OVEJA;5220;5,5;19;6,79;1,036;16,83;6,06;5,29;4,75;4,13
06/05/2017;24;VACA;26400;5;15;6,78;1,03;12,13;3,32;3,12;4,88;2,2
06/05/2017;26;VACA;4720;4,5;15;6,78;1,03;11,54;2,8;3,09;4,88;2,17
06/05/2017;42;OVEJA;9220;4,5;20;6,8;1,036;16,34;5,39;5,17;5,05;4,08
06/05/2017;42;CABRA;5480;5;14;6,79;1,032;13,52;4,67;3,32;4,85;2,52
06/05/2017;25;VACA;25260;5,5;16;6,79;1,03;12,67;3,66;3,26;4,96;2,32
06/05/2017;38;CABRA;1300;6;14;6,82;1,032;13,32;4,6;3,39;4,6;2,56
06/05/2017;38;OVEJA;8600;5,2;20;6,78;1,036;16,77;6,01;4,66;5,19;3,78
06/05/2017;1;CABRA;25680;4;14;6,81;1,032;13,87;4,99;3,4;4,77;2,52
06/05/2017;39;CABRA;2360;5,5;14;6,83;1,032;13,91;5;3,35;4,82;2,52
06/05/2017;1;CABRA;25880;4;13;6,84;1,032;13,79;4,87;3,44;4,79;2,57
07/05/2017;22;VACA;27480;5,4;15;6,81;1,03;12,43;3,49;3,22;4,96;2,3
07/05/2017;21;VACA;29360;4;15;6,8;1,03;12,35;3,34;3,27;4,96;2,34
07/05/2017;23;VACA;25000;5,9;15;6,8;1,03;12,49;3,57;3,23;4,89;2,3
07/05/2017;35;VACA;11160;5,7;16;6,8;1,03;12,62;3,77;3,3;4,81;2,35
07/05/2017;35;VACA;11020;5,5;16;6,81;1,03;12,28;3,53;3,18;4,82;2,23
07/05/2017;50;OVEJA;14700;4,9;21;6,77;1,036;17,69;6,65;5,33;4,88;4,19
07/05/2017;41;OVEJA;6900;4,7;20;6,82;1,036;17,46;6,67;5,12;4,92;4,01
07/05/2017;40;OVEJA;6420;6,2;20;6,76;1,036;17,93;7,14;5,02;4,82;3,93
07/05/2017;40;CABRA;4440;2,3;13;6,81;1,032;13,6;4,66;3,37;4,79;2,6
07/05/2017;42;CABRA;2120;5,6;14;6,83;1,032;13,35;4,48;3,39;4,72;2,6
07/05/2017;42;OVEJA;5080;5,2;19;6,78;1,036;17,88;7;5,31;4,79;4,17
07/05/2017;39;OVEJA;10240;5,8;19;6,81;1,036;16,98;6,42;4,91;4,88;3,92
07/05/2017;43;CABRA;6300;5,7;14;6,83;1,032;13,34;4,53;3,45;4,68;2,59
07/05/2017;32;VACA;25500;4,2;16;6,78;1,03;12,26;3,35;3,22;4,93;2,29
07/05/2017;37;CABRA;2740;5,9;14;6,84;1,032;13,6;4,75;3,47;4,63;2,65
07/05/2017;25;VACA;24020;6;16;6,81;1,03;12,99;3,91;3,34;4,91;2,4
07/05/2017;38;CABRA;1920;5;14;6,84;1,032;13,91;4,97;3,42;4,75;2,6
07/05/2017;38;OVEJA;4180;4,8;20;6,8;1,036;17,07;6,36;5,23;4,78;4,07
07/05/2017;42;CABRA;4400;4,7;13;6,85;1,032;13,42;4,66;3,35;4,67;2,5
07/05/2017;38;CABRA;6480;6;14;6,8;1,032;13,4;4,6;3,48;4,61;2,61
07/05/2017;45;CABRA;12680;5,9;14;6,8;1,032;13,42;4,59;3,42;4,72;2,58
07/05/2017;42;OVEJA;7160;5;20;6,78;1,036;18,7;7,72;5,3;4,7;4,14
07/05/2017;1;CABRA;26040;4,5;14;6,8;1,032;13,38;4,64;3,33;4,67;2,44
07/05/2017;26;VACA;8860;5,2;15;6,79;1,03;12,08;3,25;3,12;4,86;2,18
07/05/2017;1;CABRA;26060;4,6;13;6,82;1,032;13,49;4,61;3,51;4,69;2,61
08/05/2017;22;VACA;27980;3,8;15;6,8;1,03;12,28;3,3;3,22;4,95;2,3
08/05/2017;20;VACA;25660;5,9;15;6,84;1,03;12,52;3,57;3,2;4,96;2,29
08/05/2017;1;CABRA;4860;6;14;6,82;1,032;13,7;4,76;3,4;4,79;2,57
08/05/2017;23;VACA;20160;5,5;14;6,8;1,03;12,55;3,5;3,25;4,99;2,35
08/05/2017;21;VACA;26060;4;15;6,8;1,03;12,34;3,28;3,28;4,99;2,33
08/05/2017;40;OVEJA;7020;5,5;19;6,82;1,036;17,9;6,93;5,32;4,87;4,15
08/05/2017;41;CABRA;9740;4,4;14;6,84;1,032;13,35;4,51;3,35;4,81;2,53
08/05/2017;32;VACA;23020;6;15;6,8;1,03;11,97;3,23;3,11;4,84;2,21
08/05/2017;43;OVEJA;4960;5,9;20;6,81;1,036;17,19;6,21;5,46;4,8;4,29
08/05/2017;24;VACA;22100;5,5;15;6,82;1,03;12,23;3,44;3,12;4,85;2,21
08/05/2017;42;OVEJA;10240;4,8;18;6,79;1,036;16,33;5,31;5,23;5,03;4,12
08/05/2017;25;VACA;24960;5;16;6,8;1,03;12,67;3,68;3,25;4,92;2,34
08/05/2017;38;CABRA;1340;4;15;6,8;1,032;13,56;4,76;3,48;4,59;2,65
08/05/2017;38;OVEJA;7020;5;20;6,8;1,036;16,97;6,15;4,73;5,17;3,84
08/05/2017;26;VACA;6960;6,6;15;6,8;1,03;11,75;2,99;3,12;4,83;2,14
08/05/2017;39;CABRA;3340;4,9;13;6,86;1,032;14,01;4,95;3,49;4,85;2,67
08/05/2017;36;CABRA;16320;6,4;14;6,77;1,032;13,95;5,02;3,37;4,71;2,6
09/05/2017;1;CABRA;24780;5,4;14;6,8;1,032;13,2;4,38;3,52;4,6;2,59
09/05/2017;20;VACA;25560;5,9;15;6,82;1,03;12,28;3,39;3,24;4,85;2,31
09/05/2017;22;VACA;27360;6;15;6,82;1,03;12,37;3,44;3,2;4,97;2,27
09/05/2017;21;VACA;27360;5,5;15;6,82;1,03;12,27;3,31;3,23;4,94;2,29
09/05/2017;23;VACA;24160;6;15;6,8;1,03;12,51;3,5;3,25;4,95;2,33
09/05/2017;1;CABRA;8500;7,5;14;6,8;1,032;13,34;4,41;3,42;4,79;2,59
09/05/2017;43;CABRA;5360;4,2;14;6,8;1,032;13,63;4,6;3,53;4,76;2,69
09/05/2017;50;OVEJA;14860;5;22;6,75;1,036;17,98;6,81;5,41;4,92;4,25
09/05/2017;41;OVEJA;5660;5,6;19;6,83;1,036;16,75;5,94;5,02;5,03;3,95
09/05/2017;40;OVEJA;5320;6,7;21;6,77;1,036;17,94;7,18;4,86;4,89;3,86
09/05/2017;40;CABRA;4680;6;14;6,8;1,032;13,55;4,54;3,39;4,86;2,63
09/05/2017;42;CABRA;8760;5,3;14;6,83;1,032;13,59;4,65;3,37;4,85;2,57
09/05/2017;42;OVEJA;5140;5,3;20;6,8;1,036;17,54;6,59;5,3;4,87;4,19
09/05/2017;32;VACA;26220;4,7;15;6,8;1,03;12,17;3,24;3,2;4,99;2,24
09/05/2017;37;CABRA;3420;6;14;6,83;1,032;13,57;4,74;3,45;4,64;2,62
09/05/2017;25;VACA;24000;6;15;6,8;1,03;12,91;3,84;3,33;4,88;2,38
09/05/2017;39;OVEJA;9540;4;19;6,8;1,036;16,95;6,39;4,86;4,86;3,84
09/05/2017;38;CABRA;2100;5,5;14;6,82;1,032;13,79;4,89;3,38;4,73;2,55
09/05/2017;38;OVEJA;4600;4,7;19;6,8;1,036;17,28;6,55;5,16;4,82;4,01
09/05/2017;1;CABRA;26640;4;14;6,86;1,032;13,49;4,66;3,47;4,65;2,56
09/05/2017;45;CABRA;12100;6,5;14;6,8;1,032;13,44;4,55;3,44;4,74;2,6
09/05/2017;38;CABRA;6760;4;15;6,8;1,032;13,52;4,72;3,51;4,57;2,57
09/05/2017;26;VACA;6800;5,7;15;6,8;1,03;11,9;3,1;3,12;4,86;2,18
10/05/2017;1;CABRA;25080;5,5;14;6,83;1,032;13,4;4,56;3,44;4,71;2,53
10/05/2017;20;VACA;24740;5,7;15;6,82;1,03;12,25;3,31;3,18;4,95;2,26
10/05/2017;22;VACA;26880;5,7;15;6,82;1,03;12,27;3,32;3,21;4,99;2,3
10/05/2017;21;VACA;29380;4,2;15;6,82;1,03;12,21;3,15;3,27;5,02;2,36
10/05/2017;23;VACA;25940;5,9;15;6,82;1,03;12,46;3,42;3,25;5,01;2,38
10/05/2017;40;OVEJA;4640;5,1;19;6,84;1,036;17,22;6,31;5,08;4,94;3,98
10/05/2017;41;CABRA;10040;5,2;13;6,86;1,032;13,27;4,44;3,34;4,79;2,52
10/05/2017;43;OVEJA;5000;4,6;20;6,8;1,036;17,29;6,3;5,44;4,79;4,23
10/05/2017;24;VACA;23920;4,6;15;6,83;1,03;12,15;3,42;3,04;4,83;2,16
10/05/2017;32;VACA;23040;6,5;15;6,81;1,03;11,9;3,15;3,13;4,85;2,27
10/05/2017;42;OVEJA;9320;4,5;20;6,81;1,036;16,21;5,22;5,18;5,06;4,08
10/05/2017;25;VACA;24800;5,2;15;6,81;1,03;12,65;3,67;3,24;4,89;2,31
10/05/2017;1;CABRA;25700;3,9;15;6,86;1,032;13,43;4,66;3,38;4,67;2,5
10/05/2017;38;CABRA;1460;6;13;6,85;1,032;13,3;4,58;3,41;4,57;2,58
10/05/2017;38;OVEJA;8580;5,6;20;6,81;1,036;16,87;6,02;4,75;5,15;3,79
10/05/2017;39;CABRA;2460;5,2;13;6,85;1,032;13,68;4,78;3,29;4,87;2,57
10/05/2017;1;CABRA;24920;4;15;6,83;1,032;13,68;4,86;3,38;4,68;2,47
10/05/2017;26;VACA;6720;4,7;15;6,81;1,03;11,98;3,17;3,16;4,81;2,14
10/05/2017;36;CABRA;14800;7,1;14;6,8;1,032;13,85;5,09;3,23;4,66;2,42
11/05/2017;21;VACA;29360;4,9;15;6,84;1,03;12,27;3,27;3,24;4,98;2,34
11/05/2017;1;CABRA;4960;5,9;14;6,82;1,032;13,68;4,69;3,44;4,76;2,61
11/05/2017;50;OVEJA;14940;4,6;21;6,79;1,036;17,8;6,77;5,34;4,85;4,16
11/05/2017;40;CABRA;4720;5;14;6,82;1,032;13,57;4,67;3,37;4,77;2,61
11/05/2017;1;OVEJA;10920;5,2;19;6,78;1,036;16,83;6,3;4,96;4,75;3,87
11/05/2017;42;CABRA;2920;4;15;6,8;1,032;12,77;4,09;3,23;4,74;2,45
11/05/2017;42;OVEJA;5640;5,3;20;6,78;1,036;17,5;6,67;5,26;4,79;4,15
11/05/2017;43;CABRA;7120;5;14;6,8;1,032;13,46;4,54;3,48;4,74;2,67
11/05/2017;39;OVEJA;9620;5;19;6,81;1,036;16,96;6,4;4,86;4,85;3,87
11/05/2017;32;VACA;25500;4,3;15;6,79;1,03;12,11;3,27;3,18;4,91;2,25
11/05/2017;25;VACA;23980;5,7;15;6,8;1,03;12,62;3,71;3,28;4,8;2,32
11/05/2017;37;CABRA;3100;5,7;14;6,82;1,032;13,59;4,76;3,44;4,64;2,63
11/05/2017;1;CABRA;20820;3,8;13;6,85;1,032;13,42;4,63;3,46;4,62;2,56
11/05/2017;1;CABRA;25700;4,4;13;6,85;1,032;13,81;4,92;3,45;4,66;2,57
11/05/2017;38;CABRA;2040;5,2;14;6,84;1,032;13,74;4,87;3,36;4,74;2,55
11/05/2017;38;OVEJA;4020;4,7;19;6,8;1,036;17,13;6,44;5,17;4,78;4,04
11/05/2017;38;CABRA;6020;5,8;14;6,8;1,032;13,51;4,74;3,41;4,62;2,53
11/05/2017;45;CABRA;11540;6;14;6,82;1,032;13,37;4,54;3,44;4,73;2,6
11/05/2017;26;VACA;6660;4,5;16;6,8;1,03;12,08;3,21;3,19;4,87;2,23
11/05/2017;42;OVEJA;6420;4,7;20;6,8;1,036;18,43;7,51;5,16;4,78;4,12
11/05/2017;42;CABRA;5060;4,7;14;6,84;1,032;13,31;4,43;3,42;4,74;2,61
12/05/2017;22;VACA;27440;5,4;15;6,81;1,03;12,53;3,63;3,19;4,93;2,28
12/05/2017;21;VACA;29260;3,6;15;6,82;1,03;12,36;3,33;3,27;4,96;2,37
12/05/2017;1;CABRA;8580;6,6;14;6,78;1,032;13,31;4,52;3,43;4,68;2,53
12/05/2017;41;CABRA;9360;4,5;14;6,83;1,032;13,26;4,44;3,34;4,81;2,54
12/05/2017;40;OVEJA;7820;4;19;6,8;1,036;18,22;7,37;5,16;4,85;4
12/05/2017;32;VACA;23360;6,6;16;6,77;1,03;12,03;3,25;3,16;4,86;2,22
12/05/2017;24;VACA;24180;4,4;15;6,82;1,03;12,02;3,33;3,07;4,88;2,2
12/05/2017;43;OVEJA;4720;4,4;20;6,8;1,036;17,7;6,62;5,53;4,78;4,35
12/05/2017;42;OVEJA;9280;4,5;19;6,8;1,036;16,31;5,28;5,21;5,06;4,12
12/05/2017;42;CABRA;5040;5,4;13;6,85;1,032;13,52;4,67;3,37;4,78;2,53
12/05/2017;38;CABRA;1360;6,1;13;6,85;1,032;13,72;4,89;3,48;4,62;2,65
12/05/2017;38;OVEJA;8000;4;20;6,79;1,036;17,09;6,18;4,81;5,14;3,86
12/05/2017;25;VACA;24840;5,7;15;6,79;1,03;12,82;3,79;3,3;4,94;2,35
12/05/2017;1;CABRA;25080;3,6;13;6,85;1,032;13,57;4,74;3,41;4,67;2,56
12/05/2017;1;CABRA;26400;3,6;13;6,84;1,032;13,8;4,95;3,38;4,68;2,5
12/05/2017;39;CABRA;3440;5,3;13;6,85;1,032;14,03;5;3,48;4,79;2,65
12/05/2017;26;VACA;7120;5,1;15;6,8;1,03;12,08;3,23;3,16;4,89;2,21
12/05/2017;36;CABRA;14540;7;14;6,8;1,032;13,84;5,06;3,29;4,67;2,53
13/05/2017;1;CABRA;24900;4,8;14;6,84;1,032;13,14;4,33;3,52;4,67;2,62
13/05/2017;22;VACA;26360;5,4;15;6,82;1,03;12,43;3,5;3,21;4,96;2,28
13/05/2017;21;VACA;29120;4,4;15;6,81;1,03;12,4;3,35;3,26;4,98;2,34
13/05/2017;20;VACA;25080;6,3;16;6,78;1,03;12,51;3,55;3,31;4,87;2,39
13/05/2017;50;OVEJA;14780;4,6;21;6,76;1,036;18,06;6,9;5,45;4,86;4,33
13/05/2017;43;CABRA;4660;5,2;14;6,84;1,032;13,67;4,73;3,51;4,72;2,74
13/05/2017;41;OVEJA;6780;4,7;19;6,81;1,036;17,78;6,87;5,21;4,89;4,13
13/05/2017;40;CABRA;4800;6,6;14;6,82;1,032;13,75;4,82;3,38;4,75;2,65
13/05/2017;40;OVEJA;4920;5;20;6,76;1,036;18,39;7,47;5,18;4,81;4,11
13/05/2017;42;CABRA;2500;4,8;14;6,84;1,032;13,45;4,53;3,38;4,76;2,64
13/05/2017;42;OVEJA;5020;5;19;6,78;1,036;17,85;6,91;5,3;4,82;4,25
13/05/2017;32;VACA;25180;4,5;15;6,81;1,03;12,28;3,35;3,22;4,97;2,3
13/05/2017;39;OVEJA;9860;5;20;6,8;1,036;17;6,37;4,96;4,89;3,93
13/05/2017;1;CABRA;25600;3,4;14;6,84;1,032;13,28;4,62;3,32;4,65;2,44
13/05/2017;37;CABRA;3140;6,8;13;6,85;1,032;13,6;4,77;3,49;4,66;2,64
13/05/2017;25;VACA;24380;5,8;15;6,8;1,03;13,09;4,01;3,38;4,86;2,43
13/05/2017;38;CABRA;1940;5;14;6,84;1,032;14,08;5,15;3,43;4,72;2,59
13/05/2017;38;OVEJA;4660;4,3;20;6,77;1,036;17,03;6,21;4,19;5,02;3,89
13/05/2017;38;CABRA;6160;6,3;14;6,82;1,032;13,62;4,79;3,53;4,56;2,61
13/05/2017;45;CABRA;11500;5,8;14;6,84;1,032;13,51;4,66;3,47;4,72;2,63
13/05/2017;42;OVEJA;6680;5,1;20;6,8;1,036;18,57;7,68;5,19;4,79;4,07
13/05/2017;42;CABRA;3680;4,7;14;6,85;1,032;13,3;4,61;3,34;4,67;2,49
13/05/2017;26;VACA;6820;5,3;16;6,81;1,03;12,02;3,19;3,15;4,9;2,23
14/05/2017;22;VACA;27060;5,7;15;6,81;1,03;12,45;3,53;3,21;4,99;2,28
14/05/2017;1;CABRA;25420;5,6;13;6,84;1,032;13,23;4,49;3,43;4,67;2,57
14/05/2017;1;CABRA;4940;5,7;15;6,75;1,032;13,64;4,65;3,4;4,86;2,57
14/05/2017;21;VACA;28960;3,6;15;6,82;1,03;12,35;3,32;3,25;4,99;2,33
14/05/2017;23;VACA;25100;5,7;15;6,8;1,03;12,63;3,63;3,25;4,97;2,33
14/05/2017;41;CABRA;9920;5;14;6,83;1,032;13,33;4,49;3,34;4,83;2,54
14/05/2017;40;OVEJA;6340;5,1;18;6,83;1,036;18,18;7,26;5,26;4,85;4,1
14/05/2017;24;VACA;23620;4,8;15;6,81;1,03;12,21;3,45;3,1;4,91;2,19
14/05/2017;32;VACA;23280;6;15;6,79;1,03;11,96;3,21;3,17;4,86;2,23
14/05/2017;42;OVEJA;9700;5,1;19;6,8;1,036;16,44;5,33;5,32;5,04;4,21
14/05/2017;43;OVEJA;5280;5;19;6,8;1,036;17,7;6,56;5,57;4,8;4,36
14/05/2017;25;VACA;24260;4,8;15;6,78;1,03;12,79;3,82;3,26;4,93;2,36
14/05/2017;38;CABRA;1380;6,4;13;6,85;1,032;13,52;4,76;3,44;4,62;2,59
14/05/2017;38;OVEJA;8740;6,5;21;6,75;1,036;17,37;6,39;4,94;5,13;3,96
14/05/2017;26;VACA;6900;5,2;16;6,8;1,03;11,99;3,17;3,15;4,87;2,24
14/05/2017;39;CABRA;2440;6,2;13;6,85;1,032;13,84;4,89;3,38;4,87;2,61
14/05/2017;1;CABRA;25420;4;15;6,8;1,032;13,23;4,49;3,49;4,63;2,59
14/05/2017;1;CABRA;26060;0;0;0;1,032;13,66;4,73;3,54;4,66;2,66
15/05/2017;21;VACA;29080;2,4;15;6,82;1,03;12,34;3,35;3,22;4,96;2,31
15/05/2017;1;CABRA;2320;4;15;6,8;1,032;13,39;4,53;3,45;4,71;NA
15/05/2017;50;OVEJA;14340;5;22;6,76;1,036;17,82;6,62;5,45;4,93;4,3
15/05/2017;42;CABRA;7360;5;14;6,78;1,032;13,63;4,71;3,42;4,81;2,59
15/05/2017;42;OVEJA;5120;5,8;20;6,8;1,036;17,7;6,78;5,31;4,84;4,21
15/05/2017;41;OVEJA;6340;5,3;18;6,8;1,036;17,92;7,02;5,27;4,82;4,11
15/05/2017;40;CABRA;4880;5;14;6,78;1,032;13,69;4,83;3,38;4,74;2,58
15/05/2017;40;OVEJA;4080;4,5;19;6,76;1,036;18,03;7,11;5,2;4,79;4,06
15/05/2017;43;CABRA;6060;5,4;14;6,81;1,032;13,94;4,93;3,57;4,72;2,7
15/05/2017;39;OVEJA;9740;6,2;18;6,78;1,036;17,09;6,52;4,89;4,88;3,92
15/05/2017;32;VACA;26560;5,3;18;6,81;1,03;12,26;3,37;3,2;4,98;2,28
15/05/2017;37;CABRA;3100;5;14;6,78;1,032;13,52;4,74;3,45;4,67;2,61
15/05/2017;25;VACA;24620;6;16;6,79;1,03;12,95;3,95;3,33;4,85;2,36
15/05/2017;38;CABRA;1940;5;14;6,8;1,032;13,86;4,99;3,37;4,76;2,56
15/05/2017;38;OVEJA;4600;6;15;6,8;1,036;17,16;6,47;5,18;4,77;4,05
15/05/2017;42;OVEJA;4140;5;20;6,8;1,036;18,11;7,14;5,27;4,8;4,13
15/05/2017;42;CABRA;3520;5;14;6,8;1,032;13,14;4,42;3,35;4,69;2,5
15/05/2017;38;CABRA;6080;5;14;6,82;1,032;13,67;4,86;3,5;4,6;2,61
15/05/2017;45;CABRA;12360;6,4;14;6,78;1,032;13,52;4,7;3,43;4,73;2,58
15/05/2017;26;VACA;6960;6;15;6,78;1,03;11,95;3,11;3,17;4,88;2,24
15/05/2017;1;CABRA;26120;4,2;14;6,83;1,032;13,48;4,66;3,43;4,68;2,56
15/05/2017;36;CABRA;16300;6,3;14;6,83;1,032;13,7;4,89;3,34;4,69;2,61
15/05/2017;1;CABRA;25840;4,1;14;6,83;1,032;13,82;5;3,38;4,73;2,53
15/05/2017;1;CABRA;24580;0;0;0;1,032;13,44;4,61;3,53;4,68;2,62
15/05/2017;1;CABRA;6180;0;0;0;1,032;NA;NA;NA;NA;NA
16/05/2017;21;VACA;26300;4,1;16;6,82;1,03;12,24;3,29;3,24;4,95;2,34
16/05/2017;22;VACA;25040;6,3;16;6,82;1,03;12,2;3,32;3,19;4,96;2,26
16/05/2017;23;VACA;24380;5,8;16;6,82;1,03;12,66;3,64;3,26;4,96;2,35
16/05/2017;40;OVEJA;4280;5,3;18;6,82;1,036;18,04;7,34;4,95;4,83;3,9
16/05/2017;41;CABRA;9620;5,4;14;6,83;1,032;13,4;4,58;3,38;4,79;2,57
16/05/2017;24;VACA;23360;4,5;15;6,81;1,03;12,12;3,4;3,07;4,88;2,18
16/05/2017;32;VACA;23360;6,6;16;6,78;1,03;11,94;3,19;3,14;4,84;2,22
16/05/2017;42;OVEJA;9300;4,5;18;6,8;1,036;16,43;5,36;5,26;5,06;4,14
16/05/2017;25;VACA;24740;5,7;16;6,79;1,03;12,73;3,75;3,25;4,93;2,33
16/05/2017;43;OVEJA;4900;6;20;6,8;1,036;17,27;6,21;5,47;4,88;4,28
16/05/2017;38;CABRA;1460;6;14;6,79;1,032;13,53;4,74;3,47;4,63;2,64
16/05/2017;38;OVEJA;8420;5;20;6,78;1,036;17,37;6,45;4,87;5,06;3,91
16/05/2017;1;CABRA;25560;4;14;6,82;1,032;13,83;4,95;3,41;4,74;2,51
16/05/2017;39;CABRA;3460;6;14;6,82;1,032;14,03;4,99;3,51;4,78;2,68
16/05/2017;26;VACA;7220;5;16;6,8;1,03;11,99;3,19;3,16;4,86;2,19
16/05/2017;1;CABRA;26040;4,2;13;6,85;1,032;13,6;4,76;3,49;4,69;2,62
17/05/2017;1;CABRA;25060;5,6;14;6,82;1,032;13,11;4,36;3,53;4,58;2,6
17/05/2017;21;VACA;27060;4,4;15;6,84;1,03;12,24;3,3;3,22;4,95;2,32
17/05/2017;1;CABRA;5000;4,7;14;6,8;1,032;13,47;4,6;3,39;4,82;2,57
17/05/2017;50;OVEJA;14440;4,6;20;6,76;1,036;17,82;6,76;5,36;4,88;4,19
17/05/2017;43;CABRA;6240;5,5;14;6,8;1,032;13,61;4,73;3,48;4,73;2,63
17/05/2017;40;CABRA;3960;6,5;14;6,8;1,032;13,83;4,97;3,31;4,76;2,53
17/05/2017;32;VACA;26320;4;15;6,8;1,03;12,23;3,34;3,19;4,98;2,28
17/05/2017;42;CABRA;4040;6;14;6,84;1,032;13,19;4,46;3,34;4,66;2,53
17/05/2017;42;OVEJA;5900;5,8;20;6,78;1,036;17,3;6,4;5,3;4,83;4,18
17/05/2017;25;VACA;24180;5,5;16;6,8;1,03;12,93;3,92;3,33;4,89;2,4
17/05/2017;39;OVEJA;9580;5,5;20;6,82;1,036;16,77;6,26;4,82;4,87;3,84
17/05/2017;37;CABRA;3160;5,5;14;6,84;1,032;13,49;4,75;3,43;4,64;2,59
17/05/2017;38;CABRA;1980;6,5;14;6,84;1,032;13,71;4,9;3,36;4,72;2,55
17/05/2017;38;OVEJA;3880;4,8;18;6,78;1,036;16,84;6,32;5,03;4,78;3,9
17/05/2017;38;CABRA;6280;5,5;14;6,84;1,032;13,63;4,9;3,53;4,51;2,64
17/05/2017;45;CABRA;11820;6,5;14;6,84;1,032;13,34;4,56;3,44;4,71;2,61
17/05/2017;1;CABRA;25760;4,1;14;6,8;1,032;13,73;4,84;3,43;4,75;2,57
17/05/2017;26;VACA;7220;4,5;16;6,8;1,03;12,01;3,16;3,16;4,88;2,22
17/05/2017;36;CABRA;14981;6,8;15;6,84;1,032;13,73;5;3,25;4,72;2,48
17/05/2017;1;CABRA;26400;3,6;14;6,83;1,032;13,89;5,01;3,39;4,77;2,54
18/05/2017;21;VACA;28820;4;15;6,82;1,03;12,19;3,23;3,21;4,95;2,28
18/05/2017;1;CABRA;8740;6,8;14;6,8;1,032;13,57;4,66;3,45;4,72;2,65
18/05/2017;41;CABRA;9520;5,4;14;6,84;1,032;13,29;4,45;3,37;4,8;2,56
18/05/2017;24;VACA;27420;4,7;15;6,81;1,03;11,99;3,29;3,09;4,87;2,22
18/05/2017;32;VACA;23340;6;15;6,8;1,03;11,87;3,16;3,13;4,84;2,23
18/05/2017;42;OVEJA;9040;4,7;20;6,8;1,036;16,29;5,27;5,23;5,05;4,15
18/05/2017;42;CABRA;6060;4,8;14;6,84;1,032;13,6;4,59;3,48;4,84;2,66
18/05/2017;40;OVEJA;5520;5,5;20;6,8;1,036;18,35;7,29;5,53;4,74;4,24
18/05/2017;43;OVEJA;4660;4,8;20;6,78;1,036;17,17;6,16;5,35;4,91;4,22
18/05/2017;25;VACA;24880;4,5;16;6,8;1,03;12,62;3,65;3,24;4,94;2,29
18/05/2017;38;CABRA;1380;6,1;14;6,85;1,032;13,32;4,58;3,41;4,61;2,56
18/05/2017;38;OVEJA;8200;4,8;20;6,77;1,036;17,23;6,35;4,83;5,08;3,9
18/05/2017;1;CABRA;25920;4,2;14;6,85;1,032;13,67;4,89;3,33;4,7;2,47
18/05/2017;39;CABRA;2460;5,1;14;6,85;1,032;13,57;4,59;3,4;4,87;2,61
18/05/2017;26;VACA;6940;5,2;15;6,8;1,03;11,97;3,12;3,18;4,85;2,21
18/05/2017;1;CABRA;25980;3;14;6,82;1,032;13,61;4,74;3,48;4,7;2,59
19/05/2017;21;VACA;28840;3,4;15;6,82;1,03;12,28;3,29;3,22;4,98;2,32
19/05/2017;50;OVEJA;14360;4,7;21;6,78;1,036;17,77;6,7;5,32;4,91;4,18
19/05/2017;43;CABRA;5820;6;14;6,82;1,032;13,65;4,75;3,48;4,7;2,67
19/05/2017;40;CABRA;5060;6,4;14;6,8;1,032;13,71;4,82;3,35;4,79;2,58
19/05/2017;42;CABRA;3540;5,2;14;6,8;1,032;12,84;4,08;3,38;4,69;2,52
19/05/2017;42;OVEJA;4640;5;20;6,78;1,036;17,63;6,74;5,24;4,83;4,11
19/05/2017;32;VACA;26200;3,5;16;6,8;1,03;12,33;3,38;3,22;5,01;2,28
19/05/2017;39;OVEJA;9580;5,4;20;6,83;1,036;17,26;6,62;4,92;4,86;3,87
19/05/2017;25;VACA;23260;4;15;6,8;1,03;13;3,96;3,35;4,88;2,43
19/05/2017;37;CABRA;2960;5,5;14;6,81;1,032;13,47;4,69;3,45;4,62;2,61
19/05/2017;26;VACA;7060;5;16;6,8;1,03;12,16;3,28;3,21;4,85;2,24
19/05/2017;1;CABRA;25160;4;14;6,82;1,032;13,78;4,88;3,45;4,76;2,59
19/05/2017;38;CABRA;2040;5,6;14;6,82;1,032;13,58;4,79;3,34;4,73;2,53
19/05/2017;38;OVEJA;4600;4,5;20;6,8;1,036;17,01;6,37;5,18;4,78;4,02
19/05/2017;38;CABRA;5640;6;14;6,79;1,032;13,46;4,81;3,47;4,48;2,57
19/05/2017;45;CABRA;11400;6,5;14;6,79;1,032;13,24;4,48;3,43;4,67;2,58
19/05/2017;42;OVEJA;7640;6;19;6,8;1,036;18,1;7,23;5,12;4,82;4,03
19/05/2017;42;CABRA;4400;5;14;6,78;1,032;13,23;4,57;3,34;4,63;2,51
19/05/2017;1;CABRA;25960;3,8;14;6,82;1,032;13,77;4,95;3,38;4,73;2,53
19/05/2017;36;CABRA;13820;6;14;6,83;1,032;13,71;4,89;3,33;4,69;2,56
19/05/2017;1;CABRA;24700;5;14;6,84;1,032;13,24;4,47;3,46;4,68;2,56
20/05/2017;22;VACA;26220;5,8;15;6,81;1,03;12,27;3,34;3,22;4,95;2,27
20/05/2017;21;VACA;28700;3,06;15;6,81;1,03;12,25;3,26;3,24;4,96;2,31
20/05/2017;1;CABRA;5120;5,8;14;6,8;1,032;13,41;4,49;3,4;4,84;2,57
20/05/2017;43;OVEJA;4460;4,5;20;6,79;1,036;17,47;6,4;5,46;4,85;4,24
20/05/2017;40;OVEJA;6960;6,3;20;6,8;1,036;18,17;7,24;5,27;4,79;4,07
20/05/2017;41;CABRA;9560;5;14;6,82;1,032;13,48;4,58;3,41;4,79;2,58
20/05/2017;24;VACA;26220;4,4;15;6,79;1,03;12,1;3,36;3,14;4,85;2,2
20/05/2017;32;VACA;23100;5,8;16;6,78;1,03;11,96;3,21;3,15;4,84;2,18
20/05/2017;42;OVEJA;9960;5;19;6,8;1,036;16,49;5,32;5,36;5,02;4,25
20/05/2017;1;CABRA;25960;4,2;14;6,82;1,032;13,64;4,83;3,47;4,59;2,56
20/05/2017;25;VACA;24560;5,8;16;6,79;1,03;12,78;3,78;3,28;4,92;2,34
20/05/2017;38;CABRA;1400;7;14;6,79;1,032;13,51;4,72;3,47;4,59;2,62
20/05/2017;38;OVEJA;7880;6;19;6,78;1,036;17,27;6,37;4,8;5,09;3,86
20/05/2017;1;CABRA;26440;4;15;6,8;1,032;13,25;4,55;3,42;4,58;2,51
20/05/2017;26;VACA;7380;5,5;15;6,81;1,03;11,89;3,12;3,16;4,8;2,17
20/05/2017;39;CABRA;3500;5;14;6,81;1,032;13,96;4,93;3,52;4,76;2,68
21/05/2017;21;VACA;25580;4;15;6,82;1,03;12,26;3,25;3,25;4,96;2,31
21/05/2017;23;VACA;27840;6,3;15;6,82;1,03;12,53;3,56;3,26;4,93;2,32
21/05/2017;1;CABRA;8700;3,5;14;6,82;1,032;13,67;4,77;3,43;4,71;2,6
21/05/2017;50;OVEJA;14060;5;22;6,75;1,036;17,98;6,83;5,42;4,88;4,24
21/05/2017;43;CABRA;6280;5,5;16;6,8;1,032;13,51;4,7;3,5;4,64;2,6
21/05/2017;40;CABRA;4680;5,8;14;6,8;1,032;13,72;4,89;3,33;4,74;2,54
21/05/2017;32;VACA;24820;6,3;16;6,78;1,03;12,25;3,33;3,21;4,97;2,26
21/05/2017;42;CABRA;5940;5;13;6,79;1,032;13,49;4,58;3,42;4,79;2,59
21/05/2017;42;OVEJA;5180;6,3;20;6,8;1,036;17,7;6,78;5,33;4,84;4,19
21/05/2017;39;OVEJA;9460;6;20;6,79;1,036;17,04;6,47;4,87;4,85;3,85
21/05/2017;1;CABRA;26020;3,8;14;6,78;1,032;13,33;4,55;3,42;4,65;2,55
21/05/2017;25;VACA;23260;5,8;16;6,78;1,03;13,06;3,99;3,36;4,86;2,4
21/05/2017;37;CABRA;3180;7,4;14;6,78;1,032;13,52;4,76;3,47;4,59;2,61
21/05/2017;38;CABRA;1900;6,1;14;6,78;1,032;13,79;4,93;3,38;4,71;2,55
21/05/2017;38;OVEJA;3800;5;20;6,8;1,036;16,9;6,25;5,15;4,75;4,01
21/05/2017;38;CABRA;6220;5,5;14;6,79;1,032;13,58;4,86;3,47;4,51;2,56
21/05/2017;45;CABRA;12180;6,4;14;6,8;1,032;13,38;4,59;3,45;4,67;2,58
21/05/2017;42;OVEJA;8420;5;18;6,79;1,036;18,1;7,21;5,12;4,84;4,01
21/05/2017;42;CABRA;4940;4,6;14;6,82;1,032;13,3;4,52;3,39;4,65;2,55
21/05/2017;26;VACA;7400;5,6;15;6,8;1,03;12,14;3,21;3,22;4,89;2,23
21/05/2017;1;CABRA;22840;4,5;14;6,84;1,032;13,24;4,44;3,51;4,64;2,59
22/05/2017;20;VACA;26060;5,5;15;6,82;1,03;12,32;3,37;3,23;4,94;2,28
22/05/2017;22;VACA;26040;6,1;15;6,83;1,03;12,29;3,38;3,21;4,97;2,28
22/05/2017;21;VACA;25940;3,3;16;6,79;1,03;12,14;3,14;3,26;5;2,36
22/05/2017;23;VACA;27480;6,1;15;6,81;1,03;12,56;3,6;3,25;4,96;2,35
22/05/2017;29;VACA;17300;4;15;6,83;1,03;12,07;3,46;3,25;4,52;2,29
22/05/2017;29;VACA;9620;5,4;14;6,86;1,03;12,12;3,48;3,16;4,72;2,2
22/05/2017;40;OVEJA;6140;5,8;19;6,81;1,036;18,02;7,06;5,35;4,78;4,11
22/05/2017;41;CABRA;9920;4,9;14;6,84;1,032;13,44;4,54;3,42;4,79;2,58
22/05/2017;24;VACA;20760;5,4;16;6,8;1,03;12,14;3,39;3,16;4,87;2,25
22/05/2017;32;VACA;24620;6,3;15;6,83;1,03;12,15;3,55;3,08;4,73;2,12
22/05/2017;43;OVEJA;6720;5;21;6,77;1,036;17,31;6,28;5,41;4,83;4,23
22/05/2017;25;VACA;24880;5,5;16;6,82;1,03;12,72;3,74;3,27;4,94;2,34
22/05/2017;42;OVEJA;9380;5;21;6,77;1,036;16,37;5,29;5,32;5,03;4,2
22/05/2017;38;CABRA;1440;6;14;6,82;1,032;13,47;4,65;3,44;4,66;2,6
22/05/2017;38;OVEJA;8500;5;20;6,8;1,036;17,07;6,21;4,76;5,15;3,85
22/05/2017;39;CABRA;2500;5,5;14;6,8;1,032;13,7;4,72;3,41;4,88;2,62
22/05/2017;26;VACA;7500;6;15;6,8;1,03;12,1;3,15;3,24;4,92;2,26
22/05/2017;36;CABRA;16240;4,8;14;6,84;1,032;13,45;4,76;3,32;4,64;2,53
23/05/2017;1;CABRA;24780;5,5;14;6,82;1,032;12,89;4,2;3,53;4,57;2,61
23/05/2017;22;VACA;28480;6;15;6,83;1,03;12,38;3,46;3,22;4,96;2,29
23/05/2017;21;VACA;22880;4;16;6,78;1,03;12,54;3,56;3,23;4,96;2,3
23/05/2017;35;VACA;13160;5,5;15;6,82;1,03;12,41;3,56;3,3;4,85;2,33
23/05/2017;35;VACA;8260;6,7;15;6,81;1,03;11,98;3,23;3,22;4,87;2,25
23/05/2017;23;VACA;27380;5,8;16;6,76;1,03;12,36;3,39;3,26;4,96;2,31
23/05/2017;1;CABRA;5460;5,7;14;6,8;1,032;13,29;4,48;3,37;4,78;2,54
23/05/2017;50;OVEJA;14200;5;21;6,76;1,036;17,86;6,73;5,41;4,89;4,23
23/05/2017;43;CABRA;6020;5,7;14;6,83;1,032;13,57;4,68;3,52;4,7;2,65
23/05/2017;40;CABRA;5520;6,4;14;6,83;1,032;13,64;4,78;3,34;4,77;2,56
23/05/2017;42;CABRA;3880;5;14;6,8;1,032;13,03;4,45;3,29;4,6;2,48
23/05/2017;29;VACA;20640;5,4;15;6,83;1,03;12;3,3;3,22;4,69;2,3
23/05/2017;32;VACA;24020;5;16;6,78;1,03;12,14;3,27;3,21;4,98;2,28
23/05/2017;25;VACA;24000;6,2;16;6,78;1,03;12,94;3,92;3,34;4,91;2,42
23/05/2017;37;CABRA;3040;5;14;6,8;1,032;13,41;4,7;3,44;4,64;2,6
23/05/2017;39;OVEJA;9760;4;19;6,8;1,036;16,86;6,3;4,86;4,89;3,87
23/05/2017;38;CABRA;2000;5;14;6,82;1,032;13,6;4,82;3,34;4,71;2,53
23/05/2017;38;OVEJA;4480;5;20;6,8;1,036;17,08;6,38;5,13;4,83;3,97
23/05/2017;40;OVEJA;4920;6;18;6,8;1,036;17,8;6,9;5,18;4,85;4
23/05/2017;38;CABRA;6080;6,5;14;6,82;1,032;13,58;4,74;3,53;4,61;2,6
23/05/2017;45;CABRA;11880;5;14;6,81;1,032;13,21;4,42;3,46;4,7;2,59
23/05/2017;1;CABRA;25920;4;14;6,82;1,032;13,11;4,46;3,38;4,61;2,47
23/05/2017;30;VACA;22040;4,5;15;6,82;1,03;12,06;3,13;3,27;4,88;2,28
23/05/2017;26;VACA;7220;6;15;6,82;1,03;12,1;3,18;3,2;4,92;2,24
23/05/2017;1;CABRA;26000;4,9;14;6,82;1,032;13,72;4,86;3,45;4,7;2,58
23/05/2017;1;CABRA;25760;4;14;6,82;1,032;13,3;4,49;3,53;4,64;2,62
24/05/2017;21;VACA;24900;4,6;15;6,83;1,03;12,14;3,2;3,2;4,96;2,25
24/05/2017;1;CABRA;8940;7;14;6,76;1,032;13,51;4,6;3,4;4,78;2,59
24/05/2017;40;OVEJA;2380;6;18;6,85;1,036;17,64;6,83;5,32;4,69;4,07
24/05/2017;41;CABRA;10300;5,8;13;6,85;1,032;13,44;4,53;3,39;4,79;2,56
24/05/2017;24;VACA;25640;4,3;15;6,82;1,03;12,15;3,4;3,14;4,9;2,22
24/05/2017;29;VACA;17740;6;14;6,84;1,03;12,12;3,38;3,19;4,76;2,26
24/05/2017;29;VACA;12620;5,4;14;6,85;1,03;12,16;3,4;3,2;4,78;2,3
24/05/2017;32;VACA;24260;4,7;15;6,8;1,03;11,94;3,19;3,14;4,84;2,23
24/05/2017;25;VACA;25140;5,8;15;6,82;1,03;12,66;3,68;3,25;4,95;2,33
24/05/2017;42;OVEJA;9340;5,1;18;6,74;1,036;16,28;5,19;5,31;5,06;4,2
24/05/2017;42;CABRA;5740;5,2;14;6,83;1,032;13,83;4,83;3,51;4,8;2,66
24/05/2017;43;OVEJA;5080;5;19;6,78;1,036;17,32;6,3;5,44;4,83;4,27
24/05/2017;38;CABRA;1440;5;14;6,8;1,032;13,44;4,64;3,46;4,64;2,63
24/05/2017;38;OVEJA;7900;6,6;20;6,77;1,036;16,96;6,11;4,77;5,16;3,87
24/05/2017;39;CABRA;3280;6;14;6,82;1,032;13,95;4,94;3,5;4,78;2,7
24/05/2017;1;CABRA;24280;4;14;6,8;1,032;13,33;4,59;3,42;4,68;2,56
24/05/2017;26;VACA;7340;6;16;6,78;1,03;12,08;3,14;3,2;4,91;2,26
24/05/2017;36;CABRA;14380;5,8;14;6,82;1,032;13,6;4,91;3,3;4,66;2,51
25/05/2017;21;VACA;25840;3,3;15;6,83;1,03;12,22;3,23;3,23;5;2,3
25/05/2017;35;VACA;13460;5,4;15;6,82;1,03;12,34;3,58;3,19;4,86;2,25
25/05/2017;35;VACA;7420;6,4;15;6,83;1,03;12,21;3,37;3,25;4,86;2,27
25/05/2017;30;VACA;24420;5;14;6,85;1,03;12;3,05;3,22;4,91;2,29
25/05/2017;50;OVEJA;14120;4,9;19;6,78;1,036;17,6;6,62;5,3;4,87;4,15
25/05/2017;29;VACA;17240;4,6;15;6,84;1,03;11,94;3,22;3,18;4,72;2,28
25/05/2017;29;VACA;8960;6,5;15;6,84;1,03;11,98;3,32;3,15;4,74;2,21
25/05/2017;42;CABRA;3580;4;15;6,8;1,032;12,79;4,02;3,36;4,73;2,57
25/05/2017;40;CABRA;5220;6,6;14;6,83;1,032;13,59;4,72;3,34;4,77;2,58
25/05/2017;40;OVEJA;4480;6,6;18;6,75;1,036;18,01;7,19;5,05;4,84;3,99
25/05/2017;43;CABRA;6520;5,8;14;6,83;1,032;13,13;4,46;3,37;4,65;2,52
25/05/2017;32;VACA;24040;2,1;15;6,82;1,03;12,14;3,23;3,23;5;2,29
25/05/2017;39;OVEJA;8520;6,4;18;6,82;1,036;17,2;6,58;4,93;4,86;3,92
25/05/2017;25;VACA;23860;6;15;6,8;1,03;12,86;3,87;3,33;4,9;2,41
25/05/2017;37;CABRA;3080;5,8;13;6,86;1,032;13,28;4,56;3,43;4,65;2,61
25/05/2017;1;CABRA;26020;4,2;14;6,84;1,032;13,47;4,71;3,38;4,69;2,51
25/05/2017;38;CABRA;1980;6,6;13;6,86;1,032;13,58;4,78;3,33;4,7;2,48
25/05/2017;38;OVEJA;3900;5,5;20;6,78;1,036;16,94;6,25;5,18;4,84;4,04
25/05/2017;1;CABRA;23840;4,5;15;6,8;1,032;13,43;4,62;3,45;4,68;2,61
25/05/2017;45;CABRA;12100;7;15;6,83;1,032;13,18;4,44;3,45;4,68;2,6
25/05/2017;38;CABRA;5520;6,8;15;6,78;1,032;13,36;4,67;3,46;4,56;2,58
25/05/2017;42;OVEJA;7700;5;20;6,82;1,036;17,96;7,12;5,07;4,86;4,02
25/05/2017;42;CABRA;4620;4,8;13;6,84;1,032;13,07;4,38;3,36;4,67;2,56
25/05/2017;26;VACA;7240;5;15;6,8;1,03;12,09;3,16;3,2;4,91;2,26
26/05/2017;1;CABRA;15860;6,2;14;6,82;1,032;12,76;4,23;3,36;4,61;2,46
26/05/2017;1;CABRA;8400;6,4;14;6,82;1,032;13,09;4,45;3,43;4,62;2,55
26/05/2017;21;VACA;25860;4,4;15;6,83;1,03;12,14;3,18;3,21;4,98;2,3
26/05/2017;1;CABRA;5240;5,6;14;6,79;1,032;13,34;4,44;3,39;4,84;2,57
26/05/2017;41;CABRA;10620;5,9;14;6,84;1,032;13,38;4,48;3,41;4,79;2,59
26/05/2017;40;OVEJA;6780;4;0;6,8;1,036;17,68;6,9;5,12;4,82;4
26/05/2017;24;VACA;25440;4,2;16;6,83;1,03;12,17;3,38;3,15;4,89;2,37
26/05/2017;32;VACA;23560;5,5;15;6,81;1,03;11,89;3,2;3,11;4,83;2,3
26/05/2017;29;VACA;17600;5;14;6,84;1,03;11,92;3,21;3,15;4,76;2,34
26/05/2017;29;VACA;12660;6,5;14;6,85;1,03;12,1;3,37;3,16;4,8;2,38
26/05/2017;1;CABRA;25080;4;14;6,81;1,032;13,89;4,98;3,5;4,68;2,64
26/05/2017;43;OVEJA;4840;5;19;6,8;1,036;17,34;6,26;5,4;4,9;4,23
26/05/2017;42;OVEJA;9740;5;19;6,83;1,036;16,26;5,18;5,32;5,07;4,21
26/05/2017;25;VACA;24600;5,4;15;6,81;1,03;12,64;3,66;3,24;4,94;2,48
26/05/2017;38;CABRA;1440;8;13;6,85;1,032;13,22;4,52;3,4;4,61;2,56
26/05/2017;38;OVEJA;8440;7,4;21;6,73;1,036;16,91;6,11;4,72;5,13;3,81
26/05/2017;39;CABRA;2400;6;14;6,81;1,032;13,69;4,7;3,26;4,64;2,79
26/05/2017;1;CABRA;25660;4;14;6,81;1,032;13,79;4,96;3,42;4,71;2,56
26/05/2017;26;VACA;7120;5,8;16;6,81;1,03;12,09;3,19;3,18;4,91;2,39
26/05/2017;1;CABRA;25900;4;15;6,8;1,032;13,49;4,65;3,51;4,68;2,62
26/05/2017;36;CABRA;15440;5;14;6,8;1,032;13,62;4,88;3,33;4,67;2,53
27/05/2017;21;VACA;25780;4,4;16;6,81;1,03;12,19;3,26;3,22;4,99;2,44
27/05/2017;1;CABRA;8460;6,8;15;6,82;1,032;13,37;4,57;3,53;4,69;2,57
27/05/2017;50;OVEJA;14080;4,9;20;6,8;1,036;17,68;6,63;5,33;4,93;4,18
27/05/2017;40;OVEJA;3840;6,5;19;6,76;1,036;17,73;6,77;5,23;4,87;4,06
27/05/2017;40;CABRA;5200;6,3;14;6,83;1,032;13,58;4,78;3,33;4,76;2,56
27/05/2017;42;CABRA;5520;4,5;14;6,83;1,032;13,15;4,39;3,37;4,74;2,53
27/05/2017;43;CABRA;6180;5,5;14;6,84;1,032;13,11;4,45;3,41;4,63;2,56
27/05/2017;32;VACA;22780;4,6;15;6,8;1,03;12,31;3,4;3,19;4,97;2,43
27/05/2017;39;OVEJA;9220;6,3;18;6,78;1,036;16,89;6,29;4,91;4,89;3,9
27/05/2017;37;CABRA;2700;4;15;6,8;1,032;13,26;4,57;3,46;4,6;2,61
27/05/2017;25;VACA;24540;6;15;6,81;1,03;12,89;3,84;3,34;4,93;2,54
27/05/2017;38;CABRA;1920;6,8;14;6,82;1,032;13,53;4,79;3,31;4,73;2,51
27/05/2017;38;OVEJA;4460;5,8;20;6,8;1,036;16,94;6,29;5,15;4,81;4
27/05/2017;1;CABRA;25320;4,6;14;6,83;1,032;13,41;4,61;3,37;4,74;2,51
27/05/2017;38;CABRA;5920;6,3;14;6,78;1,032;13,51;4,83;3,52;4,52;2,63
27/05/2017;45;CABRA;12120;7;14;6,8;1,032;13,08;4,44;3,4;4,62;2,56
27/05/2017;42;OVEJA;6940;5;20;6,8;1,036;18,09;7,28;5,07;4,84;3,97
27/05/2017;42;CABRA;3160;6;14;6,78;1,032;13,46;4,72;3,41;4,63;2,57
27/05/2017;1;CABRA;25900;3,7;14;6,8;1,032;13,64;4,79;3,42;4,75;2,55
27/05/2017;26;VACA;7260;5;15;6,8;1,03;12,07;3,15;3,18;4,92;2,35
27/05/2017;1;CABRA;25120;4,2;14;6,82;1,032;13,34;4,53;3,49;4,69;2,57
28/05/2017;21;VACA;25460;3,6;15;6,83;1,03;12,09;3,2;3,2;4,91;2,4
28/05/2017;40;OVEJA;6700;5,1;20;6,82;1,036;17,44;6,63;5,15;4,88;4,02
28/05/2017;41;CABRA;10640;5,9;14;6,82;1,032;13,36;4,47;3,42;4,79;2,61
28/05/2017;29;VACA;13320;5;15;6,84;1,03;11,87;3,21;3,12;4,75;2,31
28/05/2017;29;VACA;16260;4;15;6,8;1,03;11,94;3,18;3,17;4,87;2,35
28/05/2017;24;VACA;24060;5,3;16;6,8;1,03;12,12;3,31;3,17;4,94;2,37
28/05/2017;32;VACA;22100;6,2;15;6,81;1,03;11,98;3,25;3,13;4,85;2,32
28/05/2017;42;OVEJA;9460;4,8;19;6,84;1,036;16,42;5,28;5,38;5,06;4,24
28/05/2017;25;VACA;24640;5,6;16;6,8;1,03;12,67;3,7;3,24;4,94;2,44
28/05/2017;43;OVEJA;5200;5,4;20;6,81;1,036;16,98;6,26;5,26;4,72;4,07
28/05/2017;38;CABRA;1460;6;14;6,81;1,032;13,19;4,48;3,48;4,58;2,62
28/05/2017;38;OVEJA;7780;6,7;21;6,75;1,036;17,08;6,11;4,89;5,17;3,91
28/05/2017;39;CABRA;3340;5,2;14;6,84;1,032;13,85;4,84;3,47;4,79;2,64
28/05/2017;26;VACA;7060;6;15;6,82;1,03;12,24;3,36;3,15;4,91;2,34
29/05/2017;23;VACA;25580;5,8;15;6,84;1,03;12,45;3,51;3,19;4,97;2,39
29/05/2017;1;CABRA;5320;3,5;15;6,8;1,032;13,12;4,4;3,34;4,72;2,48
29/05/2017;35;VACA;14800;5,3;15;6,82;1,03;12,1;3,45;3,17;4,84;2,37
29/05/2017;35;VACA;7420;6,1;15;6,83;1,03;12,03;3,22;3,27;4,87;2,44
29/05/2017;50;OVEJA;14080;4,6;21;6,73;1,036;17,88;6,82;5,37;4,88;4,15
29/05/2017;40;CABRA;4940;6,2;14;6,85;1,032;13,57;4,77;3,34;4,76;2,56
29/05/2017;40;OVEJA;4920;6;20;6,8;1,036;17,62;6,68;5,21;4,91;4,05
29/05/2017;43;CABRA;5300;6,1;14;6,84;1,032;13,53;4,73;3,5;4,66;2,64
29/05/2017;39;OVEJA;9340;5,7;18;6,84;1,036;17,11;6,48;4,96;4,91;3,92
29/05/2017;42;CABRA;3060;5,9;13;6,84;1,032;12,66;4,06;3,27;4,69;2,45
29/05/2017;32;VACA;22680;3,3;16;6,77;1,03;12,11;3,29;3,19;4,96;2,4
29/05/2017;25;VACA;23520;5,8;16;6,77;1,03;13,03;3,97;3,35;4,97;2,57
29/05/2017;37;CABRA;3040;6,4;13;6,85;1,032;13,3;4,57;3,46;4,62;2,58
29/05/2017;38;CABRA;1920;6,3;13;6,85;1,032;13,51;4,76;3,29;4,77;2,49
29/05/2017;38;OVEJA;4500;4,1;20;6,77;1,036;16,89;6,22;5,14;4,84;3,96
29/05/2017;38;CABRA;5540;6,3;14;6,79;1,032;13,47;4,83;3,55;4,46;2,6
29/05/2017;45;CABRA;11820;6,8;14;6,81;1,032;13,21;4,43;3,44;4,67;2,58
29/05/2017;26;VACA;7060;5,5;14;6,8;1,03;12,04;3,07;3,23;4,97;2,45
29/05/2017;42;OVEJA;8380;5;19;6,79;1,036;16,54;5,38;5,28;4,89;4,24
29/05/2017;42;CABRA;4900;4,8;13;6,85;1,032;13,25;4,4;3,4;4,73;2,61
29/05/2017;36;CABRA;15740;5,4;14;6,8;1,032;13,43;4,71;3,35;4,64;2,56
29/05/2017;1;CABRA;25380;5;14;6,82;1,032;13,08;4,33;3,51;4,58;2,61
29/05/2017;1;CABRA;25880;5;14;6,82;1,032;13,84;4,98;3,4;4,75;2,52
29/05/2017;1;CABRA;25160;5;14;6,82;1,032;13,22;4,4;3,52;4,69;2,59
30/05/2017;23;VACA;28660;6;15;6,82;1,03;12,58;3,59;3,25;4,97;2,5
30/05/2017;1;CABRA;8500;4;15;6,78;1,032;13,56;4,67;3,44;4,77;2,63
30/05/2017;41;CABRA;10660;5,7;14;6,84;1,032;13,42;4,51;3,41;4,84;2,62
30/05/2017;40;OVEJA;5040;5,3;19;6,83;1,036;17,79;6,86;5,25;4,89;4,1
30/05/2017;24;VACA;22640;4,5;16;6,82;1,03;12,11;3,35;3,14;4,92;2,43
30/05/2017;43;OVEJA;4760;5;20;6,78;1,036;17,52;6,47;5,43;4,87;4,23
30/05/2017;32;VACA;23520;5,4;16;6,8;1,03;12,05;3,28;3,17;4,88;2,44
30/05/2017;42;OVEJA;9400;4,6;19;6,85;1,036;16,48;5,32;5,41;5,07;4,3
30/05/2017;42;CABRA;5420;4,7;14;6,85;1,032;13,4;4,49;3,5;4,79;2,68
30/05/2017;25;VACA;25320;5,5;16;6,8;1,03;12,61;3,65;3,29;4,99;2,55
30/05/2017;38;CABRA;1380;7,1;14;6,81;1,032;13,16;4,4;3,46;4,61;2,59
30/05/2017;38;OVEJA;8420;6,1;21;6,76;1,036;17,01;5,94;4,92;5,2;3,93
30/05/2017;39;CABRA;2420;5,2;14;6,8;1,032;13,59;4,72;3,4;4,87;2,65
30/05/2017;26;VACA;6980;5;15;6,81;1,03;11,98;3,11;3,18;4,95;2,39
30/05/2017;1;CABRA;26460;3,3;14;6,82;1,032;13,43;4,68;3,49;4,61;2,59
30/05/2017;1;CABRA;25340;4,2;14;6,82;1,032;12,92;4,23;3,48;4,6;2,56
31/05/2017;21;VACA;23600;3;15;6,84;1,03;12,2;3,24;3,21;5,02;2,45
31/05/2017;23;VACA;27060;6;15;6,81;1,03;12,41;3,47;3,24;4,97;2,49
31/05/2017;35;VACA;11960;5;15;6,83;1,03;12,44;3,61;3,27;4,83;2,46
31/05/2017;35;VACA;9040;6,4;15;6,81;1,03;12,03;3,35;3,15;4,84;2,34
31/05/2017;50;OVEJA;13520;4,7;21;6,78;1,036;17,95;6,91;5,35;4,83;4,18
31/05/2017;40;CABRA;5160;6;14;6,83;1,032;13,66;4,82;3,35;4,78;2,58
31/05/2017;42;CABRA;3800;5,5;14;6,8;1,032;13,2;4,55;3,32;4,64;2,49
31/05/2017;32;VACA;22920;4,8;15;6,81;1,03;12,26;3,33;3,2;5,03;2,38
31/05/2017;24;VACA;8220;5,9;15;6,82;1,03;12,13;3,36;3,08;4,92;2,31
31/05/2017;26;VACA;4840;4,8;15;6,8;1,03;11,86;3,02;3,06;5,02;2,29
31/05/2017;43;CABRA;5940;5,6;14;6,83;1,032;13,41;4,64;3,45;4,64;2,57
31/05/2017;39;OVEJA;9320;4,7;20;6,8;1,036;16,97;6,35;4,9;4,89;3,85
31/05/2017;25;VACA;23360;5;20;6,77;1,03;12,89;3,84;3,32;4,92;2,49
31/05/2017;37;CABRA;2840;6;14;6,8;1,032;13,31;4,61;3,43;4,6;2,57
31/05/2017;38;CABRA;5580;6,2;14;6,82;1,032;13,72;4,86;3,66;4,51;2,7
31/05/2017;45;CABRA;11720;6,7;14;6,78;1,032;13,23;4,48;3,45;4,64;2,56
31/05/2017;38;CABRA;1940;6;14;6,8;1,032;13,63;4,83;3,32;4,72;2,49
31/05/2017;38;OVEJA;4320;5;20;6,8;1,036;17,17;6,37;5,19;4,85;3,99
31/05/2017;1;CABRA;25860;4;14;6,8;1,032;13,27;4,57;3,42;4,59;2,47
31/05/2017;36;CABRA;14960;5,9;14;6,82;1,032;13,47;4,84;3,27;4,61;2,44
31/05/2017;1;CABRA;25940;3,8;14;6,82;1,032;13,69;4,85;3,44;4,71;2,53
01/06/2017;1;CABRA;25320;4,8;14;6,8;1,032;13,17;4,48;3,45;4,59;2,52
01/06/2017;22;VACA;27080;6;15;6,81;1,03;12,31;3,38;3,22;5;2,47
01/06/2017;21;VACA;25580;4,4;15;6,8;1,03;12,2;3,17;3,23;5,08;2,5
01/06/2017;23;VACA;27640;5,7;15;6,81;1,03;12,41;3,4;3,28;5,02;2,53
01/06/2017;1;CABRA;5240;5,8;15;6,76;1,032;13,32;4,46;3,38;4,82;2,55
01/06/2017;40;OVEJA;6640;5,5;20;6,8;1,036;17,41;6,57;5,17;4,89;4,03
01/06/2017;41;CABRA;10600;5,5;14;6,84;1,032;13,37;4,48;3,41;4,81;2,58
01/06/2017;24;VACA;20380;5,4;15;6,8;1,03;12,19;3,27;3,2;4,95;2,4
01/06/2017;32;VACA;23080;5,5;15;6,8;1,03;11,95;3,22;3,13;4,85;2,36
01/06/2017;25;VACA;25360;6;15;6,8;1,03;12,62;3,62;3,24;4,96;2,46
01/06/2017;43;OVEJA;4600;5,5;20;6,78;1,036;17,61;6,56;5,47;4,82;4,26
