fecha;cod_ruta;leche_tipo;leche_kg;leche_temp;leche_acidez;leche_ph;leche_dens;leche_est;leche_mg;leche_prot;leche_lactosa;leche_caseina
04/11/2015;13;VACA;13380;6;15;6,84;1,03;12,45;3,71;3,34;4,71;2,31
04/11/2015;13;VACA;8520;6;15;6,81;1,03;12,83;3,94;3,4;4,74;2,41
04/11/2015;22;VACA;23900;6;15;6,82;1,03;12,47;3,66;3,22;4,85;2,29
04/11/2015;24;VACA;14640;7,7;15;6,86;1,03;12,35;3,68;3,25;4,69;2,26
04/11/2015;24;VACA;7500;6;15;6,82;1,03;12,64;3,83;3,24;4,77;2,28
04/11/2015;32;VACA;25620;2;15;6,85;1,03;12,73;3,71;3,44;4,91;2,43
04/11/2015;29;VACA;16000;4,8;15;6,83;1,03;11,93;3,41;3,12;4,64;2,13
04/11/2015;29;VACA;13260;6,2;15;6,86;1,03;12,2;3,5;3,27;4,67;2,26
04/11/2015;28;VACA;16680;6,5;15;6,84;1,03;13,25;4,22;3,35;4,91;2,43
04/11/2015;26;VACA;6040;4,4;16;6,81;1,03;12,68;3,8;3,31;4,84;2,33
04/11/2015;8;VACA;24700;5,5;15;6,78;1,03;12,6;3,68;3,35;4,9;2,4
04/11/2015;25;VACA;10640;6,2;15;6,82;1,03;13,15;4,26;3,3;4,79;2,34
04/11/2015;27;VACA;12040;7,2;15;6,86;1,03;12,7;3,9;3,34;4,72;2,36
05/11/2015;30;VACA;15880;5,2;15;6,86;1,03;12,53;3,75;3,35;4,71;2,32
05/11/2015;30;VACA;11300;5,3;15;6,85;1,03;12,53;3,75;3,35;4,71;2,31
05/11/2015;32;VACA;24660;5,9;15;6,86;1,03;12,33;3,62;3,22;4,71;2,25
05/11/2015;26;VACA;6080;4,5;15;6,81;1,03;12,61;3,77;3,27;4,82;2,31
05/11/2015;25;VACA;10240;5;15;6,85;1,03;13,01;4,19;3,23;4,73;2,3
05/11/2015;27;VACA;13340;7,8;15;6,83;1,03;12,66;3,86;3,31;4,8;2,35
06/11/2015;22;VACA;23860;6;15;6,84;1,03;12,35;3,55;3,21;4,84;2,33
06/11/2015;26;VACA;6060;4,5;16;6,81;1,03;12,71;3,85;3,27;4,84;2,31
06/11/2015;24;VACA;16500;6,4;15;6,86;1,03;12,41;3,7;3,17;4,77;2,25
06/11/2015;24;VACA;7900;4,8;153;6,84;1,03;12,56;3,85;3,2;4,73;2,23
06/11/2015;32;VACA;25880;2;15;6,8;1,03;12,76;3,75;3,42;4,9;2,46
06/11/2015;28;VACA;16160;6,5;15;6,85;1,03;13,13;4,12;3,36;4,92;2,47
06/11/2015;29;VACA;15860;6,5;15;6,85;1,03;11,81;3,35;3,11;4,58;2,13
06/11/2015;29;VACA;13840;5,6;15;6,82;1,03;12,33;3,63;3,28;4,66;2,32
06/11/2015;25;VACA;10400;5,7;15;6,81;1,03;13,04;4,22;3,25;4,8;2,29
06/11/2015;27;VACA;11980;7,2;15;6,86;1,03;12,65;3,87;3,33;4,72;2,32
07/11/2015;22;VACA;24560;6,2;15;6,85;1,03;12,35;3,5;3,23;4,9;2,31
07/11/2015;29;VACA;15900;4,8;15;6,84;1,03;11,91;3,25;3,18;4,72;2,19
07/11/2015;29;VACA;10080;4,2;15;6,82;1,03;12;3,31;3,13;4,78;2,17
07/11/2015;30;VACA;25740;4,5;15;6,86;1,03;12,45;3,63;3,38;4,74;2,34
07/11/2015;17;VACA;16380;4,5;15;6,86;1,03;12,57;3,7;3,35;4,87;2,38
07/11/2015;17;VACA;9100;6,6;15;6,85;1,03;12,42;3,52;3,34;4,92;2,36
07/11/2015;24;VACA;15700;6,8;15;6,84;1,03;12,56;3,8;3,28;4,72;2,28
07/11/2015;24;VACA;9700;7;15;6,84;1,03;12,73;3,97;3,29;4,67;2,31
07/11/2015;26;VACA;5960;6,5;15;6,85;1,03;12,72;3,87;3,27;4,83;2,3
07/11/2015;32;VACA;23200;5,5;15;6,86;1,03;12,22;3,63;3,17;4,66;2,2
07/11/2015;25;VACA;9900;6,2;15;6,84;1,03;13,03;4,28;3,22;4,73;2,26
07/11/2015;27;VACA;13000;8,7;15;6,82;1,03;12,75;3,96;3,29;4,78;2,3
08/11/2015;22;VACA;23740;6,3;15;6,84;1,03;12,37;3,55;3,22;4,89;2,26
08/11/2015;26;VACA;6120;4,5;15;6,82;1,03;12,65;3,87;3,25;4,8;2,28
08/11/2015;29;VACA;15980;5;15;6,84;1,03;12,05;3,37;3,22;4,71;2,21
08/11/2015;29;VACA;14100;5,5;15;6,82;1,03;12,34;3,61;3,29;4,66;2,29
08/11/2015;28;VACA;15880;6,6;15;6,84;1,03;13,11;4,1;3,36;4,9;2,42
08/11/2015;32;VACA;25480;2,5;15;6,85;1,03;12,75;3,75;3,42;4,9;2,4
08/11/2015;25;VACA;9980;5,5;15;6,84;1,03;13,13;4,29;3,24;4,81;2,31
08/11/2015;27;VACA;11860;7,2;15;6,86;1,03;12,59;3,85;3,32;4,7;2,33
08/11/2015;33;VACA;23640;5;15;6,84;1,03;11,93;3,08;3,22;4,99;2,26
09/11/2015;22;VACA;24700;6;15;6,85;1,03;12,3;3,55;3,2;4,86;2,3
09/11/2015;30;VACA;15920;4,9;15;6,85;1,03;12,59;3,78;3,35;4,67;2,37
09/11/2015;30;VACA;9340;4,5;15;6,84;1,03;12,65;3,86;3,34;4,68;2,36
09/11/2015;24;VACA;15220;6,2;15;6,83;1,03;12,33;3,61;3,27;4,73;2,26
09/11/2015;24;VACA;7780;5,1;15;6,84;1,03;12,6;3,87;3,22;4,72;2,27
09/11/2015;26;VACA;6320;4,4;16;6,81;1,03;12,74;3,84;3,31;4,87;2,35
09/11/2015;32;VACA;22640;5,4;15;6,84;1,03;12,17;3,58;3,16;4,7;2,23
09/11/2015;25;VACA;10040;7,5;15;6,75;1,03;13,08;4,26;3,22;4,83;2,3
09/11/2015;27;VACA;12960;8;15;6,85;1,03;12,63;3,88;3,28;4,79;2,32
09/11/2015;18;VACA;24480;4,8;15;6,84;1,03;12,9;3,82;3,54;4,83;2,51
10/11/2015;22;VACA;23880;6;15;6,8;1,03;12,35;3,57;3,21;4,86;2,26
10/11/2015;24;VACA;19600;8;15;6,82;1,03;12,43;3,73;3,22;4,73;2,26
10/11/2015;28;VACA;15760;6,6;15;6,81;1,03;13,14;4,15;3,36;4,88;2,44
10/11/2015;26;VACA;6320;6,8;15;6,81;1,03;12,76;3,87;3,33;4,87;2,36
10/11/2015;29;VACA;16000;5;15;6,82;1,03;12,16;3,5;3,22;4,69;2,24
10/11/2015;29;VACA;13860;5,8;15;6,83;1,03;12,29;3,57;3,29;4,7;2,31
10/11/2015;32;VACA;25600;2;15;6,81;1,03;12,76;3,74;3,44;4,91;2,46
10/11/2015;25;VACA;9840;5,4;15;6,84;1,03;12,9;4,11;3,25;4,76;2,31
10/11/2015;27;VACA;12080;7;15;6,82;1,03;12,59;3,85;3,33;4,68;2,36
10/11/2015;33;VACA;23140;5,8;15;6,84;1,03;12,19;3,27;3,26;5;2,33
11/11/2015;22;VACA;24320;6;15;6,8;1,03;12,35;3,49;3,21;4,89;2,27
11/11/2015;18;VACA;25600;5,7;15;6,81;1,03;12,6;3,57;3,5;4,77;2,46
11/11/2015;30;VACA;15940;5,1;15;6,85;1,03;12,49;3,61;3,35;4,75;2,34
11/11/2015;30;VACA;9880;4,8;15;6,84;1,03;12,82;3,94;3,35;4,7;2,32
11/11/2015;24;VACA;12860;7,7;15;6,84;1,03;12,29;3,63;3,22;4,63;2,25
11/11/2015;24;VACA;9180;4,4;15;6,8;1,03;12,56;3,82;3,18;4,68;2,24
11/11/2015;26;VACA;6460;4;15;6,81;1,03;12,66;3,7;3,32;4,87;2,35
11/11/2015;32;VACA;24020;5,5;15;6,8;1,03;12,25;3,51;3,21;4,69;2,24
11/11/2015;16;VACA;18320;4,6;15;6,82;1,03;12,17;3,17;3,37;4,86;2,37
11/11/2015;16;VACA;5540;5;15;6,82;1,03;11,9;3,22;3,22;4,75;2,26
11/11/2015;25;VACA;10440;6;15;6,8;1,03;13,02;4,11;3,26;4,83;2,34
11/11/2015;27;VACA;12940;7;15;6,82;1,03;12,64;3,83;3,27;4,78;2,33
11/11/2015;18;VACA;25300;6,2;15;6,86;1,03;13,01;3,84;3,55;4,84;2,54
12/11/2015;14;VACA;19780;6;15;6,78;1,03;12,4;3,5;3,27;4,83;2,29
12/11/2015;32;VACA;25680;3;15;6,84;1,03;12,77;3,68;3,43;4,9;2,46
12/11/2015;26;VACA;6420;4,5;15;8;1,03;12,62;3,65;3,32;4,88;2,37
12/11/2015;28;VACA;16580;6,8;15;6,84;1,03;13,24;4,14;3,38;4,9;2,46
12/11/2015;25;VACA;10860;6,5;15;6,8;1,03;12,88;3,96;3,28;4,82;2,33
12/11/2015;27;VACA;12240;7;15;6,82;1,03;12,7;3,87;3,34;4,68;2,35
12/11/2015;33;VACA;22660;5,5;15;6,81;1,03;12,25;3,25;3,24;4,98;2,3
13/11/2015;22;VACA;24520;5,7;16;6,75;1,03;12,27;3,46;3,21;4,84;2,3
13/11/2015;30;VACA;25700;4;15;6,78;1,03;12,47;3,65;3,32;4,65;2,35
13/11/2015;29;VACA;15920;4;15;6,84;1,03;12,33;3,48;3,18;4,82;2,23
13/11/2015;29;VACA;10580;4;15;6,82;1,03;12,19;3,49;3,18;4,71;2,21
13/11/2015;24;VACA;16060;6,6;15;6,82;1,03;12,31;3,53;3,22;4,74;2,25
13/11/2015;24;VACA;9580;5,7;15;6,82;1,03;12,53;3,77;3,2;4,74;2,24
13/11/2015;32;VACA;9760;4,8;15;6,85;1,03;10,01;2,72;2,7;3,73;1,57
13/11/2015;26;VACA;6300;5,2;15;6,83;1,03;12,63;3,66;3,33;4,88;2,38
13/11/2015;25;VACA;10500;5,4;15;6,84;1,03;13,06;4,11;3,3;4,8;2,33
13/11/2015;27;VACA;12740;7,2;15;6,85;1,03;12,71;3,86;3,28;4,77;2,34
13/11/2015;14;VACA;16300;6,3;15;6,85;1,03;12,5;3,57;3,31;4,85;2,34
13/11/2015;14;VACA;3740;6,3;15;6,85;1,03;12,49;3,49;3,27;4,91;2,31
14/11/2015;22;VACA;24540;6;15;6,85;1,03;12,42;3,51;3,25;4,89;2,29
14/11/2015;24;VACA;15760;6,6;15;6,83;1,03;12,36;3,6;3,25;4,73;2,27
14/11/2015;24;VACA;8040;6;15;6,81;1,03;12,47;3,77;3,24;4,62;2,28
14/11/2015;26;VACA;6600;4;15;6,8;1,03;12,6;3,65;3,31;4,9;2,34
14/11/2015;28;VACA;15900;6,4;15;6,8;1,03;13,17;4,1;3,39;4,86;2,44
14/11/2015;25;VACA;10800;7;15;6,79;1,03;13;4,05;3,32;4,79;2,34
14/11/2015;27;VACA;12060;7,2;15;6,82;1,03;12,62;3,8;3,35;4,67;2,36
14/11/2015;32;VACA;26300;1,7;15;6,82;1,03;12,77;3,7;3,43;4,88;2,41
14/11/2015;33;VACA;22640;5,5;15;6,82;1,03;12,26;3,29;3,23;4,99;2,31
15/11/2015;30;VACA;15920;5;15;6,85;1,03;12,51;3,66;3,34;4,72;2,35
15/11/2015;30;VACA;9780;5,1;15;6,86;1,03;12,29;3,52;3,28;4,67;2,28
15/11/2015;22;VACA;24320;6,2;15;6,8;1,03;12,48;3,56;3,25;4,89;2,34
15/11/2015;32;VACA;23440;5,2;15;6,82;1,03;12,25;3,55;3,16;4,68;2,23
15/11/2015;26;VACA;6340;4,2;15;6,78;1,03;12,63;3,65;3,34;4,87;2,4
15/11/2015;25;VACA;10040;6,7;15;6,79;1,03;13,02;4,07;3,31;4,76;2,41
15/11/2015;27;VACA;11980;7,7;15;6,82;1,03;12,6;3,79;3,3;4,76;2,37
16/11/2015;22;VACA;24700;5,8;15;6,81;1,03;12,47;3,55;3,25;4,91;2,34
16/11/2015;24;VACA;15380;6,6;15;6,85;1,03;12,28;3,51;3,29;4,71;2,31
16/11/2015;24;VACA;7200;5;15;6,8;1,03;12,59;3,77;3,21;4,75;2,26
16/11/2015;32;VACA;26440;3;15;6,81;1,03;12,66;3,62;3,4;4,88;2,4
16/11/2015;28;VACA;15920;6,6;15;6,8;1,03;13,2;4,08;3,43;4,91;2,51
16/11/2015;26;VACA;6300;4,6;15;6,78;1,03;12,51;3,58;3,31;4,83;2,36
16/11/2015;29;VACA;15940;6;15;6,84;1,03;12,1;3,44;3,2;4,63;2,18
16/11/2015;29;VACA;13780;5,8;15;6,81;1,03;12,3;3,48;3,35;4,66;2,32
16/11/2015;33;VACA;22780;5,5;15;6,82;1,03;12,26;3,27;3,26;4,98;2,32
16/11/2015;25;VACA;11200;5,6;15;6,8;1,03;13,09;4,13;3,32;4,8;2,37
16/11/2015;27;VACA;12160;7;15;6,81;1,03;12,62;3,79;3,35;4,72;2,36
16/11/2015;18;VACA;25660;5,5;15;6,83;1,03;12,85;3,7;3,55;4,86;2,53
17/11/2015;22;VACA;24740;5,6;15;6,8;1,03;12,43;3,5;3,26;4,92;2,33
17/11/2015;30;VACA;25800;4;15;6,86;1,03;12,27;3,49;3,31;4,67;2,28
17/11/2015;29;VACA;15880;8,5;15;6,75;1,03;12,09;3,34;3,17;4,75;2,2
17/11/2015;29;VACA;9260;5,5;15;6,81;1,03;12,1;3,32;3,14;4,81;2,19
17/11/2015;26;VACA;6040;4;16;6,79;1,03;12,47;3,55;3,32;4,84;2,35
17/11/2015;32;VACA;24180;4,5;15;6,8;1,03;12,25;3,56;3,18;4,66;2,2
17/11/2015;24;VACA;20280;6,5;15;6,8;1,03;12,56;3,69;3,25;4,77;2,3
17/11/2015;25;VACA;10900;6,6;15;6,8;1,03;13,06;4,07;3,34;4,79;2,38
17/11/2015;27;VACA;13240;7,5;15;6,82;1,03;12,7;3,84;3,29;4,8;2,34
17/11/2015;18;VACA;25780;5,7;15;6,81;1,03;13;3,85;3,51;4,87;2,5
18/11/2015;22;VACA;25400;5,7;16;6,82;1,03;12,45;3,52;3,26;4,88;2,31
18/11/2015;24;VACA;13040;7,1;15;6,82;1,03;12,14;3,52;3,21;4,61;2,21
18/11/2015;24;VACA;7480;4;16;6,78;1,03;12,53;3,77;3,15;4,73;2,18
18/11/2015;32;VACA;26440;2,2;15;6,81;1,03;12,69;3,6;3,4;4,92;2,39
18/11/2015;28;VACA;16140;6,2;15;6,8;1,03;13,32;4,21;3,4;4,87;2,48
18/11/2015;26;VACA;5940;5;16;6,78;1,03;12,49;3,54;3,34;4,85;2,37
18/11/2015;25;VACA;10400;6,4;15;6,8;1,03;13,21;4,17;3,35;4,79;2,41
18/11/2015;27;VACA;12220;7,2;15;6,81;1,03;12,59;3,75;3,35;4,7;2,36
18/11/2015;2;VACA;13960;5,8;15;6,8;1,03;12,48;3,52;3,31;4,85;2,37
18/11/2015;2;VACA;8140;5,6;15;6,77;1,03;12,53;3,69;3,25;4,75;2,32
18/11/2015;34;VACA;25760;5,8;15;6,8;1,03;12,59;3,56;3,45;4,86;2,45
18/11/2015;33;VACA;22800;5;15;6,82;1,03;12,28;3,3;3,24;4,95;2,31
18/11/2015;18;VACA;25760;6,2;15;6,8;1,03;12,94;3,8;3,53;4,82;2,5
19/11/2015;18;VACA;25640;5,6;15;6,8;1,03;12,91;3,74;3,56;4,82;2,53
19/11/2015;22;VACA;24980;5,8;15;6,84;1,03;14,48;3,48;3,23;4,7;2,25
19/11/2015;29;VACA;9220;0;0;0;1,03;;;;;
19/11/2015;29;VACA;4360;5,5;17;6,77;1,03;12,21;3,25;3,4;4,78;2,39
19/11/2015;32;VACA;23980;5,3;15;6,75;1,03;12,41;3,65;3,21;4,7;2,23
19/11/2015;26;VACA;6060;4,5;15;6,76;1,03;12,59;3,5;3,43;4,91;2,45
19/11/2015;25;VACA;10700;6,5;15;6,77;1,03;13,13;4,16;3,33;4,78;2,35
19/11/2015;27;VACA;13420;8,5;15;6,79;1,03;12,69;3,84;3,28;4,8;2,33
19/11/2015;18;VACA;26380;5,2;15;6,8;1,03;13,1;3,82;3,61;4,86;2,59
20/11/2015;26;VACA;6000;4,5;15;6,77;1,03;12,42;3,44;3,39;4,83;2,38
20/11/2015;24;VACA;16620;8;15;6,81;1,03;12,13;3,41;3,2;4,71;2,2
20/11/2015;24;VACA;8960;4,5;15;6,84;1,03;12,44;3,8;3,16;4,64;2,18
20/11/2015;32;VACA;26160;2,3;15;6,78;1,03;12,64;3,59;3,41;4,88;2,43
20/11/2015;28;VACA;15840;6;15;6,82;1,03;13,25;4,19;3,37;4,84;2,43
20/11/2015;29;VACA;15980;5,9;15;6,77;1,03;11,99;3,28;3,2;4,75;2,23
20/11/2015;29;VACA;14040;4,6;15;6,83;1,03;12,26;3,45;3,28;4,72;2,27
20/11/2015;25;VACA;10620;5,3;15;6,8;1,03;13,11;4,13;3,33;4,81;2,37
20/11/2015;27;VACA;12380;7;15;6,85;1,03;12,64;3,76;3,37;4,72;2,39
21/11/2015;30;VACA;26040;4,3;15;6,83;1,03;12,62;3,79;3,34;4,66;2,3
21/11/2015;32;VACA;23680;5,4;15;6,78;1,03;12,3;3,59;3,17;4,7;2,22
21/11/2015;24;VACA;15220;7,5;15;6,75;1,03;12,45;3,62;3,29;4,75;2,32
21/11/2015;24;VACA;8520;6;15;6,75;1,03;12,63;3,86;3,2;4,71;2,24
21/11/2015;26;VACA;6000;4,3;15;6,83;1,03;12,56;3,43;3,45;4,91;2,44
21/11/2015;25;VACA;11000;6,3;15;6,78;1,03;13,04;4,05;3,33;4,82;2,36
21/11/2015;27;VACA;12960;7,3;15;6,83;1,03;12,66;3,83;3,26;4,79;2,31
22/11/2015;28;VACA;15760;5,7;15;6,83;1,03;13,22;4,15;3,38;4,89;2,43
22/11/2015;32;VACA;25920;2,2;15;6,83;1,03;12,77;3,67;3,41;4,92;2,43
22/11/2015;29;VACA;15980;3,8;15;6,85;1,03;12,23;3,46;3,19;4,81;2,26
22/11/2015;29;VACA;13980;5,3;15;6,85;1,03;12,28;3,53;3,3;4,63;2,29
22/11/2015;25;VACA;10940;6,7;15;6,8;1,03;13,02;4,06;3,35;4,79;2,38
22/11/2015;27;VACA;12320;6;15;6,84;1,03;12,61;3,8;3,35;4,68;2,35
22/11/2015;26;VACA;6160;4,2;15;6,8;1,03;12,74;3,6;3,48;4,89;2,48
22/11/2015;33;VACA;22520;4,5;15;6,82;1,03;12,49;3,45;3,29;4,97;2,35
23/11/2015;24;VACA;9540;6,3;15;6,81;1,03;12;3,36;3,25;4,64;2,26
23/11/2015;24;VACA;10540;6;15;6,83;1,03;12,62;3,79;3,25;4,75;2,3
23/11/2015;32;VACA;23760;5,3;15;6,8;1,03;12,24;3,56;3,2;4,67;2,29
23/11/2015;26;VACA;5960;4;15;6,77;1,03;12,63;3,55;3,46;4,85;2,49
23/11/2015;25;VACA;10360;5,8;15;6,77;1,03;13,23;4,22;3,38;4,76;2,42
23/11/2015;27;VACA;13360;7,7;15;6,8;1,03;12,73;3,86;3,3;4,8;2,39
24/11/2015;24;VACA;22060;6;15;6,86;1,03;12,7;3,71;3,31;4,84;2,34
24/11/2015;32;VACA;25800;2;15;6,83;1,03;12,66;3,63;3,43;4,83;2,42
24/11/2015;28;VACA;15860;5,6;15;6,83;1,03;13,36;4,2;3,45;4,88;2,51
24/11/2015;26;VACA;5800;3,8;15;6,8;1,03;12,8;3,6;3,51;4,91;2,52
24/11/2015;25;VACA;10420;4,8;15;6,78;1,03;13,27;4,22;3,39;4,76;2,42
24/11/2015;27;VACA;12340;6,6;15;6,82;1,03;12,74;3,81;3,4;4,71;2,39
25/11/2015;24;VACA;14620;6,8;15;6,82;1,03;12,22;3,55;3,25;4,61;2,24
25/11/2015;24;VACA;8020;5,4;15;6,77;1,03;12,42;3,64;3,17;4,74;2,21
25/11/2015;26;VACA;6320;4;15;6,82;1,03;12,63;3,5;3,48;4,85;2,46
25/11/2015;32;VACA;24080;5;15;6,77;1,03;12,24;3,51;3,22;4,67;2,27
25/11/2015;25;VACA;10800;6,2;15;6,77;1,03;13,13;4,1;3,35;4,79;2,38
25/11/2015;27;VACA;13020;7,5;15;6,8;1,03;12,8;3,9;3,32;4,79;2,38
26/11/2015;28;VACA;15680;6,4;15;6,8;1,03;13,27;4,27;3,36;4,87;2,43
26/11/2015;32;VACA;25840;2;15;6,81;1,03;12,74;3,72;3,43;4,89;2,44
26/11/2015;26;VACA;6180;4,5;15;6,8;1,03;12,67;3,62;3,47;4,87;2,49
26/11/2015;25;VACA;10360;7,5;15;6,78;1,03;13,13;4,19;3,35;4,85;2,41
26/11/2015;27;VACA;12400;7;15;6,81;1,03;12,58;3,85;3,35;4,66;2,34
26/11/2015;29;VACA;15860;5,3;15;6,79;1,03;12,28;3,56;3,26;4,76;2,29
26/11/2015;29;VACA;11560;5,5;16;6,75;1,03;12,41;3,71;3,29;4,6;2,28
27/11/2015;22;VACA;25480;6;15;6,8;1,03;12,45;3,57;3,26;4,92;2,31
27/11/2015;24;VACA;15980;7,5;15;6,8;1,03;12,29;3,6;3,21;4,72;2,24
27/11/2015;24;VACA;9060;6;15;6,8;1,03;12,24;3,71;3,1;4,67;2,14
27/11/2015;26;VACA;6160;4,4;15;6,81;1,03;12,69;3,62;3,44;4,9;2,46
27/11/2015;32;VACA;24340;5;14;6,83;1,03;12,31;3,64;3,21;4,68;2,27
27/11/2015;25;VACA;10880;5,7;15;6,8;1,03;13,06;4,13;3,33;4,82;2,34
27/11/2015;27;VACA;12680;7,8;15;6,81;1,03;12,73;3,93;3,3;4,79;2,32
28/11/2015;22;VACA;25140;5,8;15;6,84;1,03;12,38;3,53;3,23;4,89;2,27
28/11/2015;24;VACA;14520;5,4;15;6,8;1,03;12,19;3,53;3,2;4,71;2,23
28/11/2015;24;VACA;8360;5,7;15;6,77;1,03;12,61;3,83;3,26;4,77;2,32
28/11/2015;32;VACA;26280;2,7;15;6,8;1,03;12,71;3,69;3,43;4,89;2,42
28/11/2015;29;VACA;27280;4,5;14;6,84;1,03;12,12;3,49;3,2;4,71;2,2
28/11/2015;28;VACA;15900;6,1;15;6,82;1,03;13,01;4,03;3,38;4,9;2,4
28/11/2015;26;VACA;6260;4,5;15;6,8;1,03;12,65;3,6;3,45;4,91;2,42
28/11/2015;25;VACA;10980;7;15;6,8;1,03;12,95;4,04;3,32;4,81;2,37
28/11/2015;27;VACA;12480;7,2;15;6,82;1,03;12,65;3,88;3,33;4,68;2,36
28/11/2015;30;VACA;27140;4,2;14;6,86;1,03;12,28;3,46;3,35;4,73;2,32
29/11/2015;22;VACA;25320;6;15;6,83;1,03;12,38;3,53;3,23;4,88;2,28
29/11/2015;29;VACA;25660;3;15;6,83;1,03;12,12;3,42;3,15;4,81;2,2
29/11/2015;32;VACA;23740;5;15;6,83;1,03;12,24;3,6;3,18;4,65;2,24
29/11/2015;26;VACA;6260;4,3;15;6,8;1,03;12,51;3,48;3,43;4,87;2,44
29/11/2015;25;VACA;10440;5;15;6,82;1,03;13,09;4,13;3,35;4,82;2,37
29/11/2015;27;VACA;12840;8;15;6,85;1,03;12,64;3,84;3,29;4,77;2,32
30/11/2015;24;VACA;12780;5,6;15;6,86;1,03;12,34;3,58;3,27;4,7;2,3
30/11/2015;24;VACA;7400;4,8;15;6,84;1,03;12,35;3,69;3,12;4,73;2,19
30/11/2015;26;VACA;6260;4,5;15;6,81;1,03;12,68;3,61;3,46;4,88;2,47
30/11/2015;32;VACA;26300;2,2;15;6,83;1,03;12,81;3,73;3,46;4,9;2,44
30/11/2015;28;VACA;16020;5,5;15;6,83;1,03;13,15;4,12;3,38;4,89;2,44
30/11/2015;25;VACA;11060;4,6;15;6,8;1,03;13;4,01;3,34;4,87;2,38
30/11/2015;27;VACA;12420;6;15;6,83;1,03;12,62;3,87;3,32;4,66;2,34
30/11/2015;30;VACA;27640;4;14;6,86;1,03;12,81;3,91;3,35;4,74;2,37
30/11/2015;33;VACA;23120;4,5;15;6,84;1,03;12,38;3,42;3,23;4,96;2,28
30/11/2015;18;VACA;25300;5;15;6,84;1,03;13,08;3,81;3,67;4,86;2,65
30/11/2015;29;VACA;14620;3,3;14;6,78;1,03;12,18;3,42;3,22;4,84;2,26
30/11/2015;29;VACA;11040;5;14;6,77;1,03;12,51;3,72;3,33;4,69;2,32
01/12/2015;32;VACA;24240;5,5;15;6,81;1,03;12,21;3,61;3,21;4,63;2,23
01/12/2015;26;VACA;6180;4,5;15;6,79;1,03;12,69;3,64;3,45;4,86;2,43
01/12/2015;24;VACA;16240;5,2;15;6,83;1,03;12,73;3,88;3,3;4,76;2,34
01/12/2015;24;VACA;3880;7,2;15;6,85;1,03;12,39;3,71;3,27;4,64;2,3
01/12/2015;25;VACA;10460;5,5;15;6,8;1,03;13,24;4,23;3,39;4,77;2,44
01/12/2015;27;VACA;12640;6,2;15;6,84;1,03;12,72;3,92;3,31;4,79;2,37
01/12/2015;18;VACA;25080;4,5;15;6,84;1,03;13,01;3,87;3,58;4,83;2,56
01/12/2015;29;VACA;25880;4,8;15;6,86;1,03;12,16;3,45;3,24;4,74;2,27
02/12/2015;24;VACA;14420;7,5;15;6,85;1,03;12,03;3,49;3,19;4,57;2,19
02/12/2015;24;VACA;6180;4,2;15;6,85;1,03;12,5;3,71;3,16;4,83;2,28
02/12/2015;32;VACA;26020;2;15;6,84;1,03;12,82;3,8;3,42;4,83;2,38
02/12/2015;28;VACA;15980;6,3;15;6,8;1,03;13,2;4,16;3,39;4,89;2,45
02/12/2015;26;VACA;6340;4,4;16;6,8;1,03;12,73;3,68;3,43;4,88;2,41
02/12/2015;25;VACA;10580;6,9;15;6,8;1,03;13,23;4,24;3,39;4,77;2,41
02/12/2015;27;VACA;12540;6,3;15;6,83;1,03;12,68;3,85;3,35;4,72;2,35
02/12/2015;33;VACA;22540;4,4;15;6,8;1,03;12,44;3,54;3,22;4,92;2,3
02/12/2015;30;VACA;26220;4;15;6,85;1,03;12,55;3,67;3,35;4,76;2,37
03/12/2015;32;VACA;24580;5,8;15;6,78;1,03;12,33;3,64;3,22;4,66;2,22
03/12/2015;26;VACA;6280;4,1;15;6,79;1,03;12,53;3,57;3,39;4,82;2,38
03/12/2015;29;VACA;16720;4;15;6,79;1,03;12,28;3,6;3,14;4,77;2,21
03/12/2015;29;VACA;7360;4;15;6,84;1,03;12,32;3,59;3,32;4,64;2,34
03/12/2015;25;VACA;11200;7;16;6,75;1,03;12,94;3,99;3,35;4,82;2,36
03/12/2015;27;VACA;13400;7,8;16;6,74;1,03;12,65;3,84;3,29;4,8;2,34
04/12/2015;29;VACA;22860;3,4;15;6,85;1,03;12,09;3,46;3,08;4,8;2,17
04/12/2015;24;VACA;15980;7,6;15;6,8;1,03;12,37;3,63;3,25;4,71;2,25
04/12/2015;24;VACA;8520;5,6;15;6,8;1,03;12,55;3,79;3,23;4,75;2,3
04/12/2015;30;VACA;22840;4,2;15;6,86;1,03;12,85;4,03;3,31;4,73;2,33
04/12/2015;26;VACA;6420;4,3;15;6,83;1,03;12,68;3,63;3,42;4,87;2,43
04/12/2015;28;VACA;16000;6,5;15;6,8;1,03;13,21;4,17;3,4;4,89;2,45
04/12/2015;32;VACA;26400;2,4;15;6,83;1,03;12,85;3,8;3,42;4,89;2,43
04/12/2015;25;VACA;11260;7,3;15;6,78;1,03;13,02;4,04;3,36;4,84;2,41
04/12/2015;27;VACA;12520;6,9;15;6,84;1,03;12,58;3,79;3,34;4,72;2,36
05/12/2015;33;VACA;21720;3;15;6,82;1,03;12,1;3,31;3,19;4,89;2,24
05/12/2015;24;VACA;15960;5;15;6,84;1,03;12,47;3,78;3,24;4,66;2,25
05/12/2015;24;VACA;6740;6;15;6,84;1,03;12,37;3,72;3,16;4,7;2,2
05/12/2015;29;VACA;24480;5,5;15;6,84;1,03;12,39;3,67;3,19;4,79;2,22
05/12/2015;32;VACA;24340;5,5;15;6,81;1,03;12,41;3,71;3,22;4,69;2,24
05/12/2015;26;VACA;6240;4,2;16;6,8;1,03;12,69;3,64;3,39;4,91;2,39
05/12/2015;25;VACA;11280;6,8;15;6,84;1,03;13,12;4,1;3,38;4,8;2,4
05/12/2015;27;VACA;13300;5,8;15;6,84;1,03;12,75;3,9;3,31;4,79;2,35
06/12/2015;30;VACA;27480;4,2;15;6,86;1,03;12,61;3,79;3,31;4,74;2,31
06/12/2015;26;VACA;6240;4,2;15;6,81;1,03;12,73;3,72;3,4;4,86;2,4
06/12/2015;32;VACA;25380;2,4;15;6,83;1,03;12,79;3,75;3,41;4,9;2,44
06/12/2015;28;VACA;15880;6;15;6,8;1,03;13,15;4,14;3,36;4,88;2,41
06/12/2015;29;VACA;17560;4,8;15;6,86;1,03;12,21;3,54;3,15;4,76;2,2
06/12/2015;29;VACA;6980;3,7;15;6,84;1,03;12,26;3,58;3,16;4,75;2,21
06/12/2015;25;VACA;11580;7;15;6,81;1,03;13,1;4,11;3,38;4,81;2,42
06/12/2015;27;VACA;12700;6,8;15;6,83;1,03;12,61;3,79;3,34;4,7;2,35
06/12/2015;33;VACA;22300;4,3;15;6,82;1,03;12,45;3,55;3,21;4,94;2,27
07/12/2015;24;VACA;12020;6,5;15;6,85;1,03;11,78;3,28;3,19;4,56;2,15
07/12/2015;24;VACA;11500;4,8;15;6,81;1,03;12,53;3,68;3,28;4,79;2,33
07/12/2015;32;VACA;25020;5,5;15;6,81;1,03;12,43;3,7;3,24;4,7;2,29
07/12/2015;26;VACA;6380;4,5;15;6,85;1,03;12,73;3,71;3,4;4,85;2,38
07/12/2015;25;VACA;11540;6,3;15;6,8;1,03;13,1;4,1;3,39;4,79;2,39
07/12/2015;27;VACA;13160;7,4;15;6,81;1,03;12,76;3,92;3,3;4,79;2,34
08/12/2015;32;VACA;25380;3;15;6,82;1,03;12,77;3,78;3,4;4,86;2,36
08/12/2015;26;VACA;6220;4,2;16;6,8;1,03;12,72;3,72;3,39;4,86;2,39
08/12/2015;24;VACA;23560;6,7;15;6,83;1,03;12,63;3,86;3,23;4,75;2,28
08/12/2015;29;VACA;17660;5;15;6,83;1,03;12,01;3,37;3,16;4,76;2,2
08/12/2015;29;VACA;7940;5,2;15;6,86;1,03;12,34;3,67;3,27;4,62;2,28
08/12/2015;28;VACA;15800;6;15;6,8;1,03;13,27;4,24;3,39;4,86;2,43
08/12/2015;30;VACA;27140;3,9;14;6,83;1,03;12,71;3,84;3,33;4,76;2,35
08/12/2015;25;VACA;11640;7,2;15;6,8;1,03;13,17;4,13;3,4;4,83;2,4
08/12/2015;27;VACA;12940;8;15;6,82;1,03;12,57;3,74;3,37;4,74;2,39
08/12/2015;33;VACA;23060;4,7;15;6,86;1,03;12,66;3,81;3,19;4,91;2,27
09/12/2015;29;VACA;17620;3,6;15;6,83;1,03;12,01;3,44;3,08;4,77;2,17
09/12/2015;29;VACA;6380;3;14;6,86;1,03;11,95;3,46;3,06;4,67;2,13
09/12/2015;26;VACA;6500;5,2;15;6,83;1,03;12,64;3,71;3,35;4,86;2,39
09/12/2015;32;VACA;24900;5;15;6,78;1,03;12,4;3,66;3,23;4,72;2,26
09/12/2015;24;VACA;10940;5,2;15;6,86;1,03;12,26;3,59;3,25;4,67;2,25
09/12/2015;24;VACA;10420;5,6;15;6,81;1,03;12,67;3,89;3,23;4,77;2,31
09/12/2015;25;VACA;11640;6,8;15;6,82;1,03;13,12;4,1;3,4;4,82;2,45
09/12/2015;27;VACA;13160;7,8;15;6,82;1,03;12,76;3,97;3,29;4,77;2,34
10/12/2015;18;VACA;26200;5,3;15;6,83;1,03;12,92;3,78;3,58;4,77;2,56
10/12/2015;30;VACA;27960;4,3;15;6,85;1,03;12,48;3,68;3,3;4,75;2,31
10/12/2015;32;VACA;25100;2,6;15;6,8;1,03;12,52;3,68;3,36;4,77;2,34
10/12/2015;28;VACA;15840;6,2;15;6,82;1,03;13,2;4,2;3,36;4,87;2,42
10/12/2015;26;VACA;6440;4;16;6,78;1,03;12,59;3,65;3,36;4,83;2,37
10/12/2015;29;VACA;17740;5,3;15;6,83;1,03;12,08;3,4;3,25;4,69;2,27
10/12/2015;29;VACA;7480;4,5;15;6,82;1,03;12,36;3,64;3,28;4,68;2,29
10/12/2015;25;VACA;11640;7,5;15;6,81;1,03;13,1;4,08;3,41;4,84;2,45
10/12/2015;27;VACA;12620;7;15;6,86;1,03;12,67;3,8;3,37;4,74;2,39
10/12/2015;33;VACA;21980;5;15;6,85;1,03;12,45;3,58;3,2;4,92;2,27
11/12/2015;24;VACA;14880;8;15;6,84;1,03;12,33;3,63;3,26;4,72;2,28
11/12/2015;24;VACA;7960;5,3;15;6,81;1,03;12,25;3,49;3,22;4,76;2,25
11/12/2015;32;VACA;25700;5;15;6,83;1,03;12,36;3,65;3,24;4,71;2,28
11/12/2015;29;VACA;15980;5;14;6,85;1,03;12,24;3,67;3,11;4,66;2,17
11/12/2015;29;VACA;4580;6,5;14;6,86;1,03;11,91;3,26;3,28;4,61;2,26
11/12/2015;26;VACA;6060;4,5;15;6,8;1,03;12,79;3,8;3,39;4,79;2,43
11/12/2015;25;VACA;11800;7;15;6,8;1,03;12,95;3,99;3,34;4,79;2,41
11/12/2015;27;VACA;13060;7,7;15;6,82;1,03;12,64;3,88;3,28;4,78;2,35
12/12/2015;30;VACA;16060;4,4;14;6,83;1,03;12,66;3,83;3,3;4,79;2,35
12/12/2015;30;VACA;8840;4,1;14;6,86;1,03;11,61;2,7;3,35;4,89;2,4
12/12/2015;22;VACA;24960;5,9;15;6,85;1,03;12,45;3,61;3,24;4,88;2,31
12/12/2015;24;VACA;16240;5,8;15;6,81;1,03;12,48;3,73;3,27;4,73;2,35
12/12/2015;24;VACA;8080;6,2;15;6,8;1,03;12,45;3,72;3,24;4,72;2,28
12/12/2015;28;VACA;15700;6;15;6,78;1,03;13,07;4,11;3,37;4,85;2,47
12/12/2015;26;VACA;6000;4,5;15;6,79;1,03;12,84;3,88;3,35;4,81;2,39
12/12/2015;32;VACA;25160;2,4;15;6,81;1,03;12,76;3,79;3,39;4,87;2,4
12/12/2015;25;VACA;11760;6,4;16;6,75;1,03;13,05;4,06;3,37;4,81;2,43
12/12/2015;27;VACA;12800;6,6;15;6,8;1,03;12,66;3,83;3,35;4,73;2,37
12/12/2015;33;VACA;22300;4,4;15;6,76;1,03;12,41;3,52;3,21;4,96;2,32
13/12/2015;22;VACA;25500;5,6;15;6,84;1,03;12,41;3,57;3,25;4,9;2,32
13/12/2015;29;VACA;16560;5,2;15;6,85;1,03;12,1;3,51;3,19;4,65;2,22
13/12/2015;29;VACA;8200;5,2;15;6,85;1,03;12,51;3,73;3,35;4,64;2,35
13/12/2015;26;VACA;6380;4,1;15;6,79;1,03;12,64;3,73;3,34;4,84;2,36
13/12/2015;32;VACA;25280;4,6;15;6,81;1,03;12,4;3,66;3,22;4,73;2,28
13/12/2015;27;VACA;13200;7,6;15;6,8;1,03;12,64;3,85;3,28;4,8;2,35
13/12/2015;25;VACA;11760;4,8;15;6,77;1,03;13,18;4,1;3,42;4,89;2,45
14/12/2015;29;VACA;15880;2,5;15;6,8;1,03;12,07;3,5;3,06;4,77;2,11
14/12/2015;29;VACA;5260;5,6;15;6,81;1,03;12,73;4,17;3,11;4,63;2,14
14/12/2015;24;VACA;16520;7;15;6,85;1,03;12,46;3,74;3,26;4,72;2,26
14/12/2015;24;VACA;7660;5,3;15;6,83;1,03;12,55;3,73;3,25;4,78;2,26
14/12/2015;26;VACA;6520;4,5;15;6,79;1,03;12,62;3,7;3,36;4,83;2,36
14/12/2015;32;VACA;25540;2,4;15;6,82;1,03;12,78;3,81;3,4;4,86;2,4
14/12/2015;28;VACA;15720;6,5;15;6,81;1,03;13,23;4,22;3,39;4,87;2,45
14/12/2015;30;VACA;28020;5,5;15;6,85;1,03;12,59;3,73;3,35;4,81;2,36
14/12/2015;25;VACA;11720;7,2;15;6,81;1,03;13,06;4,04;3,42;4,83;2,44
14/12/2015;27;VACA;13000;7,1;15;6,83;1,03;12,64;3,79;3,38;4,73;2,39
14/12/2015;18;VACA;26060;5,2;16;6,78;1,03;13,3;4,15;3,59;4,8;2,56
14/12/2015;18;VACA;26540;5,3;15;6,8;1,03;13,01;3,77;3,66;4,86;2,61
14/12/2015;33;VACA;24840;4,6;14;6,84;1,03;12,39;3,47;3,26;4,94;2,32
15/12/2015;32;VACA;25720;5,6;15;6,82;1,03;12,17;3,64;3,2;4,61;2,18
15/12/2015;29;VACA;16120;4,4;15;6,84;1,03;11,99;3,42;3,19;4,69;2,17
15/12/2015;29;VACA;10540;5,7;15;6,86;1,03;12,3;3,58;3,38;4,65;2,34
15/12/2015;24;VACA;17100;4,5;15;6,84;1,03;12,34;3,65;3,26;4,72;2,23
15/12/2015;26;VACA;6460;4,6;16;6,79;1,03;12,62;3,71;3,38;4,83;2,33
15/12/2015;25;VACA;12020;6,5;15;6,79;1,03;13,1;4,04;3,46;4,83;2,44
15/12/2015;27;VACA;12820;7,8;15;6,81;1,03;12,75;3,95;3,34;4,8;2,33
15/12/2015;18;VACA;25480;5,8;15;6,79;1,03;13,09;3,96;3,63;4,79;2,55
15/12/2015;18;VACA;25460;6;15;6,8;1,03;13,22;4,14;3,63;4,77;2,56
16/12/2015;24;VACA;15760;6,7;16;6,75;1,03;12,29;3,63;3,27;4,68;2,25
16/12/2015;24;VACA;8580;5,6;16;6,76;1,03;12,52;3,73;3,27;4,73;2,26
16/12/2015;30;VACA;28260;4,6;15;6,82;1,03;12,94;4,2;3,29;4,72;2,26
16/12/2015;29;VACA;15900;4,3;15;6,81;1,03;12,26;3,59;3,2;4,72;2,18
16/12/2015;29;VACA;6560;6,1;15;6,79;1,03;12,66;3,85;3,36;4,64;2,3
16/12/2015;32;VACA;25780;2,3;15;6,79;1,03;12,8;3,79;3,46;4,89;2,39
16/12/2015;28;VACA;15900;6,7;15;6,77;1,03;13,07;4,14;3,36;4,87;2,39
16/12/2015;26;VACA;6260;4,1;16;6,74;1,03;12,73;3,79;3,4;4,82;2,33
16/12/2015;25;VACA;11920;5,9;16;6,75;1,03;13,12;4,08;3,43;4,86;2,44
16/12/2015;27;VACA;12860;6,6;15;6,77;1,03;12,57;3,73;3,41;4,75;2,34
16/12/2015;33;VACA;22540;4,8;15;6,8;1,03;12,39;3,49;3,27;4,95;2,27
17/12/2015;32;VACA;25960;5,3;15;6,77;1,03;12,27;3,66;3,2;4,66;2,17
17/12/2015;26;VACA;6200;4,2;15;6,79;1,03;12,65;3,72;3,38;4,79;2,32
17/12/2015;25;VACA;11360;5,2;15;6,78;1,03;13,15;4,12;3,43;4,86;2,41
17/12/2015;27;VACA;13000;7,2;15;6,78;1,03;12,71;3,9;3,32;4,8;2,31
18/12/2015;24;VACA;16440;5,7;15;6,8;1,03;12,22;3,53;3,26;4,7;2,23
18/12/2015;24;VACA;10500;5,5;15;6,81;1,03;12,56;3,77;3,29;4,76;2,24
18/12/2015;26;VACA;6460;4;15;6,83;1,03;12,58;3,67;3,4;4,82;2,34
18/12/2015;32;VACA;25160;2,3;15;6,85;1,03;12,79;3,81;3,37;4,94;2,36
18/12/2015;30;VACA;25440;5,3;15;6,85;1,03;12,55;3,82;3,29;4,73;2,27
18/12/2015;28;VACA;15900;6;15;6,83;1,03;13,08;4,1;3,41;4,86;2,41
18/12/2015;29;VACA;16440;5,8;14;6,85;1,03;12,26;3,71;3,2;4,62;2,16
18/12/2015;29;VACA;9260;4,6;14;6,84;1,03;12,28;3,54;3,36;4,71;2,28
18/12/2015;25;VACA;11580;5,8;15;6,78;1,03;13,06;4,05;3,42;4,81;2,43
18/12/2015;27;VACA;12820;7,2;15;6,81;1,03;12,68;3,83;3,39;4,74;2,34
18/12/2015;33;VACA;22300;4,5;15;6,78;1,03;12,4;3,5;3,27;4,95;2,32
19/12/2015;22;VACA;25540;6;15;6,8;1,03;12,1;3,28;3,27;4,91;2,28
19/12/2015;29;VACA;15980;3,1;15;6,86;1,03;12,39;3,76;3,1;4,74;2,13
19/12/2015;29;VACA;8840;5;15;6,85;1,03;12,64;3,96;3,21;4,61;2,22
19/12/2015;24;VACA;15780;6,2;15;6,8;1,03;12,19;3,5;3,3;4,69;2,29
19/12/2015;24;VACA;6680;5,9;15;6,78;1,03;12,42;3,71;3,27;4,7;2,3
19/12/2015;26;VACA;6120;0;0;0;1,03;12,6;3,65;3,38;4,86;2,4
19/12/2015;32;VACA;25300;5;15;6,78;1,03;12,3;3,59;3,25;4,73;2,24
19/12/2015;25;VACA;11560;5,2;15;6,81;1,03;13,12;4,13;3,42;4,79;2,4
19/12/2015;27;VACA;13280;8,1;14;6,85;1,03;12,68;3,87;3,32;4,8;2,29
20/12/2015;18;VACA;25560;5,3;16;6,81;1,03;12,95;3,9;3,56;4,77;2,51
20/12/2015;22;VACA;25260;6,4;15;6,83;1,03;12,34;3,5;3,27;4,89;2,27
20/12/2015;18;VACA;25600;4,8;16;6,84;1,03;12,56;3,56;3,37;4,88;2,35
20/12/2015;30;VACA;26760;4,2;15;6,81;1,03;12,6;3,82;3,29;4,77;2,28
20/12/2015;32;VACA;25600;5;15;6,86;1,03;12,92;4,01;3,32;4,88;2,29
20/12/2015;26;VACA;6020;4,4;15;6,86;1,03;12,72;3,77;3,37;4,84;2,35
20/12/2015;28;VACA;15880;6,1;15;6,83;1,03;13,13;4,11;3,41;4,9;2,43
20/12/2015;29;VACA;11520;4;15;6,82;1,03;12,38;3,76;3,09;4,67;2,16
20/12/2015;29;VACA;9060;5,6;15;6,79;1,03;12,5;3,73;3,33;4,69;2,29
20/12/2015;25;VACA;11740;6;15;6,81;1,03;13,13;4,08;3,43;4,86;2,39
20/12/2015;27;VACA;12900;6,6;15;6,84;1,03;12,59;3,75;3,39;4,75;2,33
20/12/2015;33;VACA;22700;4,8;16;6,76;1,03;12,48;3,55;3,26;4,95;2,25
21/12/2015;32;VACA;25640;5,2;15;6,79;1,03;11,92;3,51;3,15;4,54;2,07
21/12/2015;24;VACA;11920;4,8;15;6,82;1,03;12,37;3,53;3,32;4,84;2,25
21/12/2015;24;VACA;9660;6,6;15;6,8;1,03;12,4;3,6;3,33;4,76;2,28
21/12/2015;29;VACA;13800;3;14;6,85;1,03;12,22;3,65;3,1;4,69;2,1
21/12/2015;29;VACA;6820;5;15;6,83;1,03;12,21;3,44;3,35;4,73;2,28
21/12/2015;26;VACA;5980;4,5;16;6,78;1,03;12,7;3,81;3,35;4,82;2,27
21/12/2015;25;VACA;11720;6,3;15;6,8;1,03;13,17;4,16;3,42;4,79;2,4
21/12/2015;27;VACA;13160;8;14;6,83;1,03;12,7;3,89;3,33;4,78;2,3
22/12/2015;32;VACA;26420;2;15;6,8;1,03;12,89;3,96;3,42;4,82;2,36
22/12/2015;28;VACA;15880;6;15;6,83;1,03;13,18;4,19;3,39;4,89;2,41
22/12/2015;29;VACA;11640;4,2;15;6,83;1,03;12,41;3,77;3,14;4,71;2,14
22/12/2015;29;VACA;6780;6,7;15;6,86;1,03;12,53;3,75;3,34;4,67;2,28
22/12/2015;25;VACA;11820;6;15;6,83;1,03;13,24;4,18;3,45;4,86;2,41
22/12/2015;27;VACA;12840;7;15;6,84;1,03;12,64;3,75;3,42;4,76;2,34
22/12/2015;24;VACA;12300;4,5;15;6,83;1,03;12,48;3,73;3,23;4,76;2,23
22/12/2015;26;VACA;5780;4,7;16;6,79;1,03;12,73;3,81;3,38;4,86;2,34
22/12/2015;30;VACA;26840;4,4;15;6,85;1,03;12,58;3,79;3,31;4,8;2,28
23/12/2015;24;VACA;16180;4,7;15;6,84;1,03;12,27;3,49;3,34;4,76;2,28
23/12/2015;24;VACA;4620;4,5;15;6,83;1,03;12,11;3,37;3,28;4,77;2,2
23/12/2015;32;VACA;25880;5;15;6,82;1,03;12,31;3,61;3,26;4,71;2,25
23/12/2015;29;VACA;13600;4;15;6,8;1,03;12,25;3,69;3,1;4,61;2,11
23/12/2015;29;VACA;7480;4,5;15;6,83;1,03;12,26;3,47;3,36;4,73;2,31
23/12/2015;26;VACA;5960;4,2;16;6,81;1,03;12,72;3,8;3,34;4,82;2,27
23/12/2015;25;VACA;11580;5,3;15;6,79;1,03;13,18;4,18;3,42;4,8;2,38
23/12/2015;27;VACA;13020;7,6;15;6,82;1,03;12,68;3,9;3,31;4,8;2,29
24/12/2015;30;VACA;26840;4,5;15;6,82;1,03;12,37;3,65;3,29;4,76;2,25
24/12/2015;29;VACA;18000;4,7;15;6,83;1,03;12,42;3,82;3,15;4,66;2,16
24/12/2015;28;VACA;15740;6,2;15;6,83;1,03;12,93;4;3,38;4,89;2,39
24/12/2015;32;VACA;26660;2,2;15;6,82;1,03;12,87;3,88;3,45;4,85;2,37
24/12/2015;26;VACA;5920;4,4;16;6,79;1,03;12,8;3,8;3,4;4,75;
24/12/2015;24;VACA;16280;5,2;15;6,82;1,03;12,52;3,72;3,28;4,79;2,28
24/12/2015;24;VACA;9180;5,8;15;6,81;1,03;12,31;3,44;3,33;4,86;2,29
24/12/2015;25;VACA;12040;7,4;15;6,8;1,03;12,93;4,06;3,38;4,74;2,34
24/12/2015;27;VACA;12840;6,6;16;6,78;1,03;12,59;3,77;3,41;4,73;2,34
25/12/2015;32;VACA;21200;6,4;15;6,82;1,03;11,18;3,3;3;4,2;1,87
25/12/2015;26;VACA;5680;4,2;16;6,79;1,03;12,78;3,9;3,32;4,81;2,29
25/12/2015;25;VACA;11780;5,1;15;6,8;1,03;13;4,09;3,4;4,79;2,36
25/12/2015;27;VACA;13220;7,8;15;6,79;1,03;12,52;3,77;3,3;4,79;2,28
26/12/2015;22;VACA;25760;5,8;15;6,84;1,03;12,41;3,6;3,26;4,9;2,25
26/12/2015;30;VACA;27900;4,5;15;6,83;1,03;12,66;3,84;3,33;4,8;2,28
26/12/2015;28;VACA;15880;5,8;15;6,8;1,03;13,02;4,04;3,37;4,92;2,35
26/12/2015;32;VACA;30980;3;15;6,85;1,03;12,79;3,87;3,44;4,78;2,33
26/12/2015;29;VACA;15140;5,2;14;6,86;1,03;12,17;3,66;3,11;4,66;2,09
26/12/2015;29;VACA;8880;5;15;6,84;1,03;12,53;3,74;3,37;4,71;2,32
26/12/2015;24;VACA;17340;5,2;15;6,8;1,03;12,53;3,6;3,38;4,83;2,3
26/12/2015;24;VACA;14040;5,1;15;6,81;1,03;12,36;3,6;3,26;4,77;2,19
26/12/2015;26;VACA;5760;4,4;15;6,81;1,03;12,8;3,95;3,32;4,81;2,29
26/12/2015;27;VACA;12620;7;15;6,81;1,03;12,91;4,12;3,36;4,7;2,3
26/12/2015;25;VACA;11900;4,9;16;6,77;1,03;13,19;4,15;3,43;4,85;2,39
26/12/2015;33;VACA;25480;3;15;6,81;1,03;12,24;3,36;3,24;4,94;2,22
27/12/2015;22;VACA;25840;6;15;6,86;1,03;12,24;3,41;3,25;4,9;2,27
27/12/2015;29;VACA;27540;4;15;6,84;1,03;12,27;3,67;3,13;4,7;2,11
27/12/2015;32;VACA;26400;5,2;15;6,83;1,03;12,41;3,65;3,26;4,74;2,24
27/12/2015;26;VACA;6060;4,2;15;6,82;1,03;12,69;3,84;3,3;4,82;2,27
27/12/2015;25;VACA;11900;6;15;6,8;1,03;13,17;4,14;3,41;4,84;2,4
27/12/2015;27;VACA;12980;7,8;14;6,84;1,03;12,71;3,91;3,3;4,78;2,29
27/12/2015;18;VACA;24760;5,4;16;6,84;1,03;12,99;3,85;3,61;4,83;2,53
27/12/2015;18;VACA;26200;5,4;16;6,83;1,03;12,29;3,64;3,41;4,56;2,27
28/12/2015;30;VACA;25480;4,3;15;6,86;1,03;12,16;3,4;3,31;4,77;2,32
28/12/2015;29;VACA;16340;3,5;15;6,85;1,03;12,12;3,58;3,05;4,72;2,11
28/12/2015;29;VACA;6500;6,7;15;6,86;1,03;12,52;3,77;3,32;4,7;2,33
28/12/2015;32;VACA;27480;2,5;15;6,84;1,03;12,93;3,91;3,49;4,84;2,45
28/12/2015;24;VACA;16480;4,6;15;6,83;1,03;12,33;3,49;3,36;4,76;2,27
28/12/2015;24;VACA;13380;5,5;15;6,86;1,03;12,57;3,74;3,26;4,83;2,28
28/12/2015;28;VACA;15400;6,1;15;6,85;1,03;13,12;4,12;3,4;4,9;2,4
28/12/2015;26;VACA;5860;6,5;15;6,81;1,03;12,7;3,83;3,33;4,85;2,29
28/12/2015;25;VACA;12000;6,5;15;6,83;1,03;13,2;4,17;3,45;4,85;2,44
28/12/2015;27;VACA;12560;7;15;6,85;1,03;12,58;3,74;3,39;4,76;2,34
29/12/2015;32;VACA;26180;5,7;15;6,82;1,03;12,31;3,6;3,26;4,71;2,22
29/12/2015;26;VACA;5940;4,5;15;6,78;1,03;12,68;3,86;3,28;4,84;2,22
29/12/2015;27;VACA;13300;7,7;15;6,84;1,03;13,16;4,09;3,43;4,88;2,4
29/12/2015;25;VACA;11960;5,4;15;6,82;1,03;12,66;3,84;3,31;4,82;2,28
29/12/2015;10;VACA;18000;5,2;15;6,84;1,03;12,46;3,67;3,24;4,82;2,26
29/12/2015;10;VACA;10240;5,4;15;6,86;1,03;12,28;3,61;3,2;4,76;2,23
30/12/2015;28;VACA;15140;6,5;15;6,84;1,03;12,97;4,02;3,36;4,87;2,37
30/12/2015;32;VACA;27660;2,2;15;6,85;1,03;12,76;3,8;3,41;4,81;2,38
30/12/2015;24;VACA;16640;5;15;6,83;1,03;12,23;3,36;3,33;4,84;2,28
30/12/2015;24;VACA;14040;4,3;15;6,84;1,03;12,24;3,63;3,19;4,65;2,14
30/12/2015;29;VACA;14920;5;15;6,83;1,03;12,13;3,61;3,07;4,71;2,13
30/12/2015;29;VACA;9040;4,3;15;6,84;1,03;12,39;3,63;3,32;4,75;2,29
30/12/2015;25;VACA;11720;6,5;15;6,84;1,03;13,2;4,17;3,42;4,85;2,44
30/12/2015;27;VACA;12680;7,3;15;6,84;1,03;12,39;3,58;3,35;4,76;2,3
30/12/2015;26;VACA;6480;4,2;15;6,84;1,03;12,7;3,82;3,29;4,86;2,34
31/12/2015;30;VACA;28080;4,5;15;6,82;1,03;12,59;3,78;3,31;4,76;2,31
31/12/2015;29;VACA;27880;4,3;15;6,86;1,03;12,03;3,48;3,1;4,72;2,12
31/12/2015;24;VACA;14480;4,9;15;6,83;1,03;12,35;3,56;3,31;4,76;2,3
31/12/2015;24;VACA;13340;7,6;15;6,84;1,03;12,47;3,59;3,27;4,85;2,26
31/12/2015;32;VACA;25980;5,5;15;6,83;1,03;12,36;3,62;3,26;4,75;2,24
31/12/2015;25;VACA;12500;7,4;15;6,8;1,03;12,83;3,88;3,38;4,82;2,36
31/12/2015;27;VACA;12040;8,2;15;6,82;1,03;12,86;4,07;3,32;4,78;2,32
01/01/2016;32;VACA;21220;2;15;6,82;1,03;12,67;3,79;3,36;4,82;2,33
01/01/2016;26;VACA;12600;5;15;6,82;1,03;12,6;3,72;3,32;4,87;2,31
01/01/2016;28;VACA;15780;5,5;15;6,84;1,03;12,89;3,93;3,41;4,88;2,39
01/01/2016;25;VACA;11660;6,1;15;6,79;1,03;13,12;4,13;3,4;4,85;2,4
01/01/2016;27;VACA;12280;7,3;15;6,83;1,03;12,42;3,64;3,34;4,76;2,29
02/01/2016;22;VACA;26200;6;15;6,82;1,03;12,33;3,56;3,24;4,86;2,23
02/01/2016;30;VACA;26020;4,8;15;6,83;1,03;12,19;3,39;3,3;4,79;2,24
02/01/2016;26;VACA;6340;4,2;16;6,78;1,03;12,72;3,83;3,29;4,85;2,35
02/01/2016;29;VACA;15680;5,5;15;6,84;1,03;11,91;3,43;3,08;4,66;2,1
02/01/2016;29;VACA;9300;5;15;6,86;1,03;12,34;3,6;3,32;4,74;2,27
02/01/2016;32;VACA;26240;4,6;15;6,81;1,03;12,31;3,59;3,25;4,76;2,24
02/01/2016;24;VACA;17700;5,4;15;6,83;1,03;12,19;3,35;3,36;4,82;2,33
02/01/2016;24;VACA;13260;5;15;6,86;1,03;12,49;3,67;3,27;4,84;2,29
02/01/2016;25;VACA;12120;6,5;15;6,8;1,03;13,14;4,12;3,43;4,88;2,42
02/01/2016;27;VACA;13440;8,5;15;6,86;1,03;12,61;3,83;3,32;4,81;2,28
03/01/2016;22;VACA;25740;6,3;15;6,8;1,03;12,1;3,33;3,24;4,87;2,25
03/01/2016;32;VACA;32540;2,5;15;6,82;1,03;12,75;3,8;3,39;4,86;2,35
03/01/2016;29;VACA;16100;2,8;15;6,86;1,03;11,79;3,28;3,06;4,77;2,09
03/01/2016;29;VACA;8660;4,7;15;6,86;1,03;12,31;3,55;3,33;4,71;2,26
03/01/2016;26;VACA;6300;4,2;15;6,82;1,03;12,75;3,84;3,37;4,86;2,33
03/01/2016;28;VACA;16280;5,5;15;6,86;1,03;13,07;4,02;3,44;4,93;2,42
03/01/2016;25;VACA;11640;5,8;15;6,82;1,03;13,12;4,16;3,4;4,83;2,39
03/01/2016;27;VACA;12200;6,8;15;6,83;1,03;12,47;3,63;3,37;4,8;2,31
03/01/2016;18;VACA;25540;5,3;15;6,82;1,03;12,56;3,31;3,63;4,97;2,53
03/01/2016;18;VACA;24620;5,4;15;6,81;1,03;13,44;4,31;3,57;4,86;2,48
03/01/2016;33;VACA;23860;3;15;6,82;1,03;12,25;3,39;3,22;4,96;2,23
04/01/2016;30;VACA;22840;5,9;15;6,85;1,03;12,71;3,98;3,25;4,74;2,26
04/01/2016;29;VACA;25560;5,1;15;6,79;1,03;12,02;3,39;3,18;4,75;2,19
04/01/2016;32;VACA;26020;6;15;6,81;1,03;12,41;3,64;3,3;4,77;2,31
04/01/2016;26;VACA;6180;4,7;16;6,79;1,03;12,75;3,83;3,35;4,83;2,35
04/01/2016;24;VACA;17300;5,2;15;6,8;1,03;12,25;3,43;3,33;4,83;2,35
04/01/2016;24;VACA;9700;5,4;15;6,82;1,03;12,34;3,65;3,22;4,72;2,25
04/01/2016;25;VACA;11940;7;15;6,82;1,03;13,24;4,19;3,44;4,9;2,47
04/01/2016;27;VACA;13160;8,1;15;6,84;1,03;12,66;3,88;3,32;4,8;2,34
05/01/2016;30;VACA;22680;4,3;15;6,84;1,03;12,46;3,78;3,23;4,72;2,25
05/01/2016;29;VACA;26460;3,7;15;6,8;1,03;11,82;3,23;3,12;4,79;2,18
05/01/2016;28;VACA;15360;6,3;16;6,79;1,03;13,06;4,07;3,39;4,92;2,43
05/01/2016;24;VACA;18340;4,7;15;6,8;1,03;12,53;3,66;3,27;4,86;2,27
05/01/2016;32;VACA;32060;2,5;15;6,8;1,03;12,77;3,78;3,36;4,87;2,32
05/01/2016;26;VACA;6060;4,2;15;6,78;1,03;12,82;3,92;3,34;4,86;2,33
05/01/2016;25;VACA;11840;6;15;6,8;1,03;13,18;4,13;3,39;4,92;2,39
05/01/2016;27;VACA;12300;7,1;15;6,82;1,03;12,51;3,69;3,33;4,78;2,32
06/01/2016;32;VACA;22060;4,3;15;6,84;1,03;12,37;3,59;3,27;4,8;2,25
06/01/2016;18;VACA;25520;5,3;15;6,81;1,03;13,3;4,2;3,52;4,86;2,48
06/01/2016;24;VACA;17460;4,2;15;6,85;1,03;12,48;3,62;3,33;4,83;2,29
06/01/2016;24;VACA;9680;3,8;15;6,86;1,03;12,38;3,72;3,17;4,76;2,19
06/01/2016;25;VACA;11860;5,8;16;6,77;1,03;13,19;4,16;3,42;4,85;2,41
06/01/2016;27;VACA;12480;8;16;6,8;1,03;12,78;3,96;3,33;4,81;2,34
06/01/2016;26;VACA;6060;4;15;6,81;1,03;12,21;3,26;3,34;4,91;2,34
06/01/2016;18;VACA;25280;5,4;15;6,8;1,03;13,52;4,37;3,55;4,87;2,49
06/01/2016;18;VACA;25320;6;15;6,83;1,03;12,53;3,58;3,33;4,91;2,32
07/01/2016;30;VACA;28420;4,5;15;6,82;1,03;12,06;3,3;3,31;4,8;2,28
07/01/2016;28;VACA;16080;6;15;6,8;1,03;13,18;4,1;3,46;4,94;2,47
07/01/2016;26;VACA;5900;4;15;6,8;1,03;12,84;3,94;3,34;4,85;2,37
07/01/2016;29;VACA;16860;5;15;6,82;1,03;11,99;3,32;3,13;4,85;2,16
07/01/2016;29;VACA;9960;6;15;6,82;1,03;12,35;3,57;3,34;4,72;2,32
07/01/2016;32;VACA;28080;2;15;6,83;1,03;12,73;3,79;3,37;4,86;2,33
07/01/2016;25;VACA;12020;6,5;15;6,8;1,03;13,19;4,15;3,43;4,84;2,4
07/01/2016;27;VACA;12280;7,5;15;6,84;1,03;12,52;3,69;3,33;4,78;2,31
07/01/2016;18;VACA;25620;4;15;6,84;1,03;12,37;3,43;3,36;4,89;2,32
08/01/2016;33;VACA;24220;3,8;15;6,83;1,03;12,26;3,38;3,24;4,97;2,23
08/01/2016;18;VACA;26540;6;16;6,79;1,03;12,68;3,7;3,49;4,81;2,44
08/01/2016;18;VACA;25480;5,8;16;6,8;1,03;12,88;3,75;3,56;4,88;2,54
08/01/2016;29;VACA;26620;3,5;15;6,84;1,03;11,91;3,4;3,17;4,63;2,17
08/01/2016;32;VACA;27640;6,3;16;6,82;1,03;12,43;3,65;3,29;4,76;2,27
08/01/2016;26;VACA;5740;4;16;6,82;1,03;12,73;3,92;3,26;4,81;2,29
08/01/2016;25;VACA;11940;5;15;6,77;1,03;13,17;4,18;3,4;4,83;2,4
08/01/2016;27;VACA;13280;7;15;6,82;1,03;12,69;3,91;3,31;4,8;2,32
08/01/2016;24;VACA;17220;4,6;15;6,84;1,03;12,44;3,64;3,32;4,8;2,31
08/01/2016;24;VACA;6260;4,4;15;6,86;1,03;12,48;3,64;3,27;4,87;2,25
09/01/2016;22;VACA;27240;6;15;6,82;1,03;12,44;3,6;3,25;4,92;2,24
09/01/2016;29;VACA;26660;3,6;15;6,8;1,03;12;3,38;3,17;4,7;2,21
09/01/2016;26;VACA;5880;4;15;6,8;1,03;12,68;3,86;3,28;4,83;2,32
09/01/2016;28;VACA;16080;6;15;6,81;1,03;13,08;4,05;3,4;4,93;2,41
09/01/2016;32;VACA;28740;2,3;15;6,83;1,03;12,69;3,77;3,35;4,88;2,33
09/01/2016;24;VACA;17080;4,3;15;6,85;1,03;12,45;3,7;3,18;4,84;2,24
09/01/2016;24;VACA;11560;7,5;15;6,85;1,03;12,31;3,45;3,29;4,86;2,29
09/01/2016;25;VACA;12380;6,5;15;6,8;1,03;12,98;4,05;3,37;4,8;2,32
09/01/2016;27;VACA;12740;7;16;6,85;1,03;12,38;3,61;3,31;4,78;2,28
10/01/2016;22;VACA;26100;5,8;15;6,82;1,03;12,54;3,68;3,24;4,92;2,28
10/01/2016;30;VACA;28360;5;151;6,81;1,03;12,56;3,71;3,32;4,81;2,31
10/01/2016;32;VACA;26400;4,8;15;6,85;1,03;12,58;3,79;3,29;4,76;2,28
10/01/2016;29;VACA;16240;4,3;15;6,83;1,03;12,02;3,34;3,17;4,79;2,23
10/01/2016;29;VACA;10340;4,4;15;6,85;1,03;12,36;3,62;3,26;4,7;2,28
10/01/2016;26;VACA;5940;4;15;6,8;1,03;12,64;3,83;3,25;4,83;2,29
10/01/2016;25;VACA;12080;5,3;15;6,8;1,03;13,13;4,14;3,39;4,83;2,39
10/01/2016;27;VACA;13180;8,5;15;6,8;1,03;12,76;3,91;3,32;4,83;2,33
11/01/2016;28;VACA;15680;6,3;15;6,81;1,03;13,16;4,1;3,44;4,93;2,44
11/01/2016;32;VACA;28440;2,1;15;6,8;1,03;12,66;3,74;3,33;4,87;2,31
11/01/2016;24;VACA;16500;5;15;6,83;1,03;12,36;3,57;3,29;4,81;2,26
11/01/2016;24;VACA;7420;4,8;15;6,82;1,03;12,24;3,33;3,32;4,89;2,31
11/01/2016;30;VACA;28520;7,5;15;6,84;1,03;12,09;3,26;3,32;4,86;2,28
11/01/2016;26;VACA;6060;4,5;15;6,79;1,03;12,78;3,92;3,26;4,87;2,25
11/01/2016;25;VACA;12160;6,7;15;6,8;1,03;13,13;4,11;3,41;4,85;2,41
11/01/2016;27;VACA;12680;7,6;15;6,81;1,03;12,48;3,66;3,35;4,76;2,31
11/01/2016;18;VACA;25640;5,4;16;6,76;1,03;12,95;3,82;3,53;4,84;2,47
12/01/2016;29;VACA;27100;4,2;15;6,84;1,03;12,09;3,43;3,19;4,7;2,18
12/01/2016;24;VACA;18960;5,4;14;6,84;1,03;12,39;3,64;3,21;4,81;2,22
12/01/2016;26;VACA;5940;4,5;15;6,8;1,03;12,78;3,94;3,26;4,83;2,25
12/01/2016;18;VACA;25540;4,4;15;6,79;1,03;12,25;3,58;3,05;4,86;2,14
12/01/2016;25;VACA;12320;6,5;15;6,78;1,03;13,16;4,15;3,41;4,83;2,42
12/01/2016;27;VACA;13300;8,4;15;6,79;1,03;12,84;3,99;3,34;4,81;2,32
12/01/2016;32;VACA;26680;5;15;6,81;1,03;12,54;3,72;3,31;4,77;2,26
13/01/2016;26;VACA;6060;8;15;6,84;1,03;12,65;3,9;3,23;4,77;2,25
13/01/2016;29;VACA;27100;3,7;14;6,85;1,03;12,17;3,49;3,21;4,71;2,22
13/01/2016;28;VACA;16220;5,8;15;6,8;1,03;13,13;4,09;3,44;4,91;2,46
13/01/2016;30;VACA;26700;6;15;6,82;1,03;12,82;4,06;3,3;4,8;2,26
13/01/2016;24;VACA;14820;5;14;6,83;1,03;12,28;3,44;3,28;4,86;2,29
13/01/2016;24;VACA;6660;8;14;6,81;1,03;12,45;3,68;3,3;4,79;2,29
13/01/2016;32;VACA;28540;2,5;15;6,79;1,03;12,59;3,7;3,35;4,87;2,33
13/01/2016;18;VACA;24940;5,7;16;6,8;1,03;12,97;3,87;3,54;4,87;2,5
13/01/2016;25;VACA;11880;6,4;15;6,79;1,03;13,09;4,12;3,39;4,84;2,4
13/01/2016;27;VACA;12780;7;15;6,8;1,03;12,52;3,66;3,37;4,81;2,33
14/01/2016;32;VACA;26760;4,6;15;6,8;1,03;12,38;3,6;3,28;4,76;2,23
14/01/2016;26;VACA;5960;4,1;15;6,84;1,03;12,62;3,81;3,25;4,82;2,22
14/01/2016;29;VACA;16160;3,1;15;6,86;1,03;12,3;3,64;3,18;4,61;2,17
14/01/2016;29;VACA;10120;3,4;15;6,84;1,03;12,46;3,59;3,34;4,79;2,31
14/01/2016;25;VACA;12020;6;15;6,82;1,03;13,15;4,13;3,42;4,68;2,36
14/01/2016;27;VACA;13260;9;15;6,8;1,03;12,72;3,9;3,32;4,81;2,28
15/01/2016;30;VACA;28380;4,1;14;6,86;1,03;12,08;3,25;3,36;4,85;2,3
15/01/2016;29;VACA;17380;4;15;6,85;1,03;12,42;3,72;3,22;4,64;2,2
15/01/2016;29;VACA;8680;5,8;14;6,86;1,03;12,54;3,72;3,31;4,75;2,27
15/01/2016;32;VACA;28040;2,5;15;6,83;1,03;12,69;3,76;3,35;4,89;2,31
15/01/2016;28;VACA;15860;5,8;16;6,84;1,03;13,16;4,12;3,41;4,91;2,4
15/01/2016;26;VACA;6100;4;15;6,84;1,03;12,65;3,87;3,25;4,77;
15/01/2016;25;VACA;11900;6;15;6,84;1,03;13,16;4,17;3,39;4,83;2,38
15/01/2016;27;VACA;12780;7,2;15;6,86;1,03;12,45;3,64;3,34;4,79;2,3
15/01/2016;24;VACA;16860;4,4;15;6,86;1,03;12,21;3,48;3,29;4,79;2,26
15/01/2016;24;VACA;7680;5;15;6,84;1,03;12,24;3,36;3,33;4,84;2,27
16/01/2016;22;VACA;26780;6;15;6,83;1,03;12,45;3,6;3,27;4,94;2,29
16/01/2016;26;VACA;6020;4;15;6,83;1,03;12,73;3,95;3,26;4,8;2,25
16/01/2016;32;VACA;26740;4,5;15;6,82;1,03;12,41;3,63;3,28;4,78;2,27
16/01/2016;24;VACA;17160;4;15;6,83;1,03;12,41;3,64;3,22;4,85;2,24
16/01/2016;24;VACA;11340;6;15;6,84;1,03;12,46;3,54;3,32;4,88;2,31
16/01/2016;25;VACA;11900;5;15;6,81;1,03;13,18;4,2;3,38;4,86;2,37
16/01/2016;27;VACA;13420;8;15;6,81;1,03;12,72;3,87;3,32;4,84;2,31
17/01/2016;22;VACA;26180;5,5;15;6,84;1,03;12,39;3,58;3,25;4,91;2,26
17/01/2016;30;VACA;28380;6;15;6,83;1,03;12,76;3,86;3,34;4,86;2,32
17/01/2016;29;VACA;16140;4,3;15;6,8;1,03;12,62;3,92;3,25;4,61;2,27
17/01/2016;29;VACA;7880;3,6;15;6,8;1,03;12,56;3,84;3,23;4,67;2,27
17/01/2016;28;VACA;15540;4,5;15;6,83;1,03;13,16;4,13;3,42;4,9;2,45
17/01/2016;32;VACA;25640;2;15;6,82;1,03;12,74;3,79;3,37;4,9;2,36
17/01/2016;26;VACA;5960;4;15;6,8;1,03;12,73;3,91;3,29;4,83;2,29
17/01/2016;25;VACA;12540;6,8;15;6,78;1,03;12,63;4,06;3,23;4,58;2,21
17/01/2016;27;VACA;12700;7;15;6,82;1,03;12,52;3,67;3,36;4,8;2,32
17/01/2016;33;VACA;23920;3;15;6,84;1,03;12,48;3,55;3,22;5,03;2,27
17/01/2016;32;VACA;2280;3;15;6,82;1,03;12,36;3,54;3,38;4,75;2,3
18/01/2016;24;VACA;11840;7,2;15;6,84;1,03;12,21;3,31;3,37;4,85;2,34
18/01/2016;24;VACA;11440;6,2;15;6,82;1,03;12,42;3,65;3,27;4,76;2,26
18/01/2016;29;VACA;16560;4;15;6,85;1,03;12,23;3,51;3,26;4,74;2,26
18/01/2016;29;VACA;8820;5,6;15;6,85;1,03;12,4;3,52;3,41;4,81;2,37
18/01/2016;25;VACA;12000;6;15;6,82;1,03;13,13;4,15;3,37;4,85;2,36
18/01/2016;27;VACA;13120;8,5;15;6,83;1,03;12,77;3,92;3,35;4,8;2,33
18/01/2016;26;VACA;6200;4,3;15;6,81;1,03;12,63;3,83;3,29;4,84;2,28
18/01/2016;30;VACA;26280;4;15;6,83;1,03;12,61;3,75;3,33;4,85;2,29
18/01/2016;32;VACA;20100;4,6;15;6,81;1,03;12,36;3,59;3,29;4,79;2,27
18/01/2016;7;VACA;16240;5,5;15;6,82;1,03;12,2;3,3;3,27;4,98;2,29
18/01/2016;7;VACA;9180;4,8;15;6,83;1,03;12,28;3,58;3,28;4,84;2,26
18/01/2016;17;VACA;14820;5,1;15;6,82;1,03;12,47;3,69;3,29;4,85;2,28
18/01/2016;17;VACA;9800;4;15;6,83;1,03;12,77;3,86;3,33;4,92;2,34
19/01/2016;18;VACA;24700;4;15;6,78;1,03;12,08;3,18;3,33;4,9;2,33
19/01/2016;29;VACA;16440;4;15;6,86;1,03;12,33;3,66;3,16;4,79;2,25
19/01/2016;29;VACA;8540;6;15;6,86;1,03;12,39;3,7;3,23;4,73;2,3
19/01/2016;24;VACA;21060;6;15;6,85;1,03;12,47;3,69;3,23;4,86;2,31
19/01/2016;28;VACA;15680;4,2;15;6,85;1,03;13,11;4,1;3,41;4,92;2,45
19/01/2016;32;VACA;28360;1,6;15;6,86;1,03;12,7;3,78;3,36;4,91;2,39
19/01/2016;26;VACA;6080;4,2;15;6,82;1,03;12,7;3,87;3,29;4,85;2,33
19/01/2016;25;VACA;12020;6,3;15;6,82;1,03;13,14;4,17;3,37;4,85;2,38
19/01/2016;27;VACA;12640;7;15;6,83;1,03;12,5;3,64;3,37;4,81;2,34
19/01/2016;17;VACA;17900;5,5;15;6,83;1,03;12,46;3,62;3,29;4,96;2,3
19/01/2016;17;VACA;7300;8;15;6,82;1,03;12,85;3,85;3,38;4,93;2,37
19/01/2016;6;VACA;24540;4,2;15;6,83;1,03;12,44;3,54;3,35;4,92;2,36
19/01/2016;33;VACA;24040;3,3;15;6,83;1,03;12,32;3,52;3,19;4,95;2,22
20/01/2016;30;VACA;26360;4,5;15;6,8;1,03;11,99;3,66;3,15;4,47;2,05
20/01/2016;29;VACA;16800;4;15;6,83;1,03;12,22;3,51;3,18;4,8;2,22
20/01/2016;29;VACA;6380;5;15;6,85;1,03;12,4;3,63;3,35;4,72;2,28
20/01/2016;24;VACA;11980;6,4;15;6,82;1,03;12,41;3,58;3,27;4,85;2,26
20/01/2016;24;VACA;8740;5;15;6,83;1,03;12,54;3,67;3,32;4,86;2,34
20/01/2016;32;VACA;26640;4,7;15;6,82;1,03;12,33;3,54;3,29;4,79;2,29
20/01/2016;26;VACA;6100;4,2;15;6,83;1,03;12,7;3,89;3,27;4,85;2,27
20/01/2016;25;VACA;12040;6,3;15;6,81;1,03;13,05;4,1;3,37;4,82;2,39
20/01/2016;27;VACA;13280;8,2;15;6,81;1,03;12,71;3,89;3,32;4,82;2,29
21/01/2016;28;VACA;16000;4;14;6,84;1,03;13,11;4,04;3,44;4,95;2,47
21/01/2016;32;VACA;28460;2;15;6,86;1,03;12,65;3,76;3,35;4,9;2,33
21/01/2016;29;VACA;16580;4,5;15;6,84;1,03;12,12;3,48;3,14;4,78;2,23
21/01/2016;29;VACA;5360;5;15;6,84;1,03;12,37;3,65;3,26;4,74;2,29
21/01/2016;26;VACA;5880;6,2;15;6,82;1,03;12,85;4,09;3,26;4,8;2,25
21/01/2016;25;VACA;11940;5,6;15;6,83;1,03;13,12;4,12;3,39;4,85;2,38
21/01/2016;27;VACA;12760;6,8;16;6,86;1,03;12,39;3,57;3,35;4,79;2,32
21/01/2016;33;VACA;24560;2,7;15;6,83;1,03;12,23;3,3;3,26;5,02;2,27
22/01/2016;30;VACA;16120;3,9;15;6,86;1,03;12,51;3,63;3,35;4,84;2,3
22/01/2016;30;VACA;9840;3,6;14;6,84;1,03;11,86;3,01;3,36;4,84;2,33
22/01/2016;24;VACA;11800;5,2;15;6,84;1,03;12,21;3,48;3,21;4,78;2,2
22/01/2016;24;VACA;13380;5,4;15;6,84;1,03;12,5;3,73;3,16;4,85;2,21
22/01/2016;32;VACA;26480;3,4;15;6,8;1,03;12,29;3,54;3,26;4,78;2,27
22/01/2016;26;VACA;5740;4;15;6,82;1,03;12,64;3,83;3,27;4,82;2,29
22/01/2016;25;VACA;12060;5,8;20;6,79;1,03;13;4,11;3,36;4,8;2,38
22/01/2016;27;VACA;13180;9;15;6,8;1,03;12,69;3,87;3,32;4,81;2,33
23/01/2016;22;VACA;26280;6;15;6,82;1,03;12,25;3,5;3,22;4,87;2,23
23/01/2016;24;VACA;16540;7,8;15;6,82;1,03;12,3;3,54;3,26;4,79;2,26
23/01/2016;24;VACA;10980;6,1;15;6,82;1,03;12,36;3,67;3,24;4,74;2,26
23/01/2016;29;VACA;16360;4,7;14;6,85;1,03;11,86;3,32;3,09;4,7;2,1
23/01/2016;29;VACA;8120;6,8;15;6,85;1,03;12,37;3,51;3,33;4,81;2,33
23/01/2016;28;VACA;15920;4,6;15;6,84;1,03;13,11;4,07;3,4;4,92;2,42
23/01/2016;26;VACA;5600;6;15;6,84;1,03;12,64;3,81;3,27;4,84;2,26
23/01/2016;32;VACA;28440;2,3;15;6,83;1,03;12,57;3,67;3,33;4,92;2,33
23/01/2016;25;VACA;12160;7,2;15;6,84;1,03;13,11;4,17;3,37;4,82;2,39
23/01/2016;27;VACA;12920;5,4;15;6,84;1,03;12,4;3,59;3,33;4,79;2,31
24/01/2016;22;VACA;25600;6;15;6,83;1,03;12,41;3,58;3,25;4,93;2,3
24/01/2016;30;VACA;27760;4,6;14;6,85;1,03;12,79;3,89;3,34;4,85;2,32
24/01/2016;29;VACA;16220;4,6;14;6,85;1,03;11,97;3,35;3,14;4,71;2,18
24/01/2016;29;VACA;8120;5;14;6,85;1,03;12,2;3,49;3,26;4,72;2,25
24/01/2016;32;VACA;26420;3,7;15;6,81;1,03;12,26;3,48;3,25;4,8;2,24
24/01/2016;26;VACA;5680;5;15;6,8;1,03;12,72;3,77;3,25;4,86;2,28
24/01/2016;25;VACA;12040;5,8;15;6,81;1,03;13,18;4,2;3,39;4,84;2,39
24/01/2016;27;VACA;13420;8,5;15;6,82;1,03;12,65;3,83;3,31;4,85;2,31
25/01/2016;34;VACA;26980;5,3;15;6,82;1,03;12,52;3,6;3,37;4,89;2,38
25/01/2016;29;VACA;16180;4,4;15;6,84;1,03;11,79;3,19;3,11;4,74;2,13
25/01/2016;29;VACA;10240;6;15;6,84;1,03;12,43;3,66;3,26;4,77;2,3
25/01/2016;24;VACA;12220;6,5;15;6,82;1,03;12,26;3,37;3,3;4,9;2,29
25/01/2016;24;VACA;10520;6,3;15;6,82;1,03;12,45;3,65;3,26;4,83;2,26
25/01/2016;32;VACA;28740;2,9;15;6,84;1,03;12,55;3,64;3,33;4,91;2,32
25/01/2016;28;VACA;16100;4,8;15;6,82;1,03;13,03;4,02;3,41;4,91;2,43
25/01/2016;26;VACA;5700;4,2;15;6,82;1,03;12,56;3,77;3,21;4,84;2,21
25/01/2016;25;VACA;11820;6,7;15;6,8;1,03;13,21;4,26;3,37;4,8;2,36
25/01/2016;27;VACA;12620;7;15;6,79;1,03;12,48;3,64;3,34;4,78;2,32
25/01/2016;6;VACA;15460;6,5;15;6,83;1,03;12,38;3,59;3,25;4,92;2,27
25/01/2016;6;VACA;9820;6;15;6,85;1,03;12,44;3,48;3,35;4,93;2,37
25/01/2016;17;VACA;15400;6,2;15;6,81;1,03;12,82;3,85;3,34;4,93;2,36
25/01/2016;17;VACA;8040;6,5;15;6,84;1,03;12,4;3,61;3,19;4,95;2,22
26/01/2016;30;VACA;28140;4,5;15;6,84;1,03;12,81;3,94;3,34;4,84;2,31
26/01/2016;32;VACA;26800;4,2;15;6,8;1,03;12,29;3,55;3,24;4,78;2,26
26/01/2016;24;VACA;23380;6;15;6,83;1,03;12,36;3,67;3,15;4,82;2,22
26/01/2016;29;VACA;17640;4;15;6,84;1,03;11,71;3,14;3,13;4,69;2,16
26/01/2016;29;VACA;11280;6;15;6,86;1,03;12,3;3,53;3,34;4,71;2,33
26/01/2016;26;VACA;5520;4,4;15;6,82;1,03;12,61;3,81;3,24;4,85;2,28
26/01/2016;25;VACA;12100;5,8;15;6,82;1,03;13,16;4,26;3,34;4,8;2,37
26/01/2016;27;VACA;14200;8;15;6,83;1,03;12,62;3,84;3,28;4,81;2,31
27/01/2016;30;VACA;16320;4,9;15;6,83;1,03;12,61;3,72;3,33;4,87;2,32
27/01/2016;30;VACA;10320;3,6;15;6,8;1,03;12,14;3,31;3,31;4,85;2,33
27/01/2016;26;VACA;5480;6;15;6,83;1,03;12,54;3,81;3,18;4,85;2,2
27/01/2016;24;VACA;11760;7,8;15;6,8;1,03;12,39;3,6;3,21;4,88;2,26
27/01/2016;24;VACA;10280;5;15;6,81;1,03;12,4;3,62;3,24;4,85;2,29
27/01/2016;32;VACA;28240;2,7;15;6,84;1,03;12,59;3,65;3,34;4,92;2,36
27/01/2016;28;VACA;16200;5;15;6,85;1,03;13,08;4,08;3,36;4,93;2,42
27/01/2016;25;VACA;11820;6,7;15;6,8;1,03;13,14;4,24;3,32;4,82;2,37
27/01/2016;27;VACA;12680;7;15;6,8;1,03;12,37;3,56;3,31;4,8;2,27
28/01/2016;29;VACA;17620;6,3;14;6,85;1,03;12,06;3,4;3,17;4,72;2,19
28/01/2016;29;VACA;11320;4,2;14;6,85;1,03;12,38;3,68;3,24;4,7;2,24
28/01/2016;32;VACA;27400;4;15;6,8;1,03;12,23;3,51;3,25;4,78;2,27
28/01/2016;26;VACA;5180;4;15;6,82;1,03;12,66;3,9;3,24;4,83;2,29
28/01/2016;25;VACA;13960;7;15;6,8;1,03;13,08;4,19;3,32;4,84;2,36
28/01/2016;27;VACA;11920;6,5;15;6,81;1,03;12,68;3,88;3,32;4,84;2,33
29/01/2016;30;VACA;26260;4,7;15;6,85;1,03;12,51;3,74;3,3;4,8;2,33
29/01/2016;29;VACA;17660;5;14;6,85;1,03;11,98;3,29;3,2;4,71;2,24
29/01/2016;29;VACA;10320;4;14;6,85;1,03;12,26;3,47;3,32;4,78;2,32
29/01/2016;24;VACA;11920;4;14;6,85;1,03;12,22;3,42;3,25;4,89;2,27
29/01/2016;24;VACA;13340;5,2;14;6,83;1,03;12,29;3,55;3,18;4,86;2,24
29/01/2016;32;VACA;28580;2,5;15;6,83;1,03;12,57;3,65;3,36;4,9;2,4
29/01/2016;28;VACA;15360;5;15;6,82;1,03;13,11;4,1;3,41;4,94;2,49
29/01/2016;26;VACA;5560;4,4;15;6,81;1,03;12,47;3,74;3,21;4,83;2,27
29/01/2016;27;VACA;12820;7;15;6,82;1,03;12,38;3,56;3,34;4,82;2,33
29/01/2016;25;VACA;11540;5;15;6,8;1,03;13,21;4,3;3,34;4,81;2,35
30/01/2016;22;VACA;25640;6;15;6,83;1,03;12,3;3,49;3,27;4,91;2,28
30/01/2016;24;VACA;15880;5,5;14;6,85;1,03;12,3;3,59;3,26;4,81;2,27
30/01/2016;24;VACA;9660;5,5;14;6,85;1,03;12,44;3,71;3,28;4,81;2,29
30/01/2016;29;VACA;17680;3,8;15;6,85;1,03;12,13;3,43;3,2;4,66;2,19
30/01/2016;29;VACA;11300;4;15;6,86;1,03;12,23;3,51;3,19;4,71;2,21
30/01/2016;32;VACA;26820;4,8;15;6,84;1,03;10,25;3;2,76;3,85;1,61
30/01/2016;26;VACA;5720;4,4;15;6,8;1,03;12,61;3,88;3,22;4,83;2,24
30/01/2016;25;VACA;14200;6;15;6,86;1,03;13,07;4,13;3,35;4,89;2,41
30/01/2016;27;VACA;11380;8;15;6,8;1,03;12,64;3,8;3,34;4,87;2,34
31/01/2016;22;VACA;25500;6;15;6,82;1,03;12,3;3,52;3,24;4,89;2,25
31/01/2016;30;VACA;25840;4,7;15;6,85;1,03;12,54;3,68;3,31;4,85;2,28
31/01/2016;29;VACA;17660;4;15;6,85;1,03;12,1;3,39;3,16;4,74;2,16
31/01/2016;29;VACA;11340;4,2;15;6,85;1,03;12,45;3,62;3,33;4,81;2,32
31/01/2016;32;VACA;28160;3;15;6,83;1,03;12,63;3,69;3,36;4,89;2,33
31/01/2016;28;VACA;15360;5;15;6,85;1,03;12,98;4,01;3,39;4,91;2,41
31/01/2016;26;VACA;5780;4;15;6,82;1,03;12,62;3,84;3,22;4,84;2,24
31/01/2016;25;VACA;11600;6,7;15;6,8;1,03;13,19;4,25;3,37;4,82;2,35
31/01/2016;27;VACA;12940;6,7;15;6,84;1,03;12,47;3,64;3,34;4,78;2,31
31/01/2016;33;VACA;25060;3;15;6,83;1,03;12,37;3,45;3,23;5;2,24
31/01/2016;30;VACA;25880;4;14;6,86;1,03;11,89;3,37;3,16;4,63;2,12
01/02/2016;24;VACA;12380;6,7;15;6,82;1,03;12,29;3,43;3,27;4,91;2,25
01/02/2016;24;VACA;10820;6,2;15;6,82;1,03;12,5;3,67;3,27;4,85;2,25
01/02/2016;32;VACA;26440;4,4;15;6,8;1,03;12,39;3,6;3,26;4,81;2,24
01/02/2016;26;VACA;5860;4,3;15;6,82;1,03;12,53;3,72;3,26;4,88;2,23
01/02/2016;25;VACA;14260;6;15;6,8;1,03;12,98;4,06;3,33;4,87;2,32
01/02/2016;27;VACA;12660;8;15;6,82;1,03;12,62;3,76;3,34;4,86;2,33
01/02/2016;18;VACA;25600;5,8;15;6,8;1,03;12,24;2,99;3,62;4,96;2,56
01/02/2016;18;VACA;26420;5,6;15;6,78;1,03;13,01;3,79;3,6;4,92;2,55
02/02/2016;29;VACA;17640;5;14;6,86;1,03;12,17;3,46;3,14;4,87;4,14
02/02/2016;29;VACA;8040;4,4;14;6,86;1,03;12,04;3,59;3,11;4,54;2,15
02/02/2016;30;VACA;15400;4,9;15;6,86;1,03;12,62;3,78;3,28;4,85;2,29
02/02/2016;30;VACA;10120;5;15;6,86;1,03;12,15;3,58;3,23;4,61;2,22
02/02/2016;24;VACA;22860;2,8;15;6,83;1,03;12,37;3,6;3,2;4,85;2,23
02/02/2016;32;VACA;29040;6;15;6,82;1,03;12,64;3,69;3,35;4,93;2,34
02/02/2016;28;VACA;15240;5;15;6,82;1,03;13,13;4,11;3,39;4,94;2,41
02/02/2016;26;VACA;6200;6;15;6,8;1,03;12,56;3,75;3,26;4,89;2,25
02/02/2016;18;VACA;24380;7,3;15;6,8;1,03;13,12;4,1;3,48;4,84;2,48
02/02/2016;25;VACA;11900;6,8;15;6,8;1,03;13,18;4,22;3,35;4,83;2,38
02/02/2016;27;VACA;12860;7;15;6,82;1,03;12,45;3,62;3,33;4,8;2,3
02/02/2016;18;VACA;23900;5;15;6,8;1,03;12,61;3,66;3,31;4,94;2,3
02/02/2016;33;VACA;23500;4;15;6,8;1,03;12,3;3,37;3,23;5,02;2,23
03/02/2016;29;VACA;16860;6;15;6,83;1,03;12,11;3,48;3,09;4,76;2,12
03/02/2016;29;VACA;9620;4;14;6,85;1,03;12,09;3,32;3,31;4,77;2,26
03/02/2016;24;VACA;12120;7,4;15;6,84;1,03;12,29;3,47;3,24;4,87;2,23
03/02/2016;24;VACA;10260;5;15;6,83;1,03;12,27;3,52;3,24;4,76;2,23
03/02/2016;32;VACA;26780;4,4;15;6,83;1,03;12,39;3,63;3,22;4,8;2,22
03/02/2016;26;VACA;5980;4,4;15;6,8;1,03;12,17;3,34;3,28;4,9;2,26
03/02/2016;25;VACA;13940;6;15;6,77;1,03;12,99;4,11;3,31;4,84;2,33
03/02/2016;27;VACA;12580;8,5;15;6,78;1,03;12,28;3,42;3,33;4,84;2,33
04/02/2016;30;VACA;28160;4,6;15;6,84;1,03;12,11;3,33;3,27;4,81;2,26
04/02/2016;29;VACA;17640;3,5;15;6,8;1,03;12;3,4;3,1;4,69;2,13
04/02/2016;29;VACA;11200;4,8;15;6,82;1,03;12,42;3,73;3,22;4,69;2,22
04/02/2016;28;VACA;14940;5;15;6,84;1,03;13,13;4,11;3,4;4,92;2,47
04/02/2016;32;VACA;28880;3;15;6,8;1,03;12,54;3,6;3,36;4,9;2,35
04/02/2016;26;VACA;6020;5;15;6,8;1,03;12,46;3,67;3,27;4,87;2,31
04/02/2016;25;VACA;11260;6;15;6,81;1,03;13,34;4,32;3,32;4,79;2,36
04/02/2016;27;VACA;12920;7,5;15;6,82;1,03;12,41;3,56;3,29;4,76;2,32
05/02/2016;33;VACA;25120;4,8;15;6,86;1,03;12,27;3,33;3,18;5;2,27
05/02/2016;24;VACA;12000;5,4;15;6,8;1,03;12,16;3,26;3,22;4,9;2,28
05/02/2016;24;VACA;13560;4,1;15;6,84;1,03;12,28;3,46;3,16;4,82;2,24
05/02/2016;32;VACA;26620;4,8;15;6,81;1,03;12,23;3,5;3,17;4,73;2,22
05/02/2016;29;VACA;16440;5,6;15;6,84;1,03;11,96;3,32;3,1;4,69;2,15
05/02/2016;29;VACA;10740;5,4;15;6,84;1,03;12,24;3,47;3,23;4,73;2,27
05/02/2016;26;VACA;5940;4,3;15;6,81;1,03;12,54;3,69;3,27;4,86;2,28
05/02/2016;25;VACA;13900;6,1;15;6,79;1,03;13,11;4,11;3,3;4,84;2,36
05/02/2016;27;VACA;12200;5,4;15;6,8;1,03;12,64;3,74;3,31;4,85;2,34
06/02/2016;30;VACA;26260;4,5;15;6,84;1,03;12,82;4,04;3,25;4,74;2,28
06/02/2016;22;VACA;26040;6,3;15;6,84;1,03;11,99;3,06;3,25;4,95;2,31
06/02/2016;24;VACA;16100;6,3;15;6,82;1,03;12,33;3,54;3,24;4,78;2,3
06/02/2016;24;VACA;10340;6,3;15;6,83;1,03;12,44;3,64;3,24;4,76;2,29
06/02/2016;28;VACA;14880;5;15;6,81;1,03;13,11;4,03;3,37;4,91;2,48
06/02/2016;32;VACA;28380;2,6;15;6,8;1,03;12,6;3,6;3,32;4,87;2,36
06/02/2016;26;VACA;5800;4,1;15;6,83;1,03;12,44;3,55;3,26;4,89;2,35
06/02/2016;3;VACA;18060;5,6;16,5;6,58;1,03;12,35;3,53;3,23;4,77;2,3
06/02/2016;25;VACA;11700;6,9;15;6,81;1,03;13,14;4,12;3,31;4,86;2,36
06/02/2016;27;VACA;12960;7;15;6,83;1,03;12,42;3,54;3,29;4,78;2,34
06/02/2016;33;VACA;23840;3,6;15;6,81;1,03;12,28;3,33;3,21;4,98;2,27
07/02/2016;22;VACA;25880;6,1;15;6,81;1,03;12,41;3,49;3,25;4,96;2,33
07/02/2016;32;VACA;26160;4,5;15;6,84;1,03;12,33;3,52;3,21;4,81;2,25
07/02/2016;26;VACA;6040;4;15;6,84;1,03;12,5;3,6;3,28;4,88;2,29
07/02/2016;25;VACA;13660;6;15;6,81;1,03;13,07;4,07;3,32;4,84;2,36
07/02/2016;27;VACA;12440;7,3;15;6,79;1,03;12,61;3,72;3,31;4,84;2,32
07/02/2016;30;VACA;26000;4,8;14;6,86;1,03;12,53;3,6;3,28;4,84;2,27
08/02/2016;29;VACA;17360;5,4;15;6,82;1,03;12,03;3,4;3,06;4,74;2,11
08/02/2016;29;VACA;11340;4,3;14;6,82;1,03;12,31;3,59;3,17;4,7;2,21
08/02/2016;24;VACA;12100;6;15;6,81;1,03;12,42;3,58;3,22;4,81;2,28
08/02/2016;24;VACA;11920;5,5;15;6,84;1,03;12,43;3,6;3,24;4,81;2,27
08/02/2016;32;VACA;29000;2;15;6,82;1,03;12,6;3,62;3,35;4,86;2,36
08/02/2016;28;VACA;15160;5;15;6,81;1,03;13,13;4,05;3,37;4,92;2,42
08/02/2016;26;VACA;6040;4;15;6,82;1,03;12,53;3,62;3,28;4,86;2,29
08/02/2016;25;VACA;11940;6,7;15;6,78;1,03;13,16;4,13;3,31;4,85;2,35
08/02/2016;27;VACA;12840;7;15;6,82;1,03;12,47;3,55;3,33;4,79;2,31
08/02/2016;33;VACA;25320;4;15;6,82;1,03;12,23;3,22;3,27;5,02;2,3
08/02/2016;18;VACA;26520;6;15;6,82;1,03;12,29;3,04;3,55;4,97;2,53
08/02/2016;18;VACA;25780;4;15;6,82;1,03;12,23;3,4;3,1;4,89;2,15
09/02/2016;30;VACA;26620;5,6;14;6,85;1,03;12,74;3,85;3,26;4,81;2,28
09/02/2016;29;VACA;16480;3,1;15;6,84;1,03;12,14;3,42;3,06;4,78;2,13
09/02/2016;29;VACA;10320;5,6;14;6,86;1,03;12,28;3,4;3,31;4,79;2,3
09/02/2016;32;VACA;26460;4,5;15;6,81;1,03;12,37;3,54;3,23;4,77;2,27
09/02/2016;25;VACA;14260;6,3;15;6,79;1,03;13,09;4,06;3,31;4,88;2,33
09/02/2016;27;VACA;12520;5,6;15;6,8;1,03;12,66;3,76;3,3;4,84;2,3
09/02/2016;24;VACA;16700;5;15;6,82;1,03;12,33;3,51;3,21;4,8;2,24
09/02/2016;24;VACA;7820;5;15;6,82;1,03;12,48;3,58;3,18;4,87;2,25
09/02/2016;26;VACA;5860;4,5;15;6,8;1,03;12,57;3,68;3,3;4,83;2,3
09/02/2016;18;VACA;24980;4;15;6,82;1,03;12,19;3,31;3,2;4,89;2,24
09/02/2016;18;VACA;25800;6;15;6,78;1,03;12,71;3,5;3,53;4,93;2,53
10/02/2016;18;VACA;26140;7;15;6,78;1,03;12,45;3,41;3,46;4,84;2,44
10/02/2016;29;VACA;16340;7;15;6,8;1,03;12,12;3,43;3,07;4,75;2,14
10/02/2016;29;VACA;9560;4,6;14;6,86;1,03;12,4;3,68;3,19;4,69;2,26
10/02/2016;24;VACA;11820;6;14;6,81;1,03;12,46;3,56;3,23;4,88;2,28
10/02/2016;24;VACA;8900;5,3;14;6,82;1,03;12,38;3,56;3,22;4,77;2,25
10/02/2016;32;VACA;2680;6;15;6,79;1,03;11,38;3,08;3,12;4,41;2,07
10/02/2016;28;VACA;15240;0;15;6,8;1,03;13,21;4,11;3,38;4,9;2,43
10/02/2016;26;VACA;6000;5;15;6,78;1,03;12,6;3,66;3,29;4,86;2,32
10/02/2016;18;VACA;25500;4,8;14;6,81;1,03;12,87;3,64;3,54;4,89;2,53
10/02/2016;33;VACA;24980;4,4;14;6,82;1,03;12,22;3,22;3,25;5,03;2,32
10/02/2016;27;VACA;12940;7,7;15;6,8;1,03;12,37;3,49;3,3;4,77;2,31
10/02/2016;25;VACA;11440;5;15;6,8;1,03;13,12;4,18;3,29;4,78;2,3
11/02/2016;30;VACA;25960;5,2;15;6,84;1,03;12,06;3,19;3,27;4,85;2,31
11/02/2016;32;VACA;26240;2,3;15;6,8;1,03;12,61;3,62;3,31;4,89;2,33
11/02/2016;29;VACA;16820;6,6;14;6,83;1,03;11,97;3,35;2,97;4,8;2,12
11/02/2016;29;VACA;8680;6,7;14;6,82;1,03;12,32;3,56;3,14;4,72;2,19
11/02/2016;26;VACA;5660;4,2;15;6,81;1,03;12,59;3,68;3,27;4,83;2,31
11/02/2016;18;VACA;26020;5;15;6,82;1,03;12,2;3,31;3,2;4,93;2,24
11/02/2016;25;VACA;13660;5,2;15;6,79;1,03;13,15;4,13;3,32;4,86;2,41
11/02/2016;27;VACA;12540;7,8;15;6,79;1,03;12,6;3,7;3,3;4,83;2,3
11/02/2016;18;VACA;25280;6;15;6,77;1,03;12,94;3,73;3,51;4,95;2,47
11/02/2016;18;VACA;25560;5,2;16;6,78;1,03;12,78;3,6;3,5;4,9;2,48
11/02/2016;32;VACA;26880;4,5;15;6,78;1,03;12,44;3,6;3,22;4,79;2,24
12/02/2016;30;VACA;26160;5;14;6,81;1,03;12,8;4;3,2;4,78;2,22
12/02/2016;29;VACA;16200;4,4;14;6,81;1,03;11,96;3,34;2,95;4,77;2,08
12/02/2016;29;VACA;8780;7;14;6,81;1,03;12,13;3,32;3,19;4,84;2,24
12/02/2016;24;VACA;12400;6;15;6,82;1,03;12,23;3,31;3,21;4,92;2,25
12/02/2016;24;VACA;13580;5;15;6,81;1,03;12,54;3,63;3,17;4,89;2,24
12/02/2016;28;VACA;15640;4,7;14;6,79;1,03;13,22;4,1;3,38;4,93;2,43
12/02/2016;32;VACA;29940;2,3;15;6,81;1,03;12,39;3,43;3,28;4,88;2,32
12/02/2016;26;VACA;5580;5;15;6,79;1,03;12,51;3,59;3,26;4,88;2,33
12/02/2016;25;VACA;11660;6;15;6,77;1,03;13,1;4,1;3,3;4,83;2,35
12/02/2016;27;VACA;12900;7;15;6,81;1,03;12,33;3,44;3,26;4,82;2,25
13/02/2016;22;VACA;26340;6,7;15;6,8;1,03;12,17;3,2;3,25;4,97;2,29
13/02/2016;29;VACA;16440;5,5;15;6,81;1,03;11,76;3,17;2,95;4,78;2,04
13/02/2016;29;VACA;9920;6,3;15;6,83;1,03;12,34;3,64;3,16;4,71;2,2
13/02/2016;24;VACA;15960;7,5;15;6,79;1,03;12,35;3,52;3,22;4,83;2,26
13/02/2016;24;VACA;12960;6,4;15;6,82;1,03;12,5;3,67;3,24;4,79;2,22
13/02/2016;32;VACA;26440;6,3;15;6,77;1,03;12,35;3,53;3,19;4,81;2,21
13/02/2016;26;VACA;5020;4,5;15;6,78;1,03;12,62;3,66;3,28;4,88;2,31
13/02/2016;25;VACA;13960;6;16;6,75;1,03;13,1;4,09;3,3;4,87;2,36
13/02/2016;27;VACA;12520;7,7;15;6,78;1,03;12,65;3,76;3,26;4,84;2,29
14/02/2016;22;VACA;25560;6,6;15;6,77;1,03;12,56;3,61;3,23;4,95;2,28
14/02/2016;29;VACA;17160;5,6;15;6,82;1,03;11,9;3,21;3,01;4,79;2,1
14/02/2016;29;VACA;9120;4,6;15;6,84;1,03;12;3,16;3,16;4,88;2,21
14/02/2016;32;VACA;29460;2,8;15;6,79;1,03;12,51;3,49;3,3;4,93;2,32
14/02/2016;28;VACA;15200;5;15;6,78;1,03;13,31;4,19;3,37;4,9;2,44
14/02/2016;26;VACA;4920;4,2;15;6,78;1,03;12,71;3,74;3,29;4,87;2,31
14/02/2016;25;VACA;11680;6;15;6,77;1,03;13,22;4,16;3,35;4,87;2,39
14/02/2016;27;VACA;12780;7,6;15;6,8;1,03;12,36;3,44;3,26;4,83;2,28
14/02/2016;33;VACA;25660;4;15;6,8;1,03;12,22;3,25;3,2;5,04;2,25
14/02/2016;30;VACA;25700;6,4;15;6,85;1,03;12,14;3,37;3,2;4,82;2,23
15/02/2016;15;VACA;16460;4,5;15;6,82;1,03;12,76;3,71;3,33;4,96;2,39
15/02/2016;15;VACA;8220;4;15;6,82;1,03;12,69;3,67;3,31;4,93;2,35
15/02/2016;29;VACA;17180;4,3;15;6,8;1,03;11,78;3,15;2,97;4,85;2,12
15/02/2016;29;VACA;10440;4,2;15;6,81;1,03;12,33;3,6;3,16;4,72;2,2
15/02/2016;4;VACA;15420;4,2;15;6,8;1,03;12,45;3,48;3,27;4,99;2,35
15/02/2016;4;VACA;11420;4,7;15;6,8;1,03;12,63;3,62;3,31;4,97;2,36
15/02/2016;24;VACA;12280;6,7;15;6,78;1,03;12,25;3,31;3,27;4,91;2,3
15/02/2016;24;VACA;12340;6,7;15;6,75;1,03;12,4;3,48;3,27;4,84;2,25
15/02/2016;32;VACA;26440;4,1;15;6,78;1,03;12,38;3,58;3,19;4,8;2,28
15/02/2016;26;VACA;5180;4,3;15;6,8;1,03;12,67;3,71;3,28;4,9;2,34
15/02/2016;25;VACA;13660;5,7;15;6,77;1,03;13,21;4,18;3,33;4,88;2,41
15/02/2016;27;VACA;12420;7,3;15;6,78;1,03;12,67;3,77;3,29;4,88;2,34
15/02/2016;18;VACA;25520;5,4;15;6,78;1,03;12,44;3,15;3,53;5,03;2,56
15/02/2016;17;VACA;17020;5;15;6,77;1,03;12,39;3,48;3,21;4,99;2,27
15/02/2016;17;VACA;9100;5;15;6,79;1,03;12,39;3,46;3,3;4,93;2,34
16/02/2016;30;VACA;15720;4,1;15;6,83;1,03;12,17;3,33;3,23;4,87;2,28
16/02/2016;30;VACA;9820;4,1;15;6,83;1,03;13,22;4,48;3,18;4,72;2,22
16/02/2016;15;VACA;16700;4,1;15;6,8;1,03;12,63;3,67;3,28;4,91;2,37
16/02/2016;15;VACA;8180;4,5;15;6,82;1,03;12,74;3,75;3,3;4,9;2,34
16/02/2016;29;VACA;16540;5,8;15;6,8;1,03;11,97;3,27;3,02;4,81;2,17
16/02/2016;29;VACA;7680;5,6;15;6,8;1,03;12,14;3,25;3,27;4,89;2,35
16/02/2016;28;VACA;15300;4,4;15;6,8;1,03;13,39;4,26;3,38;4,92;2,49
16/02/2016;24;VACA;22660;5,8;15;6,8;1,03;12,53;3,6;3,22;4,89;2,32
16/02/2016;32;VACA;29700;2,3;15;6,79;1,03;12,52;3,51;3,32;4,92;2,38
16/02/2016;26;VACA;5100;4;15;6,8;1,03;12,64;3,7;3,25;4,9;2,32
16/02/2016;25;VACA;11180;6;15;6,79;1,03;13,32;4,28;3,35;4,82;2,39
16/02/2016;27;VACA;12860;7;15;6,78;1,03;12,41;3,5;3,29;4,83;2,33
16/02/2016;17;VACA;16480;4,1;15;6,8;1,03;12,69;3,72;3,28;4,95;2,34
16/02/2016;17;VACA;8440;4,1;15;6,8;1,03;12,54;3,62;3,22;4,92;2,27
17/02/2016;4;VACA;17660;4,4;15;6,79;1,03;12,92;3,84;3,36;4,95;2,4
17/02/2016;4;VACA;8400;4,4;15;6,8;1,03;12,33;3,43;3,23;5;2,28
17/02/2016;33;VACA;23060;2,9;16;6,75;1,03;12,28;3,25;3,24;5,07;2,27
17/02/2016;29;VACA;16240;4,2;15;6,85;1,03;11,8;3,25;2,9;4,74;2,04
17/02/2016;29;VACA;9500;4,7;15;6,85;1,03;12,51;3,74;3,2;4,71;2,23
17/02/2016;30;VACA;27540;3,7;15;6,79;1,03;12,31;3,36;3,28;4,9;2,32
17/02/2016;24;VACA;11960;6,8;15;6,8;1,03;12,43;3,48;3,25;4,91;2,32
17/02/2016;24;VACA;11220;6,7;15;6,79;1,03;12,53;3,64;3,26;4,81;2,28
17/02/2016;32;VACA;26720;4,6;15;6,78;1,03;12,19;3,33;3,23;4,83;2,29
17/02/2016;26;VACA;5180;4,2;15;6,78;1,03;12,57;3,66;3,24;4,88;2,3
17/02/2016;25;VACA;13920;6;15;6,76;1,03;13,16;4,14;3,33;4,84;2,39
17/02/2016;27;VACA;12280;7,3;15;6,79;1,03;12,73;3,84;3,26;4,85;2,32
17/02/2016;17;VACA;24120;4,6;15;6,8;1,03;12,36;3,58;3,17;4,86;2,2
18/02/2016;29;VACA;16760;4,3;15;6,8;1,03;11,9;3,24;3,05;4,75;2,13
18/02/2016;29;VACA;6300;6,8;15;6,83;1,03;12,01;3,38;3,09;4,72;2,16
18/02/2016;32;VACA;29700;2,5;15;6,78;1,03;12,41;3,42;3,32;4,9;2,3
18/02/2016;26;VACA;5020;4;15;6,8;1,03;12,69;3,76;3,29;4,88;2,32
18/02/2016;28;VACA;15220;4,7;15;6,8;1,03;13,34;4,23;3,39;4,91;2,42
18/02/2016;25;VACA;11960;6,3;15;6,8;1,03;13;4,1;3,32;4,76;2,31
18/02/2016;27;VACA;12840;7,2;15;6,8;1,03;12,43;3,54;3,32;4,78;2,31
18/02/2016;33;VACA;24740;4,4;15;6,8;1,03;12,39;3,39;3,23;5,05;2,24
18/02/2016;17;VACA;15860;5,3;153;6,81;1,03;12,45;3,53;3,29;4,96;2,3
18/02/2016;17;VACA;9840;4,1;15;6,82;1,03;12,33;3,5;3,12;4,95;2,15
18/02/2016;30;VACA;26380;3,6;15;6,84;1,03;12,78;3,96;3,24;4,8;2,27
19/02/2016;29;VACA;16280;4,8;15;6,81;1,03;11,78;3,18;3,03;4,73;2,12
19/02/2016;29;VACA;8700;5,3;15;6,8;1,03;12,3;3,46;3,28;4,78;2,29
19/02/2016;24;VACA;12100;5,6;15;6,82;1,03;12,26;3,31;3,3;4,91;2,31
19/02/2016;24;VACA;13560;4,5;15;6,84;1,03;12,59;3,61;3,22;4,93;2,31
19/02/2016;32;VACA;26820;4,4;15;6,84;1,03;12,35;3,53;3,2;4,81;2,21
19/02/2016;26;VACA;5080;4,5;15;6,82;1,03;12,6;3,7;3,28;4,87;2,3
19/02/2016;25;VACA;13860;5,5;15;6,82;1,03;13,18;4,12;3,35;4,86;2,38
19/02/2016;27;VACA;12240;7,5;15;6,8;1,03;12,57;3,7;3,25;4,88;2,28
20/02/2016;22;VACA;26300;6,4;15;6,84;1,03;12,26;3,32;3,28;4,94;2,33
20/02/2016;24;VACA;15480;7;15;6,85;1,03;12,45;3,56;3,26;4,82;2,3
20/02/2016;24;VACA;11700;6,3;15;6,85;1,03;12,45;3,64;3,23;4,78;2,25
20/02/2016;29;VACA;16760;6,8;15;6,84;1,03;11,77;3,11;3,07;4,78;2,16
20/02/2016;29;VACA;6140;7;15;6,86;1,03;12,25;3,52;3,14;4,75;2,19
20/02/2016;26;VACA;5180;4,3;15;6,84;1,03;12,42;3,5;3,25;4,88;2,32
20/02/2016;32;VACA;29920;2,6;15;6,83;1,03;12,31;3,29;3,32;4,91;2,33
20/02/2016;28;VACA;15420;4,7;15;6,82;1,03;13,3;4,17;3,39;4,91;2,44
20/02/2016;25;VACA;11860;7,2;15;6,82;1,03;13,31;4,21;3,37;4,85;2,4
20/02/2016;27;VACA;12920;7,3;15;6,84;1,03;12,34;3,46;3,29;4,78;2,29
20/02/2016;30;VACA;26360;4,5;15;6,84;1,03;12,34;3,46;3,26;4,85;2,29
21/02/2016;22;VACA;25340;6,2;15;6,84;1,03;12,08;3,08;3,29;4,98;2,34
21/02/2016;29;VACA;14900;3,3;15;6,85;1,03;12,03;3,32;3;4,83;2,1
21/02/2016;29;VACA;11220;5,7;15;6,85;1,03;12,3;3,38;3,33;4,79;2,32
21/02/2016;32;VACA;26400;4,2;15;6,83;1,03;12,35;3,5;3,21;4,85;2,29
21/02/2016;26;VACA;5100;6,2;15;6,83;1,03;12,76;3,8;3,23;4,9;2,29
21/02/2016;25;VACA;13220;6;15;6,81;1,03;13,45;4,31;3,39;4,85;2,43
21/02/2016;27;VACA;12460;6,79;15;6,82;1,03;12,55;3,67;3,26;4,89;2,35
22/02/2016;30;VACA;27020;4;15;6,8;1,03;12,13;3,22;3,23;4,89;2,31
22/02/2016;29;VACA;16480;5;15;6,83;1,03;11,88;3,23;3,04;4,73;2,14
22/02/2016;29;VACA;8080;5,8;15;6,84;1,03;12,28;3,48;3,21;4,78;2,28
22/02/2016;24;VACA;11840;5,2;15;6,83;1,03;12,29;3,32;3,27;4,93;2,31
22/02/2016;24;VACA;12720;5,6;15;6,82;1,03;12,24;3,55;3,17;4,73;2,18
22/02/2016;32;VACA;29860;2,7;15;6,83;1,03;12,34;3,31;3,34;4,93;2,36
22/02/2016;28;VACA;15660;5,2;15;6,82;1,03;13,25;4,16;3,38;4,9;2,43
22/02/2016;26;VACA;5140;3,5;15;6,83;1,03;12,66;3,74;3,24;4,9;2,3
22/02/2016;25;VACA;11900;5,4;15;6,78;1,03;13,18;4,15;3,35;4,85;2,41
22/02/2016;27;VACA;12340;6;15;6,84;1,03;12,39;3,49;3,3;4,8;2,31
22/02/2016;33;VACA;25200;6,2;15;6,84;1,03;12,29;3,29;3,21;5,05;2,24
23/02/2016;18;VACA;25340;6,3;15;6,84;1,03;13,22;4,12;3,46;4,85;2,49
23/02/2016;18;VACA;26260;6,4;15;6,83;1,03;12,93;3,8;3,45;4,9;2,46
23/02/2016;29;VACA;16360;7;15;6,85;1,03;11,7;3,12;3,02;4,7;2,11
23/02/2016;29;VACA;5460;6,2;15;6,85;1,03;12,44;3,67;3,25;4,68;2,25
23/02/2016;24;VACA;22460;6;15;6,83;1,03;12,5;3,59;3,21;4,91;2,29
23/02/2016;32;VACA;26800;5,3;15;6,8;1,03;12,32;3,51;3,22;4,8;2,25
23/02/2016;26;VACA;5320;4,2;15;6,82;1,03;12,56;3,67;3,22;4,9;2,25
23/02/2016;25;VACA;13840;5;15;6,83;1,03;13,21;4,2;3,32;4,83;2,39
23/02/2016;27;VACA;12440;5;15;6,85;1,03;12,55;3,66;3,25;4,87;2,28
24/02/2016;30;VACA;26960;4,8;15;6,86;1,03;12,42;3,6;3,18;4,82;2,2
24/02/2016;29;VACA;16620;4;15;6,84;1,03;11,8;3,2;2,99;4,72;2,08
24/02/2016;29;VACA;7260;6,2;15;6,84;1,03;12,18;3,33;3,29;4,77;2,29
24/02/2016;24;VACA;11740;4,7;15;6,81;1,03;12,37;3,47;3,19;4,92;2,24
24/02/2016;24;VACA;10940;4,9;15;6,8;1,03;12,5;3,55;3,23;4,87;2,29
24/02/2016;32;VACA;29840;2,9;15;6,82;1,03;12,39;3,33;3,34;4,92;2,33
24/02/2016;28;VACA;15780;4,8;15;6,83;1,03;13,16;4,09;3,37;4,87;2,42
24/02/2016;26;VACA;5460;4,2;15;6,82;1,03;12,51;3,64;3,2;4,9;2,24
24/02/2016;25;VACA;11180;5,2;15;6,8;1,03;13,32;4,27;3,37;4,8;2,41
24/02/2016;27;VACA;13000;7,7;15;6,82;1,03;12,24;3,39;3,26;4,79;2,29
24/02/2016;33;VACA;25060;4,3;15;6,8;1,03;12,32;3,31;3,23;5,04;2,28
24/02/2016;18;VACA;25400;5,2;15;6,81;1,03;12,77;3,64;3,44;4,89;2,45
24/02/2016;18;VACA;25580;6,2;15;6,78;1,03;12,84;3,72;3,42;4,9;2,42
25/02/2016;29;VACA;17180;4,3;15;6,85;1,03;11,72;3,05;3,04;4,78;2,08
25/02/2016;29;VACA;5440;5,2;15;6,85;1,03;12,31;3,56;3,22;4,68;2,22
25/02/2016;32;VACA;26980;4,9;15;6,83;1,03;12,39;3,56;3,21;4,81;2,25
25/02/2016;26;VACA;5320;4;15;6,84;1,03;12,61;3,7;3,23;4,89;2,26
25/02/2016;25;VACA;14180;6,2;15;6,78;1,03;13,18;4,16;3,32;4,87;2,36
25/02/2016;27;VACA;12520;7,5;15;6,82;1,03;12,57;3,67;3,25;4,9;2,29
25/02/2016;18;VACA;25380;6;15;6,83;1,03;13,05;3,86;3,45;4,94;2,48
25/02/2016;30;VACA;27440;6;15;6,83;1,03;12,21;3,45;3,17;4,82;2,17
25/02/2016;18;VACA;25600;6,4;15;6,8;1,03;12,85;3,67;3,46;4,92;2,43
26/02/2016;29;VACA;16400;5,7;15;6,86;1,03;11,85;3,16;3,04;4,79;2,11
26/02/2016;29;VACA;7940;5,5;15;6,86;1,03;12,11;3,33;3,18;4,76;2,23
26/02/2016;24;VACA;11620;5,6;15;6,81;1,03;12,27;3,33;3,24;4,93;2,29
26/02/2016;24;VACA;13540;4,6;15;6,8;1,03;12,61;3,62;3,22;4,94;2,28
26/02/2016;32;VACA;30240;3;15;6,83;1,03;12,3;3,34;3,3;4,92;2,32
26/02/2016;28;VACA;16000;4,3;15;6,82;1,03;13,2;4,11;3,37;4,88;2,41
26/02/2016;26;VACA;5220;4,3;15;6,83;1,03;12,71;3,76;3,23;4,9;2,27
26/02/2016;27;VACA;12960;7,2;15;6,85;1,03;12,2;3,33;3,28;4,82;2,29
26/02/2016;25;VACA;11420;4,3;15;6,82;1,03;13,25;4,22;3,36;4,85;2,39
27/02/2016;22;VACA;24960;5,7;15;6,84;1,03;12,38;3,43;3,27;4,94;2,31
27/02/2016;30;VACA;27500;4,5;15;6,82;1,03;12,21;3,39;3,23;4,86;2,27
27/02/2016;29;VACA;16320;3;15;6,85;1,03;12,01;3,27;3,04;4,83;2,09
27/02/2016;29;VACA;8400;7,1;15;6,85;1,03;12,32;3,46;3,27;4,78;2,3
27/02/2016;24;VACA;15000;7;15;6,84;1,03;12,44;3,57;3,26;4,87;2,31
27/02/2016;24;VACA;11780;6;15;6,86;1,03;12,56;3,64;3,27;4,85;2,3
27/02/2016;32;VACA;26480;5,4;15;6,84;1,03;12,45;3,59;3,23;4,83;2,28
27/02/2016;26;VACA;5300;4,7;15;6,81;1,03;12,71;3,78;3,25;4,86;2,28
27/02/2016;25;VACA;13900;5,5;15;6,8;1,03;13,29;4,26;3,35;4,86;2,37
27/02/2016;27;VACA;12420;7;15;6,83;1,03;12,65;3,71;3,29;4,9;2,31
28/02/2016;22;VACA;25640;6;15;6,82;1,03;12,31;3,28;3,31;4,98;2,39
28/02/2016;29;VACA;16320;4;15;6,85;1,03;12,14;3,4;3,04;4,81;2,11
28/02/2016;29;VACA;6460;4,7;15;6,85;1,03;12,38;3,56;3,2;4,79;2,29
28/02/2016;32;VACA;29740;2,8;15;6,83;1,03;12,4;3,4;3,31;4,93;2,35
28/02/2016;28;VACA;15460;5;15;6,82;1,03;13,24;4,13;3,39;4,92;2,48
28/02/2016;26;VACA;5600;3,5;15;6,8;1,03;12,76;3,84;3,26;4,85;2,3
28/02/2016;25;VACA;11440;5,5;15;6,85;1,03;13,39;4,34;3,38;4,82;2,43
28/02/2016;27;VACA;12960;7,3;15;6,85;1,03;12,3;3,38;3,34;4,8;2,38
28/02/2016;33;VACA;25000;4,2;15;6,84;1,03;12,51;3,42;3,27;5,08;2,32
29/02/2016;15;VACA;25460;5;15;6,86;1,03;12,84;3,8;3,4;4,91;2,43
29/02/2016;30;VACA;27700;4,5;15;6,85;1,03;12,47;3,61;3,25;4,86;2,27
29/02/2016;29;VACA;16440;5,7;15;6,85;1,03;12,08;3,32;3,04;4,83;2,12
29/02/2016;29;VACA;10020;4,3;15;6,85;1,03;12,45;3,5;3,35;4,83;2,37
29/02/2016;24;VACA;11780;8;15;6,8;1,03;12,4;3,37;3,31;4,97;2,32
29/02/2016;24;VACA;12120;6;15;6,8;1,03;12,65;3,64;3,32;4,92;2,33
29/02/2016;32;VACA;25960;4,5;15;6,8;1,03;12,2;3,55;3,17;4,72;2,19
29/02/2016;26;VACA;5540;4,3;15;6,8;1,03;12,66;3,75;3,24;4,89;2,29
29/02/2016;25;VACA;13360;5,7;15;6,81;1,03;13,34;4,33;3,33;4,84;2,39
29/02/2016;27;VACA;12540;4,6;15;6,8;1,03;12,66;3,74;3,28;4,88;2,33
29/02/2016;7;VACA;22400;5,2;15;6,83;1,03;12,47;3,53;3,22;4,99;2,29
29/02/2016;17;VACA;23720;5;15;6,82;1,03;12,21;3,36;3,2;4,95;2,26
01/03/2016;30;VACA;27700;6,7;15;6,85;1,03;12,64;3,82;3,24;4,76;2,27
01/03/2016;29;VACA;16560;3,7;15;6,85;1,03;12,15;3,46;3;4,79;2,09
01/03/2016;29;VACA;5200;6;15;6,85;1,03;12,79;3,88;3,27;4,79;2,32
01/03/2016;32;VACA;29460;2,8;15;6,84;1,03;12,14;3,1;3,33;4,94;2,34
01/03/2016;24;VACA;21360;5,5;15;6,81;1,03;12,57;3,63;3,24;4,9;2,3
01/03/2016;26;VACA;5640;4,7;15;6,81;1,03;12,52;3,69;3,23;4,82;2,25
01/03/2016;4;VACA;15220;5;15;6,8;1,03;12,43;3,44;3,28;5;2,32
01/03/2016;4;VACA;8480;5;15;6,81;1,03;12,69;3,65;3,37;4,91;2,38
01/03/2016;27;VACA;12860;5,2;15;6,82;1,03;12,45;3,56;3,3;4,8;2,32
01/03/2016;25;VACA;25220;5,2;15;6,8;1,03;13,37;4,3;3,35;4,86;2,4
01/03/2016;15;VACA;23700;7,6;15;6,8;1,03;12,68;3,64;3,31;4,96;2,36
01/03/2016;15;VACA;25700;6;15;6,82;1,03;12,85;3,78;3,36;4,94;2,43
01/03/2016;17;VACA;27240;5;15;6,84;1,03;12,51;3,55;3,25;4,98;2,31
02/03/2016;29;VACA;16400;3,2;15;6,81;1,03;11,95;3,26;2,94;4,83;2,02
02/03/2016;29;VACA;7600;5,4;14;6,85;1,03;12,29;3,5;3,29;4,71;2,27
02/03/2016;32;VACA;27080;4,5;15;6,82;1,03;12,39;3,53;3,23;4,8;2,23
02/03/2016;24;VACA;22480;5,3;15;6,82;1,03;12,2;3,38;3,23;4,79;2,24
02/03/2016;26;VACA;5620;4;15;6,79;1,03;12,5;3,63;3,23;4,86;2,26
02/03/2016;25;VACA;23320;5,8;15;6,8;1,03;13,05;3,97;3,36;4,92;2,4
03/03/2016;30;VACA;27240;5,1;15;6,83;1,03;12,31;3,51;3,2;4,81;2,22
03/03/2016;29;VACA;17180;4;15;6,85;1,03;11,91;3,19;3;4,86;2,09
03/03/2016;29;VACA;5460;5;16;6,82;1,03;12,57;3,67;3,25;4,78;2,29
03/03/2016;32;VACA;29300;2,5;15;6,83;1,03;12,28;3,29;3,3;4,92;2,33
03/03/2016;26;VACA;5880;4;15;6,79;1,03;12,56;3,66;3,27;4,86;2,3
03/03/2016;27;VACA;15420;8;15;6,82;1,03;12,35;3,52;3,26;4,78;2,28
03/03/2016;25;VACA;24700;5,1;15;6,81;1,03;13,27;4,24;3,31;4,92;2,39
03/03/2016;33;VACA;24940;5,1;15;6,82;1,03;12,21;3,18;3,27;5,05;2,34
03/03/2016;17;VACA;15160;5,2;15;6,8;1,03;12,5;3,6;3,27;4,93;2,37
03/03/2016;17;VACA;6300;4,6;15;6,81;1,03;12,31;3,57;3,17;4,88;2,28
04/03/2016;29;VACA;16880;3,8;14;6,84;1,03;11,84;3,11;3,01;4,86;2,09
04/03/2016;29;VACA;7880;6,4;14;6,85;1,03;12,28;3,48;3,28;4,72;2,28
04/03/2016;24;VACA;11940;5,7;15;6,82;1,03;12,28;3,32;3,27;4,9;2,29
04/03/2016;24;VACA;13280;4,6;15;6,81;1,03;12,52;3,54;3,24;4,91;2,3
04/03/2016;26;VACA;6000;4,5;15;6,8;1,03;12,57;3,68;3,25;4,84;2,3
04/03/2016;32;VACA;26900;4;15;6,81;1,03;12,41;3,55;3,22;4,81;2,23
04/03/2016;25;VACA;23400;6,7;15;6,8;1,03;13;3,97;3,31;4,85;2,4
05/03/2016;22;VACA;25780;6;15;6,78;1,03;12,31;3,4;3,25;4,91;2,3
05/03/2016;30;VACA;26560;7,2;15;6,78;1,03;12,22;3,36;3,21;4,83;2,24
05/03/2016;24;VACA;15960;7,4;15;6,8;1,03;12,34;3,46;3,27;4,8;2,29
05/03/2016;24;VACA;11940;6,6;15;6,78;1,03;12,51;3,64;3,29;4,75;2,29
05/03/2016;29;VACA;16320;4,1;15;6,83;1,03;11,86;3,14;3,06;4,79;2,13
05/03/2016;29;VACA;7620;5,1;15;6,82;1,03;12,23;3,44;3,15;4,78;2,21
05/03/2016;26;VACA;6080;4,1;15;6,78;1,03;12,6;3,72;3,24;4,84;2,27
05/03/2016;32;VACA;29100;2,9;15;6,82;1,03;12,49;3,48;3,29;4,93;2,33
05/03/2016;27;VACA;15360;7,5;15;6,81;1,03;12,27;3,43;3,29;4,79;2,3
05/03/2016;25;VACA;24660;5,5;15;6,78;1,03;13,12;4,04;3,36;4,91;2,4
05/03/2016;17;VACA;26120;5;15;6,81;1,03;11,99;3,27;3,17;4,85;2,17
06/03/2016;29;VACA;10920;5,8;15;6,78;1,03;12,25;3,38;3,31;4,77;2,34
06/03/2016;22;VACA;24960;5,8;15;6,81;1,03;12,59;3,58;3,31;4,98;2,39
06/03/2016;30;VACA;27040;5,3;15;6,82;1,03;12,21;3,4;3,22;4,83;2,24
06/03/2016;32;VACA;26640;5;15;6,81;1,03;12,35;3,5;3,22;4,82;2,28
06/03/2016;26;VACA;6220;4;15;6,79;1,03;12,61;3,69;3,29;4,84;2,3
06/03/2016;25;VACA;25460;5,9;15;6,8;1,03;12,92;3,9;3,37;4,86;2,41
07/03/2016;30;VACA;26300;6;14;6,82;1,03;12,42;3,62;3,17;4,86;2,23
07/03/2016;26;VACA;6180;5;15;6,82;1,03;12,62;3,72;3,27;4,88;2,3
07/03/2016;29;VACA;10980;4,8;15;6,82;1,03;12,42;3,54;3,22;4,83;2,27
07/03/2016;24;VACA;11780;5,5;15;6,84;1,03;12,35;3,36;3,3;4,93;2,34
07/03/2016;24;VACA;13040;5,9;15;6,84;1,03;12,62;3,65;3,33;4,85;2,38
07/03/2016;32;VACA;29460;2,7;15;6,82;1,03;12,52;3,48;3,29;4,97;2,31
07/03/2016;27;VACA;15340;7,9;15;6,82;1,03;12,36;3,51;3,3;4,79;2,33
07/03/2016;25;VACA;26380;5;15;6,81;1,03;13,16;4,1;3,38;4,89;2,45
07/03/2016;33;VACA;24960;5;15;6,81;1,03;12,41;3,39;3,27;5,03;2,35
07/03/2016;17;VACA;13760;5,4;15;6,78;1,03;12,37;3,47;3,27;4,96;2,32
07/03/2016;17;VACA;7340;6;13;6,82;1,03;12,98;3,95;3,4;4,91;2,38
07/03/2016;6;VACA;28680;4,5;15;6,77;1,03;12,53;3,58;3,27;4,97;2,3
08/03/2016;29;VACA;16380;3,4;14;6,84;1,03;11,93;3,18;3,07;4,84;2,13
08/03/2016;29;VACA;9540;6;14;6,84;1,03;12,41;3,63;3,24;4,73;2,26
08/03/2016;24;VACA;22620;6,5;15;6,8;1,03;12,65;3,68;3,25;4,9;2,29
08/03/2016;32;VACA;26980;4,4;15;6,8;1,03;12,39;3,57;3,23;4,81;2,27
08/03/2016;26;VACA;6060;4;15;6,81;1,03;12,61;3,72;3,27;4,87;2,3
08/03/2016;25;VACA;25060;5,8;15;6,81;1,03;12,92;3,92;3,34;4,85;2,39
08/03/2016;17;VACA;23260;4,5;15;6,85;1,03;12,26;3,39;3,2;4,95;2,28
08/03/2016;30;VACA;24700;5,6;15;6,8;1,03;12,43;3,52;3,25;4,91;2,26
09/03/2016;26;VACA;6240;4;15;6,82;1,03;12,53;3,65;3,27;4,85;2,29
09/03/2016;29;VACA;21460;4;15;6,82;1,03;11,87;3,15;3,12;4,79;2,17
09/03/2016;24;VACA;11980;6,4;14;6,82;1,03;12,53;3,54;3,28;4,92;2,33
09/03/2016;24;VACA;11160;7,5;14;6,82;1,03;12,51;3,62;3,29;4,8;2,32
09/03/2016;32;VACA;29800;2,4;15;6,82;1,03;12,46;3,43;3,3;4,96;2,34
09/03/2016;27;VACA;15380;2,4;15;6,81;1,03;12,32;3,47;3,28;4,81;2,33
09/03/2016;25;VACA;26080;7;15;6,76;1,03;13,16;4,1;3,37;4,9;2,42
09/03/2016;13;VACA;18120;4,8;16;6,82;1,03;13,11;4,17;3,29;4,84;2,35
10/03/2016;11;VACA;13620;4;15;6,82;1,03;12,54;3,62;3,27;4,94;2,34
10/03/2016;11;VACA;9920;4,8;16;6,82;1,03;12,56;3,63;3,34;4,83;2,35
10/03/2016;29;VACA;16480;5;15;6,8;1,03;12,1;3,32;3,18;4,8;2,25
10/03/2016;29;VACA;8140;5;15;6,8;1,03;11,79;3,08;3,11;4,8;2,18
10/03/2016;32;VACA;26820;4;15;6,8;1,03;12,4;3,56;3,24;4,81;2,3
10/03/2016;26;VACA;5940;5;15;6,82;1,03;12,71;3,8;3,27;4,85;2,32
10/03/2016;25;VACA;25020;5;15;6,82;1,03;13,04;3,96;3,36;4,91;2,41
11/03/2016;9;VACA;14720;4;15;6,75;1,03;12,93;3,86;3,36;4,95;2,44
11/03/2016;9;VACA;8120;4;15;6,77;1,03;12,51;3,76;3,2;4,8;2,27
11/03/2016;29;VACA;15800;3;15;6,82;1,03;11,68;2,99;3,09;4,79;2,15
11/03/2016;29;VACA;9160;5;15;6,82;1,03;12,44;3,58;3,29;4,71;2,33
11/03/2016;24;VACA;12600;5,5;15;6,83;1,03;12,44;3,42;3,28;4,94;2,35
11/03/2016;24;VACA;13400;4,6;15;6,8;1,03;12,67;3,66;3,27;4,93;2,35
11/03/2016;32;VACA;29640;2,7;15;6,8;1,03;12,39;3,36;3,29;4,96;2,36
11/03/2016;26;VACA;6000;5;15;6,1;1,03;12,69;3,79;3,26;4,84;2,3
11/03/2016;27;VACA;14820;8;15;6,81;1,03;12,32;3,48;3,26;4,77;2,3
11/03/2016;25;VACA;26060;5,4;15;6,81;1,03;13,25;4,16;3,34;4,92;2,45
12/03/2016;24;VACA;16000;6,5;15;6,8;1,03;12,41;3,52;3,28;4,83;2,32
12/03/2016;24;VACA;12080;6;15;6,82;1,03;12,45;3,59;3,28;4,84;2,32
12/03/2016;29;VACA;6700;4;14;6,83;1,03;11,89;3,11;3,1;4,82;2,19
12/03/2016;29;VACA;16900;7;14;6,86;1,03;12,22;3,43;3,21;4,74;2,29
12/03/2016;32;VACA;26540;4,5;15;6,78;1,03;12,43;3,55;3,24;4,82;2,29
12/03/2016;26;VACA;5940;4,2;15;6,82;1,03;12,52;3,66;3,24;4,83;2,29
12/03/2016;25;VACA;23760;5,5;15;6,8;1,03;13,09;4,05;3,34;4,86;2,37
12/03/2016;15;VACA;21520;5,2;15;6,78;1,03;12,4;3,53;3,3;4,9;2,36
13/03/2016;29;VACA;16800;3;14;6,82;1,03;11,63;2,96;3,03;4,79;2,11
13/03/2016;29;VACA;9400;5,5;14;6,81;1,03;12,41;3,51;3,33;4,77;2,32
13/03/2016;26;VACA;6200;4;15;6,81;1,03;12,5;3,67;3,24;4,84;2,26
13/03/2016;32;VACA;29480;2,8;15;6,82;1,03;12,44;3,44;3,26;4,92;2,31
13/03/2016;27;VACA;15060;8,5;15;6,81;1,03;12,36;3,48;3,3;4,8;2,31
13/03/2016;25;VACA;26120;5;15;6,82;1,03;13,2;4,15;3,33;4,91;2,39
13/03/2016;33;VACA;25260;5,5;15;6,83;1,03;12,4;3,31;3,29;5,05;2,34
14/03/2016;29;VACA;8640;4;15;6,8;1,03;12,33;3,42;3,28;4,81;2,32
14/03/2016;29;VACA;17200;5,8;15;6,82;1,03;11,67;2,95;3,08;4,84;2,14
14/03/2016;30;VACA;25320;3,3;15;6,82;1,03;12,27;3,34;3,23;4,89;2,3
14/03/2016;24;VACA;12500;6;15;6,84;1,03;12,5;3,56;3,27;4,91;2,32
14/03/2016;24;VACA;11960;6;15;6,83;1,03;12,41;3,38;3,29;4,95;2,35
14/03/2016;26;VACA;5520;4,4;15;6,81;1,03;12,47;3,62;3,24;4,86;2,25
14/03/2016;25;VACA;24020;4,1;15;6,8;1,03;12,99;3,98;3,33;4,89;2,43
14/03/2016;18;VACA;25400;4,7;15;6,8;1,03;12,45;3,59;3,04;4,96;2,19
14/03/2016;18;VACA;25300;7,1;16;6,75;1,03;13,09;3,81;3,54;4,99;2,57
14/03/2016;17;VACA;15720;5;15;6,8;1,03;12,46;3,6;3,29;4,88;2,37
14/03/2016;17;VACA;9020;5;15;6,8;1,03;12,39;3,55;3,15;4,98;2,24
15/03/2016;32;VACA;26360;4,5;15;6,84;1,03;12,35;3,49;3,23;4,83;2,27
15/03/2016;11;VACA;9360;6,3;15;6,82;1,03;12,24;3,54;3,13;4,79;2,2
15/03/2016;11;VACA;13300;5,6;14;6,86;1,03;12,69;3,74;3,31;4,87;2,38
15/03/2016;18;VACA;26000;6,4;16;6,74;1,03;13,08;3,78;3,56;4,95;2,58
15/03/2016;29;VACA;16640;3,5;14;6,8;1,03;11,98;3,26;3,07;4,82;2,17
15/03/2016;29;VACA;7900;4,7;15;6,82;1,03;12,4;3,53;3,27;4,77;2,3
15/03/2016;24;VACA;22840;7,8;15;6,77;1,03;12,52;3,65;3,19;4,87;2,25
15/03/2016;26;VACA;5980;4,5;15;6,8;1,03;12,55;3,68;3,25;4,86;2,29
15/03/2016;27;VACA;14780;8,3;15;6,8;1,03;12,42;3,55;3,28;4,8;2,33
15/03/2016;25;VACA;26120;5,5;15;6,8;1,03;13,14;4,1;3,33;4,91;2,42
15/03/2016;33;VACA;25740;5;15;6,8;1,03;12,3;3,25;3,26;5,06;2,33
15/03/2016;32;VACA;29600;2,4;15;6,81;1,03;12,42;3,4;3,27;4,96;2,31
16/03/2016;10;VACA;10920;5,8;15;6,8;1,03;12,25;3,55;3,19;4,74;2,24
16/03/2016;10;VACA;10720;5,2;15;6,8;1,03;12,01;3,51;3,05;4,68;2,11
16/03/2016;26;VACA;5920;4,5;15;6,78;1,03;12,52;3,7;3,22;4,79;2,26
16/03/2016;24;VACA;11840;7,8;15;6,77;1,03;12,55;3,59;3,24;4,94;2,34
16/03/2016;24;VACA;11000;6;15;6,77;1,03;12,21;3,33;3,26;4,91;2,31
16/03/2016;32;VACA;10500;4;15;6,8;1,03;12,29;3,47;3,21;4,74;2,22
16/03/2016;25;VACA;24880;5,8;20;6,75;1,03;12,93;3,9;3,32;4,91;2,37
16/03/2016;18;VACA;25500;6;15;6,79;1,03;13,07;3,83;3,53;4,9;2,52
17/03/2016;29;VACA;16240;4;15;6,84;1,03;12,29;3,47;3,25;4,74;2,3
17/03/2016;29;VACA;4020;5;15;6,84;1,03;12,22;3,46;3,16;4,74;2,21
17/03/2016;26;VACA;5840;5;15;6,81;1,03;12,57;3,74;3,21;4,8;2,25
17/03/2016;32;VACA;16400;6,3;15;6,83;1,03;12,36;3,49;3,22;4,86;2,29
17/03/2016;18;VACA;25240;6;15;6,78;1,03;13,08;3,88;3,5;4,93;2,5
17/03/2016;27;VACA;15000;5,5;15;6,78;1,03;12,4;3,55;3,27;4,79;2,3
17/03/2016;25;VACA;25880;5,6;15;6,77;1,03;13,07;4,06;3,31;4,9;2,42
17/03/2016;18;VACA;25340;5;15;6,79;1,03;13,1;3,83;3,53;4,93;2,55
17/03/2016;33;VACA;25160;4,3;15;6,81;1,03;12,33;3,24;3,28;5,07;2,32
17/03/2016;32;VACA;25300;1,6;15;6,81;1,03;12,35;3,34;3,28;4,93;2,28
18/03/2016;30;VACA;26000;5,6;15;6,8;1,03;12,31;3,6;3,16;4,76;2,2
18/03/2016;29;VACA;16620;4;14;6,83;1,03;11,91;3,17;3,05;4,82;2,14
18/03/2016;29;VACA;6820;6;15;6,8;1,03;12,26;3,33;3,24;4,88;2,3
18/03/2016;24;VACA;12360;5,2;15;6,78;1,03;12,42;3,43;3,24;4,94;2,28
18/03/2016;24;VACA;13440;4,6;15;6,77;1,03;12,81;3,92;3,2;4,86;2,27
18/03/2016;26;VACA;5460;4;15;6,81;1,03;12,63;3,88;3,16;4,76;2,21
18/03/2016;25;VACA;25200;5,6;15;6,8;1,03;12,78;3,76;3,33;4,92;2,37
18/03/2016;32;VACA;24340;4,4;15;6,8;1,03;12,36;3,57;3,2;4,79;2,22
19/03/2016;22;VACA;22000;5,7;15;6,8;1,03;12,39;3,51;3,24;4,91;2,27
19/03/2016;29;VACA;11340;4,8;15;6,82;1,03;12,31;3,51;3,24;4,74;2,25
19/03/2016;29;VACA;16500;3,2;15;6,84;1,03;11,81;3,15;3,04;4,81;2,11
19/03/2016;24;VACA;16540;7;15;6,81;1,03;12,58;3,71;3,26;4,86;2,32
19/03/2016;24;VACA;11200;6,5;15;6,8;1,03;12,36;3,62;3,21;4,75;2,24
19/03/2016;32;VACA;27580;2,8;15;6,8;1,03;12,39;3,39;3,29;4,93;2,32
19/03/2016;26;VACA;5680;2,8;15;6,8;1,03;12,65;3,85;3,21;4,82;2,24
19/03/2016;27;VACA;15340;8,2;15;6,79;1,03;12,39;3,57;3,25;4,79;2,26
19/03/2016;25;VACA;25880;5,3;15;6,8;1,03;13;4;3,3;4,92;2,37
20/03/2016;22;VACA;24120;6,4;15;6,81;1,03;12,26;3,33;3,26;4,94;2,29
20/03/2016;29;VACA;8360;8,5;15;6,83;1,03;12,21;3,32;3,27;4,85;2,31
20/03/2016;29;VACA;15740;3,1;15;6,83;1,03;11,65;3,06;3,02;4,82;2,1
20/03/2016;30;VACA;25940;7,6;15;6,81;1,03;12,24;3,47;3,17;4,85;2,21
20/03/2016;26;VACA;5920;4,5;15;6,78;1,03;12,52;3,72;3,23;4,84;2,26
20/03/2016;32;VACA;29880;6,2;15;6,79;1,03;12,24;3,46;3,18;4,81;2,22
20/03/2016;25;VACA;24920;5,4;15;6,83;1,03;12,77;3,82;3,33;4,86;2,35
21/03/2016;30;VACA;25880;5;15;6,8;1,03;12,19;3,4;3,18;4,86;2,23
21/03/2016;29;VACA;14260;5;15;6,84;1,03;11,5;2,92;3,04;4,81;2,13
21/03/2016;29;VACA;10980;4;15;6,84;1,03;11,98;3,28;3,15;4,77;2,18
21/03/2016;24;VACA;11860;7;15;6,82;1,03;12,3;3,31;3,26;4,95;2,31
21/03/2016;24;VACA;12780;7,4;15;6,82;1,03;12,55;3,63;3,26;4,9;2,32
21/03/2016;32;VACA;30320;5;15;6,8;1,03;12,3;3,31;3,28;4,92;2,33
21/03/2016;26;VACA;5840;5;15;6,8;1,03;12,55;3,71;3,24;4,83;2,27
21/03/2016;27;VACA;15400;6;15;6,81;1,03;12,34;3,51;3,25;4,8;2,29
21/03/2016;25;VACA;25700;5;15;6,8;1,03;13,09;4,06;3,32;4,93;2,38
21/03/2016;33;VACA;24960;4,8;15;6,79;1,03;11,98;3;3,23;5,05;2,31
22/03/2016;18;VACA;24680;5,8;15;6,77;1,03;12,78;3,63;3,48;4,93;2,48
22/03/2016;18;VACA;25520;7,8;16;6,75;1,03;12,29;3,35;3,27;4,93;2,32
22/03/2016;18;VACA;25100;4,5;15;6,81;1,03;13,46;4,32;3,47;4,91;2,49
22/03/2016;24;VACA;23100;7;16;6,77;1,03;12,56;3,61;3,25;4,88;2,33
22/03/2016;29;VACA;15680;8,6;15;6,78;1,03;11,64;3,02;3,05;4,85;2,16
22/03/2016;29;VACA;9580;4;15;6,78;1,03;12,29;3,43;3,27;4,81;2,35
22/03/2016;32;VACA;19260;6,1;15;6,76;1,03;12,31;3,45;3,2;4,84;2,28
22/03/2016;26;VACA;5620;4,4;15;6,8;1,03;12,67;3,8;3,25;4,81;2,27
22/03/2016;25;VACA;25360;5;15;6,82;1,03;12,88;3,87;3,35;4,93;2,4
23/03/2016;30;VACA;27220;6,3;15;6,82;1,03;12,17;3,35;3,22;4,85;2,25
23/03/2016;29;VACA;16060;5;14;6,8;1,03;11,9;3,3;3,01;4,82;2,1
23/03/2016;29;VACA;9140;4,9;14;6,8;1,03;12,43;3,66;3,22;4,69;2,26
23/03/2016;24;VACA;12020;9,6;16;6,76;1,03;12,56;3,6;3,27;4,92;2,3
23/03/2016;24;VACA;8660;6;16;6,77;1,03;12,42;3,56;3,23;4,89;2,28
23/03/2016;32;VACA;32300;2,3;15;6,8;1,03;12,39;3,4;3,31;4,93;2,33
23/03/2016;27;VACA;15460;8,4;15;6,78;1,03;12,34;3,55;3,25;4,78;2,25
23/03/2016;26;VACA;5760;4,2;15;6,8;1,03;12,32;3,51;3,23;4,8;2,26
23/03/2016;25;VACA;25640;5,1;15;6,78;1,03;13,1;4,05;3,32;4,96;2,4
23/03/2016;33;VACA;25360;5;15;6,8;1,03;12,3;3,25;3,26;5,05;2,31
24/03/2016;30;VACA;26900;5,7;15;6,8;1,03;12,14;3,31;3,23;4,83;2,25
24/03/2016;29;VACA;16660;5,2;15;6,84;1,03;11,77;3,15;2,98;4,86;2,1
24/03/2016;29;VACA;5820;5,7;15;6,84;1,03;12,34;3,5;3,23;4,81;2,28
24/03/2016;32;VACA;29500;5,4;15;6,82;1,03;12,41;3,61;3,21;4,79;2,24
24/03/2016;26;VACA;5520;4,2;15;6,82;1,03;12,57;3,75;3,22;4,82;2,23
24/03/2016;25;VACA;9040;4,8;15;6,8;1,03;12,57;3,5;3,36;4,97;2,39
24/03/2016;25;VACA;680;0;0;0;1,03;;;;;
24/03/2016;25;VACA;14540;4,8;15;6,8;1,03;12,57;3,5;3,36;4,97;2,39
25/03/2016;29;VACA;17220;4,2;15;6,8;1,03;11,99;3,27;3,01;4,93;2,15
25/03/2016;29;VACA;6080;6;15;6,78;1,03;12,52;3,72;3,27;4,68;2,28
25/03/2016;26;VACA;5940;4,5;15;6,8;1,03;12,46;3,69;3,19;4,81;2,23
25/03/2016;24;VACA;12300;7,8;15;6,82;1,03;12,42;3,46;3,26;4,97;2,34
25/03/2016;24;VACA;13500;5;15;6,78;1,03;12,5;3,58;3,23;4,92;2,29
25/03/2016;32;VACA;30580;3;15;6,8;1,03;12,34;3,37;3,29;4,91;2,33
25/03/2016;27;VACA;15120;8;15;6,81;1,03;12,42;3,57;3,28;4,83;2,34
25/03/2016;25;VACA;25660;5,2;15;6,79;1,03;13,1;4,06;3,32;4,95;2,4
26/03/2016;22;VACA;25360;6;15;6,8;1,03;12,3;3,38;3,26;4,95;2,31
26/03/2016;30;VACA;26100;6,3;15;6,85;1,03;12,37;3,6;3,17;4,79;2,24
26/03/2016;29;VACA;16760;3,6;15;6,8;1,03;11,72;3,1;3;4,84;2,09
26/03/2016;29;VACA;8040;7;15;6,78;1,03;12,37;3,6;3,22;4,73;2,28
26/03/2016;24;VACA;16320;7,4;15;6,78;1,03;12,29;3,52;3,22;4,84;2,27
26/03/2016;24;VACA;13020;6,7;15;6,76;1,03;12,44;3,57;3,26;4,82;2,31
26/03/2016;32;VACA;25400;6;15;6,8;1,03;12,36;3,57;3,18;4,81;2,2
26/03/2016;26;VACA;5840;4;15;6,79;1,03;12,6;3,8;3,2;4,81;2,23
26/03/2016;25;VACA;24880;5,8;16;6,78;1,03;12,88;3,86;3,35;4,9;2,38
27/03/2016;22;VACA;24100;6,7;15;6,81;1,03;12,36;3,39;3,27;4,96;2,3
27/03/2016;29;VACA;16840;4;15;6,81;1,03;11,98;3,31;3,1;4,78;2,17
27/03/2016;29;VACA;8700;4,5;15;6,82;1,03;12,33;3,59;3,2;4,72;2,24
27/03/2016;30;VACA;26560;7,8;15;6,8;1,03;12,27;3,48;3,16;4,86;2,22
27/03/2016;27;VACA;14480;8;15;6,8;1,03;12,41;3,6;3,25;4,78;2,28
27/03/2016;26;VACA;5680;4,4;15;6,8;1,03;12,51;3,71;3,2;4,83;2,24
27/03/2016;32;VACA;29860;2,6;15;6,79;1,03;12,34;3,36;3,28;4,9;2,29
27/03/2016;25;VACA;25420;5;15;6,81;1,03;13,13;4,1;3,31;4,92;2,4
27/03/2016;33;VACA;26020;5;15;6,8;1,03;12,25;3,25;3,23;5,04;2,27
28/03/2016;29;VACA;16540;4,8;15;6,8;1,03;12,14;3,4;3,12;4,8;2,18
28/03/2016;29;VACA;8420;6,3;15;6,8;1,03;12,35;3,51;3,22;4,78;2,28
28/03/2016;24;VACA;12000;8;15;6,78;1,03;12,18;3,35;3,23;4,84;2,26
28/03/2016;24;VACA;12500;7,5;15;6,81;1,03;12,35;3,46;3,25;4,9;2,31
28/03/2016;32;VACA;26120;5,4;16;6,77;1,03;12,18;3,42;3,17;4,82;2,21
28/03/2016;26;VACA;6060;4,2;15;6,84;1,03;12,49;3,66;3,19;4,86;2,21
28/03/2016;25;VACA;24640;5,2;15;6,82;1,03;12,96;3,9;3,38;4,91;2,41
28/03/2016;18;VACA;25200;5;15;6,82;1,03;12,88;3,6;3,58;4,93;2,53
28/03/2016;18;VACA;25520;6;15;6,82;1,03;12,89;3,62;3,56;4,98;2,52
29/03/2016;30;VACA;27000;6,4;15;6,8;1,03;12,44;3,66;3,2;4,84;2,21
29/03/2016;29;VACA;16340;3,7;15;6,82;1,03;12,04;3,45;3,04;4,72;2,11
29/03/2016;29;VACA;8520;5;15;6,79;1,03;12,36;3,69;3,22;4,65;2,25
29/03/2016;24;VACA;23040;6,8;15;6,81;1,03;12,5;3,64;3,22;4,87;2,3
29/03/2016;32;VACA;30220;2,7;16;6,8;1,03;12,3;3,31;3,32;4,96;2,35
29/03/2016;26;VACA;5820;4,1;15;6,83;1,03;12,45;3,71;3,21;4,85;2,22
29/03/2016;27;VACA;15120;8,2;15;6,8;1,03;12,45;3,63;3,27;4,81;2,28
29/03/2016;25;VACA;25120;5,5;15;6,81;1,03;13,1;4,11;3,34;4,93;2,39
29/03/2016;33;VACA;26360;5;15;6,8;1,03;11,54;2,9;3,12;4,82;2,13
29/03/2016;18;VACA;25200;6;15;6,82;1,03;13,03;3,81;3,56;4,94;2,53
29/03/2016;18;VACA;26140;7;15;6,82;1,03;12,78;3,53;3,56;5;2,55
30/03/2016;30;VACA;26100;6,6;15;6,82;1,03;11,74;3,24;3,09;4,71;2,09
30/03/2016;29;VACA;16520;4,8;15;6,82;1,03;11,8;3,27;2,91;4,8;2,06
30/03/2016;29;VACA;6380;7;14;6,85;1,03;12,26;3,52;3,25;4,75;2,27
30/03/2016;32;VACA;27480;5,5;15;6,81;1,03;12,24;3,47;3,19;4,84;2,24
30/03/2016;24;VACA;11980;6,5;15;6,82;1,03;12,29;3,52;3,21;4,82;2,27
30/03/2016;24;VACA;10500;6,8;15;6,8;1,03;12,33;3,43;3,3;4,91;2,35
30/03/2016;26;VACA;5760;5;15;6,81;1,03;12,44;3,65;3,21;4,83;2,25
30/03/2016;25;VACA;25280;5;15;6,8;1,03;13;3,94;3,36;4,96;2,41
31/03/2016;18;VACA;25580;6,5;16;6,78;1,03;12,54;3,43;3,52;4,88;2,47
31/03/2016;30;VACA;26900;4,6;14;6,85;1,03;12,36;3,57;3,22;4,85;2,22
31/03/2016;29;VACA;16980;4;15;6,82;1,03;11,95;3,43;2,94;4,81;2,07
31/03/2016;29;VACA;6120;4,9;15;6,83;1,03;12,38;3,65;3,23;4,73;2,21
31/03/2016;32;VACA;29820;3,3;15;6,81;1,03;12,35;3,34;3,3;4,98;2,3
31/03/2016;27;VACA;15540;7,8;15;6,79;1,03;12,3;3,54;3,24;4,81;2,25
31/03/2016;26;VACA;5480;4;15;6,78;1,03;12,41;3,68;3,19;4,79;2,24
31/03/2016;25;VACA;23080;5,2;15;6,81;1,03;13,11;4,09;3,36;4,94;2,43
31/03/2016;18;VACA;25160;6,3;15;6,8;1,03;12,82;3,58;3,57;4,96;2,54
31/03/2016;33;VACA;26180;5;15;6,81;1,03;12,06;3,14;3,2;5,04;2,27
01/04/2016;29;VACA;16140;3,5;15;6,82;1,03;11,61;3,05;2,94;4,85;2,02
01/04/2016;29;VACA;6020;9,2;14;6,86;1,03;12,18;3,48;3,2;4,69;2,23
01/04/2016;24;VACA;11960;6,9;15;6,82;1,03;12,16;3,37;3,21;4,87;2,22
01/04/2016;24;VACA;13460;4,7;15;6,83;1,03;12,52;3,64;3,21;4,94;2,27
01/04/2016;32;VACA;27160;8,2;15;6,77;1,03;12,17;3,42;3,2;4,83;2,22
01/04/2016;26;VACA;5360;4,2;15;6,82;1,03;12,74;3,93;3,24;4,78;2,27
01/04/2016;25;VACA;23160;5,7;15;6,8;1,03;13,03;3,98;3,36;4,95;2,42
02/04/2016;24;VACA;15960;6,5;15;6,8;1,03;12,47;3,67;3,21;4,85;2,22
02/04/2016;24;VACA;11660;6,6;15;6,78;1,03;12,43;3,64;3,25;4,79;2,27
02/04/2016;30;VACA;26160;4,9;15;6,83;1,03;12,41;3,65;3,19;4,84;2,21
02/04/2016;22;VACA;24720;6,2;15;6,8;1,03;12,42;3,59;3,24;4,89;2,28
02/04/2016;29;VACA;16220;4,1;15;6,82;1,03;11,69;3,14;3,03;4,8;2,09
02/04/2016;29;VACA;7760;4,5;15;6,8;1,03;12,2;3,48;3,24;4,74;2,23
02/04/2016;32;VACA;29060;2,9;15;6,8;1,03;12,43;3,4;3,34;4,98;2,36
02/04/2016;26;VACA;5440;4,2;15;6,81;1,03;12,63;3,87;3,2;4,8;2,25
02/04/2016;27;VACA;14980;7,4;15;6,79;1,03;13,94;4,87;3,35;4,91;2,65
02/04/2016;25;VACA;25040;5,2;15;6,78;1,03;13,08;4,12;3,29;4,91;2,34
03/04/2016;29;VACA;16280;4;14;6,85;1,03;11,69;3,1;3,04;4,79;2,06
03/04/2016;29;VACA;10320;6;15;6,82;1,03;12,33;3,59;3,22;4,77;2,24
03/04/2016;32;VACA;26660;6,3;15;6,79;1,03;12,23;3,49;3,19;4,82;2,22
03/04/2016;22;VACA;24100;6,4;15;6,81;1,03;12,56;3,61;3,27;4,98;2,29
03/04/2016;30;VACA;26180;8,1;15;6,78;1,03;12,25;3,53;3,14;4,84;2,2
03/04/2016;26;VACA;5360;4,4;15;6,8;1,03;12,65;3,92;3,17;4,77;2,21
03/04/2016;25;VACA;23780;5,1;15;6,81;1,03;12,96;3,98;3,36;4,92;2,36
03/04/2016;18;VACA;24599;7;15;6,8;1,03;13,01;3,76;3,54;5,01;2,51
03/04/2016;18;VACA;25240;6,4;15;6,8;1,03;12,88;3,68;3,56;4,92;2,52
04/04/2016;30;VACA;26020;7;14;6,86;1,03;12,27;3,48;3,18;4,88;2,21
04/04/2016;29;VACA;17560;4;15;6,84;1,03;11,7;3,07;3,08;4,83;2,12
04/04/2016;29;VACA;11220;5,2;15;6,84;1,03;12,17;3,48;3,19;4,74;2,2
04/04/2016;32;VACA;29680;2,7;15;6,81;1,03;12,43;3,4;3,33;4,96;2,33
04/04/2016;24;VACA;11780;5,7;14;6,85;1,03;12,24;3,49;3,19;4,83;2,22
04/04/2016;24;VACA;12540;6,6;15;6,81;1,03;12,48;3,64;3,26;4,87;2,31
04/04/2016;27;VACA;14700;7,8;15;6,81;1,03;12,45;3,64;3,28;4,77;2,3
04/04/2016;26;VACA;5720;4,2;15;6,83;1,03;12,69;3,9;3,2;4,84;2,26
04/04/2016;25;VACA;25340;6,4;15;6,82;1,03;13,13;4,12;3,34;4,93;2,41
04/04/2016;18;VACA;25660;6;15;6,8;1,03;12,87;3,66;3,57;4,89;2,54
04/04/2016;18;VACA;26300;8;15;6,79;1,03;12,84;3,59;3,56;5,02;2,55
04/04/2016;18;VACA;25540;5,3;15;6,83;1,03;12,24;3,35;3,23;4,95;2,23
04/04/2016;18;VACA;24500;7,6;15;6,82;1,03;13,01;3,82;3,53;4,98;2,51
05/04/2016;29;VACA;16420;3,6;15;6,82;1,03;11,5;2,93;3,06;4,81;2,11
05/04/2016;29;VACA;9220;7,3;15;6,82;1,03;12,05;3,37;3,2;4,71;2,24
05/04/2016;24;VACA;22700;4,4;15;6,79;1,03;12,64;3,78;3,19;4,92;2,28
05/04/2016;32;VACA;26800;5,8;16;6,82;1,03;12,21;3,41;3,21;4,85;2,26
05/04/2016;26;VACA;5500;4,2;15;6,83;1,03;12,63;3,81;3,23;4,86;2,29
05/04/2016;25;VACA;23980;5,1;15;6,83;1,03;12,94;3,93;3,36;4,94;2,42
06/04/2016;30;VACA;27120;6,8;14;6,83;1,03;11,93;3,24;3,2;4,84;2,19
06/04/2016;29;VACA;15980;3,4;14;6,85;1,03;11,74;3,11;3,11;4,82;2,15
06/04/2016;29;VACA;9220;5,2;14;6,85;1,03;12,24;3,47;3,25;4,74;2,26
06/04/2016;24;VACA;11420;5,7;14;6,84;1,03;12,32;3,57;3,18;4,83;2,24
06/04/2016;24;VACA;11540;5,8;14;6,84;1,03;12,65;3,76;3,27;4,85;2,29
06/04/2016;32;VACA;29840;2,6;15;6,83;1,03;12,34;3,36;3,29;4,95;2,31
06/04/2016;26;VACA;5380;5;15;6,82;1,03;12,65;3,87;3,2;4,81;2,24
06/04/2016;27;VACA;14680;5;15;6,82;1,03;12,49;3,67;3,29;4,8;2,3
06/04/2016;25;VACA;25520;5;14;6,8;1,03;13,12;4,15;3,3;4,94;2,37
06/04/2016;18;VACA;24920;5;15;6,8;1,03;12,82;3,62;3,58;4,93;2,54
07/04/2016;18;VACA;26100;4,7;15;6,82;1,03;12,3;3,33;3,28;5;2,3
07/04/2016;18;VACA;26060;6;15;6,84;1,03;13,01;3,8;3,57;4,95;2,56
07/04/2016;30;VACA;25800;5;14;6,85;1,03;12,26;3,39;3,27;4,91;2,33
07/04/2016;29;VACA;16680;4,1;15;6,86;1,03;11,73;3,09;3,09;4,88;2,2
07/04/2016;29;VACA;7400;7,2;15;6,85;1,03;12,22;3,46;3,2;4,82;2,32
07/04/2016;32;VACA;26240;6,5;15;6,8;1,03;12,19;3,45;3,18;4,81;2,24
07/04/2016;26;VACA;5460;4;15;6,8;1,03;12,51;3,74;3,2;4,82;2,3
07/04/2016;25;VACA;22820;4,4;15;6,82;1,03;12,91;3,92;3,37;4,94;2,43
07/04/2016;18;VACA;24960;6,9;15;6,8;1,03;12,93;3,68;3,57;5,02;2,57
07/04/2016;18;VACA;26100;6,4;15;6,8;1,03;12,64;3,31;3,62;5,01;2,61
08/04/2016;29;VACA;15760;3,3;14;6,86;1,03;11,39;2,76;3,07;4,9;2,19
08/04/2016;29;VACA;8920;6,3;14;6,85;1,03;12,25;3,64;3,17;4,62;2,23
08/04/2016;24;VACA;12440;6,1;15;6,8;1,03;12,02;3,32;3,16;4,84;2,23
08/04/2016;24;VACA;13360;5,4;15;6,81;1,03;12,59;3,69;3,2;4,91;2,29
08/04/2016;32;VACA;29320;3;15;6,82;1,03;12,38;3,42;3,27;4,97;2,3
08/04/2016;26;VACA;5460;4,1;15;6,8;1,03;12,63;3,85;3,2;4,81;2,24
08/04/2016;27;VACA;15040;8;15;6,8;1,03;12,49;3,68;3,27;4,81;2,3
08/04/2016;25;VACA;25280;5;14;6,84;1,03;13,02;4,06;3,28;4,93;2,41
08/04/2016;30;VACA;25960;4,5;15;6,84;1,03;11,98;3,17;3,24;4,89;2,28
09/04/2016;22;VACA;25320;6;15;6,84;1,03;12,44;3,35;3,23;4,83;2,31
09/04/2016;29;VACA;15920;3,3;15;6,85;1,03;11,3;2,71;3,1;4,81;2,22
09/04/2016;29;VACA;8520;6,6;15;6,83;1,03;12,1;3,36;3,19;4,82;2,25
09/04/2016;24;VACA;15340;5,8;15;6,8;1,03;12,37;3,61;3,19;4,83;2,28
09/04/2016;24;VACA;10580;7,3;15;6,83;1,03;12,4;3,62;3,24;4,79;2,28
09/04/2016;32;VACA;25860;3,8;15;6,8;1,03;12,15;3,37;3,18;4,84;2,24
09/04/2016;26;VACA;5440;4,3;15;6,8;1,03;12,64;3,89;3,2;4,78;2,3
09/04/2016;25;VACA;22480;6;15;6,79;1,03;12,98;3,98;3,35;4,93;2,4
10/04/2016;13;VACA;15120;5,2;15;6,8;1,03;12,16;3,22;3,28;4,93;2,37
10/04/2016;13;VACA;10620;7;15;6,76;1,03;11,8;2,94;3,37;4,87;2,44
10/04/2016;22;VACA;24460;6,4;15;6,84;1,03;12,54;3,57;3,29;4,97;2,36
10/04/2016;30;VACA;25960;6,4;15;6,81;1,03;12,19;3,44;3,22;4,82;2,25
10/04/2016;26;VACA;5560;4,2;15;6,78;1,03;12,31;3,51;3,21;4,84;2,3
10/04/2016;32;VACA;29540;2,5;15;6,8;1,03;12,44;3,43;3,29;4,99;2,33
10/04/2016;27;VACA;14860;8;15;6,8;1,03;12,5;3,68;3,26;4,81;2,29
10/04/2016;25;VACA;25240;6;15;6,8;1,03;13,11;4,12;3,32;4,94;2,41
11/04/2016;30;VACA;27000;7,4;15;6,82;1,03;12,1;3,34;3,23;4,84;2,25
11/04/2016;29;VACA;16200;3,6;15;6,86;1,03;11,3;2,72;3,04;4,82;2,15
11/04/2016;29;VACA;10300;6,1;15;6,83;1,03;12,27;3,52;3,21;4,76;2,25
11/04/2016;32;VACA;26100;6,1;15;6,8;1,03;12,17;3,42;3,18;4,84;2,25
11/04/2016;24;VACA;12120;6;14;6,84;1,03;12,01;3,31;3,2;4,83;2,27
11/04/2016;24;VACA;12740;6;14;6,84;1,03;12,5;3,62;3,28;4,91;2,34
11/04/2016;18;VACA;25840;6,4;14;6,78;1,03;12,93;3,67;3,55;5;2,56
11/04/2016;26;VACA;5720;4;15;6,8;1,03;12,52;3,76;3,23;4,82;2,28
11/04/2016;25;VACA;23860;4;15;6,81;1,03;13,07;3,99;3,42;4,95;2,46
11/04/2016;18;VACA;25000;6,6;15;6,8;1,03;12,95;3,72;3,57;4,93;2,56
11/04/2016;18;VACA;25820;6;15;6,79;1,03;12,98;3,82;3,56;4,94;2,56
11/04/2016;7;VACA;22280;5,1;15;6,8;1,03;12,1;3,33;3,17;4,96;2,25
12/04/2016;17;VACA;18680;4,9;15;6,81;1,03;12,1;3,33;3,16;4,94;2,17
12/04/2016;17;VACA;9740;4,1;15;6,82;1,03;12,48;3,53;3,2;5,03;2,27
12/04/2016;18;VACA;27220;6,5;15;6,78;1,03;12,07;2,74;3,63;5,03;2,59
12/04/2016;18;VACA;25340;7,6;15;6,84;1,03;12,87;3,65;3,56;4,98;2,52
12/04/2016;29;VACA;16000;3,4;14;6,86;1,03;11,44;2,81;3,05;4,82;2,16
12/04/2016;29;VACA;7360;5;14;6,86;1,03;12,16;3,48;3,18;4,71;2,24
12/04/2016;24;VACA;21200;5,8;15;6,84;1,03;12,53;3,66;3,22;4,91;2,3
12/04/2016;32;VACA;29720;3;15;6,8;1,03;12,27;3,27;3,29;4,99;2,31
12/04/2016;26;VACA;5940;4;15;6,81;1,03;12,41;3,65;3,22;4,84;2,24
12/04/2016;27;VACA;14880;8,2;15;6,8;1,03;12,55;3,7;3,27;4,83;2,28
12/04/2016;18;VACA;24540;7,5;15;6,8;1,03;13,92;4,81;3,46;4,88;2,46
12/04/2016;25;VACA;24500;5,8;15;6,82;1,03;13,18;4,16;3,36;4,94;2,42
12/04/2016;17;VACA;23400;4,4;15;6,8;1,03;12;3,03;3,3;5,04;2,31
12/04/2016;30;VACA;26320;7;15;6,81;1,03;12,09;3,27;3,27;4,88;2,26
13/04/2016;29;VACA;16020;4,7;15;6,86;1,03;11,43;2,77;3,05;4,81;2,13
13/04/2016;29;VACA;7800;7;15;6,86;1,03;12,1;3,5;3,16;4,67;2,18
13/04/2016;24;VACA;11640;5,2;15;6,84;1,03;12,21;3,48;3,19;4,8;2,23
13/04/2016;24;VACA;11700;5,2;15;6,84;1,03;12,47;3,6;3,28;4,87;2,31
13/04/2016;32;VACA;25020;6;15;6,85;1,03;12,29;3,47;3,18;4,86;2,26
13/04/2016;26;VACA;5660;4,3;15;6,82;1,03;12,47;3,73;3,22;4,79;2,25
13/04/2016;25;VACA;22500;4,5;15;6,8;1,03;12,95;3,95;3,38;4,89;2,43
13/04/2016;18;VACA;25940;6,7;15;6,83;1,03;12,9;3,68;3,56;4,96;2,55
13/04/2016;18;VACA;25740;7,2;15;6,84;1,03;12,87;3,76;3,52;4,9;2,49
13/04/2016;18;VACA;25940;6,3;16;6,77;1,03;12,99;3,74;3,57;4,95;2,55
14/04/2016;30;VACA;26180;6,3;15;6,83;1,03;12,21;3,4;3,22;4,87;2,26
14/04/2016;29;VACA;16340;3,8;15;6,85;1,03;11,47;2,79;3,1;4,79;2,2
14/04/2016;29;VACA;7840;4,8;15;6,85;1,03;12,08;3,41;3,21;4,71;2,28
14/04/2016;32;VACA;30440;2,3;15;6,81;1,03;12,33;3,35;3,29;4,98;2,34
14/04/2016;26;VACA;5620;4,2;15;6,8;1,03;12,45;3,76;3,18;4,74;2,27
14/04/2016;27;VACA;15400;8,3;15;6,82;1,03;12,51;3,7;3,26;4,83;2,32
14/04/2016;25;VACA;24740;6,2;15;6,8;1,03;13,08;4,05;3,37;4,95;2,43
14/04/2016;18;VACA;26660;7,2;15;6,83;1,03;12,96;3,73;3,58;4,96;2,58
14/04/2016;18;VACA;25600;6,5;15;6,82;1,03;12,78;3,66;3,53;4,88;2,51
14/04/2016;18;VACA;25040;7;15;6,82;1,03;12,86;3,72;3,48;4,95;2,48
15/04/2016;29;VACA;17000;4,6;15;6,84;1,03;11,38;2,78;3,09;4,76;2,13
15/04/2016;29;VACA;7840;8;15;6,84;1,03;12,05;3,39;3,18;4,73;2,23
15/04/2016;24;VACA;12000;6;15;6,81;1,03;12,14;3,44;3,18;4,79;2,21
15/04/2016;24;VACA;13440;5;15;6,83;1,03;12,47;3,62;3,16;4,91;2,25
15/04/2016;32;VACA;26100;6,3;15;6,81;1,03;12,24;3,47;3,16;4,82;2,24
15/04/2016;26;VACA;5640;4,6;15;6,84;1,03;12,41;3,71;3,16;4,78;2,23
15/04/2016;25;VACA;22880;5,5;15;6,82;1,03;12,97;3,96;3,36;4,91;2,42
15/04/2016;30;VACA;25900;7,1;14;6,82;1,03;12,14;3,31;3,24;4,87;2,26
16/04/2016;22;VACA;25680;6,6;15;6,82;1,03;12,41;3,51;3,26;4,95;2,32
16/04/2016;24;VACA;15580;7,6;15;6,84;1,03;12,41;3,63;3,2;4,84;2,27
16/04/2016;24;VACA;11800;6,1;15;6,79;1,03;12,37;3,62;3,23;4,79;2,25
16/04/2016;29;VACA;16000;4,6;15;6,84;1,03;11,68;3,01;3,09;4,78;2,14
16/04/2016;29;VACA;9960;6;15;6,82;1,03;12,08;3,37;3,19;4,79;2,23
16/04/2016;32;VACA;29700;3;15;6,8;1,03;12,3;3,29;3,29;4,99;2,33
16/04/2016;26;VACA;5440;3,8;15;6,79;1,03;12,26;3,56;3,18;4,77;2,24
16/04/2016;27;VACA;15120;8,7;15;6,8;1,03;12,47;3,7;3,24;4,81;2,27
16/04/2016;25;VACA;24820;4,6;15;6,8;1,03;13,1;4,09;3,36;4,92;2,41
17/04/2016;29;VACA;16220;3,8;15;6,84;1,03;11,57;2,92;3,05;4,76;2,11
17/04/2016;29;VACA;8020;8;15;6,84;1,03;11,99;3,34;3,15;4,72;2,22
17/04/2016;22;VACA;24860;4;15;6,81;1,03;12,21;3,28;3,26;4,97;2,3
17/04/2016;30;VACA;26420;5,1;15;6,8;1,03;12,13;3,29;3,22;4,87;2,23
17/04/2016;32;VACA;24280;4,2;14;6,83;1,03;12,16;3,44;3,18;4,82;2,2
17/04/2016;26;VACA;5520;5;15;6,81;1,03;12,53;3,78;3,2;4,78;2,24
17/04/2016;25;VACA;22980;5;15;6,82;1,03;12,98;4;3,36;4,88;2,38
18/04/2016;29;VACA;16340;3,6;15;6,84;1,03;11,57;2,95;3,01;4,73;2,07
18/04/2016;29;VACA;7540;7;15;6,84;1,03;12;3,31;3,16;4,75;2,22
18/04/2016;24;VACA;11940;6,8;14;6,8;1,03;12,2;3,39;3,21;4,87;2,25
18/04/2016;24;VACA;13040;5,8;14;6,77;1,03;12,53;3,63;3,25;4,91;2,31
18/04/2016;32;VACA;29840;3,3;15;6,79;1,03;12,4;3,38;3,28;4,99;2,34
18/04/2016;27;VACA;15040;8;15;6,8;1,03;12,49;3,69;3,22;4,82;2,26
18/04/2016;26;VACA;5620;5;15;6,79;1,03;12,49;3,68;3,21;4,84;2,24
18/04/2016;25;VACA;25240;6;15;6,8;1,03;13,1;4,09;3,36;4,91;2,41
18/04/2016;30;VACA;26320;8;15;6,81;1,03;11,95;3,13;3,25;4,88;2,25
19/04/2016;18;VACA;25280;7,9;14;6,78;1,03;13,21;4,13;3,48;4,83;2,47
19/04/2016;24;VACA;22880;6,6;15;6,81;1,03;12,48;3,65;3,17;4,9;2,28
19/04/2016;32;VACA;10380;6,5;15;6,8;1,03;12,05;3,28;3,21;4,82;2,23
19/04/2016;29;VACA;16300;4,8;14;6,8;1,03;11,79;3,13;3,12;4,75;2,16
19/04/2016;29;VACA;9100;5,5;14;6,8;1,03;11,95;3,24;3,19;4,81;2,25
19/04/2016;26;VACA;5640;4;15;6,79;1,03;12,49;3,7;3,21;4,83;2,22
19/04/2016;18;VACA;25260;6,8;15;6,78;1,03;13,05;3,76;3,6;4,95;2,6
19/04/2016;25;VACA;22520;5,2;15;6,8;1,03;12,99;4,01;3,37;4,87;2,44
19/04/2016;18;VACA;25840;7,5;15;6,8;1,03;13,17;3,95;3,55;4,99;2,52
20/04/2016;30;VACA;25960;6,7;15;6,86;1,03;12,43;3,73;3,22;4,76;2,19
20/04/2016;18;VACA;25580;6,2;15;6,8;1,03;12,85;3,65;3,56;4,96;2,51
20/04/2016;29;VACA;17320;3,6;15;6,83;1,03;11,51;2,9;3,1;4,76;2,18
20/04/2016;29;VACA;10140;5;15;6,82;1,03;12,22;3,54;3,2;4,72;2,23
20/04/2016;32;VACA;15220;7;15;6,79;1,03;12;3,27;3,15;4,91;2,23
20/04/2016;26;VACA;5620;4,5;15;6,8;1,03;12,69;3,88;3,23;4,82;2,25
20/04/2016;27;VACA;15020;8,3;15;6,8;1,03;12,45;3,68;3,22;4,83;2,29
20/04/2016;24;VACA;11780;5;15;6,8;1,03;12,06;3,34;3,17;4,83;2,22
20/04/2016;24;VACA;9040;5;15;6,8;1,03;12,49;3,59;3,25;4,92;2,31
20/04/2016;18;VACA;25600;6,2;15;6,8;1,03;12,09;3,3;3,18;4,93;2,23
20/04/2016;25;VACA;24880;5,4;15;6,81;1,03;13,25;4,21;3,35;4,95;2,41
20/04/2016;18;VACA;26200;6,5;15;6,83;1,03;12,95;3,69;3,58;4,99;2,54
20/04/2016;32;VACA;28880;3,4;15;6,8;1,03;12,36;3,36;3,28;5;2,29
21/04/2016;30;VACA;27060;7,5;14;6,86;1,03;11,72;3,23;3,1;4,69;2,1
21/04/2016;29;VACA;16660;6;14;6,86;1,03;11,77;3,13;3,1;4,74;2,17
21/04/2016;29;VACA;8360;6;14;6,8;1,03;12,08;3,35;3,19;4,75;2,28
21/04/2016;32;VACA;26620;6,2;14;6,8;1,03;12,16;3,34;3,21;4,87;2,23
21/04/2016;26;VACA;5660;4,3;14;6,8;1,03;12,43;3,59;3,24;4,86;2,31
21/04/2016;25;VACA;24280;6;15;6,81;1,03;12,92;3,93;3,35;4,91;2,39
21/04/2016;18;VACA;25020;7;15;6,77;1,03;12,89;3,62;3,6;4,98;2,58
21/04/2016;18;VACA;25900;6,6;16;6,75;1,03;12,87;3,71;3,56;4,92;2,55
21/04/2016;18;VACA;25840;6,2;16;6,75;1,03;12,88;3,66;3,57;4,97;2,52
22/04/2016;29;VACA;16100;4,2;16;6,75;1,03;11,87;3,13;3,11;4,8;2,19
22/04/2016;29;VACA;7920;7;16;6,74;1,03;12,05;3,38;3,19;4,73;2,23
22/04/2016;24;VACA;13580;6,7;15;6,79;1,03;12,17;3,35;3,24;4,88;2,28
22/04/2016;24;VACA;11720;4,8;15;6,82;1,03;12,47;3,61;3,19;4,91;2,28
22/04/2016;32;VACA;29860;3;15;6,79;1,03;12,36;3,32;3,29;5,01;2,31
22/04/2016;26;VACA;5620;4,5;15;6,8;1,03;12,46;3,66;3,23;4,82;2,27
22/04/2016;27;VACA;14680;8,4;15;6,81;1,03;12,47;3,68;3,22;4,83;2,26
22/04/2016;25;VACA;24440;6,3;15;6,79;1,03;13,1;4,1;3,34;4,94;2,42
22/04/2016;30;VACA;26300;6,8;15;6,81;1,03;12,16;3,39;3,22;4,86;2,23
23/04/2016;22;VACA;26020;7;15;6,8;1,03;11,94;2,93;3,29;5,06;2,34
23/04/2016;24;VACA;15600;6;15;6,8;1,03;13,62;4,87;3,15;4,75;2,2
23/04/2016;24;VACA;11880;8;15;6,81;1,03;12,34;3,61;3,22;4,79;2,24
23/04/2016;29;VACA;16120;6;15;6,8;1,03;11,91;3,15;3,18;4,83;2,2
23/04/2016;29;VACA;9620;6;15;6,8;1,03;12,05;3,29;3,21;4,83;2,23
23/04/2016;32;VACA;25480;6;15;6,8;1,03;12,18;3,39;3,19;4,86;2,22
23/04/2016;26;VACA;5540;5;15;6,8;1,03;12,56;3,76;3,21;4,82;2,24
23/04/2016;25;VACA;24820;6;15;6,8;1,03;12,98;3,99;3,36;4,91;2,39
23/04/2016;30;VACA;26240;7,3;15;6,85;1,03;12,11;3,37;3,21;4,89;2,22
24/04/2016;22;VACA;25620;6,4;15;6,86;1,03;12,42;3,5;3,26;4,99;2,29
24/04/2016;29;VACA;15300;3,6;15;6,82;1,03;12;3,27;3,13;4,83;2,19
24/04/2016;29;VACA;11340;5,8;15;6,82;1,03;12,14;3,45;3,19;4,75;2,21
24/04/2016;26;VACA;5580;4,6;15;6,79;1,03;12,5;3,73;3,21;4,82;2,27
24/04/2016;32;VACA;29720;5;15;6,8;1,03;12,42;3,41;3,31;4,97;2,32
24/04/2016;27;VACA;13980;7,6;15;6,84;1,03;12,47;3,7;3,23;4,83;2,24
24/04/2016;25;VACA;24520;5,4;15;6,82;1,03;13,18;4,14;3,35;4,93;2,39
25/04/2016;29;VACA;15120;6;15;6,84;1,03;11,87;3,21;3,1;4,79;2,16
25/04/2016;29;VACA;10200;6,3;15;6,84;1,03;11,9;3,21;3,17;4,82;2,22
25/04/2016;32;VACA;24960;5,7;15;6,84;1,03;12,18;3,42;3,16;4,86;2,22
25/04/2016;24;VACA;11480;8;15;6,82;1,03;12,29;3,42;3,23;4,9;2,25
25/04/2016;24;VACA;12600;7;15;6,82;1,03;12,59;3,72;3,24;4,88;2,27
25/04/2016;26;VACA;5900;4,4;15;6,82;1,03;12,41;3,65;3,17;4,84;2,24
25/04/2016;25;VACA;23920;6,6;15;6,82;1,03;13;4,03;3,3;4,9;2,38
26/04/2016;30;VACA;25960;5,2;15;6,81;1,03;11,97;3,1;3,24;4,94;2,24
26/04/2016;29;VACA;17280;5,6;15;6,84;1,03;11,96;3,31;3,16;4,72;2,21
26/04/2016;32;VACA;28820;3;15;6,82;1,03;12,48;3,51;3,26;4,95;2,31
26/04/2016;27;VACA;14520;7;15;6,82;1,03;12,43;3,67;3,2;4,82;2,25
26/04/2016;26;VACA;6080;4;14;6,8;1,03;12,29;3,57;3,15;4,83;2,17
26/04/2016;25;VACA;24460;4,7;15;6,84;1,03;13,31;4,27;3,33;4,92;2,38
26/04/2016;24;VACA;16800;4,4;14;6,85;1,03;12,38;3,69;3,11;4,8;2,19
26/04/2016;24;VACA;5380;6,2;14;6,86;1,03;12,32;3,49;3,19;4,91;2,24
27/04/2016;30;VACA;25980;7,5;14;6,84;1,03;12,43;3,62;3,24;4,85;2,24
27/04/2016;32;VACA;25600;6;15;6,84;1,03;12,08;3,33;3,16;4,86;2,22
27/04/2016;24;VACA;12060;6;15;6,84;1,03;12,26;3,43;3,2;4,88;2,23
27/04/2016;24;VACA;11680;6;15;6,82;1,03;12,28;3,5;3,23;4,86;2,25
27/04/2016;26;VACA;6080;4,5;15;6,82;1,03;12,35;3,54;3,2;4,86;2,19
27/04/2016;25;VACA;23240;4,7;15;6,82;1,03;13,04;4,06;3,33;4,89;2,36
27/04/2016;18;VACA;25460;5;15;6,83;1,03;12,24;3,24;3,28;4,98;2,28
27/04/2016;18;VACA;24960;6,5;15;6,82;1,03;13,06;3,82;3,56;4,94;2,51
28/04/2016;30;VACA;26320;4;14;6,8;1,03;12,19;3,38;3,23;4,88;2,28
28/04/2016;29;VACA;16060;6,2;15;6,83;1,03;12,21;3,48;3,21;4,76;2,23
28/04/2016;32;VACA;27280;2,2;15;6,82;1,03;12,48;3,57;3,19;4,94;2,25
28/04/2016;26;VACA;6240;4,6;15;6,8;1,03;12,35;3,54;3,26;4,87;2,25
28/04/2016;27;VACA;14840;8,2;15;6,82;1,03;12,43;3,67;3,21;4,84;2,23
28/04/2016;25;VACA;24780;5,9;15;6,84;1,03;13,13;4,1;3,33;4,96;2,39
28/04/2016;18;VACA;25600;6;15;6,82;1,03;13,01;3,68;3,58;5,03;2,56
28/04/2016;18;VACA;26240;5;15;6,8;1,03;12,56;3,52;3,5;4,81;2,42
29/04/2016;29;VACA;17240;3,2;15;6,84;1,03;11,94;3,26;3,08;4,8;2,15
29/04/2016;26;VACA;5860;4,3;15;6,82;1,03;12,48;3,62;3,21;4,84;
29/04/2016;24;VACA;12420;4,5;15;6,82;1,03;12,51;3,56;3,32;4,54;2,3
29/04/2016;24;VACA;13340;5,6;15;6,82;1,03;12,42;3,57;3,18;4,91;2,24
29/04/2016;32;VACA;22820;5;15;6,84;1,03;12,08;3,33;3,15;4,87;2,2
29/04/2016;25;VACA;21840;4,4;15;6,84;1,03;12,97;4,03;3,29;4,88;2,35
29/04/2016;30;VACA;26280;7;15;6,8;1,03;12,14;3,35;3,22;4,86;2,2
30/04/2016;24;VACA;15700;4;15;6,84;1,03;12,34;3,57;3,19;4,87;2,28
30/04/2016;24;VACA;10900;8,6;15;6,84;1,03;12,31;3,56;3,21;4,83;2,27
30/04/2016;22;VACA;25260;7;15;6,85;1,03;12,41;3,47;3,24;5;2,3
30/04/2016;29;VACA;17640;7,3;15;6,82;1,03;12,14;3,38;3,17;4,83;2,22
30/04/2016;29;VACA;11320;6,7;15;6,82;1,03;12;3,31;3,23;4,76;2,25
30/04/2016;32;VACA;27400;5;14;6,82;1,03;12,39;3,46;3,24;4,96;2,33
30/04/2016;27;VACA;14540;7;15;6,82;1,03;12,35;3,62;3,22;4,81;2,27
30/04/2016;26;VACA;5680;5;15;6,82;1,03;12,63;3,73;3,26;4,89;2,32
30/04/2016;25;VACA;25140;5;15;6,8;1,03;13,19;4,16;3,34;4,95;2,43
30/04/2016;30;VACA;26200;6,2;15;6,84;1,03;12,16;3,34;3,26;4,9;2,26
30/04/2016;22;VACA;24440;6,3;15;6,84;1,03;12,05;3,1;3,26;5,03;2,32
30/04/2016;18;VACA;26520;7,3;15;6,82;1,03;12,72;3,52;3,55;4,95;2,51
01/05/2016;29;VACA;17640;4,3;15;6,83;1,03;11,98;3,24;3,16;4,83;2,24
01/05/2016;29;VACA;8900;4;15;6,85;1,03;12,28;3,57;3,19;4,7;2,26
01/05/2016;32;VACA;26680;6,6;15;6,83;1,03;12,08;3,32;3,16;4,88;2,22
01/05/2016;26;VACA;5700;5,5;13;6,86;1,03;12,63;3,76;3,23;4,84;2,27
01/05/2016;25;VACA;24200;5,1;15;6,82;1,03;12,82;3,93;3,33;4,86;2,43
01/05/2016;30;VACA;22620;4;15;6,81;1,03;12,43;3,54;3,29;4,91;2,27
02/05/2016;18;VACA;25640;6,7;15;6,81;1,03;12,91;3,69;3,57;4,96;2,59
02/05/2016;24;VACA;16480;5,5;15;6,84;1,03;13,7;4,93;3,21;4,81;2,25
02/05/2016;29;VACA;16820;5,7;15;6,8;1,03;12,01;3,21;3,15;4,9;2,26
02/05/2016;29;VACA;6960;3,6;14;6,8;1,03;12,09;3,36;3,24;4,81;2,26
02/05/2016;26;VACA;5820;4,5;15;6,8;1,03;12,99;4,15;3,22;4,83;2,27
02/05/2016;27;VACA;14620;7,6;15;6,82;1,03;12,32;3,54;3,23;4,85;2,26
02/05/2016;25;VACA;24540;5,2;15;6,84;1,03;13,27;4,21;3,35;4,96;2,44
02/05/2016;18;VACA;25600;4;14;6,81;1,03;13;3,67;3,61;5;2,59
02/05/2016;18;VACA;24640;5;14;6,8;1,03;12,29;3,31;3,32;4,94;2,34
02/05/2016;18;VACA;26360;5;15;6,8;1,03;13,5;4,26;3,55;4,94;2,52
03/05/2016;32;VACA;28480;4;15;6,81;1,03;12,43;3,46;3,25;4,97;2,3
03/05/2016;29;VACA;16820;3,7;14;6,85;1,03;11,9;3,25;3,13;4,8;2,2
03/05/2016;29;VACA;9520;6,6;14;6,85;1,03;11,56;2,8;3,24;4,8;2,27
03/05/2016;30;VACA;27000;6,2;14;6,85;1,03;12,19;3,24;3,29;4,95;2,31
03/05/2016;24;VACA;28060;4,4;15;6,83;1,03;12,34;3,53;3,17;4,87;2,27
03/05/2016;26;VACA;5860;4;15;6,82;1,03;12,35;3,58;3,2;4,85;2,27
03/05/2016;25;VACA;24500;5,3;15;6,83;1,03;12,85;3,87;3,35;4,89;2,41
03/05/2016;32;VACA;17900;5;15;6,82;1,03;12,16;3,38;3,16;4,9;2,19
04/05/2016;24;VACA;16140;6;15;6,83;1,03;12,44;3,52;3,28;4,9;2,3
04/05/2016;29;VACA;16680;3,7;14;6,84;1,03;11,91;3,23;3,12;4,78;2,18
04/05/2016;29;VACA;9100;6,3;14;6,84;1,03;12,2;3,47;3,21;4,75;2,26
04/05/2016;26;VACA;5780;4;14;6,8;1,03;12,27;3,46;3,18;4,86;2,24
04/05/2016;27;VACA;14220;8,5;15;6,83;1,03;12,38;3,62;3,18;4,83;2,27
04/05/2016;25;VACA;24840;5,6;15;6,79;1,03;13,22;4,15;3,34;4,95;2,43
04/05/2016;32;VACA;30660;2,3;15;6,81;1,03;12,31;3,35;3,26;4,99;2,31
04/05/2016;30;VACA;26040;6,5;15;6,84;1,03;12,42;3,51;3,27;4,92;2,27
05/05/2016;29;VACA;16840;4,5;15;6,82;1,03;11,75;3,17;3,08;4,72;2,18
05/05/2016;29;VACA;8860;4,2;14;6,85;1,03;12,13;3,51;3,22;4,67;2,29
05/05/2016;26;VACA;5620;4,4;15;6,83;1,03;12,35;3,65;3,12;4,84;2,24
05/05/2016;32;VACA;29320;5,5;15;6,84;1,03;11,98;3,31;3,13;4,82;2,24
05/05/2016;25;VACA;21940;5,6;15;6,8;1,03;12,72;3,86;3,34;4,89;2,41
05/05/2016;24;VACA;16720;4,5;15;6,83;1,03;12,2;3,53;3,07;4,84;2,21
06/05/2016;24;VACA;17020;5,7;15;6,81;1,03;12,28;3,49;3,24;4,85;2,26
06/05/2016;30;VACA;25840;6,9;15;6,84;1,03;12,06;3,24;3,26;4,89;2,26
06/05/2016;29;VACA;17240;4;15;6,82;1,03;11,98;3,32;3,11;4,76;2,16
06/05/2016;29;VACA;11220;6,3;15;6,81;1,03;12,09;3,39;3,19;4,76;2,26
06/05/2016;26;VACA;5720;4,4;15;6,82;1,03;12,44;3,75;3,13;4,82;2,24
06/05/2016;32;VACA;29240;3;15;6,83;1,03;12,08;3,23;3,23;4,92;2,29
06/05/2016;27;VACA;14440;8,2;15;6,81;1,03;12,24;3,55;3,22;4,8;2,28
06/05/2016;25;VACA;24880;5,4;16;6,8;1,03;11,61;3,66;2,92;4,3;1,95
07/05/2016;22;VACA;25800;6,4;15;6,8;1,03;12,29;3,51;3,18;4,91;2,25
07/05/2016;24;VACA;16620;5,5;15;6,83;1,03;14,17;3,55;3,04;4,72;2,12
07/05/2016;29;VACA;16620;5;15;6,84;1,03;11,84;3,24;3,11;4,78;2,18
07/05/2016;29;VACA;8880;7,4;15;6,84;1,03;11,94;3,33;3,19;4,71;2,25
07/05/2016;32;VACA;23720;6,4;15;6,82;1,03;12,06;3,32;3,16;4,87;2,23
07/05/2016;26;VACA;5700;4,4;15;6,83;1,03;12,31;3,71;3,17;4,82;2,31
07/05/2016;25;VACA;22200;5,2;15;6,82;1,03;12,95;4,04;3,38;4,87;2,42
07/05/2016;30;VACA;26240;6,2;15;6,82;1,03;11,7;3,12;3,17;4,7;2,17
08/05/2016;22;VACA;23620;6,6;15;6,79;1,03;12,33;3,49;3,21;4,95;2,28
08/05/2016;29;VACA;16340;3,5;15;6,83;1,03;11,71;3,1;3,06;4,78;2,15
08/05/2016;29;VACA;8080;7,5;15;6,84;1,03;11,92;3,33;3,16;4,7;2,21
08/05/2016;32;VACA;28000;3;15;6,8;1,03;12,53;3,59;3,27;4,97;2,28
08/05/2016;27;VACA;14820;7,8;15;6,81;1,03;12,35;3,62;3,22;4,85;2,27
08/05/2016;26;VACA;5880;4,8;15;6,8;1,03;12,32;3,6;3,16;4,84;2,21
08/05/2016;25;VACA;24700;6;15;6,81;1,03;13,16;4,18;3,36;4,98;2,41
08/05/2016;24;VACA;16960;4;15;6,83;1,03;12,23;3,46;3,15;4,9;2,21
09/05/2016;22;VACA;25440;6,4;15;6,81;1,03;12,21;3,39;3,21;4,94;2,29
09/05/2016;24;VACA;16320;6,7;15;6,81;1,03;12,14;3,29;3,22;4,84;2,31
09/05/2016;30;VACA;26300;8,5;14;6,85;1,03;11,82;3;3,2;4,84;2,3
09/05/2016;29;VACA;16760;4,2;15;6,82;1,03;11,77;3,16;3,08;4,78;2,21
09/05/2016;29;VACA;8680;7;15;6,82;1,03;11,79;3,1;3,15;4,83;2,26
09/05/2016;26;VACA;5880;4,3;15;6,8;1,03;12,4;3,65;3,16;4,85;2,27
09/05/2016;32;VACA;24680;5,8;15;6,8;1,03;12,07;3,3;3,17;4,84;2,29
09/05/2016;25;VACA;23300;5;15;6,82;1,03;12,98;4,07;3,38;4,85;2,43
09/05/2016;2;VACA;15260;5,8;15;6,8;1,03;12,19;3,45;3,16;4,9;2,25
09/05/2016;2;VACA;8940;5,8;15;6,8;1,03;12,57;3,75;3,14;4,94;2,26
09/05/2016;8;VACA;13960;5,9;15;6,83;1,03;12,36;3,64;3,21;4,82;2,28
09/05/2016;8;VACA;8460;5,1;15;6,83;1,03;12,47;3,58;3,28;4,87;2,31
10/05/2016;29;VACA;17400;4;14;6,83;1,03;11,7;3,08;3,06;4,86;2,18
10/05/2016;29;VACA;9000;6,5;14;6,83;1,03;12,08;3,5;3,19;4,64;2,27
10/05/2016;32;VACA;28320;4;15;6,8;1,03;12,27;3,33;3,26;4,96;2,31
10/05/2016;26;VACA;5980;4,5;15;6,8;1,03;12,45;3,76;3,15;4,82;2,26
10/05/2016;27;VACA;14640;8;15;6,76;1,03;12,34;3,65;3,2;4,84;2,26
10/05/2016;24;VACA;20300;4,5;15;6,81;1,03;12,42;3,67;3,15;4,84;2,27
10/05/2016;25;VACA;25360;5,6;16;6,82;1,03;13,2;4,25;3,38;4,94;2,42
10/05/2016;30;VACA;26320;5,1;14;6,84;1,03;12,45;3,71;3,23;4,79;2,27
11/05/2016;22;VACA;23460;5;15;6,8;1,03;12,21;3,47;3,17;4,87;2,28
11/05/2016;24;VACA;16500;6,5;15;6,81;1,03;12,23;3,38;3,27;4,87;2,3
11/05/2016;29;VACA;16860;3,3;15;6,83;1,03;11,59;2,94;3,07;4,84;2,19
11/05/2016;29;VACA;7960;6,5;15;6,81;1,03;12,2;3,6;3,18;4,64;2,25
11/05/2016;32;VACA;25000;5,8;15;6,79;1,03;12,15;3,4;3,16;4,85;2,25
11/05/2016;26;VACA;5780;4,5;15;6,82;1,03;12,44;3,7;3,14;4,85;2,27
11/05/2016;25;VACA;23520;5,4;15;6,79;1,03;12,97;4,05;3,4;4,86;2,43
12/05/2016;26;VACA;5820;4,6;15;6,8;1,03;12,38;3,66;3,13;4,83;2,24
12/05/2016;32;VACA;29120;2,2;15;6,82;1,03;12,03;3,12;3,24;4,95;2,26
12/05/2016;27;VACA;14460;7,6;15;6,82;1,03;12,41;3,67;3,21;4,84;2,24
12/05/2016;25;VACA;24680;5,5;16;6,77;1,03;13,16;4,18;3,37;4,92;2,42
12/05/2016;24;VACA;16820;3,9;15;6,81;1,03;12,63;3,74;3,19;4,94;2,27
13/05/2016;30;VACA;26160;3,9;14;6,85;1,03;12,15;3,38;3,25;4,84;2,24
13/05/2016;24;VACA;16980;6,3;15;6,81;1,03;12,2;3,38;3,25;4,88;2,26
13/05/2016;29;VACA;16920;3,8;14;6,84;1,03;11,81;3,04;3,14;4,89;2,2
13/05/2016;29;VACA;9800;6;14;6,84;1,03;12,03;3,43;3,18;4,74;2,23
13/05/2016;26;VACA;5840;4;15;6,82;1,03;12,49;3,75;3,18;4,87;2,28
13/05/2016;32;VACA;25220;6,3;15;6,8;1,03;11,99;3,31;3,15;4,83;2,21
13/05/2016;25;VACA;24220;4,7;15;6,82;1,03;12,98;4,08;3,41;4,85;2,42
14/05/2016;24;VACA;16500;7,7;15;6,82;1,03;12,53;3,74;3,24;4,88;2,33
14/05/2016;29;VACA;16340;3,8;15;6,82;1,03;11,8;3;3,19;4,87;2,23
14/05/2016;29;VACA;10180;6;15;6,82;1,03;12,24;3,63;3,2;4,66;2,26
14/05/2016;26;VACA;5720;4,4;15;6,81;1,03;12,48;3,76;3,15;4,86;2,24
14/05/2016;30;VACA;26140;4,2;15;6,82;1,03;11,93;3,05;3,26;4,91;2,29
14/05/2016;32;VACA;29400;2,8;15;6,8;1,03;12,21;3,22;3,26;4,99;2,32
14/05/2016;27;VACA;14700;8;15;6,8;1,03;12,36;3,65;3,21;4,84;2,28
14/05/2016;25;VACA;25260;5,8;15;6,83;1,03;13,16;4,17;3,43;4,94;2,44
15/05/2016;29;VACA;16460;5;15;6,8;1,03;11,83;3,13;3,13;4,83;2,2
15/05/2016;29;VACA;8980;5,5;15;6,82;1,03;11,75;3,03;3,23;4,8;2,25
15/05/2016;32;VACA;24060;6;15;6,82;1,03;12,01;3,34;3,14;4,82;2,2
15/05/2016;26;VACA;5560;4,3;15;6,78;1,03;12,42;3,73;3,12;4,86;2,2
15/05/2016;24;VACA;16420;4;15;6,83;1,03;12,29;3,49;3,17;4,94;2,25
15/05/2016;25;VACA;23280;6,2;15;6,78;1,03;13,13;4,2;3,42;4,88;2,43
16/05/2016;30;VACA;27040;5;15;8,4;1,03;12,41;3,76;3,18;4,76;2,25
16/05/2016;20;VACA;24620;5,5;15;8,2;1,03;12,47;3,72;3,28;4,83;2,35
16/05/2016;22;VACA;24720;6,6;15;8,2;1,03;12,4;3,57;3,21;4,97;2,31
16/05/2016;21;VACA;26860;4,4;15;8,3;1,03;12,31;3,35;3,33;4,96;2,37
16/05/2016;23;VACA;24280;5,4;15;8,3;1,03;12,29;3,5;3,17;4,93;2,29
16/05/2016;24;VACA;16860;6,4;15;8,3;1,03;12,2;3,49;3,21;4,82;2,25
16/05/2016;29;VACA;16240;3,4;14;6,85;1,03;11,86;3,09;3,16;4,84;2,25
16/05/2016;29;VACA;10300;6,3;14;6,85;1,03;12,07;3,47;3,17;4,69;2,24
16/05/2016;26;VACA;5620;4,4;15;6,83;1,03;12,3;3,6;3,12;4,86;2,22
16/05/2016;27;VACA;14200;8;15;6,8;1,03;12,3;3,65;3,18;4,79;2,28
16/05/2016;25;VACA;26140;5;15;6,8;1,03;13,12;4,14;3,43;4,93;2,47
16/05/2016;18;VACA;26160;6,5;16;6,75;1,03;12,74;3,53;3,6;5;2,56
17/05/2016;32;VACA;29600;6,5;15;6,8;1,03;11,98;2,95;3,28;4,99;2,33
17/05/2016;20;VACA;22940;6;15;6,83;1,03;12,34;3,45;3,33;4,91;2,35
17/05/2016;22;VACA;18540;6,2;15;6,82;1,03;12,49;3,58;3,26;5,02;2,33
17/05/2016;21;VACA;27000;4;15;6,81;1,03;12,34;3,35;3,36;4,97;2,37
17/05/2016;23;VACA;25640;6;15;6,82;1,03;12,29;3,44;3,2;4,96;2,3
17/05/2016;30;VACA;26760;4;14;6,85;1,03;12,27;3,52;3,24;4,85;2,3
17/05/2016;24;VACA;25560;5,3;16;6,84;1,03;12,33;3,57;3,15;4,89;2,26
17/05/2016;29;VACA;16600;3,7;14;6,85;1,03;11,66;2,94;3,14;4,86;2,22
17/05/2016;29;VACA;8400;5,7;14;6,86;1,03;12,03;3,44;3,17;4,71;2,25
17/05/2016;26;VACA;5820;5;15;6,8;1,03;12,28;3,61;3,13;4,87;2,21
17/05/2016;25;VACA;22700;5;15;6,8;1,03;13,04;4,15;3,36;4,87;2,38
17/05/2016;18;VACA;25320;6,7;15;6,8;1,03;12,43;3,06;3,67;5,08;2,66
18/05/2016;32;VACA;23920;6,6;15;6,82;1,03;11,86;3,24;3,08;4,78;2,23
18/05/2016;20;VACA;24280;5,4;15;6,82;1,03;12,47;3,65;3,32;4,87;2,35
18/05/2016;22;VACA;24300;6,7;15;6,83;1,03;12,41;3,58;3,21;4,97;2,29
18/05/2016;21;VACA;26820;4,7;15;6,81;1,03;12,25;3,28;3,34;4,98;2,4
18/05/2016;23;VACA;20520;5,7;15;6,81;1,03;12,21;3,4;3,2;4,95;2,34
18/05/2016;29;VACA;16400;4;14;6,84;1,03;11,77;3,15;3,03;4,85;2,19
18/05/2016;29;VACA;9400;7;15;6,82;1,03;12,12;3,43;3,21;4,75;2,26
18/05/2016;24;VACA;16840;6,7;15;6,83;1,03;11,93;3,22;3,15;4,85;2,25
18/05/2016;26;VACA;5440;4,7;16;6,78;1,03;12,19;3,55;3,06;4,84;2,18
18/05/2016;27;VACA;14100;8;15;6,82;1,03;12,28;3,62;3,22;4,8;2,24
18/05/2016;25;VACA;25500;6;16;6,8;1,03;13,01;4,1;3,35;4,91;2,39
18/05/2016;30;VACA;26280;5;15;6,82;1,03;11,97;3,18;3,23;4,87;2,3
18/05/2016;18;VACA;25120;2;15;6,8;1,03;12,77;3,58;3,6;5;2,56
18/05/2016;32;VACA;30140;6,5;15;6,8;1,03;12,22;3,3;3,24;4,93;2,29
19/05/2016;20;VACA;23720;6,4;15;6,83;1,03;12,26;3,55;3,24;4,81;2,3
19/05/2016;22;VACA;25120;6,9;15;6,83;1,03;12;3,22;3,17;4,91;2,25
19/05/2016;21;VACA;27000;4,2;15;6,82;1,03;12,22;3,27;3,31;4,96;2,38
19/05/2016;23;VACA;23020;5,7;15;6,83;1,03;12,22;3,43;3,15;4,94;2,28
19/05/2016;29;VACA;12900;4,4;14;6,85;1,03;11,74;3,14;2,96;4,84;2,1
19/05/2016;29;VACA;11300;6,4;14;6,84;1,03;11,78;3,2;3,07;4,74;2,19
19/05/2016;32;VACA;22400;6;15;6,8;1,03;12,04;3,35;3,14;4,8;2,21
19/05/2016;26;VACA;5740;4,78;15;6,8;1,03;12,26;3,59;3,08;4,86;2,19
19/05/2016;25;VACA;21980;5,5;16;6,78;1,03;12,95;4,11;3,31;4,85;2,39
19/05/2016;18;VACA;24480;6,3;16;6,83;1,03;12,85;3,66;3,59;5;2,56
20/05/2016;26;VACA;5760;5,4;15;6,82;1,03;12,35;3,63;3,15;4,88;2,22
20/05/2016;30;VACA;25960;4,5;14;6,85;1,03;12;3,19;3,23;4,92;2,26
20/05/2016;24;VACA;27880;5,6;15;6,83;1,03;12,06;3,26;3,17;4,91;2,25
20/05/2016;18;VACA;26060;7,4;15;6,81;1,03;12,72;3,7;3,45;4,95;2,46
20/05/2016;29;VACA;17000;4,2;14;6,86;1,03;11,82;3,15;3,03;4,88;2,18
20/05/2016;29;VACA;9520;7,2;14;6,86;1,03;12,06;3,36;3,21;4,76;2,24
20/05/2016;32;VACA;29220;4;15;6,8;1,03;12,09;3,17;3,23;4,97;2,29
20/05/2016;27;VACA;14340;8,5;15;6,82;1,03;12,35;3,65;3,21;4,81;2,27
20/05/2016;25;VACA;24940;6,8;15;6,8;1,03;13,09;4,12;3,36;4,97;2,42
21/05/2016;26;VACA;6020;5;15;6,82;1,03;12,31;3,6;3,15;4,87;2,23
21/05/2016;29;VACA;16760;3,6;15;6,82;1,03;11,62;3,02;3,04;4,84;2,17
21/05/2016;29;VACA;8020;9;15;6,82;1,03;11,9;3,3;3,17;4,71;2,25
21/05/2016;24;VACA;22640;5,4;15;6,78;1,03;12,11;3,37;3,18;4,86;2,21
21/05/2016;32;VACA;21520;6,7;15;6,78;1,03;12,11;3,45;3,13;4,8;2,18
21/05/2016;25;VACA;22520;4,5;15;6,77;1,03;13,03;4,11;3,37;4,89;2,36
21/05/2016;30;VACA;25820;4,6;15;6,84;1,03;12,22;3,4;3,24;4,91;2,3
22/05/2016;29;VACA;16300;3,8;15;6,81;1,03;11,78;3,18;3,03;4,79;2,15
22/05/2016;29;VACA;8320;7,3;15;6,84;1,03;11,91;3,28;3,17;4,7;2,23
22/05/2016;26;VACA;6060;4,6;15;6,79;1,03;12,04;3,28;3,17;4,89;2,25
22/05/2016;32;VACA;29080;4;14;6,8;1,03;12,01;3,13;3,21;4,97;2,28
22/05/2016;27;VACA;13940;4;15;6,8;1,03;12,29;3,62;3,2;4,8;2,26
22/05/2016;25;VACA;24960;6;15;6,81;1,03;12,98;4,07;3,36;4,91;2,4
23/05/2016;30;VACA;26280;5,5;15;6,84;1,03;11,87;3,21;3,16;4,85;2,18
23/05/2016;22;VACA;21960;7;15;6,83;1,03;12,16;3,35;3,22;4,94;2,33
23/05/2016;18;VACA;25960;7,2;15;6,78;1,03;12,62;3,53;3,53;4,98;2,47
23/05/2016;18;VACA;24380;7,4;15;6,79;1,03;12,77;3,57;3,57;5,03;2,55
23/05/2016;24;VACA;16800;6,2;14;6,85;1,03;12,07;3,23;3,23;4,94;2,31
23/05/2016;29;VACA;16380;4;15;6,8;1,03;11,68;3,06;3,03;4,86;2,17
23/05/2016;29;VACA;8560;4;15;6,8;1,03;11,88;3,12;3,21;4,88;2,29
23/05/2016;26;VACA;5920;4,5;15;6,81;1,03;12,33;3,6;3,16;4,86;2,23
23/05/2016;32;VACA;25820;5,5;15;6,81;1,03;11,97;3,27;3,12;4,83;2,24
23/05/2016;25;VACA;21920;6;15;6,8;1,03;13,08;4,12;3,39;4,92;2,43
23/05/2016;18;VACA;25240;6;15;6,78;1,03;13,02;3,81;3,59;5,03;2,54
23/05/2016;18;VACA;24860;6,7;15;6,78;1,03;12,95;3,8;3,57;4,99;2,52
24/05/2016;29;VACA;15960;3,7;14;6,85;1,03;11,68;3,08;3,05;4,83;2,18
24/05/2016;29;VACA;9720;6;14;6,85;1,03;12,05;3,41;3,19;4,73;2,26
24/05/2016;24;VACA;27940;5,5;15;6,81;1,03;12,24;3,46;3,18;4,91;2,29
24/05/2016;18;VACA;25260;6,7;15;6,79;1,03;12,85;3,69;3,57;5;2,55
24/05/2016;32;VACA;27700;3,3;15;6,81;1,03;12,17;3,24;3,24;5,02;2,29
24/05/2016;27;VACA;14360;8,3;15;6,78;1,03;12,32;3,62;3,24;4,83;2,27
24/05/2016;26;VACA;5980;4,6;15;6,79;1,03;12,33;3,65;3,17;4,85;2,23
24/05/2016;25;VACA;25160;5,5;15;6,78;1,03;13,09;4,11;3,38;4,96;2,42
24/05/2016;18;VACA;25900;6,5;15;6,78;1,03;10,64;3,01;2,93;3,97;1,81
25/05/2016;22;VACA;23920;6;15;6,77;1,03;12,37;3,58;3,18;4,93;2,27
25/05/2016;26;VACA;5800;3,8;15;6,8;1,03;12,35;3,66;3,13;4,85;2,24
25/05/2016;29;VACA;15480;3,2;15;6,84;1,03;11,6;2,95;3,05;4,87;2,16
25/05/2016;29;VACA;8560;3,2;15;6,84;1,03;11,98;3,39;3,15;4,74;2,22
25/05/2016;32;VACA;24800;6,8;15;6,82;1,03;12,01;3,3;3,15;4,83;2,23
25/05/2016;25;VACA;20500;6,3;16;6,78;1,03;13,03;4,1;3,41;4,91;2,42
25/05/2016;24;VACA;12560;5;15;6,83;1,03;12,17;3,65;3,07;4,73;2,17
25/05/2016;24;VACA;6020;6;15;6,83;1,03;12,47;3,95;3,08;4,79;2,18
26/05/2016;29;VACA;16220;6;15;6,79;1,03;11,68;3,02;3,06;4,85;2,17
26/05/2016;29;VACA;8940;6,5;15;6,8;1,03;11,95;3,3;3,17;4,76;2,22
26/05/2016;32;VACA;28660;4,8;15;6,81;1,03;11,95;3,11;3,17;4,98;2,26
26/05/2016;27;VACA;14680;8,2;15;6,81;1,03;12,3;3,59;3,21;4,82;2,29
26/05/2016;26;VACA;5980;4,6;15;6,78;1,03;12,29;3,57;3,15;4,84;2,23
26/05/2016;25;VACA;24120;6,5;15;8,3;1,03;13,03;4;3,39;5,01;2,47
27/05/2016;29;VACA;16140;4;15;6,83;1,03;11,67;2,98;3,12;4,83;2,18
27/05/2016;29;VACA;8680;2,8;15;6,83;1,03;11,96;3,31;3,15;4,78;2,27
27/05/2016;24;VACA;14460;5;15;6,8;1,03;12,02;3,26;3,15;4,87;2,24
27/05/2016;24;VACA;12260;4;15;6,8;1,03;12,25;3,5;3,13;4,9;2,24
27/05/2016;32;VACA;24140;6;15;6,77;1,03;11,96;3,25;3,13;4,86;2,2
27/05/2016;26;VACA;5680;4,5;15;6,78;1,03;12,27;3,64;3,05;4,82;2,18
27/05/2016;25;VACA;22200;6;14;6,82;1,03;12,96;4,02;3,38;4,9;2,43
27/05/2016;7;VACA;23860;4,8;15;6,82;1,03;11,99;3,19;3,14;4,99;2,27
28/05/2016;29;VACA;14920;4;15;6,82;1,03;11,73;3,05;3,09;4,83;2,2
28/05/2016;29;VACA;8940;6,8;15;6,82;1,03;12,08;3,42;3,19;4,73;2,26
28/05/2016;30;VACA;26680;5;15;6,82;1,03;11,86;3,09;3,26;4,85;2,28
28/05/2016;24;VACA;15520;7;15;6,8;1,03;12,38;3,59;3,19;4,9;2,28
28/05/2016;24;VACA;10120;6,3;15;6,79;1,03;11,94;3,25;3,17;4,88;2,26
28/05/2016;32;VACA;27960;3;15;6,8;1,03;12,04;3,21;3,17;4,97;2,25
28/05/2016;26;VACA;5900;0;15;6,82;1,03;12,15;3,47;3,09;4,86;2,23
28/05/2016;27;VACA;14220;8,2;15;6,79;1,03;12,3;3,57;3,22;4,84;2,26
28/05/2016;25;VACA;24640;5,8;15;6,78;1,03;13,02;4,05;3,37;4,97;2,45
29/05/2016;29;VACA;16020;4;15;6,8;1,03;11,72;3,05;3,09;4,83;2,19
29/05/2016;29;VACA;7960;4;15;6,8;1,03;11,81;3,09;3,2;4,84;2,25
29/05/2016;32;VACA;22760;6;15;6,79;1,03;11,91;3,2;3,13;4,84;2,23
29/05/2016;26;VACA;5760;5;15;6,79;1,03;12,36;3,65;3,13;4,84;2,25
29/05/2016;25;VACA;22240;5,8;15;6,8;1,03;12,98;4,03;3,39;4,9;2,44
30/05/2016;30;VACA;25400;5;15;6,8;1,03;11,57;2,76;3,29;4,87;2,24
30/05/2016;24;VACA;16060;5;15;6,8;1,03;12,15;3,45;3,14;4,83;2,26
30/05/2016;24;VACA;7580;5;15;6,82;1,03;12,15;3,3;3,25;4,93;2,3
30/05/2016;29;VACA;15800;5;15;6,8;1,03;11,91;3,2;3,13;4,78;2,21
30/05/2016;29;VACA;10540;5;15;6,8;1,03;12;3,29;3,18;4,75;2,24
30/05/2016;32;VACA;27300;6;20;6,8;1,03;12,12;3,31;3,15;4,99;2,23
30/05/2016;26;VACA;5860;4,3;15;6,81;1,03;12,43;3,69;3,15;4,87;2,26
30/05/2016;27;VACA;13620;8;15;6,83;1,03;12,37;3,62;3,23;4,85;2,29
30/05/2016;25;VACA;23980;4,5;15;6,84;1,03;13,09;3,97;3,35;4,97;2,44
31/05/2016;20;VACA;23880;5,5;15;6,84;1,03;12,55;3,53;3,28;4,9;2,35
31/05/2016;29;VACA;12980;6;15;6,81;1,03;12,04;3,27;3,14;4,76;2,24
31/05/2016;24;VACA;21460;4,4;15;6,82;1,03;12,41;3,58;3,1;4,84;2,23
31/05/2016;26;VACA;5680;4,4;15;6,8;1,03;12,35;3,51;3,14;4,86;2,22
31/05/2016;32;VACA;23580;5,3;15;6,79;1,03;11,97;3,14;3,11;4,87;2,19
31/05/2016;25;VACA;22300;7,2;16;6,85;1,03;12,99;3,9;3,38;4,92;2,47
31/05/2016;18;VACA;24880;5,5;16;6,82;1,03;12,57;3,62;3,18;4,93;2,27
31/05/2016;18;VACA;23420;4,6;15;6,81;1,03;12,48;3,46;3,24;4,98;2,33
31/05/2016;18;VACA;24640;6,7;15;6,82;1,03;12,18;3,17;3,27;4,97;2,31
31/05/2016;30;VACA;25140;5,1;14;6,86;1,03;12,44;3,52;3,24;4,83;2,27
31/05/2016;22;VACA;24980;4;14;6,8;1,03;12,19;3,29;3,16;4,91;2,27
01/06/2016;18;VACA;25680;3;15;6,8;1,03;12,42;3,27;3,48;4,97;2,48
01/06/2016;29;VACA;16200;4;14;6,8;1,03;11,78;2,94;3,12;4,87;2,26
01/06/2016;29;VACA;11300;3;15;6,8;1,03;12,01;3,21;3,13;4,79;2,21
01/06/2016;24;VACA;14300;4;15;6,82;1,03;12,07;3,29;3,13;4,79;2,25
01/06/2016;24;VACA;9460;5,6;15;6,82;1,03;12,11;3,21;3,2;4,91;2,3
01/06/2016;32;VACA;27840;3;15;6,83;1,03;12,07;3,32;3,15;4,86;2,23
01/06/2016;26;VACA;6080;5;15;6,83;1,03;12,3;3,56;3,1;4,79;2,22
01/06/2016;27;VACA;13900;8;15;6,82;1,03;12,23;3,46;3,17;4,82;2,26
01/06/2016;25;VACA;24540;6;15;6,84;1,03;12,98;3,94;3,32;4,93;2,42
01/06/2016;30;VACA;24080;4,5;15;6,84;1,03;11,91;3,06;3,24;4,8;2,28
02/06/2016;18;VACA;25640;6,5;15;6,8;1,03;12,63;3,43;3,46;5,01;2,47
02/06/2016;18;VACA;25760;5;15;6,8;1,03;11,25;2,14;3,46;4,93;2,47
02/06/2016;29;VACA;15740;6;15;6,82;1,03;11,86;3,1;3,07;4,81;2,2
02/06/2016;29;VACA;9320;6;15;6,8;1,03;11,86;3,25;3,06;4,68;2,2
02/06/2016;32;VACA;25000;5,5;15;6,82;1,03;11,88;3,12;3,09;4,81;2,22
02/06/2016;26;VACA;5760;5;15;6,82;1,03;12,22;3,47;3,05;4,82;2,2
02/06/2016;25;VACA;22500;6,8;15;6,8;1,03;12,77;3,75;3,37;4,89;2,41
02/06/2016;30;VACA;25100;5;15;6,82;1,03;12,18;3,31;3,21;4,82;2,26
03/06/2016;24;VACA;15120;6;15;6,84;1,03;11,93;3,18;3,06;4,84;2,16
03/06/2016;24;VACA;12820;5,3;15;6,84;1,03;11,93;3,16;3,14;4,77;2,21
03/06/2016;29;VACA;17480;5;15;6,82;1,03;11,79;3,07;3,08;4,8;2,17
03/06/2016;29;VACA;11280;4,7;15;6,82;1,03;11,86;3,17;3,11;4,79;
03/06/2016;32;VACA;28020;3,2;15;6,84;1,03;12,05;3,19;3,11;4,95;2,19
03/06/2016;27;VACA;13220;8,7;15;6,8;1,03;12,19;3,43;3,17;4,77;2,25
03/06/2016;26;VACA;6000;5,6;15;6,79;1,03;12,27;3,53;3,08;4,8;2,17
03/06/2016;25;VACA;24500;6,3;15;6,8;1,03;12,93;3,9;3,3;4,93;2,4
04/06/2016;30;VACA;21560;4;14;6,8;1,03;12,15;3,26;3,22;4,84;2,24
04/06/2016;29;VACA;15560;4,6;15;6,82;1,03;11,67;2,98;3,02;4,79;2,11
04/06/2016;29;VACA;9480;7;15;6,81;1,03;12,02;3,34;3,1;4,73;2,18
04/06/2016;24;VACA;17000;7,1;15;6,8;1,03;12,04;3,35;3,07;4,78;2,18
04/06/2016;24;VACA;7060;7,2;15;6,81;1,03;11,91;3,1;3,16;4,82;2,22
04/06/2016;32;VACA;23060;6,2;15;6,78;1,03;11,95;3,2;3,08;4,8;2,19
04/06/2016;26;VACA;5720;4;15;6,8;1,03;12,2;3,46;3,1;4,8;2,19
04/06/2016;25;VACA;22740;6,5;16;6,78;1,03;12,85;3,84;3,33;4,9;2,37
05/06/2016;29;VACA;15860;4;15;6,82;1,03;11,79;3,06;3,03;4,82;2,15
05/06/2016;29;VACA;11180;7;15;6,85;1,03;12,12;3,46;3,16;4,61;2,24
05/06/2016;30;VACA;21700;4;15;6,8;1,03;12,27;3,38;3,24;4,82;2,27
05/06/2016;32;VACA;28540;2,8;16;6,8;1,03;11,94;3,07;3,14;4,96;2,21
05/06/2016;26;VACA;5720;6;15;6,79;1,03;12,28;3,53;3,08;4,81;2,21
05/06/2016;27;VACA;13340;7,6;15;6,8;1,03;12,2;3,45;3,15;4,78;2,23
05/06/2016;25;VACA;24060;6,8;16;6,82;1,03;12,9;3,88;3,32;4,91;2,4
05/06/2016;20;VACA;23380;5,6;15;6,81;1,03;12,3;3,43;3,18;4,86;2,27
05/06/2016;22;VACA;25220;6,4;15;6,82;1,03;12,02;3,32;3,08;4,82;2,17
06/06/2016;23;VACA;23120;6,5;15;6,8;1,03;12,2;3,31;3,11;4,92;2,22
06/06/2016;21;VACA;27000;3,6;15;6,81;1,03;12,3;3,36;3,21;4,87;2,29
06/06/2016;18;VACA;25640;4,7;15;6,83;1,03;11,98;3,03;3,22;4,93;2,27
06/06/2016;29;VACA;7940;5,6;15;6,83;1,03;11,95;3,2;3,1;4,83;2,21
06/06/2016;29;VACA;15520;4,6;15;6,82;1,03;11,8;3,1;2,98;4,85;2,14
06/06/2016;24;VACA;15880;5,8;15;6,8;1,03;11,86;3,12;3,07;4,82;2,17
06/06/2016;24;VACA;8240;6;15;6,8;1,03;12,18;3,27;3,17;4,9;2,24
06/06/2016;32;VACA;23440;6,5;15;6,8;1,03;11,87;3,11;3,1;4,84;2,21
06/06/2016;26;VACA;5940;4,6;15;6,81;1,03;12,24;3,5;3,05;4,82;2,14
06/06/2016;25;VACA;23260;5,4;15;6,82;1,03;12,81;3,83;3,32;4,88;2,36
07/06/2016;30;VACA;24940;5;15;6,82;1,03;11,46;2,76;3,13;4,74;2,18
07/06/2016;22;VACA;25140;6,6;15;6,79;1,03;12,15;3,32;3,13;4,89;2,23
07/06/2016;29;VACA;15440;4,5;14;6,86;1,03;11,7;3,05;2,96;4,79;2,11
07/06/2016;29;VACA;10020;7,1;14;6,85;1,03;11,88;3,24;3,04;4,65;2,13
07/06/2016;18;VACA;24660;8,2;15;6,83;1,03;12,84;3,67;3,42;4,99;2,43
07/06/2016;24;VACA;21260;7;15;6,82;1,03;12,29;3,56;3,02;4,85;2,16
07/06/2016;26;VACA;6080;4,8;15;6,81;1,03;12,26;3,51;3,08;4,79;2,16
07/06/2016;32;VACA;28440;3;15;6,81;1,03;11,97;3,06;3,18;4,98;2,26
07/06/2016;27;VACA;13560;8,6;15;6,83;1,03;12,1;3,33;3,15;4,82;2,25
07/06/2016;25;VACA;24800;8,6;15;6,83;1,03;12,86;3,85;3,31;4,92;2,41
08/06/2016;22;VACA;25960;6,5;15;6,82;1,03;12,16;3,33;3,1;4,87;2,24
08/06/2016;29;VACA;15120;4,3;15;6,82;1,03;11,78;3,15;2,91;4,81;2,11
08/06/2016;29;VACA;9120;7;14;6,85;1,03;12;3,35;3,06;4,78;2,18
08/06/2016;24;VACA;13960;5,8;15;6,83;1,03;12,11;3,3;3,1;4,86;2,23
08/06/2016;24;VACA;8500;7,5;15;6,81;1,03;12,03;3,09;3,22;4,91;2,27
08/06/2016;32;VACA;23460;5,8;15;6,82;1,03;11,9;3,16;3,07;4,83;2,18
08/06/2016;26;VACA;6160;4,8;15;6,8;1,03;12,13;3,35;3,1;4,81;2,22
08/06/2016;25;VACA;22640;4,5;15;6,81;1,03;12,76;3,78;3,31;4,9;2,38
08/06/2016;18;VACA;25140;7;15;6,8;1,03;12,85;3,66;3,49;5;2,48
09/06/2016;29;VACA;13020;4,5;15;6,78;1,03;11,87;3,19;2,93;4,81;2,14
09/06/2016;29;VACA;8660;6,8;15;6,78;1,03;11,82;3,19;3,05;4,67;2,15
09/06/2016;32;VACA;28080;3,1;15;6,81;1,03;12,04;3,17;3,14;4,96;2,22
09/06/2016;27;VACA;13540;8;15;6,77;1,03;12,18;3,42;3,12;4,81;2,21
09/06/2016;26;VACA;6020;4,6;15;6,79;1,03;12,27;3,52;3,08;4,8;2,19
09/06/2016;25;VACA;24480;6,2;15;6,77;1,03;12,8;3,76;3,3;4,96;2,39
10/06/2016;29;VACA;13420;4,3;15;6,8;1,03;11,67;3,02;2,99;4,8;2,12
10/06/2016;29;VACA;10520;7,3;15;6,8;1,03;11,86;3,2;3,07;4,72;2,2
10/06/2016;24;VACA;16120;6,8;15;6,83;1,03;11,92;3,11;3,08;4,9;2,19
10/06/2016;24;VACA;12140;5,3;15;6,83;1,03;12,01;3,14;3,14;4,92;2,21
10/06/2016;32;VACA;23300;7;15;6,82;1,03;11,93;3,17;3,07;4,84;2,19
10/06/2016;26;VACA;6000;5,3;16;6,84;1,03;12,21;3,43;3,12;4,83;2,17
10/06/2016;25;VACA;20680;4,5;15;6,83;1,03;12,79;3,81;3,3;4,92;2,35
10/06/2016;30;VACA;18340;5;15;6,82;1,03;12,12;3,32;3,14;4,86;2,24
11/06/2016;29;VACA;14060;4;15;6,84;1,03;11,69;3,04;3,05;4,84;2,16
11/06/2016;29;VACA;10660;7;15;6,84;1,03;11,81;3,18;3,12;4,69;2,17
11/06/2016;24;VACA;16560;3,7;15;6,84;1,03;12,03;3,33;3,07;4,82;2,19
11/06/2016;24;VACA;7080;8,2;15;6,8;1,03;11,99;3,17;3,15;4,87;2,23
11/06/2016;32;VACA;26760;4,2;15;6,79;1,03;12,1;3,31;3,03;5;2,16
11/06/2016;27;VACA;11200;4;15;6,8;1,03;12,18;3,44;3,09;4,84;2,19
11/06/2016;26;VACA;5900;8;15;6,82;1,03;12,35;3,56;3,14;4,84;2,23
11/06/2016;25;VACA;24500;5,2;15;6,78;1,03;12,8;3,81;3,26;4,95;2,35
12/06/2016;22;VACA;24480;6,7;15;6,82;1,03;11,47;2,66;3,11;4,9;2,21
12/06/2016;29;VACA;10920;8,7;15;6,8;1,03;11,97;3,35;3,05;4,75;2,17
12/06/2016;30;VACA;23740;5,3;15;6,82;1,03;12,21;3,41;3,12;4,86;2,21
12/06/2016;26;VACA;6080;4,7;15;6,78;1,03;12,23;3,46;3,12;4,82;2,18
12/06/2016;32;VACA;21720;6,3;15;6,79;1,03;11,95;3,22;3,09;4,82;2,19
12/06/2016;25;VACA;21060;5,8;15;6,8;1,03;12,78;3,81;3,29;4,91;2,37
12/06/2016;7;VACA;16460;6;15;6,8;1,03;11,83;2,98;3,08;4,98;2,23
12/06/2016;7;VACA;9660;6;15;6,8;1,03;11,93;3,21;3,06;4,9;2,18
13/06/2016;20;VACA;24520;6;15;6,79;1,03;12,22;3,39;3,17;4,84;2,32
13/06/2016;24;VACA;15200;6;15;6,8;1,03;11,9;3,15;3,06;4,83;2,18
13/06/2016;24;VACA;7960;5,8;15;6,8;1,03;12,16;3,2;3,2;4,95;2,31
13/06/2016;26;VACA;6000;4,7;15;6,79;1,03;12,3;3,51;3,13;4,83;2,2
13/06/2016;29;VACA;8520;4,6;15;6,82;1,03;11,83;3,21;3,05;4,8;2,2
13/06/2016;29;VACA;6780;8,4;15;6,81;1,03;11,89;3,23;3,13;4,67;2,24
13/06/2016;27;VACA;10860;8,5;15;6,77;1,03;12,08;3,36;3,07;4,87;2,22
13/06/2016;25;VACA;24180;6;15;6,79;1,03;12,81;3,81;3,25;4,99;2,39
13/06/2016;18;VACA;25340;7;15;6,8;1,03;12,53;3,45;3,41;5;2,45
13/06/2016;18;VACA;24960;6,8;15;6,81;1,03;12,67;3,54;3,42;5,04;2,47
13/06/2016;32;VACA;26760;4;15;6,82;1,03;12,06;3,29;3,07;4,97;2,2
13/06/2016;17;VACA;16880;7;15;6,8;1,03;11,96;3,15;3,1;4,96;2,22
13/06/2016;17;VACA;9000;6,4;15;6,81;1,03;12,22;3,21;3,34;4,97;2,37
14/06/2016;30;VACA;25520;5;15;6,84;1,03;12,05;3,19;3,18;4,91;2,25
14/06/2016;20;VACA;22700;4;15;6,8;1,03;12,24;3,43;3,2;4,83;2,29
14/06/2016;29;VACA;13880;4,2;16;6,85;1,03;11,74;3,14;3,01;4,81;2,12
14/06/2016;29;VACA;8220;7;16;6,85;1,03;11,89;3,25;3,07;4,8;2,16
14/06/2016;32;VACA;23920;5,4;15;6,83;1,03;11,88;3,15;3,14;4,81;2,2
14/06/2016;26;VACA;5860;4,5;16;6,84;1,03;12,2;3,46;3,11;4,82;2,17
14/06/2016;25;VACA;22820;5;16;6,79;1,03;12,65;3,7;3,29;4,93;2,37
14/06/2016;24;VACA;16160;4,4;15;6,82;1,03;12,21;3,39;3,09;4,89;2,26
14/06/2016;24;VACA;2380;3,4;15;6,82;1,03;11,9;3,24;3,06;4,78;2,19
14/06/2016;18;VACA;25520;6,3;16;6,8;1,03;12,55;3,45;3,41;5,02;2,45
15/06/2016;29;VACA;13600;6,5;15;6,82;1,03;11,89;3,25;3;4,8;2,16
15/06/2016;29;VACA;11260;6,7;15;6,83;1,03;11,97;3,35;3,06;4,7;2,18
15/06/2016;24;VACA;14840;6,6;15;6,78;1,03;11,86;3,09;3,07;4,81;2,2
15/06/2016;24;VACA;9820;5,3;15;6,78;1,03;11,95;3,05;3,21;4,91;2,29
15/06/2016;27;VACA;11860;7,4;15;6,81;1,03;12,1;3,4;3,07;4,85;2,21
15/06/2016;26;VACA;5940;4,8;16;6,76;1,03;12,32;3,53;3,09;4,84;2,2
15/06/2016;32;VACA;27400;3;15;6,8;1,03;12,12;3,34;3,12;4,91;2,23
15/06/2016;30;VACA;25800;6;15;6,81;1,03;11,96;3,14;3,13;4,89;2,22
15/06/2016;25;VACA;24240;4;15;6,8;1,03;12,82;3,85;3,28;4,93;2,38
16/06/2016;29;VACA;13880;4,4;15;6,82;1,03;12;3,33;3,06;4,79;2,18
16/06/2016;29;VACA;8580;5,5;15;6,82;1,03;11,86;3,28;3,01;4,76;2,16
16/06/2016;26;VACA;6160;4,4;15;6,83;1,03;12,33;3,49;3,14;4,9;2,22
16/06/2016;25;VACA;22480;6;15;6,78;1,03;12,74;3,74;3,34;4,92;2,37
16/06/2016;32;VACA;24000;5;15;6,82;1,03;11,89;3,12;3,14;4,81;2,21
16/06/2016;30;VACA;23780;4,5;15;6,81;1,03;11,94;3,16;3,19;4,8;2,24
17/06/2016;29;VACA;13980;3,6;15;6,83;1,03;12,05;3,38;3,07;4,76;2,16
17/06/2016;29;VACA;9940;7;16;6,84;1,03;11,99;3,37;3,14;4,66;2,2
17/06/2016;24;VACA;15700;6,1;15;6,81;1,03;12,78;4,12;3,06;4,74;2,13
17/06/2016;24;VACA;11800;5;15;6,82;1,03;12,12;3,22;3,17;4,93;2,24
17/06/2016;32;VACA;27800;3,4;15;6,81;1,03;12,24;3,4;3,17;4,92;2,24
17/06/2016;26;VACA;6300;4,3;15;6,79;1,03;12,25;3,47;3,12;4,84;
17/06/2016;27;VACA;11940;7,6;15;6,8;1,03;12,12;3,44;3,11;4,81;2,19
17/06/2016;25;VACA;24420;6,4;16;6,78;1,03;12,92;3,88;3,37;4,93;2,4
18/06/2016;24;VACA;16340;8;15;6,8;1,03;12,32;3,59;3,1;4,83;2,2
18/06/2016;24;VACA;6660;6,7;15;6,8;1,03;12;3,26;3,21;4,85;2,22
18/06/2016;29;VACA;14160;6;15;6,79;1,03;11,91;3,18;3,12;4,83;2,19
18/06/2016;29;VACA;9720;7;15;6,8;1,03;12,03;3,24;3,15;4,84;
18/06/2016;30;VACA;23680;4,6;15;6,86;1,03;12,1;3,31;3,17;4,82;2,21
18/06/2016;32;VACA;21400;6,6;15;6,78;1,03;11,88;3,16;3,13;4,8;2,2
18/06/2016;26;VACA;6280;5,6;15;6,79;1,03;12,21;3,44;3,1;4,88;2,15
18/06/2016;25;VACA;23440;7;16;6,78;1,03;12,19;3,43;3,2;4,81;2,22
18/06/2016;20;VACA;24300;6,2;16;6,8;1,03;12,48;3,59;3,24;4,9;2,28
18/06/2016;22;VACA;24480;6,5;16;6,82;1,03;12,29;3,46;3,15;4,93;2,22
18/06/2016;7;VACA;16440;5,2;15;6,83;1,03;11,8;2,96;3,09;5;2,2
18/06/2016;7;VACA;6960;6;15;6,84;1,03;11,81;3,15;3,07;4,87;2,13
19/06/2016;17;VACA;15600;5,2;15;6,83;1,03;12,12;3,26;3,29;4,92;2,31
19/06/2016;17;VACA;10360;5,8;15;6,83;1,03;12,06;3,22;3,3;4,91;2,32
19/06/2016;32;VACA;27400;2,3;15;6,81;1,03;12,26;3,45;3,18;4,87;2,24
19/06/2016;26;VACA;6180;4;16;6,79;1,03;12,26;3,46;3,15;4,88;2,2
19/06/2016;27;VACA;11400;7,5;15;6,82;1,03;12,15;3,41;3,14;4,85;2,19
19/06/2016;25;VACA;24540;6,2;15;6,81;1,03;12,91;3,89;3,37;4,93;2,38
19/06/2016;6;VACA;15580;6,5;15;6,8;1,03;11,98;3,18;3,15;4,94;2,25
19/06/2016;6;VACA;6960;6;16;6,8;1,03;12,29;3,48;3,16;4,89;2,27
19/06/2016;30;VACA;26260;4,5;16;6,85;1,03;11,85;3,17;3,14;4,77;2,15
20/06/2016;22;VACA;25240;5;16;6,8;1,03;12,22;3,42;3,14;4,92;2,24
20/06/2016;24;VACA;15980;7;15;6,8;1,03;11,96;3,25;3,14;4,8;2,2
20/06/2016;24;VACA;8820;5,5;15;6,8;1,03;12,02;3,19;3,2;4,88;2,23
20/06/2016;29;VACA;14620;5,6;15;6,82;1,03;11,9;3,22;3,19;4,78;2,23
20/06/2016;29;VACA;9160;6,4;15;6,82;1,03;11,85;3,25;3,14;4,67;2,2
20/06/2016;32;VACA;24540;6;15;6,82;1,03;11,77;3,05;3,16;4,8;2,24
20/06/2016;26;VACA;6340;5;15;8,1;1,03;12,13;3,31;3,19;4,9;2,26
20/06/2016;18;VACA;25260;6,3;16;6,81;1,03;12,65;3,45;3,54;5,04;2,53
20/06/2016;25;VACA;23400;6,8;16;6,82;1,03;12,74;3,75;3,35;4,93;2,41
20/06/2016;18;VACA;25880;6,1;15;6,81;1,03;12,63;3,43;3,54;5,02;2,46
21/06/2016;29;VACA;14340;4;15;6,82;1,03;11,98;3,31;3,14;4,8;2,25
21/06/2016;29;VACA;11300;6,4;15;6,82;1,03;11,93;3,33;3,13;4,67;2,21
21/06/2016;32;VACA;26780;3,3;15;6,83;1,03;12,28;3,5;3,17;4,88;2,27
21/06/2016;24;VACA;20720;7;15;6,82;1,03;12,2;3,44;3,11;4,85;2,24
21/06/2016;27;VACA;11940;8;15;6,8;1,03;12,18;3,45;3,16;4,84;2,26
21/06/2016;26;VACA;6320;4,5;15;6,8;1,03;12,13;3,31;3,19;4,89;2,27
21/06/2016;25;VACA;24520;7;15;6,8;1,03;12,8;3,83;3,32;4,95;2,4
21/06/2016;17;VACA;15620;7;15;6,8;1,03;11,92;3,08;3,21;4,97;2,29
21/06/2016;17;VACA;8040;7,5;15;6,8;1,03;12,13;3,3;3,3;4,88;2,32
21/06/2016;6;VACA;22560;5,5;14;6,84;1,03;12,25;3,45;3,11;4,97;2,21
21/06/2016;30;VACA;24860;5,5;15;6,86;1,03;11,89;3,08;3,19;4,89;2,23
22/06/2016;22;VACA;24860;6;15;6,8;1,03;12,12;3,35;3,13;4,9;2,25
22/06/2016;29;VACA;14180;5;15;6,82;1,03;12,23;3,55;3,08;4,8;2,19
22/06/2016;29;VACA;8340;7;15;6,82;1,03;12,09;3,44;3,17;4,67;2,25
22/06/2016;24;VACA;13260;7;15;6,82;1,03;12,33;3,57;3,12;4,84;2,21
22/06/2016;24;VACA;9740;4;15;6,82;1,03;11,95;3,1;3,17;4,91;2,21
22/06/2016;26;VACA;6160;5;15;6,82;1,03;12,22;3,42;3,13;4,9;2,22
22/06/2016;32;VACA;23760;5,5;15;6,82;1,03;11,85;3,12;3,13;4,79;2,22
22/06/2016;25;VACA;23400;6,8;15;6,8;1,03;12,68;3,73;3,32;4,92;2,37
22/06/2016;30;VACA;27020;6;15;6,82;1,03;11,85;3,04;3,18;4,88;2,22
22/06/2016;18;VACA;25080;6,7;15;6,8;1,03;12,48;3,37;3,49;4,94;2,44
23/06/2016;29;VACA;14240;3,2;15;6,83;1,03;11,7;3,2;2,97;4,76;2,09
23/06/2016;29;VACA;11320;6,3;15;6,84;1,03;12,01;3,35;3,18;4,69;2,19
23/06/2016;27;VACA;11440;7,8;15;6,81;1,03;12,06;3,42;3,1;4,79;2,18
23/06/2016;32;VACA;26520;2,8;15;6,84;1,03;12,22;3,56;3,16;4,86;2,18
23/06/2016;26;VACA;6380;4,4;15;6,8;1,03;12,2;3,41;3,13;4,89;2,2
23/06/2016;25;VACA;24280;6,8;15;6,82;1,03;12,82;3,85;3,32;4,95;2,38
24/06/2016;24;VACA;16520;6,2;15;6,83;1,03;11,98;3,26;3,09;4,89;2,2
24/06/2016;24;VACA;11940;5;15;6,81;1,03;12,02;3,18;3,16;4,93;2,23
24/06/2016;29;VACA;14100;4;15;6,81;1,03;11,67;3,2;2,96;4,79;2,07
24/06/2016;29;VACA;9000;8;15;6,81;1,03;12,01;3,36;3,17;4,72;2,21
24/06/2016;32;VACA;23780;7,8;16;6,78;1,03;11,74;3,08;3,11;4,77;2,16
24/06/2016;30;VACA;26100;5,6;15;6,8;1,03;11,86;2,99;3,26;4,88;2,27
24/06/2016;26;VACA;6320;4,6;15;6,83;1,03;12,11;3,35;3,14;4,91;2,21
24/06/2016;25;VACA;21080;8;15;6,8;1,03;12,76;3,83;3,33;4,95;2,4
25/06/2016;18;VACA;26000;7,5;15;6,79;1,03;12,61;3,45;3,52;5,01;2,49
25/06/2016;18;VACA;26060;6,7;15;6,81;1,03;12,41;3,34;3,45;4,95;2,42
25/06/2016;24;VACA;16320;7,4;15;6,81;1,03;12,04;3,38;3,12;4,81;2,18
25/06/2016;24;VACA;7520;6,8;15;6,81;1,03;11,91;3,18;3,19;4,86;2,23
25/06/2016;29;VACA;14500;4,3;15;6,8;1,03;11,93;3,43;3,05;4,75;2,14
25/06/2016;29;VACA;9120;7,6;15;6,81;1,03;12,01;3,34;3,2;4,69;2,23
25/06/2016;18;VACA;27460;7,2;15;6,79;1,03;12,65;3,47;3,54;5,03;2,48
25/06/2016;32;VACA;25940;4,2;15;6,82;1,03;12,32;3,63;3,11;4,89;2,18
25/06/2016;27;VACA;11240;8,2;15;6,83;1,03;12,16;3,49;3,12;4,84;2,2
25/06/2016;26;VACA;6340;4,5;16;6,78;1,03;12,15;3,39;3,16;4,9;2,22
25/06/2016;25;VACA;24000;6;16;6,78;1,03;12,9;3,94;3,35;4,97;2,38
25/06/2016;30;VACA;24580;4,6;15;6,8;1,03;12,21;3,31;3,29;4,87;2,35
26/06/2016;29;VACA;10380;8,5;15;6,81;1,03;12,09;3,47;3,2;4,68;2,23
26/06/2016;26;VACA;6580;4,2;16;6,79;1,03;12,13;3,37;3,18;4,87;2,24
26/06/2016;32;VACA;22020;6,5;15;6,8;1,03;11,82;3,12;3,11;4,8;2,18
26/06/2016;25;VACA;21920;5,2;15;6,8;1,03;12,7;3,78;3,32;4,92;2,35
27/06/2016;20;VACA;24020;6,1;15;6,79;1,03;12,24;3,51;3,19;4,83;2,28
27/06/2016;24;VACA;16060;6,3;15;6,82;1,03;12,14;3,38;3,16;4,88;2,26
27/06/2016;24;VACA;8640;5,8;15;6,81;1,03;12,05;3,23;3,18;4,91;2,24
27/06/2016;26;VACA;6580;6;15;6,8;1,03;12,15;3,36;3,18;4,87;2,24
27/06/2016;29;VACA;16600;6,4;15;6,83;1,03;12,1;3,42;3,12;4,78;2,24
27/06/2016;32;VACA;25280;3;15;6,83;1,03;12,26;3,57;3,13;4,9;2,23
27/06/2016;27;VACA;11020;8,3;15;6,8;1,03;12,11;3,48;3,13;4,8;2,23
27/06/2016;30;VACA;24320;5,3;14;6,85;1,03;12,12;3,31;3,22;4,84;2,26
27/06/2016;25;VACA;24400;6;15;6,78;1,03;12,71;3,91;3,36;4,88;2,45
27/06/2016;18;VACA;25500;6,6;15;6,79;1,03;12,66;3,57;3,44;5,02;2,43
28/06/2016;22;VACA;25640;7;16;6,8;1,03;12,27;3,46;3,2;4,92;2,29
28/06/2016;18;VACA;25320;6,6;19;6,79;1,03;12,72;3,58;3,49;5,07;2,5
28/06/2016;32;VACA;23360;8;15;6,8;1,03;11,75;3,1;3,11;4,81;2,2
28/06/2016;29;VACA;16420;5;14;6,85;1,03;11,9;3,32;3,06;4,79;2,23
28/06/2016;29;VACA;6800;6;14;6,85;1,03;12,14;3,5;3,15;4,69;2,3
28/06/2016;25;VACA;22680;7,4;15;6,8;1,03;12,67;3,8;3,31;4,93;2,4
28/06/2016;24;VACA;17120;4;15;6,8;1,03;12,27;3,54;3,11;4,85;2,26
28/06/2016;26;VACA;6320;4,8;15;6,82;1,03;12,07;3,33;3,16;4,87;2,28
29/06/2016;30;VACA;24600;6;15;6,83;1,03;12,22;3,41;3,2;4,85;2,22
29/06/2016;22;VACA;26460;6,4;16;6,8;1,03;12,25;3,4;3,17;4,97;2,27
29/06/2016;24;VACA;15860;4;15;6,8;1,03;13,02;4,49;3,04;4,73;2,13
29/06/2016;24;VACA;5860;6,5;15;6,83;1,03;12,03;3,19;3,13;4,95;2,2
29/06/2016;32;VACA;26780;2,8;15;6,8;1,03;12,27;3,6;3,1;4,91;2,19
29/06/2016;27;VACA;11800;8,5;15;6,8;1,03;12,09;3,44;3,15;4,85;2,2
29/06/2016;18;VACA;25820;7,8;15;6,81;1,03;12,56;3,39;3,53;5,05;2,51
29/06/2016;26;VACA;6620;4,6;15;6,78;1,03;12,08;3,27;3,21;4,92;2,27
29/06/2016;25;VACA;24420;6,6;15;6,8;1,03;12,84;3,9;3,33;4,99;2,41
30/06/2016;20;VACA;23560;3,6;16;6,77;1,03;12,18;3,42;3,19;4,88;2,28
30/06/2016;21;VACA;25360;4;16;6,78;1,03;12,21;3,36;3,23;4,94;2,33
30/06/2016;26;VACA;6480;4;15;6,82;1,03;12,15;3,3;3,24;4,93;2,33
30/06/2016;32;VACA;22520;5,8;15;6,8;1,03;11,82;3,11;3,13;4,82;2,22
30/06/2016;25;VACA;23640;5,5;15;6,78;1,03;12,7;3,84;3,27;4,93;2,36
30/06/2016;18;VACA;25380;5,5;15;6,82;1,03;12,53;3,5;3,46;5,06;2,5
01/07/2016;24;VACA;16820;5;15;6,82;1,03;11,78;3,17;3,09;4,84;2,18
01/07/2016;24;VACA;13380;5;15;6,82;1,03;11,97;3,23;3,14;4,95;2,26
01/07/2016;29;VACA;22980;5,6;15;6,78;1,03;11,99;3,4;3,12;4,79;2,16
01/07/2016;32;VACA;27080;3;15;6,78;1,03;12,29;3,66;3,09;4,91;2,2
01/07/2016;27;VACA;10780;5,6;15;6,8;1,03;12,18;3,49;3,16;4,84;2,26
01/07/2016;26;VACA;6160;5;15;6,82;1,03;12,23;3,44;3,21;4,91;2,31
01/07/2016;25;VACA;24320;7;15;6,8;1,03;12,87;3,91;3,31;4,96;2,4
01/07/2016;30;VACA;25820;5,1;15;6,84;1,03;12,05;3,3;3,21;4,87;2,27
02/07/2016;24;VACA;16380;4;15;6,8;1,03;11,98;3,39;3,09;4,81;2,2
02/07/2016;24;VACA;10520;6;15;6,8;1,03;12,01;3,34;3,14;4,88;2,24
02/07/2016;32;VACA;20740;7;15;6,8;1,03;11,9;3,27;3,12;4,78;2,23
02/07/2016;29;VACA;16540;6;15;6,81;1,03;12,22;3,52;3,19;4,86;2,2
02/07/2016;29;VACA;9560;6;15;6,8;1,03;12,19;3,47;3,23;4,82;2,26
02/07/2016;26;VACA;6300;4;15;6,81;1,03;12,15;3,38;3,19;4,89;2,25
02/07/2016;25;VACA;21820;6;15;6,8;1,03;12,67;3,83;3,26;4,93;2,3
02/07/2016;22;VACA;24380;8;15;6,8;1,03;12,28;3,46;3,19;4,98;2,26
02/07/2016;21;VACA;26240;4,5;15;6,8;1,03;12,36;3,45;3,25;4,98;2,29
02/07/2016;20;VACA;24500;6,5;15;6,8;1,03;12,34;3,56;3,21;4,9;2,3
02/07/2016;23;VACA;24440;6;15;6,8;1,03;12,3;3,54;3,13;4,9;2,24
03/07/2016;32;VACA;26080;4;15;6,8;1,03;12,23;3,62;3,1;4,85;2,18
03/07/2016;26;VACA;6400;4,5;15;6,8;1,03;12,13;3,33;3,21;4,89;2,27
03/07/2016;27;VACA;10240;8,6;15;6,79;1,03;12,12;3,44;3,14;4,85;2,2
03/07/2016;25;VACA;24340;6,6;15;6,8;1,03;12,86;3,88;3,32;4,98;2,36
03/07/2016;30;VACA;25900;5,8;14;6,84;1,03;12,11;3,27;3,24;4,88;2,28
04/07/2016;23;VACA;23180;7,4;16;6,8;1,03;12,08;3,24;3,19;4,94;2,25
04/07/2016;22;VACA;25380;7;16;6,8;1,03;11,76;3,02;3,17;4,93;2,2
04/07/2016;20;VACA;22460;6,5;15;6,84;1,03;12,3;3,54;3,22;4,87;2,32
04/07/2016;18;VACA;25320;9;15;6,82;1,03;12,2;3,47;3,21;4,9;2,25
04/07/2016;18;VACA;25940;7;15;6,81;1,03;12,52;3,42;3,47;5,07;2,49
04/07/2016;24;VACA;16900;7,7;15;6,82;1,03;11,9;3,26;3,1;4,86;2,18
04/07/2016;24;VACA;11820;5,2;15;6,82;1,03;12,02;3,28;3,16;4,94;2,24
04/07/2016;32;VACA;22040;7;15;6,83;1,03;12,15;3,4;3,13;4,92;2,28
04/07/2016;26;VACA;6420;5,4;15;6,82;1,03;12,72;4,01;3,16;4,81;2,21
04/07/2016;25;VACA;22200;6,1;15;6,78;1,03;12,68;3,83;3,24;4,96;2,32
04/07/2016;18;VACA;24000;7,1;15;6,82;1,03;12,73;3,63;3,45;5,06;2,47
04/07/2016;18;VACA;25400;7;15;6,8;1,03;12,36;3,37;3,4;5;2,43
05/07/2016;22;VACA;27400;6;151;6,82;1,03;12,15;3,35;3,19;4,95;2,26
05/07/2016;32;VACA;26320;3,5;15;6,82;1,03;12,18;3,58;3,09;4,82;2,16
05/07/2016;27;VACA;10460;8,5;15;6,8;1,03;12,13;3,46;3,14;4,83;2,21
05/07/2016;25;VACA;24380;5,8;15;6,8;1,03;12,76;3,82;3,28;4,98;2,35
05/07/2016;24;VACA;15940;6;15;6,82;1,03;12,08;3,51;3,09;4,77;2,19
05/07/2016;26;VACA;6420;5,6;15;6,8;1,03;12,11;3,36;3,17;4,86;2,23
05/07/2016;18;VACA;24700;7;15;6,82;1,03;12,53;3,49;3,39;5,07;2,42
06/07/2016;22;VACA;25500;6;16;6,8;1,03;12,27;3,49;3,19;4,95;2,27
06/07/2016;26;VACA;6620;7,2;15;6,82;1,03;11,95;3,15;3,18;4,96;2,26
06/07/2016;24;VACA;13340;7,5;15;6,82;1,03;12,09;3,42;3,12;4,86;
06/07/2016;24;VACA;9000;4,8;15;6,82;1,03;12,13;3,39;3,19;4,9;2,27
06/07/2016;32;VACA;22440;6,2;15;6,84;1,03;11,73;3,15;3,1;4,78;2,18
06/07/2016;25;VACA;22700;4,8;15;6,82;1,03;12,58;3,75;3,23;4,96;2,35
07/07/2016;18;VACA;25500;4,5;15;6,82;1,03;12,13;3,39;3,25;4,91;2,27
07/07/2016;22;VACA;24280;6;15;6,79;1,03;12,16;3,4;3,18;4,93;2,22
07/07/2016;32;VACA;25400;4,5;15;8,5;1,03;12;3,23;3,24;4,84;2,3
07/07/2016;27;VACA;10920;8,3;16;6,82;1,03;12,1;3,45;3,16;4,85;2,22
07/07/2016;26;VACA;6460;4,8;15;6,84;1,03;12,13;3,4;3,19;4,89;2,24
07/07/2016;18;VACA;25000;7;15;6,8;1,03;12,56;3,57;3,42;5,02;2,44
07/07/2016;25;VACA;24220;6,4;15;6,84;1,03;12,78;3,86;3,29;4,99;2,37
07/07/2016;32;VACA;1380;4,2;15;6,82;1,03;12,13;3,53;3,11;4,9;2,19
07/07/2016;18;VACA;24700;7;15;6,82;1,03;12,62;3,59;3,4;5,06;2,43
08/07/2016;18;VACA;25160;7;15;6,84;1,03;11,99;3,28;3,25;4,91;2,27
08/07/2016;24;VACA;15840;7;15;6,84;1,03;12,39;3,81;3,07;4,79;2,13
08/07/2016;24;VACA;12160;6;15;6,84;1,03;12,05;3,32;3,11;4,96;2,19
08/07/2016;32;VACA;23040;6,5;16;6,82;1,03;11,77;3,15;3,11;4,84;2,15
08/07/2016;26;VACA;6301;6,5;15;6,82;1,03;12,09;3,33;3,19;4,88;2,25
08/07/2016;25;VACA;23100;4,6;15;6,82;1,03;12,39;3,72;3,19;4,85;2,25
08/07/2016;18;VACA;24320;4;15;6,82;1,03;12,2;3,49;3,23;4,91;2,23
09/07/2016;18;VACA;23780;8,7;15;8,1;1,03;12,65;3,66;3,41;5;2,43
09/07/2016;29;VACA;26860;5,8;15;8,2;1,03;12,1;3,42;3,17;4,82;2,24
09/07/2016;24;VACA;15700;5,8;15;6,82;1,03;12,2;3,58;3,09;4,81;2,18
09/07/2016;24;VACA;6160;6,6;15;6,81;1,03;11,71;3,22;3,06;4,85;2,11
09/07/2016;26;VACA;6240;5;15;6,79;1,03;12,11;3,38;3,19;4,87;2,25
09/07/2016;18;VACA;24960;8,7;15;8,2;1,03;12,41;3,59;3,28;5;2,32
09/07/2016;32;VACA;25900;3,7;15;8,2;1,03;12,2;3,59;3,09;4,89;2,14
09/07/2016;27;VACA;9980;8,5;15;6,8;1,03;12,18;3,5;3,15;4,87;2,2
09/07/2016;25;VACA;23860;6,5;15;6,8;1,03;12,69;3,74;3,3;4,98;2,38
09/07/2016;22;VACA;22500;6,5;15;6,83;1,03;12,18;3,37;3,18;4,95;2,25
09/07/2016;23;VACA;22580;8,1;15;6,82;1,03;12,23;3,35;3,18;5;2,26
09/07/2016;21;VACA;25860;4,5;15;8,2;1,03;12,31;3,42;3,22;4,99;2,27
09/07/2016;20;VACA;21960;4,5;15;6,82;1,03;12,35;3,53;3,22;4,91;2,26
09/07/2016;30;VACA;23400;6;15;6,82;1,03;12,11;3,32;3,23;4,85;2,23
10/07/2016;32;VACA;21300;5,2;15;6,81;1,03;11,78;3,16;3,11;4,82;2,2
10/07/2016;26;VACA;6480;5;15;6,82;1,03;12,14;3,38;3,2;4,89;2,25
10/07/2016;25;VACA;22580;6,2;15;6,8;1,03;12,52;3,7;3,24;4,94;2,3
11/07/2016;22;VACA;26140;7;16;6,82;1,03;12,22;3,44;3,17;4,99;2,28
11/07/2016;23;VACA;24700;7;16;6,84;1,03;12,18;3,47;3,1;4,87;2,21
11/07/2016;20;VACA;23720;7;16;6,84;1,03;12,23;3,54;3,17;4,86;2,27
11/07/2016;24;VACA;16480;5,6;14;6,86;1,03;12,08;3,42;3,11;4,89;2,2
11/07/2016;24;VACA;8860;5,4;14;6,85;1,03;11,7;3,09;3,1;4,95;2,17
11/07/2016;32;VACA;26060;3,5;15;6,79;1,03;12,04;3,54;3,06;4,85;2,15
11/07/2016;27;VACA;11100;8,4;15;6,83;1,03;12,14;3,52;3,1;4,86;2,23
11/07/2016;26;VACA;6300;5,2;16;6,76;1,03;12,06;3,36;3,16;4,87;2,2
11/07/2016;25;VACA;24320;6,5;16;6,77;1,03;12,74;3,83;3,28;4,97;2,37
11/07/2016;18;VACA;25300;5,3;15;6,81;1,03;12,56;3,82;3,21;4,89;2,3
11/07/2016;18;VACA;25900;7;15;6,83;1,03;12,53;3,56;3,4;5,03;2,43
12/07/2016;18;VACA;25040;7,2;15;6,82;1,03;12,6;3,6;3,41;5,05;2,43
12/07/2016;20;VACA;22560;6;16;6,82;1,03;12,31;3,44;3,2;4,88;2,29
12/07/2016;22;VACA;26180;6,7;16;6,84;1,03;12,25;3,46;3,16;5,01;2,25
12/07/2016;18;VACA;25220;5;6,82;15;1,03;12,18;3,53;3,19;4,87;2,24
12/07/2016;18;VACA;25060;6;15;6,82;1,03;12,16;3,34;3,34;4,95;2,34
12/07/2016;32;VACA;20420;8;15;6,82;1,03;11,94;3,33;3,13;4,84;2,2
12/07/2016;24;VACA;16860;4,6;15;6,84;1,03;12,24;3,54;3,09;4,91;2,21
12/07/2016;25;VACA;21660;6;15;6,82;1,03;12,56;3,76;3,23;4,96;2,33
12/07/2016;26;VACA;6420;6,5;15;6,8;1,03;12,16;3,44;3,16;4,88;2,24
12/07/2016;18;VACA;24900;6,6;15;6,8;1,03;12,57;3,55;3,43;5,06;2,43
12/07/2016;18;VACA;25660;7;15;6,8;1,03;12,21;3,52;3,22;4,89;2,2
13/07/2016;21;VACA;26620;4;15;6,8;1,03;12,18;3,45;3,15;4,93;2,25
13/07/2016;22;VACA;25420;6;16;6,84;1,03;12,25;3,49;3,15;4,98;2,27
13/07/2016;23;VACA;24900;4;15;6,8;1,03;12,09;3,37;3,11;4,93;2,22
13/07/2016;24;VACA;17020;7;15;6,85;1,03;12,08;3,53;3,07;4,79;2,17
13/07/2016;24;VACA;3920;7,6;15;6,86;1,03;11,4;2,96;3,05;4,84;2,12
13/07/2016;32;VACA;25360;4,3;15;6,81;1,03;12,14;3,56;3,07;4,91;2,15
13/07/2016;27;VACA;10820;8;15;6,82;1,03;12,18;3,56;3,11;4,89;2,18
13/07/2016;26;VACA;6265;6;15;6,82;1,03;12,07;3,38;3,18;4,8;2,25
13/07/2016;18;VACA;26160;5,6;16;6,82;1,03;12,5;3,74;3,23;4,91;2,32
13/07/2016;18;VACA;26440;6;15;6,82;1,03;12,44;3,53;3,34;5,04;2,37
13/07/2016;25;VACA;24120;6;15;6,82;1,03;12,72;3,81;3,29;5,01;2,38
13/07/2016;18;VACA;23480;6;15;6,82;1,03;12,2;3,55;3,19;4,87;2,24
13/07/2016;29;VACA;6794;6;15;6,82;1,03;12,07;3,38;3,18;4,78;2,25
14/07/2016;22;VACA;23860;6;16;6,8;1,03;12,22;3,47;3,18;4,96;2,25
14/07/2016;18;VACA;25780;6,7;15;6,81;1,03;12,56;3,6;3,4;5,02;2,42
14/07/2016;32;VACA;21120;7;15;6,78;1,03;11,66;3,14;3,08;4,79;2,15
14/07/2016;26;VACA;6360;5;15;6,84;1,03;12,23;3,47;3,19;4,9;2,22
14/07/2016;18;VACA;26460;6,5;15;6,84;1,03;12,11;3,42;3,12;4,94;2,16
14/07/2016;25;VACA;21740;6,4;15;6,81;1,03;12,51;3,71;3,25;4,9;2,34
14/07/2016;18;VACA;25240;6;15;8,3;1,03;12,42;3,44;3,38;5,04;2,37
14/07/2016;18;VACA;25420;6;15;6,8;1,03;12,24;3,44;3,28;4,94;2,27
14/07/2016;18;VACA;24920;5,8;15;6,82;1,03;12,13;3,35;3,23;4,91;2,24
15/07/2016;22;VACA;24260;6;16;6,84;1,03;12,13;3,43;3,17;4,88;2,25
15/07/2016;23;VACA;25960;5;16;6,85;1,03;11,92;3,38;3,08;4,78;2,14
15/07/2016;24;VACA;16420;6,9;15;6,8;1,03;12,05;3,41;3,13;4,79;2,21
15/07/2016;24;VACA;13120;5;15;6,85;1,03;11,78;3,15;3,11;4,88;2,16
15/07/2016;27;VACA;10700;7,5;15;6,82;1,03;12;3,46;3,12;4,78;2,16
15/07/2016;32;VACA;25420;2,5;15;6,83;1,03;12,27;3,75;3,09;4,8;2,14
15/07/2016;26;VACA;6440;4,9;16;6,8;1,03;12,14;3,39;3,23;4,88;2,25
15/07/2016;25;VACA;24080;6,4;16;6,78;1,03;12,62;3,74;3,32;4,94;2,39
17/07/2016;24;VACA;15960;8,4;15;6,83;1,03;11,82;3,31;3,08;4,74;2,13
17/07/2016;24;VACA;8500;8;15;6,84;1,03;10,59;2;3,16;4,93;2,18
17/07/2016;29;VACA;27920;6,4;15;6,83;1,03;12,01;3,4;3,18;4,77;2,22
17/07/2016;26;VACA;6460;5,7;15;6,82;1,03;12,14;3,39;3,2;4,87;2,23
17/07/2016;32;VACA;21840;8,5;15;6,8;1,03;11,45;2,84;3,14;4,82;2,21
17/07/2016;21;VACA;25800;5,7;15;6,8;1,03;12,18;3,36;3,22;4,92;2,29
17/07/2016;25;VACA;22480;6,6;15;6,8;1,03;12,37;3,58;3,25;4,89;2,35
17/07/2016;22;VACA;22260;6,4;15;6,8;1,03;12,22;3,41;3,2;4,91;2,28
17/07/2016;20;VACA;23780;7;15;6,78;1,03;11,89;3,11;3,25;4,86;2,33
17/07/2016;26;VACA;6380;4,7;15;6,8;1,03;12,12;3,42;3,17;4,86;2,19
17/07/2016;30;VACA;23820;5,3;15;6,83;1,03;12,04;3,35;3,24;4,81;2,22
17/07/2016;27;VACA;11080;8,2;15;6,81;1,03;11,33;3,23;2,97;4,49;1,95
17/07/2016;32;VACA;25680;3;15;6,8;1,03;12,04;3,47;3,12;4,81;2,16
17/07/2016;25;VACA;24080;6,45;15;6,8;1,03;12,72;3,83;3,31;4,91;2,37
18/07/2016;18;VACA;26480;8;15;6,82;1,03;11,94;3,23;3,24;4,8;2,22
18/07/2016;32;VACA;21800;6;18;6,82;1,03;11,57;2,97;3,15;4,8;2,18
18/07/2016;24;VACA;17020;6,9;15;6,84;1,03;11,74;3,21;3,07;4,76;2,12
18/07/2016;24;VACA;8980;5,7;15;6,84;1,03;11,49;2,94;3,12;4,81;2,16
18/07/2016;25;VACA;23200;7,3;15;6,8;1,03;12,42;3,63;3,25;4,89;2,29
18/07/2016;18;VACA;25220;6,9;15;6,8;1,03;12,44;3,4;3,43;5;2,4
18/07/2016;18;VACA;24980;7;15;6,78;1,03;13,49;3,56;6,74;4,74;2,2
18/07/2016;26;VACA;6200;5,5;15;6,83;1,03;11,95;3,2;3,19;4,88;2,25
18/07/2016;18;VACA;27520;7,4;15;6,82;1,03;12,41;3,31;3,46;5,01;2,46
19/07/2016;18;VACA;25660;4,8;15;6,82;1,03;11,9;3,2;3,28;4,8;2,25
19/07/2016;29;VACA;14040;6,5;15;6,82;1,03;11,9;3,29;3,24;4,68;2,31
19/07/2016;29;VACA;9760;6,5;15;6,8;1,03;12,09;3,5;3,16;4,65;2,22
19/07/2016;18;VACA;25040;7;15;6,8;1,03;12,34;3,39;3,44;4,91;2,43
19/07/2016;32;VACA;26320;3,8;15;6,8;1,03;12,03;3,49;3,1;4,84;2,17
19/07/2016;27;VACA;11540;8,8;15;6,81;1,03;12;3,4;3,13;4,82;2,17
19/07/2016;26;VACA;6220;5,3;15;6,8;1,03;12,12;3,42;3,16;4,88;2,22
19/07/2016;25;VACA;24580;6;16;6,77;1,03;12,62;3,72;3,29;4,92;2,37
19/07/2016;24;VACA;14640;4,6;15;6,82;1,03;12,11;3,53;3,05;4,78;2,11
19/07/2016;18;VACA;25480;7,5;15;6,81;1,03;11,5;3,16;3,21;4,52;2,12
19/07/2016;18;VACA;26040;7,2;15;6,8;1,03;12,43;3,34;3,48;5;2,48
20/07/2016;26;VACA;6020;5;15;6,84;1,03;11,93;3,3;3,12;4,8;2,17
20/07/2016;24;VACA;15740;7;15;6,82;1,03;11,76;3,21;3,05;4,77;2,13
20/07/2016;24;VACA;5920;6;15;6,82;1,03;11,79;3,08;3,19;4,89;2,2
20/07/2016;32;VACA;22200;7,5;15;6,8;1,03;11,62;3,02;3,12;4,76;2,16
20/07/2016;25;VACA;21340;6,5;15;6,81;1,03;12,47;3,66;3,24;4,89;2,3
20/07/2016;18;VACA;25100;8,5;16;7,9;1,03;12,41;3,35;3,44;4,98;2,45
20/07/2016;18;VACA;25560;7;15;6,84;1,03;12,42;3,38;3,42;4,99;2,41
20/07/2016;18;VACA;25280;7,6;15;6,82;1,03;11,73;3,28;3,18;4,64;2,11
21/07/2016;27;VACA;11360;8,4;15;6,82;1,03;12,07;3,44;3,11;4,82;2,17
21/07/2016;32;VACA;26380;2,2;14;8,6;1,03;12,04;3,49;3,08;4,85;2,15
21/07/2016;26;VACA;6380;6,5;15;6,84;1,03;12,07;3,41;3,14;4,84;2,18
21/07/2016;25;VACA;24220;6,5;15;6,79;1,03;12,75;3,84;3,27;4,95;2,33
22/07/2016;18;VACA;25180;8;16;6,8;1,03;12,46;3,42;3,4;4,99;2,41
22/07/2016;18;VACA;25380;7;18;6,81;1,03;11,28;3,12;2,89;4,54;1,93
22/07/2016;24;VACA;16440;7;15;6,84;1,03;12,27;3,42;3,11;5,04;2,22
22/07/2016;24;VACA;13600;5,3;15;6,82;1,03;12,03;3,31;3,09;4,93;2,16
22/07/2016;32;VACA;22120;6;15;6,78;1,03;11,62;3,1;3,08;4,75;2,13
22/07/2016;26;VACA;6260;5;15;6,81;1,03;12,07;3,39;3,13;4,85;2,18
22/07/2016;25;VACA;21600;6;15;6,8;1,03;12,6;3,79;3,24;4,92;2,31
22/07/2016;29;VACA;17500;4;15;6,8;1,03;12,13;3,48;3,26;4,69;2,3
22/07/2016;29;VACA;11360;4;15;6,8;1,03;12,07;3,45;3,16;4,69;2,19
22/07/2016;18;VACA;25400;4;15;6,8;1,03;12,57;3,59;3,44;4,96;2,43
23/07/2016;27;VACA;11260;8;15;6,8;1,03;12,07;3,45;3,12;4,81;2,19
23/07/2016;24;VACA;14920;8;15;6,8;1,03;11,83;3,35;3,04;4,74;2,1
23/07/2016;24;VACA;12020;8;15;6,82;1,03;11,79;3,2;3,1;4,86;2,17
23/07/2016;32;VACA;26640;3,6;15;6,83;1,03;11,99;3,45;3,09;4,88;2,12
23/07/2016;26;VACA;6480;6;15;6,78;1,03;11,94;3,31;3,14;4,83;2,18
23/07/2016;25;VACA;23660;6,5;15;6,82;1,03;12,69;3,82;3,3;4,93;2,38
24/07/2016;26;VACA;6480;4,5;15;6,76;1,03;12;3,33;3,16;4,88;2,2
24/07/2016;32;VACA;21240;6,5;16;6,79;1,03;11,62;3,08;3,13;4,71;2,18
24/07/2016;25;VACA;21560;5;16;6,79;1,03;12,47;3,69;3,26;4,87;2,34
25/07/2016;20;VACA;23220;5;16;6,82;1,03;12,15;3,49;3,18;4,81;2,28
25/07/2016;22;VACA;25500;5;15;6,81;1,03;12,01;3,4;3,12;4,83;2,2
25/07/2016;23;VACA;21800;5;16;6,8;1,03;12,18;3,49;3,12;4,86;2,26
25/07/2016;21;VACA;26960;5;15;6,82;1,03;12,13;3,34;3,2;4,92;2,28
25/07/2016;24;VACA;16640;6;15;6,8;1,03;11,83;3,29;3,06;4,79;2,12
25/07/2016;24;VACA;12640;6;16;6,8;1,03;11,81;3,15;3,11;4,89;2,2
25/07/2016;26;VACA;6480;6;15;6,8;1,03;12,04;3,34;3,17;4,88;2,23
25/07/2016;27;VACA;10520;6;16;6,8;1,03;11,89;3,31;3,1;4,79;2,19
25/07/2016;32;VACA;27080;5;15;6,8;1,03;12,04;3,39;3,17;4,87;2,22
25/07/2016;25;VACA;23740;5;15;6,8;1,03;12,63;3,73;3,3;4,96;2,4
25/07/2016;18;VACA;25100;6,8;15;6,82;1,03;12,4;3,43;3,41;4,96;2,4
26/07/2016;23;VACA;24480;6,2;15;6,82;1,03;12,09;3,35;3,14;4,9;2,24
26/07/2016;20;VACA;22200;6,3;15;6,84;1,03;12,19;3,44;3,24;4,83;2,32
26/07/2016;22;VACA;21260;6,4;15;6,83;1,03;12,28;3,48;3,2;4,9;2,3
26/07/2016;21;VACA;24240;4,6;15;6,84;1,03;12,22;3,41;3,2;4,89;2,3
26/07/2016;18;VACA;25060;8;15;6,8;1,03;12,03;3,21;3,27;4,89;2,33
26/07/2016;32;VACA;21740;6,8;15;6,8;1,03;11,75;3,12;3,16;4,75;2,23
26/07/2016;26;VACA;6700;5;15;6,8;1,03;11,94;3,31;3,14;4,86;2,18
26/07/2016;24;VACA;16660;4,7;15;6,8;1,03;11,99;3,39;3,05;4,83;2,16
26/07/2016;25;VACA;21560;5;15;6,78;1,03;12,56;3,72;3,25;4,92;2,33
27/07/2016;22;VACA;25960;6,3;15;6,83;1,03;11,96;3,25;3,15;4,9;2,21
27/07/2016;20;VACA;23140;6,1;15;6,84;1,03;12,03;3,43;3,17;4,78;2,21
27/07/2016;21;VACA;26920;4,7;15;6,83;1,03;12,14;3,35;3,21;4,92;2,25
27/07/2016;23;VACA;20280;6,3;15;6,82;1,03;12,12;3,4;3,13;4,89;2,22
27/07/2016;24;VACA;16420;8;15;6,8;1,03;11,71;3,13;3,09;4,81;2,13
27/07/2016;24;VACA;6200;6,8;15;6,8;1,03;12;3,18;3,22;4,99;2,25
27/07/2016;26;VACA;6520;6,8;15;6,8;1,03;11,85;3,22;3,13;4,84;2,19
27/07/2016;27;VACA;11200;8,6;15;6,78;1,03;12,06;3,47;3,09;4,8;2,22
27/07/2016;32;VACA;26120;3,7;15;6,79;1,03;11,61;2,98;3,15;4,95;2,23
27/07/2016;25;VACA;23520;8;15;6,82;1,03;12,61;3,78;3,27;4,9;2,35
27/07/2016;18;VACA;24700;6,5;16;6,8;1,03;12,44;3,44;3,42;4,99;2,42
28/07/2016;22;VACA;25820;6,3;15;6,8;1,03;12,17;3,42;3,16;4,94;2,26
28/07/2016;20;VACA;22500;6,1;15;6,81;1,03;12,09;3,39;3,22;4,84;2,28
28/07/2016;21;VACA;26880;4,6;15;6,82;1,03;12,1;3,31;3,2;4,95;2,28
28/07/2016;23;VACA;17680;6,8;15;6,82;1,03;12,01;3,27;3,17;4,92;2,26
28/07/2016;18;VACA;25020;6,3;15;6,83;1,03;12,3;3,54;3,28;4,9;2,28
28/07/2016;32;VACA;23780;6,4;15;6,82;1,03;11,1;3,03;2,99;4,42;1,99
28/07/2016;26;VACA;6500;5;15;6,8;1,03;11,9;3,26;3,1;4,86;2,19
28/07/2016;30;VACA;22980;6,7;15;6,82;1,03;11,87;3,1;3,26;4,84;2,26
28/07/2016;25;VACA;22780;6;15;6,82;1,03;12,38;3,66;3,19;4,9;2,29
29/07/2016;20;VACA;23860;6;15;6,82;1,03;12,14;3,49;3,17;4,8;2,26
29/07/2016;22;VACA;25600;6,8;15;6,83;1,03;12,1;3,4;3,13;4,91;2,24
29/07/2016;21;VACA;26780;4,5;15;6,83;1,03;12,09;3,29;3,21;4,91;2,29
29/07/2016;23;VACA;24340;6,1;15;6,82;1,03;12,11;3,46;3,09;4,87;2,21
29/07/2016;27;VACA;11340;4;15;6,8;1,03;12,06;3,49;3,09;4,82;2,17
29/07/2016;32;VACA;26040;4,4;14;6,82;1,03;11,89;3,29;3,14;4,94;2,17
29/07/2016;24;VACA;17580;5;15;6,81;1,03;11,74;3,11;3,09;4,86;2,14
29/07/2016;24;VACA;11220;5,5;15;6,82;1,03;12,13;3,37;3,16;4,96;2,23
29/07/2016;26;VACA;7080;6;15;6,82;1,03;12,02;3,36;3,09;4,86;2,17
29/07/2016;25;VACA;23240;7;15;6,82;1,03;12,67;3,82;3,25;4,97;2,38
30/07/2016;29;VACA;20820;6,6;15;6,82;1,03;11,75;2,93;3,32;4,87;2,31
30/07/2016;32;VACA;21580;5;15;6,8;1,03;11,78;3,24;3,11;4,75;2,2
30/07/2016;24;VACA;16980;4;15;6,8;1,03;12,04;3,46;3,07;4,86;2,16
30/07/2016;26;VACA;6300;4;15;6,8;1,03;11,98;3,32;3,11;4,87;2,2
30/07/2016;25;VACA;21140;5;15;6,8;1,03;12,4;3,71;3,17;4,91;2,26
31/07/2016;27;VACA;10900;8,5;15;6,84;1,03;12,03;3,52;3,06;4,83;2,13
31/07/2016;32;VACA;26500;4;15;6,81;1,03;12,01;3,4;3,13;4,93;2,18
31/07/2016;25;VACA;21680;5,5;15;6,79;1,03;12,6;3,77;3,26;4,97;2,35
31/07/2016;26;VACA;9380;5,3;15;6,82;1,03;11,91;3,23;3,16;4,83;2,18
31/07/2016;18;VACA;26700;4;15;6,8;1,03;12,31;3,46;3,34;5;2,37
01/08/2016;24;VACA;16220;4,8;15;6,82;1,03;11,63;3,07;3,23;4,94;2,39
01/08/2016;24;VACA;10840;5;15;6,8;1,03;11,83;3,35;3,14;4,93;2,38
01/08/2016;32;VACA;20460;6,4;15;6,84;1,03;11,68;3,26;3,18;4,79;2,38
01/08/2016;26;VACA;6060;4,8;15;6,82;1,03;11,8;3,18;3,22;4,96;2,42
01/08/2016;25;VACA;22460;5,3;15;6,84;1,03;12,36;3,66;3,18;4,91;2,27
01/08/2016;18;VACA;25960;6,6;15;6,82;1,03;12,69;3,73;3,39;5;2,38
01/08/2016;18;VACA;26120;6;15;6,82;1,03;11,44;2,96;3,22;4,72;2,16
01/08/2016;18;VACA;25100;6;15;6,82;1,03;12,52;3,64;3,34;4,96;2,31
01/08/2016;30;VACA;25340;6;15;6,8;1,03;11,82;3,04;3,29;4,9;2,28
02/08/2016;20;VACA;24780;6;15;6,8;1,03;12,22;3,54;3,17;4,85;2,24
02/08/2016;23;VACA;26040;5,4;15;6,81;1,03;11,98;3,35;3,09;4,86;2,17
02/08/2016;22;VACA;24340;6,4;15;6,79;1,03;12,21;3,47;3,14;4,94;2,21
02/08/2016;21;VACA;26340;5;15;6,8;1,03;12,15;3,38;3,22;4,89;2,27
02/08/2016;27;VACA;10640;8,5;15;6,81;1,03;12;3,45;3,08;4,83;2,15
02/08/2016;32;VACA;27360;4;15;6,8;1,03;11,79;3,21;3,15;4,88;2,16
02/08/2016;29;VACA;12180;5;15;6,8;1,03;12,08;3,55;3,19;4,7;2,21
02/08/2016;29;VACA;11300;5,8;15;6,8;1,03;11,91;3,44;3,12;4,63;2,16
02/08/2016;25;VACA;25420;7;15;6,82;1,03;12,7;3,8;3,32;4,94;2,36
02/08/2016;26;VACA;6580;6,6;15;6,8;1,03;12,03;3,33;3,17;4,87;2,2
02/08/2016;24;VACA;14280;6;14;6,84;1,03;11,93;3,45;3,04;4,77;2,14
02/08/2016;24;VACA;9140;6;14;6,84;1,03;11,85;3,13;3,04;4,97;2,18
03/08/2016;21;VACA;27900;4,3;15;6,83;1,03;12,01;3,06;3,27;5,05;2,37
03/08/2016;23;VACA;25620;5,9;15;6,82;1,03;11,99;3,33;3,14;4,84;2,22
03/08/2016;22;VACA;26220;6,3;15;6,81;1,03;12,18;3,45;3,16;4,95;2,25
03/08/2016;24;VACA;14460;7;15;6,8;1,03;11,82;3,21;3,06;4,86;2,11
03/08/2016;24;VACA;6300;7;15;6,8;1,03;11,98;3,22;3,21;4,96;2,23
03/08/2016;26;VACA;6600;5;15;6,79;1,03;11,78;3,14;3,1;4,87;2,16
03/08/2016;32;VACA;21360;6,3;15;6,8;1,03;11,73;3,23;3,1;4,73;2,11
03/08/2016;25;VACA;22320;5,4;15;6,82;1,03;12,34;3,61;3,23;4,91;2,31
04/08/2016;22;VACA;24960;6,4;15;6,83;1,03;11,98;3,29;3,16;4,92;2,21
04/08/2016;19;VACA;20960;6;15;6,83;1,03;11,88;3,36;3,14;4,76;2,17
04/08/2016;32;VACA;27340;3,2;15;6,84;1,03;11,79;3,19;3,19;4,86;2,22
04/08/2016;26;VACA;6760;4,7;15;6,82;1,03;11,86;3,17;3,13;4,9;2,16
04/08/2016;27;VACA;10820;8,5;15;6,84;1,03;12,03;3,45;3,1;4,85;2,16
04/08/2016;25;VACA;23720;7,5;15;6,8;1,03;12,69;3,8;3,32;4,97;2,38
05/08/2016;23;VACA;23460;5,8;15;6,82;1,03;11,97;3,18;3,18;4,93;2,25
05/08/2016;20;VACA;22220;5,6;15;6,84;1,03;12,2;3,43;3,24;4,88;2,27
05/08/2016;21;VACA;22860;6,2;15;6,82;1,03;12,11;3,33;3,23;4,9;2,27
05/08/2016;22;VACA;25400;5;15;6,82;1,03;12,12;3,37;3,17;4,97;2,21
05/08/2016;24;VACA;16960;6,8;15;6,8;1,03;11,76;3,21;3,05;4,84;2,12
05/08/2016;24;VACA;12600;6;15;6,8;1,03;11,79;3,21;3,06;4,84;2,14
05/08/2016;32;VACA;21640;7;16;6,78;1,03;11,67;3,17;3,08;4,74;2,13
05/08/2016;26;VACA;6680;4,8;16;6,83;1,03;11,88;3,18;3,14;4,91;2,17
05/08/2016;29;VACA;16260;7;15;6,84;1,03;12,05;3,54;3,13;4,69;2,17
05/08/2016;29;VACA;5640;7;15;6,84;1,03;11,97;3,44;3,12;4,64;2,17
05/08/2016;25;VACA;22280;4,7;16;6,84;1,03;12,42;3,68;3,22;4,88;2,26
06/08/2016;26;VACA;6620;7;15;6,8;1,03;11,94;3,2;3,18;4,91;2,21
06/08/2016;24;VACA;6180;8,5;15;6,82;1,03;12,06;3,24;3,24;4,99;2,25
06/08/2016;24;VACA;16740;5,4;15;6,84;1,03;11,83;3,31;3,06;4,81;2,12
06/08/2016;32;VACA;27840;4;15;6,84;1,03;11,91;3,26;3,21;4,87;2,21
06/08/2016;27;VACA;10880;8,6;15;6,8;1,03;12,02;3,46;3,09;4,82;2,16
06/08/2016;25;VACA;23920;6,5;16;6,79;1,03;12,76;3,86;3,3;4,93;2,36
07/08/2016;26;VACA;6740;4,5;16;7,8;1,03;11,99;3,24;3,19;4,9;2,21
07/08/2016;32;VACA;21360;6,2;15;6,8;1,03;11,65;3,16;3,11;4,75;2,12
07/08/2016;25;VACA;22260;4,7;15;8;1,03;12,41;3,67;3,22;4,89;2,28
07/08/2016;30;VACA;15140;5;15;6,83;1,03;11,32;2,6;3,28;4,94;2,26
07/08/2016;30;VACA;7260;4,6;15;6,83;1,03;13,26;4,66;3,2;4,69;2,19
08/08/2016;20;VACA;23340;6,3;15;6,83;1,03;12,16;3,51;3,19;4,8;2,23
08/08/2016;22;VACA;23620;6,7;15;6,83;1,03;11,93;3,2;3,18;4,92;2,22
08/08/2016;21;VACA;26740;3,9;15;6,8;1,03;12,26;3,4;3,27;4,91;2,28
08/08/2016;23;VACA;22180;6,1;15;6,81;1,03;12,1;3,41;3,18;4,88;2,24
08/08/2016;18;VACA;24900;6,3;15;6,83;1,03;12,47;3,56;3,36;4,97;2,37
08/08/2016;26;VACA;6600;5;15;6,8;1,03;12,01;3,26;3,18;4,89;2,2
08/08/2016;24;VACA;15900;5,8;15;6,84;1,03;12,51;3,83;3,1;4,9;2,2
08/08/2016;24;VACA;6220;5,7;15;6,84;1,03;12,01;3,43;3,08;4,89;2,11
08/08/2016;32;VACA;27800;3,8;15;6,84;1,03;11,95;3,25;3,21;4,88;2,23
08/08/2016;29;VACA;15420;5,2;15;6,8;1,03;11,69;3,31;3,12;4,64;2,12
08/08/2016;29;VACA;10080;6;15;6,8;1,03;11,82;3,32;3,12;4,64;2,17
08/08/2016;25;VACA;23420;5;15;6,84;1,03;12,12;3,39;3,23;4,9;2,26
08/08/2016;31;VACA;20480;5,4;15;6,81;1,03;11,65;3,23;3,09;4,75;2,1
09/08/2016;27;VACA;5540;11;17;6,74;1,03;11,89;3,23;3,15;4,87;2,19
09/08/2016;18;VACA;26620;5,3;15;6,81;1,03;12,36;3,5;3,34;4,9;2,33
09/08/2016;18;VACA;24660;7;15;8,1;1,03;12,59;3,9;3,18;4,78;2,24
09/08/2016;21;VACA;29800;5,8;15;6,82;1,03;12,22;3,43;3,25;4,9;2,3
09/08/2016;20;VACA;23480;4,6;15;6,8;1,03;12,15;3,33;3,25;4,89;2,3
09/08/2016;22;VACA;27080;6,4;15;6,78;1,03;11,75;2,94;3,23;4,98;2,28
09/08/2016;23;VACA;24120;5,6;15;6,81;1,03;12,21;3,43;3,18;4,92;2,28
09/08/2016;32;VACA;22080;6,8;15;6,78;1,03;11,53;2,99;3,12;4,78;2,17
09/08/2016;24;VACA;25140;6;14;6,82;1,03;11,65;2,98;3,09;4,93;2,18
09/08/2016;26;VACA;6920;5;14;6,82;1,03;12,12;3,34;3,17;4,88;2,23
09/08/2016;25;VACA;21960;6;15;6,82;1,03;12,12;3,52;3,17;4,8;2,22
09/08/2016;27;VACA;5460;0;0;0;1,03;;;;;
10/08/2016;20;VACA;23180;5,8;15;6,82;1,03;11,75;2,92;3,28;4,93;2,33
10/08/2016;22;VACA;26660;6;15;6,84;1,03;12,06;3,29;3,19;4,96;2,26
10/08/2016;21;VACA;30400;4;15;6,84;1,03;11,98;3,11;3,29;4,96;2,33
10/08/2016;18;VACA;25540;9;15;6,8;1,03;11,22;2,36;3,24;5,03;2,26
10/08/2016;23;VACA;20780;5,6;15;6,82;1,03;12,15;3,44;3,14;4,9;2,22
10/08/2016;18;VACA;25240;6,2;15;8,2;1,03;12,49;3,5;3,42;5,01;2,41
10/08/2016;24;VACA;16740;8,8;15;6,77;1,03;11,63;3,1;3,08;4,77;2,14
10/08/2016;24;VACA;6520;4,8;15;6,78;1,03;12,03;3,28;3,22;4,94;2,24
10/08/2016;26;VACA;6620;7,5;15;6,81;1,03;12,05;3,29;3,18;4,91;2,25
10/08/2016;27;VACA;11180;8,4;15;6,77;1,03;12;3,43;3,12;4,83;2,2
10/08/2016;32;VACA;27720;3,2;15;6,81;1,03;11,92;3,3;3,18;4,86;2,2
10/08/2016;31;VACA;15920;6;15;6,8;1,03;11,73;3,23;3,15;4,79;2,2
10/08/2016;31;VACA;8720;6;14;6,81;1,03;11,81;3,22;3,18;4,79;2,23
10/08/2016;25;VACA;23520;6;15;8;1,03;12,69;3,79;3,31;4,94;2,39
11/08/2016;23;VACA;22680;6;15;6,82;1,03;12,14;3,42;3,16;4,89;2,25
11/08/2016;20;VACA;23060;6;15;6,82;1,03;12,33;3,53;3,27;4,87;2,31
11/08/2016;22;VACA;24300;6,2;15;6,82;1,03;12,09;3,31;3,21;4,94;2,27
11/08/2016;21;VACA;27600;4,3;15;6,8;1,03;12,13;3,35;3,25;4,87;2,3
11/08/2016;18;VACA;24680;6;15;6,79;1,03;12,35;3,38;3,41;4,98;2,4
11/08/2016;26;VACA;6920;4,6;15;6,83;1,03;12,13;3,34;3,19;4,91;2,25
11/08/2016;32;VACA;22080;6;15;6,8;1,03;11,62;3,08;3,12;4,74;2,2
11/08/2016;29;VACA;14940;6,3;15;6,82;1,03;11,9;3,31;3,21;4,74;2,21
11/08/2016;29;VACA;7380;5,8;15;6,82;1,03;11,96;3,39;3,19;4,66;2,2
11/08/2016;25;VACA;21300;5,4;16;6,8;1,03;12,53;3,74;3,24;4,87;2,3
12/08/2016;20;VACA;22880;5,6;15;6,82;1,03;12,37;3,62;3,24;4,85;2,33
12/08/2016;21;VACA;26500;3;15;6,82;1,03;11,27;3,13;3,04;4,45;2,01
12/08/2016;22;VACA;26240;5,5;15;6,81;1,03;12,28;3,5;3,19;4,94;2,31
12/08/2016;18;VACA;25820;6;15;6,8;1,03;12,25;3,37;3,36;4,92;2,36
12/08/2016;23;VACA;24000;5,5;16;6,8;1,03;12,31;3,59;3,14;4,88;2,26
12/08/2016;30;VACA;22560;6;14;8,6;1,03;11,78;3,1;3,23;4,86;2,25
12/08/2016;18;VACA;26260;7;15;6,82;1,03;12,38;3,43;3,41;4,97;2,43
12/08/2016;24;VACA;17020;4;15;8,1;1,03;12,16;3,66;3,05;4,76;2,12
12/08/2016;24;VACA;13200;4,7;15;6,81;1,03;11,97;3,26;3,11;4,91;2,2
12/08/2016;32;VACA;28000;3,7;15;6,83;1,03;11,83;3,19;3,2;4,88;2,23
12/08/2016;27;VACA;10760;8,5;15;6,78;1,03;11,98;3,41;3,11;4,8;2,21
12/08/2016;26;VACA;6780;5;16;6,78;1,03;12,07;3,3;3,18;4,89;2,27
12/08/2016;31;VACA;15880;5,3;15;6,81;1,03;11,89;3,22;3,23;4,85;2,27
12/08/2016;31;VACA;7280;6;15;6,8;1,03;11,86;3,23;3,21;4,85;2,23
12/08/2016;25;VACA;23480;6;15;6,78;1,03;12,75;3,83;3,33;4,94;2,4
13/08/2016;24;VACA;16820;6;15;6,83;1,03;11,96;3,39;3,09;4,78;2,13
13/08/2016;24;VACA;5820;6,7;15;6,81;1,03;11,9;3,3;3,14;4,86;2,14
13/08/2016;26;VACA;6400;4,5;15;6,8;1,03;12,08;3,36;3,15;4,84;2,22
13/08/2016;32;VACA;21580;7;15;6,79;1,03;11,86;3,25;3,17;4,75;2,2
13/08/2016;25;VACA;22700;5;15;6,79;1,03;12,41;3,62;3,27;4,88;2,31
13/08/2016;30;VACA;15880;5,5;15;6,85;1,03;11,64;3,1;3,19;4,76;2,2
13/08/2016;30;VACA;7060;6,2;15;6,85;1,03;12,18;3,35;3,3;4,87;2,33
14/08/2016;26;VACA;6740;4,4;15;6,81;1,03;12,13;3,35;3,15;4,92;2,23
14/08/2016;32;VACA;28060;3,4;15;6,82;1,03;11,97;3,25;3,22;4,93;2,25
14/08/2016;29;VACA;8220;5,6;15;6,84;1,03;12,02;3,45;3,2;4,61;2,21
14/08/2016;29;VACA;16220;6,5;15;6,84;1,03;11,9;3,27;3,26;4,76;2,28
14/08/2016;25;VACA;23740;5,6;15;6,81;1,03;12,78;3,81;3,37;4,95;2,41
14/08/2016;27;VACA;10780;8;15;6,8;1,03;12,08;3,48;3,12;4,82;2,19
14/08/2016;31;VACA;19680;5,5;15;6,79;1,03;12,22;3,54;3,21;4,82;2,23
15/08/2016;22;VACA;26000;6,2;15;6,8;1,03;12,16;3,42;3,18;4,93;2,26
15/08/2016;21;VACA;27360;5,6;15;6,81;1,03;12,22;3,39;3,27;4,9;2,32
15/08/2016;23;VACA;21280;7;15;6,8;1,03;12,28;3,47;3,17;4,94;2,29
15/08/2016;30;VACA;16040;5,2;15;6,82;1,03;11,9;3,1;3,31;4,87;2,3
15/08/2016;30;VACA;6540;4,5;14;6,86;1,03;13,69;5,09;3,18;4,64;2,17
15/08/2016;24;VACA;15460;6,8;15;6,8;1,03;11,9;3,27;3,11;4,85;2,19
15/08/2016;24;VACA;13100;5,4;15;6,82;1,03;11,89;3,26;3,14;4,86;2,17
15/08/2016;26;VACA;6860;5,2;15;6,83;1,03;12,09;3,32;3,14;4,93;2,21
15/08/2016;32;VACA;21820;7,8;15;6,82;1,03;11,88;3,25;3,16;4,75;2,21
15/08/2016;25;VACA;22820;6;15;6,79;1,03;12,56;3,71;3,3;4,89;2,35
16/08/2016;23;VACA;26140;5;15;6,82;1,03;12,06;3,46;3,09;4,84;2,18
16/08/2016;21;VACA;28520;5;15;6,83;1,03;12,1;3,37;3,23;4,86;2,27
16/08/2016;22;VACA;25320;6,3;15;6,79;1,03;12,23;3,46;3,2;4,95;2,25
16/08/2016;31;VACA;16300;4,2;15;6,83;1,03;12,14;3,55;3,17;4,74;2,23
16/08/2016;31;VACA;6140;4,6;14;6,86;1,03;12,15;3,54;3,21;4,73;2,27
16/08/2016;26;VACA;6760;5;15;6,8;1,03;11,97;3,24;3,13;4,93;2,2
16/08/2016;27;VACA;11080;8,5;15;6,78;1,03;12,03;3,47;3,12;4,81;2,21
16/08/2016;32;VACA;28840;4;15;6,8;1,03;11,92;3,22;3,24;4,91;2,24
16/08/2016;25;VACA;23680;6,2;15;6,8;1,03;12,82;3,85;3,37;4,95;2,4
16/08/2016;24;VACA;16480;3,6;15;6,82;1,03;12,03;3,49;3,06;4,81;2,16
16/08/2016;24;VACA;8860;5,4;15;6,82;1,03;12,05;3,36;3,04;4,88;2,17
16/08/2016;30;VACA;22680;5;15;6,83;1,03;12,09;3,32;3,3;4,81;2,28
17/08/2016;24;VACA;15360;7;15;6,83;1,03;11,9;3,43;3,04;4,7;2,1
17/08/2016;24;VACA;6040;5,7;15;6,84;1,03;12,06;3,25;3,27;4,96;2,26
17/08/2016;26;VACA;6640;4,8;15;6,84;1,03;11,98;3,25;3,15;4,93;2,21
17/08/2016;29;VACA;16260;8;14;6,86;1,03;11,84;3,22;3,24;4,72;2,27
17/08/2016;29;VACA;8060;6;14;6,86;1,03;12;3,38;3,2;4,66;2,24
17/08/2016;32;VACA;22520;6,4;15;6,8;1,03;11,83;3,23;3,15;4,73;2,2
17/08/2016;25;VACA;23200;5,8;15;6,82;1,03;12,58;3,75;3,28;4,87;2,34
18/08/2016;31;VACA;16180;5;15;6,82;1,03;12,32;3,75;3,14;4,75;2,16
18/08/2016;31;VACA;7500;6;15;6,8;1,03;12,68;4,24;3,05;4,61;2,09
18/08/2016;27;VACA;11140;8,7;16;6,79;1,03;11,99;3,45;3,09;4,81;2,15
18/08/2016;32;VACA;27240;3,1;15;6,82;1,03;12,01;3,32;3,21;4,92;2,23
18/08/2016;26;VACA;6900;4,8;15;6,78;1,03;11,97;3,19;3,18;4,96;2,21
18/08/2016;25;VACA;23580;6,6;15;6,8;1,03;12,81;3,83;3,35;4,95;2,38
18/08/2016;30;VACA;23520;5,4;14;6,86;1,03;11,97;3,25;3,26;4,8;2,27
19/08/2016;21;VACA;26260;4,2;15;6,83;1,03;12,34;3,47;3,27;4,94;2,33
19/08/2016;22;VACA;26860;6,3;15;6,83;1,03;12,15;3,38;3,21;4,94;2,28
19/08/2016;20;VACA;24120;5,8;15;6,84;1,03;12,32;3,57;3,25;4,86;2,33
19/08/2016;23;VACA;21460;6,2;15;6,81;1,03;12,18;3,47;3,15;4,88;2,26
19/08/2016;24;VACA;16520;6;15;6,83;1,03;11,95;3,48;3,04;4,75;2,12
19/08/2016;24;VACA;12900;4,6;14;6,86;1,03;11,95;3,27;3,13;4,91;2,21
19/08/2016;26;VACA;6980;4,5;15;6,82;1,03;11,87;3,11;3,19;4,95;2,26
19/08/2016;32;VACA;23020;7;15;6,81;1,03;11,85;3,28;3,16;4,76;2,2
19/08/2016;25;VACA;22600;5;16;6,81;1,03;12,5;3,68;3,29;4,87;2,33
19/08/2016;30;VACA;16040;5,7;15;6,83;1,03;12,34;3,61;3,24;4,8;2,24
19/08/2016;30;VACA;5600;4,7;15;6,83;1,03;12,42;3,66;3,25;4,8;2,26
20/08/2016;18;VACA;26340;8;15;6,82;1,03;12,37;3,39;3,42;5,02;2,44
20/08/2016;26;VACA;6700;5;15;6,79;1,03;11,82;3,11;3,2;4,89;2,24
20/08/2016;24;VACA;16840;8;15;6,83;1,03;12,1;3,51;3,07;4,83;2,17
20/08/2016;24;VACA;5800;7,3;15;6,8;1,03;11,77;3,23;3,12;4,82;2,17
20/08/2016;27;VACA;10740;8,5;15;6,8;1,03;12,04;3,51;3,1;4,8;2,17
20/08/2016;32;VACA;26400;4;15;6,8;1,03;11,92;3,22;3,21;4,93;2,24
20/08/2016;29;VACA;15960;6,7;15;6,82;1,03;12,09;3,58;3,19;4,66;2,25
20/08/2016;29;VACA;7740;6;15;6,8;1,03;11,98;3,33;3,26;4,68;2,29
20/08/2016;25;VACA;23520;6;15;6,8;1,03;12,72;3,78;3,37;4,93;2,42
20/08/2016;30;VACA;23060;5,7;15;6,82;1,03;12,1;3,52;3,15;4,74;2,21
20/08/2016;18;VACA;24460;7,3;15;6,83;1,03;12,48;3,57;3,36;4,97;2,37
21/08/2016;30;VACA;16240;6,3;15;6,8;1,03;12,1;3,42;3,23;4,75;2,25
21/08/2016;30;VACA;4560;5,1;15;6,82;1,03;12,07;3,5;3,16;4,73;2,19
21/08/2016;26;VACA;6920;4,8;15;6,8;1,03;11,98;3,25;3,19;4,87;2,22
21/08/2016;32;VACA;22640;6,2;15;6,79;1,03;11,82;3,27;3,15;4,73;2,16
21/08/2016;25;VACA;22660;6;16;6,78;1,03;12,43;3,66;3,26;4,85;2,32
22/08/2016;23;VACA;22380;5,8;15;6,8;1,03;11,88;3,3;3,11;4,82;2,15
22/08/2016;20;VACA;22500;6,3;15;6,8;1,03;12,12;3,5;3,19;4,77;2,22
22/08/2016;21;VACA;29140;4,4;15;6,78;1,03;12,24;3,39;3,28;4,92;2,35
22/08/2016;22;VACA;23520;7;15;6,77;1,03;12,29;3,51;3,21;4,94;2,28
22/08/2016;24;VACA;16600;6,4;15;6,78;1,03;13,17;3,52;3,02;4,65;2,03
22/08/2016;24;VACA;12640;6,7;15;6,8;1,03;13,33;3,52;3,02;4,67;2,06
22/08/2016;27;VACA;10780;9;15;6,81;1,03;12;3,48;3,12;4,79;2,15
22/08/2016;32;VACA;26860;3,1;15;6,8;1,03;11,96;3,27;3,2;4,91;2,23
22/08/2016;26;VACA;6640;4,8;15;6,8;1,03;12,14;3,43;3,15;4,85;2,19
22/08/2016;25;VACA;23580;6,6;15;6,77;1,03;12,7;3,76;3,35;4,93;2,41
22/08/2016;18;VACA;25040;4,6;15;6,83;1,03;12,24;3,45;3,29;4,9;2,27
22/08/2016;18;VACA;25420;7,3;15;6,82;1,03;12,51;3,62;3,35;4,96;2,36
22/08/2016;30;VACA;20600;5,5;14;6,86;1,03;12,22;3,66;3,19;4,73;2,17
23/08/2016;21;VACA;29760;4,6;15;6,8;1,03;12,23;3,46;3,25;4,85;2,28
23/08/2016;20;VACA;21800;6,2;15;6,81;1,03;12,29;3,55;3,26;4,81;2,31
23/08/2016;23;VACA;24360;6,4;15;6,81;1,03;12,35;3,56;3,17;4,91;2,26
23/08/2016;22;VACA;26920;6,2;15;6,82;1,03;12,12;3,31;3,22;4,96;2,25
23/08/2016;18;VACA;25700;5,6;15;6,8;1,03;12,58;3,9;3,18;4,83;2,27
23/08/2016;18;VACA;25920;8;15;6,8;1,03;12,25;3,41;3,34;4,94;2,34
23/08/2016;32;VACA;22180;7;15;6,8;1,03;11,91;3,37;3,13;4,73;2,16
23/08/2016;29;VACA;15920;7;15;6,85;1,03;11,93;3,51;3,12;4,66;2,17
23/08/2016;29;VACA;5460;5,6;15;6,85;1,03;12,07;3,46;3,23;4,64;2,23
23/08/2016;24;VACA;6580;7;15;6,84;1,03;12;3,39;3,05;4,83;2,15
23/08/2016;24;VACA;16040;6,4;15;6,8;1,03;11,69;3,14;3,06;4,82;2,11
23/08/2016;25;VACA;23280;5;15;6,81;1,03;12,48;3,7;3,25;4,86;2,31
23/08/2016;26;VACA;6900;5;15;6,8;1,03;12,01;3,32;3,13;4,87;2,18
24/08/2016;22;VACA;24940;6,2;15;6,81;1,03;12,1;3,41;3,16;4,89;2,2
24/08/2016;20;VACA;21920;6,3;15;6,81;1,03;12,13;3,45;3,22;4,82;2,27
24/08/2016;21;VACA;30940;4,3;15;6,83;1,03;12,27;3,44;3,28;4,91;2,32
24/08/2016;23;VACA;28140;5,3;15;6,82;1,03;12,42;3,77;3,11;4,88;2,18
24/08/2016;24;VACA;16320;7,5;15;6,83;1,03;11,87;3,29;3,09;4,81;2,14
24/08/2016;24;VACA;6260;5,5;15;6,84;1,03;11,87;3,13;3,23;4,91;2,26
24/08/2016;26;VACA;6420;4,6;15;6,82;1,03;11,89;3,19;3,13;4,88;2,2
24/08/2016;32;VACA;26380;3,8;15;6,84;1,03;11,73;3,23;3,14;4,8;2,15
24/08/2016;27;VACA;11100;8,5;15;6,84;1,03;12,01;3,48;3,12;4,79;2,19
24/08/2016;18;VACA;25440;8,6;15;6,8;1,03;12,21;3,46;3,15;4,91;2,2
24/08/2016;25;VACA;24160;6,7;15;6,84;1,03;12,77;3,86;3,33;4,94;2,39
24/08/2016;18;VACA;27120;7,2;15;6,84;1,03;12,33;3,49;3,34;4,92;2,32
24/08/2016;18;VACA;25740;5,2;15;6,82;1,03;12,14;3,33;3,34;4,88;2,34
24/08/2016;18;VACA;25660;6,8;15;6,78;1,03;11,87;3,25;3,28;4,78;2,25
25/08/2016;23;VACA;21700;6,3;15;6,81;1,03;11,98;3,36;3,11;4,84;2,2
25/08/2016;20;VACA;22400;6,2;15;6,82;1,03;12,32;3,58;3,26;4,84;2,33
25/08/2016;21;VACA;28120;4,7;15;6,8;1,03;12,16;3,44;3,15;4,92;2,25
25/08/2016;22;VACA;25160;6,6;15;6,81;1,03;12,21;3,43;3,21;4,93;2,29
25/08/2016;32;VACA;22880;6;15;6,82;1,03;11,8;3,33;3,1;4,71;2,11
25/08/2016;26;VACA;6540;4,6;15;6,8;1,03;11,94;3,22;3,15;4,89;2,22
25/08/2016;25;VACA;21200;4,6;15;6,82;1,03;12,47;3,7;3,24;4,88;2,3
25/08/2016;18;VACA;25040;6,4;15;6,83;1,03;12,53;3,61;3,38;4,98;2,38
25/08/2016;18;VACA;25740;5,7;15;6,84;1,03;12,46;3,46;3,44;4,97;2,42
26/08/2016;22;VACA;24520;6,5;15;6,82;1,03;12,18;3,49;3,15;4,92;2,22
26/08/2016;21;VACA;28080;4,3;15;6,81;1,03;12,27;3,46;3,23;4,91;2,27
26/08/2016;20;VACA;22180;6,3;14;6,84;1,03;12,22;3,51;3,22;4,84;2,27
26/08/2016;23;VACA;23620;5,7;15;6,82;1,03;12,19;3,52;3,1;4,93;2,19
26/08/2016;24;VACA;16520;7,5;15;6,8;1,03;11,98;3,39;3,09;4,85;2,18
26/08/2016;24;VACA;13340;5,2;15;6,82;1,03;11,92;3,2;3,15;4,9;2,22
26/08/2016;27;VACA;11020;8,9;15;6,82;1,03;12,06;3,5;3,12;4,81;2,17
26/08/2016;26;VACA;6680;4,7;15;6,83;1,03;12,02;3,28;3,16;4,89;2,21
26/08/2016;29;VACA;16160;6,3;14;6,84;1,03;11,85;3,35;3,22;4,66;2,21
26/08/2016;29;VACA;5540;5,5;14;6,85;1,03;12,08;3,53;3,19;4,59;2,18
26/08/2016;32;VACA;26080;3,5;15;6,81;1,03;11,96;3,28;3,19;4,92;2,24
26/08/2016;25;VACA;23540;5;14;6,8;1,03;12,79;3,83;3,35;4,93;2,39
26/08/2016;31;VACA;21260;5;15;6,84;1,03;11,53;3,17;3,1;4,7;2,09
27/08/2016;24;VACA;17160;7,1;15;6,83;1,03;11,85;3,39;3,05;4,79;2,13
27/08/2016;26;VACA;6480;5;15;6,8;1,03;12,02;3,29;3,16;4,88;2,2
27/08/2016;24;VACA;6120;6,6;15;6,82;1,03;11,73;3,4;3,03;4,68;2,03
27/08/2016;32;VACA;22540;7;15;6,8;1,03;11,9;3,44;3,11;4,69;2,15
27/08/2016;25;VACA;22960;5,5;15;6,8;1,03;12,46;3,67;3,28;4,89;2,32
28/08/2016;26;VACA;6740;4,8;15;6,83;1,03;12,02;3,26;3,17;4,9;2,23
28/08/2016;32;VACA;26220;3,7;15;6,84;1,03;11,93;3,29;3,22;4,9;2,2
28/08/2016;27;VACA;10660;9;15;6,78;1,03;12,08;3,52;3,14;4,81;2,16
28/08/2016;31;VACA;11900;5,3;15;6,84;1,03;11,87;3,31;3,22;4,78;2,22
28/08/2016;31;VACA;7860;5,2;15;6,82;1,03;11,97;3,46;3,19;4,73;2,19
28/08/2016;25;VACA;23540;6;15;6,82;1,03;12,81;3,84;3,39;4,96;2,42
28/08/2016;5;VACA;17800;5,6;15;6,84;1,03;11,42;3,04;3,1;4,76;2,09
28/08/2016;5;VACA;11580;8;15;6,84;1,03;11,87;3,15;3,23;4,89;2,21
28/08/2016;30;VACA;21120;5,5;14;6,86;1,03;11,99;3,21;3,34;4,84;2,29
29/08/2016;24;VACA;16660;6,5;15;6,84;1,03;12,96;4,41;3,07;4,78;2,12
29/08/2016;24;VACA;6060;6;15;6,84;1,03;12,07;3,86;2,94;4,61;1,98
29/08/2016;32;VACA;22380;6,5;15;6,84;1,03;11,87;3,37;3,12;4,71;2,19
29/08/2016;29;VACA;12460;6,6;15;6,85;1,03;12,02;3,47;3,3;4,66;2,3
29/08/2016;29;VACA;9440;5,4;15;6,85;1,03;11,96;3,41;3,22;4,63;2,25
29/08/2016;25;VACA;22900;5,8;15;6,8;1,03;12,61;3,77;3,3;4,88;2,36
29/08/2016;26;VACA;7120;5,8;20;6,8;1,03;12,08;3,36;3,14;4,9;2,19
29/08/2016;18;VACA;24960;5;14;6,85;1,03;12,33;3,51;3,34;4,87;2,3
29/08/2016;18;VACA;25580;7,1;16;6,78;1,03;12,4;3,45;3,44;4,96;2,45
29/08/2016;18;VACA;25440;5,3;15;6,79;1,03;12,48;3,72;3,22;4,87;2,28
29/08/2016;18;VACA;25060;6;15;6,83;1,03;12,16;3,23;3,43;4,96;2,4
29/08/2016;7;VACA;14560;6;15;6,83;1,03;11,75;3,15;3,18;4,87;2,21
29/08/2016;7;VACA;9380;6;15;6,83;1,03;11,74;3,14;3,19;4,87;2,21
30/08/2016;18;VACA;25520;7,8;15;6,8;1,03;11,11;2,35;3,24;4,99;2,28
30/08/2016;18;VACA;25340;8;15;6,83;1,03;13,05;4,4;3,15;4,83;2,17
30/08/2016;30;VACA;15760;5,7;14;6,86;1,03;11,89;3,21;3,29;4,77;2,24
30/08/2016;30;VACA;6340;6;14;6,86;1,03;12,08;3,38;3,33;4,77;2,28
30/08/2016;18;VACA;26340;7,5;15;6,83;1,03;12,42;3,45;3,42;5;2,38
30/08/2016;24;VACA;16980;5,4;15;6,83;1,03;11,87;3,36;3,06;4,79;2,09
30/08/2016;24;VACA;7960;4,7;15;6,84;1,03;11,87;3,19;3,07;4,82;2,14
30/08/2016;26;VACA;6560;4,6;15;6,81;1,03;12,01;3,27;3,15;4,88;2,17
30/08/2016;32;VACA;26180;3,1;15;6,81;1,03;11,96;3,24;3,21;4,91;2,2
30/08/2016;27;VACA;5280;8;15;6,82;1,03;11,95;3,37;3,19;4,79;2,21
30/08/2016;25;VACA;23060;5,8;15;6,81;1,03;12,77;3,82;3,36;4,94;2,42
30/08/2016;18;VACA;25360;7;16;6,79;1,03;12,25;3,47;3,12;4,92;2,16
30/08/2016;31;VACA;23100;4;15;6,81;1,03;11,71;3,29;3,1;4,72;2,17
30/08/2016;27;VACA;5500;4;15;6,8;1,03;;;;;
31/08/2016;26;VACA;6880;5;15;6,82;1,03;11,97;3,23;3,16;4,92;2,23
31/08/2016;24;VACA;5920;8,5;15;6,83;1,03;12;3,3;3,14;4,88;2,21
31/08/2016;24;VACA;12780;5,6;15;6,83;1,03;12,07;3,31;3,27;4,9;2,28
31/08/2016;18;VACA;26360;7;15;6,81;1,03;12,24;3,51;3,27;4,87;2,26
31/08/2016;32;VACA;22000;6,7;15;6,83;1,03;11,82;3,32;3,11;4,7;2,14
31/08/2016;25;VACA;21420;6;15;6,83;1,03;12,57;3,75;3,32;4,88;2,36
31/08/2016;30;VACA;15840;5,7;14;6,86;1,03;12,04;3,37;3,3;4,74;2,28
31/08/2016;30;VACA;4200;5,6;14;6,86;1,03;12,16;3,51;3,27;4,69;2,31
31/08/2016;18;VACA;25500;4,6;15;6,83;1,03;12,25;3,51;3,28;4,86;2,26
31/08/2016;18;VACA;23800;7;15;6,8;1,03;12,18;3,37;3,19;4,93;2,24
01/09/2016;18;VACA;25280;6,5;15;6,8;1,03;12,28;3,46;3,38;4,89;2,37
01/09/2016;18;VACA;25260;7,2;15;6,83;1,03;11,99;3,09;3,4;4,98;2,41
01/09/2016;27;VACA;4060;4;15;6,8;1,03;11,89;3,37;3,21;4,73;2,23
01/09/2016;32;VACA;25660;3,4;15;6,84;1,03;11,98;3,31;3,23;4,91;2,26
01/09/2016;26;VACA;6240;5;15;6,82;1,03;12,02;3,25;3,17;4,93;2,23
01/09/2016;29;VACA;8400;6,8;15;6,83;1,03;12,21;3,6;3,3;4,67;2,28
01/09/2016;29;VACA;9560;5,5;15;6,83;1,03;12,02;3,41;3,26;4,68;2,26
01/09/2016;25;VACA;22960;5,7;15;6,8;1,03;12,75;3,83;3,37;4,91;2,4
01/09/2016;24;VACA;16760;4,2;14;6,86;1,03;11,8;3,19;3,12;4,84;2,15
01/09/2016;18;VACA;24740;6,5;15;6,83;1,03;12,26;3,39;3,42;4,92;2,39
01/09/2016;31;VACA;19040;4,1;14;6,86;1,03;12,03;3,55;3,07;4,74;2,14
01/09/2016;18;VACA;25680;8,5;16;6,81;1,03;12,33;3,47;3,24;4,95;2,23
01/09/2016;18;VACA;24940;5,2;15;6,84;1,03;12,13;3,38;3,3;4,86;2,23
02/09/2016;30;VACA;15960;5,5;14;6,85;1,03;11,76;3,2;3,24;4,73;2,23
02/09/2016;30;VACA;3880;6;14;6,86;1,03;11,97;3,4;3,25;4,74;2,24
02/09/2016;24;VACA;16320;6,5;15;6,81;1,03;12,83;4,21;3,08;4,8;2,14
02/09/2016;24;VACA;6420;4,6;15;6,8;1,03;11,9;3,17;3,18;4,93;2,19
02/09/2016;26;VACA;7300;4,6;15;6,82;1,03;12,03;3,26;3,16;4,92;2,21
02/09/2016;32;VACA;20520;7;15;6,77;1,03;11,79;3,32;3,08;4,68;2,12
02/09/2016;18;VACA;25540;7;15;6,83;1,03;12,43;3,44;3,45;4,98;2,42
02/09/2016;25;VACA;25880;6;15;6,8;1,03;12,44;3,66;3,27;4,85;2,29
02/09/2016;18;VACA;26600;7,5;15;6,81;1,03;12,13;3,06;3,44;5,03;2,43
02/09/2016;18;VACA;25560;6;15;6,8;1,03;12,31;3,48;3,36;4,88;2,28
03/09/2016;27;VACA;5060;7,2;15;6,79;1,03;12,12;3,45;3,28;4,75;2,28
03/09/2016;24;VACA;16160;8,1;15;6,8;1,03;11,93;3,38;3,08;4,67;2,17
03/09/2016;26;VACA;7660;4,5;16;6,79;1,03;12,1;3,24;3,2;4,97;2,24
03/09/2016;32;VACA;25040;2,7;15;6,8;1,03;12,03;3,35;3,22;4,89;2,24
03/09/2016;31;VACA;16380;4,8;15;6,81;1,03;11,81;3,43;3,06;4,71;2,1
03/09/2016;31;VACA;5500;4,5;15;6,83;1,03;11,97;3,55;3,08;4,74;2,12
03/09/2016;25;VACA;23720;6,6;15;6,78;1,03;12,68;3,71;3,38;4,95;2,43
03/09/2016;30;VACA;19540;5,6;15;6,83;1,03;12,05;3,33;3,33;4,77;2,29
04/09/2016;26;VACA;7340;4,5;16;6,8;1,03;12,17;3,33;3,17;4,95;2,23
04/09/2016;32;VACA;21640;7,1;15;6,8;1,03;11,83;3,3;3,11;4,71;2,15
04/09/2016;29;VACA;16460;6,3;15;6,82;1,03;12,18;3,54;3,32;4,65;2,28
04/09/2016;29;VACA;5160;5,6;15;6,79;1,03;12,12;3,49;3,28;4,62;2,25
04/09/2016;25;VACA;23560;5,8;15;6,81;1,03;12,6;3,73;3,3;4,92;2,33
05/09/2016;20;VACA;22160;6,3;15;6,8;1,03;12,3;3,6;3,2;4,79;2,27
05/09/2016;23;VACA;27000;5,2;15;6,83;1,03;12;3,42;3,08;4,82;2,16
05/09/2016;22;VACA;25060;6,4;15;6,84;1,03;12,32;3,52;3,19;4,97;2,28
05/09/2016;21;VACA;25720;4,7;15;6,81;1,03;12,36;3,55;3,22;4,89;2,29
05/09/2016;19;VACA;21360;5,6;15;6,79;1,03;12,17;3,47;3,21;4,87;2,29
05/09/2016;24;VACA;16740;5,5;15;6,88;1,03;12,43;3,87;3,11;4,75;2,16
05/09/2016;24;VACA;8340;5,3;16;6,8;1,03;12,44;4;3,05;4,7;2,06
05/09/2016;27;VACA;4900;7,3;15;6,83;1,03;12;3,43;3,2;4,75;2,25
05/09/2016;32;VACA;25500;3;15;6,81;1,03;12,04;3,33;3,21;4,91;2,22
05/09/2016;26;VACA;7060;4,8;15;6,81;1,03;12,18;3,35;3,17;4,95;2,23
05/09/2016;18;VACA;27460;7,5;15;6,82;1,03;12,21;3,29;3,39;4,96;2,39
05/09/2016;25;VACA;23540;6,3;15;6,81;1,03;12,78;3,8;3,36;4,97;2,39
05/09/2016;18;VACA;26060;5,4;15;6,82;1,03;12,39;3,61;3,29;4,87;2,25
05/09/2016;18;VACA;25400;7,4;15;6,82;1,03;12,31;3,36;3,39;5,02;2,38
06/09/2016;20;VACA;21000;6,5;15;6,83;1,03;12,29;3,51;3,23;4,89;2,26
06/09/2016;23;VACA;22800;5,6;15;6,83;1,03;12,11;3,37;3,16;4,91;2,23
06/09/2016;22;VACA;25320;6,7;15;6,84;1,03;12,3;3,53;3,17;4,93;2,28
06/09/2016;19;VACA;20780;6,4;15;6,84;1,03;12,25;3,46;3,3;4,84;2,35
06/09/2016;21;VACA;27800;5,2;15;6,84;1,03;12,41;3,6;3,22;4,89;2,31
06/09/2016;18;VACA;25420;7;15;6,83;1,03;12,36;3,39;3,43;5;2,41
06/09/2016;32;VACA;21360;5,8;15;6,78;1,03;11,91;3,34;3,13;4,71;2,16
06/09/2016;18;VACA;25340;8,5;15;6,82;1,03;12,3;3,43;3,37;4,99;2,38
06/09/2016;26;VACA;7280;5;15;6,84;1,03;12,23;3,45;3,13;4,91;2,23
06/09/2016;25;VACA;23040;4,7;15;6,82;1,03;12,64;3,77;3,29;4,93;2,32
06/09/2016;24;VACA;16680;4,1;14;6,85;1,03;12,01;3,33;3,15;4,88;2,22
06/09/2016;24;VACA;10080;5,2;14;6,85;1,03;12,07;3,3;3,1;4,92;2,19
07/09/2016;27;VACA;5280;7;15;6,84;1,03;11,9;3,25;3,22;4,85;2,3
07/09/2016;24;VACA;15100;8,5;15;6,82;1,03;11,72;3,23;3,08;4,74;2,1
07/09/2016;24;VACA;5980;6,2;15;6,82;1,03;11,82;3,15;3,16;4,92;2,2
07/09/2016;26;VACA;6380;4;15;6,83;1,03;12,02;3,29;3,13;4,92;2,19
07/09/2016;32;VACA;24960;3,5;15;6,83;1,03;12,06;3,41;3,18;4,87;2,18
07/09/2016;29;VACA;16280;6,4;15;6,83;1,03;12,16;3,58;3,3;4,59;2,27
07/09/2016;29;VACA;3260;6,2;15;6,85;1,03;12,07;3,54;3,23;4,59;2,22
07/09/2016;25;VACA;23460;5,9;15;6,83;1,03;12,77;3,83;3,34;4,96;2,37
08/09/2016;22;VACA;22520;7,4;15;6,82;1,03;12,3;3,56;3,18;4,97;2,26
08/09/2016;23;VACA;22700;6,1;15;6,83;1,03;12,12;3,36;3,17;4,94;2,26
08/09/2016;19;VACA;21020;4,6;16;6,82;1,03;12,21;3,43;3,3;4,86;2,36
08/09/2016;21;VACA;23260;5,5;15;6,88;1,03;12,45;3,64;3,24;4,94;2,31
08/09/2016;18;VACA;25240;5,1;15;6,82;1,03;12,29;3,58;3,28;4,88;2,28
08/09/2016;26;VACA;6620;4,5;15;6,8;1,03;12,22;3,47;3,12;4,96;2,23
08/09/2016;32;VACA;21080;6,8;15;6,81;1,03;11,93;3,36;3,17;4,69;2,14
08/09/2016;25;VACA;21480;5,7;15;6,83;1,03;12,59;3,8;3,26;4,93;2,31
08/09/2016;18;VACA;25380;7,4;15;6,82;1,03;12,07;3,24;3,35;4,94;2,32
09/09/2016;20;VACA;22740;6;15;6,84;1,03;12,3;3,62;3,23;4,81;2,28
09/09/2016;22;VACA;24320;6;14;6,85;1,03;12,18;3,44;3,16;4,98;2,19
09/09/2016;23;VACA;25080;5,3;15;6,84;1,03;12,19;3,5;3,1;4,93;2,16
09/09/2016;19;VACA;21260;6;15;6,84;1,03;12,16;3,5;3,2;4,86;2,26
09/09/2016;21;VACA;24420;4;14;6,86;1,03;12,39;3,64;3,21;4,89;2,24
09/09/2016;18;VACA;24780;5,6;15;6,83;1,03;11,95;3,18;3,2;4,96;2,23
09/09/2016;18;VACA;26020;6,8;14;6,85;1,03;12,2;3,38;3,39;4,92;2,36
09/09/2016;24;VACA;15740;7,2;15;6,83;1,03;12,7;4,19;3,09;4,79;2,16
09/09/2016;24;VACA;8960;6,3;15;6,83;1,03;12,39;3,89;3;4,77;2,1
09/09/2016;27;VACA;5380;7;15;6,83;1,03;12,22;3,66;3,16;4,79;2,23
09/09/2016;32;VACA;25340;3,3;15;6,82;1,03;11,98;3,33;3,16;4,91;2,18
09/09/2016;26;VACA;6420;4,6;15;6,8;1,03;12,14;3,43;3,09;4,92;2,17
09/09/2016;25;VACA;23100;6;15;6,83;1,03;12,64;3,74;3,33;4,95;2,39
10/09/2016;24;VACA;15560;7,3;15;6,81;1,03;12,04;3,43;3,12;4,84;2,17
10/09/2016;24;VACA;2620;7,3;15;6,78;1,03;12,17;3,47;3,14;4,96;2,2
10/09/2016;26;VACA;6480;4,6;15;6,8;1,03;12,16;3,45;3,11;4,92;2,17
10/09/2016;32;VACA;20160;6,3;15;6,78;1,03;11,76;3,26;3,13;4,72;2,19
10/09/2016;29;VACA;16760;7;15;6,83;1,03;12,13;3,59;3,24;4,66;2,26
10/09/2016;29;VACA;2780;8;15;6,8;1,03;11,94;3,43;3,21;4,6;2,23
10/09/2016;25;VACA;22060;4,5;15;6,81;1,03;12,44;3,68;3,28;4,89;2,32
11/09/2016;26;VACA;6780;4,6;16;6,79;1,03;12,15;3,4;3,15;4,94;2,22
11/09/2016;32;VACA;25400;3,7;15;6,8;1,03;12,04;3,31;3,24;4,91;2,26
11/09/2016;27;VACA;5060;6,9;15;6,82;1,03;12,01;3,43;3,21;4,77;2,26
11/09/2016;25;VACA;23420;6,5;15;6,79;1,03;12,68;3,72;3,38;4,96;2,42
11/09/2016;34;VACA;23820;6,3;15;6,81;1,03;12,08;3,37;3,29;4,85;2,29
12/09/2016;22;VACA;25160;6,5;15;6,82;1,03;12,21;3,4;3,23;4,91;2,27
12/09/2016;20;VACA;20100;6,7;15;6,81;1,03;12,21;3,5;3,28;4,82;2,3
12/09/2016;19;VACA;20920;5,1;15;6,82;1,03;12,38;3,62;3,31;4,84;2,34
12/09/2016;23;VACA;19940;5,7;15;6,8;1,03;12,22;3,4;3,23;4,95;2,3
12/09/2016;21;VACA;23980;4,6;15;6,82;1,03;12,22;3,5;3,24;4,84;2,25
12/09/2016;24;VACA;16000;6,8;15;6,83;1,03;12,62;3,91;3,19;4,87;2,24
12/09/2016;24;VACA;5280;6;15;6,83;1,03;11,97;3,3;3,14;4,92;2,19
12/09/2016;26;VACA;6800;4,8;15;6,8;1,03;12,1;3,35;3,17;4,92;2,23
12/09/2016;32;VACA;21380;8,2;15;6,8;1,03;11,73;3,14;3,17;4,74;2,21
12/09/2016;25;VACA;22760;5,5;15;6,82;1,03;12,44;3,64;3,29;4,84;2,34
12/09/2016;18;VACA;24740;7,2;15;6,82;1,03;12,07;3,18;3,44;4,96;2,39
12/09/2016;18;VACA;25440;7;15;6,82;1,03;12,16;3,25;3,42;4,98;2,39
13/09/2016;20;VACA;20480;6;15;6,82;1,03;12,21;3,54;3,23;4,75;2,28
13/09/2016;19;VACA;22180;7,1;15;6,8;1,03;12,17;3,48;3,23;4,83;2,26
13/09/2016;22;VACA;27480;6,7;15;6,82;1,03;12,25;3,46;3,22;4,93;2,27
13/09/2016;23;VACA;18900;6,3;15;6,79;1,03;12,17;3,38;3,22;4,93;2,28
13/09/2016;21;VACA;25360;4,4;15;6,8;1,03;12,05;3,44;3,2;4,77;2,22
13/09/2016;18;VACA;25800;8,3;15;6,83;1,03;12,41;3,56;3,38;4,94;2,34
13/09/2016;18;VACA;26180;5,3;15;6,82;1,03;12,58;3,78;3,2;4,94;2,24
13/09/2016;32;VACA;26100;4,2;15;6,82;1,03;11,96;3,25;3,24;4,88;2,27
13/09/2016;26;VACA;7000;4,7;15;6,81;1,03;12,05;3,27;3,16;4,94;2,23
13/09/2016;29;VACA;16540;6;15;6,83;1,03;11,65;3,22;3,22;4,58;2,21
13/09/2016;29;VACA;2940;5,9;16;6,84;1,03;11,98;3,54;3,2;4,55;2,21
13/09/2016;25;VACA;23640;6,5;15;6,8;1,03;12,81;3,81;3,39;4,91;2,41
13/09/2016;24;VACA;14520;4;15;6,79;1,03;12,08;3,39;3,15;4,86;2,23
13/09/2016;24;VACA;10220;5,1;15;6,78;1,03;11,92;3,2;3,08;4,89;2,16
14/09/2016;22;VACA;23320;4,3;15;6,8;1,03;12,25;3,46;3,22;4,93;2,27
14/09/2016;19;VACA;20160;4,7;15;6,82;1,03;12,2;3,48;3,28;4,78;2,31
14/09/2016;20;VACA;21540;5,3;15;6,8;1,03;12,45;3,61;3,28;4,89;2,33
14/09/2016;23;VACA;23100;5,5;15;6,83;1,03;12,3;3,51;3,2;4,9;2,28
14/09/2016;18;VACA;25280;6,7;15;6,81;1,03;11,91;3,22;3,19;4,82;2,18
14/09/2016;21;VACA;24520;4;15;6,81;1,03;12,34;3,47;3,28;4,9;2,32
14/09/2016;24;VACA;14440;5,9;14;6,85;1,03;11,72;3,16;3,14;4,71;2,15
14/09/2016;24;VACA;5480;5,5;15;6,83;1,03;11,87;3,29;3,11;4,86;2,14
14/09/2016;26;VACA;6760;4,5;15;6,8;1,03;12,04;3,29;3,17;4,9;2,2
14/09/2016;18;VACA;25120;7;15;6,81;1,03;11,99;3,08;3,42;4,97;2,36
14/09/2016;32;VACA;21640;6,4;15;6,79;1,03;11,95;3,28;3,21;4,72;2,23
14/09/2016;25;VACA;23460;4,6;15;6,79;1,03;12,45;3,64;3,29;4,82;2,31
14/09/2016;30;VACA;9320;6;15;6,82;1,03;12,19;3,48;3,29;4,73;2,25
15/09/2016;21;VACA;25160;3,7;15;6,83;1,03;12,37;3,46;3,32;4,88;2,33
15/09/2016;26;VACA;6980;3,8;15;6,79;1,03;12,05;3,25;3,2;4,9;2,23
15/09/2016;32;VACA;25160;3,3;15;6,79;1,03;12,08;3,35;3,22;4,87;2,22
15/09/2016;25;VACA;24060;6,3;15;6,8;1,03;12,32;3,69;3,28;4,66;2,27
16/09/2016;22;VACA;23140;6,2;15;6,81;1,03;12,47;3,6;3,25;4,89;2,27
16/09/2016;20;VACA;20120;6,2;15;6,83;1,03;12,56;3,64;3,33;4,86;2,37
16/09/2016;21;VACA;24740;3,7;16;7,7;1,03;12,56;3,64;3,33;4,88;2,35
16/09/2016;23;VACA;22660;5;15;8,2;1,03;12,42;3,52;3,25;4,91;2,3
16/09/2016;19;VACA;21160;4,6;15;6,83;1,03;12,27;3,43;3,33;4,85;2,37
16/09/2016;31;VACA;16020;6,5;15;6,83;1,03;11,77;3,26;3,2;4,71;2,2
16/09/2016;31;VACA;4180;4,8;14;6,5;1,03;12,01;3,41;3,29;4,71;2,28
16/09/2016;24;VACA;15740;4,7;15;6,8;1,03;12,24;3,49;3,24;4,81;2,24
16/09/2016;24;VACA;12600;5;15;6,8;1,03;12,26;3,5;3,18;4,85;2,23
16/09/2016;32;VACA;22060;5,5;15;6,81;1,03;12,03;3,33;3,25;4,7;2,23
16/09/2016;26;VACA;6700;5,5;15;6,81;1,03;12,1;3,29;3,22;4,89;2,25
16/09/2016;25;VACA;23180;6;15;6,8;1,03;12,58;3,7;3,32;4,83;2,36
16/09/2016;29;VACA;16320;5;14;6,85;1,03;12,05;3,48;3,32;4,59;2,25
16/09/2016;29;VACA;2880;5,3;14;6,86;1,03;12,07;3,55;3,26;4,51;2,24
17/09/2016;18;VACA;25900;5,5;15;6,78;1,03;12,2;3,33;3,38;4,89;2,34
17/09/2016;32;VACA;25900;3,4;15;6,79;1,03;12,09;3,33;3,27;4,85;2,27
17/09/2016;24;VACA;15180;7,5;15;6,8;1,03;12,05;3,33;3,18;4,81;2,23
17/09/2016;24;VACA;3620;6,8;15;6,79;1,03;12,51;3,71;3,16;4,9;2,18
17/09/2016;26;VACA;6920;5;16;6,78;1,03;12;3,2;3,18;4,9;2,22
17/09/2016;25;VACA;24100;5,7;15;6,8;1,03;12,92;3,88;3,41;4,91;2,41
17/09/2016;18;VACA;26040;6,5;16;6,75;1,03;12,29;3,27;3,44;4,96;2,35
17/09/2016;34;VACA;13920;6,1;15;7,8;1,03;12,13;3,29;3,34;4,85;2,29
17/09/2016;18;VACA;25160;6;15;6,79;1,03;12,19;3,14;3,45;4,99;2,38
18/09/2016;26;VACA;7120;4,3;15;6,79;1,03;12,09;3,24;3,22;4,9;2,25
18/09/2016;32;VACA;23180;5,4;15;6,78;1,03;12,08;3,44;3,23;4,64;2,21
18/09/2016;25;VACA;23600;6,4;16;6,78;1,03;12,66;3,75;3,33;4,85;2,34
19/09/2016;21;VACA;26340;3;15;6,82;1,03;12,39;3,54;3,29;4,85;2,32
19/09/2016;20;VACA;23020;5,8;15;6,82;1,03;12,48;3,68;3,33;4,76;2,35
19/09/2016;19;VACA;21540;5,8;15;6,8;1,03;12,36;3,57;3,28;4,84;2,33
19/09/2016;22;VACA;25460;6,1;15;6,83;1,03;12,42;3,53;3,27;4,93;2,33
19/09/2016;23;VACA;24000;5,6;15;6,81;1,03;12,45;3,64;3,22;4,86;2,27
19/09/2016;24;VACA;16320;7;15;6,8;1,03;12,75;3,94;3,24;4,83;2,25
19/09/2016;24;VACA;6340;5,1;15;6,8;1,03;12,22;3,51;3,15;4,87;2,17
19/09/2016;26;VACA;7060;4,6;15;6,81;1,03;12,13;3,32;3,21;4,87;2,23
19/09/2016;32;VACA;26120;3;15;6,83;1,03;12,15;3,34;3,27;4,87;2,26
19/09/2016;29;VACA;14680;6,9;15;6,82;1,03;12,23;3,45;3,43;4,65;2,39
19/09/2016;29;VACA;7580;4,8;15;6,85;1,03;12,02;3,44;3,29;4,55;2,23
19/09/2016;25;VACA;23880;6;16;6,78;1,03;12,93;3,9;3,43;4,88;2,43
19/09/2016;34;VACA;26060;7;15;6,82;1,03;12,2;3,37;3,35;4,86;2,31
19/09/2016;18;VACA;24780;7;15;6,8;1,03;12,3;3,21;3,47;4,98;2,4
20/09/2016;19;VACA;21160;5;15;6,82;1,03;12,32;3,57;3,3;4,78;2,32
20/09/2016;20;VACA;22480;5,5;15;6,82;1,03;12,37;3,47;3,3;4,88;2,32
20/09/2016;22;VACA;26100;5,1;15;6,82;1,03;12,38;3,49;3,27;4,94;2,33
20/09/2016;18;VACA;25780;5;15;6,82;1,03;12,81;4;3,27;4,8;2,28
20/09/2016;18;VACA;22340;7;15;6,78;1,03;12,27;3,18;3,5;4,99;2,46
20/09/2016;32;VACA;21860;6,6;15;6,81;1,03;12,14;3,49;3,21;4,64;2,2
20/09/2016;26;VACA;7540;4,6;15;6,81;1,03;12,13;3,3;3,21;4,9;2,27
20/09/2016;25;VACA;22340;5,5;15;6,77;1,03;12,85;3,92;3,35;4,8;2,37
20/09/2016;24;VACA;9100;3,8;15;6,82;1,03;12,21;3,48;3,2;4,79;2,2
20/09/2016;24;VACA;9660;4,7;15;6,82;1,03;12,1;3,3;3,14;4,82;2,14
20/09/2016;24;VACA;5800;0;0;0;1,03;;;;;
21/09/2016;19;VACA;21540;5;15;6,82;1,03;12,14;3,51;3,24;4,7;2,24
21/09/2016;20;VACA;22640;6;15;6,82;1,03;12,57;3,71;3,37;4,78;2,39
21/09/2016;22;VACA;26060;5,5;15;6,82;1,03;12,43;3,54;3,28;4,94;2,32
21/09/2016;23;VACA;21320;5;15;6,82;1,03;12,44;3,59;3,27;4,87;2,31
21/09/2016;21;VACA;26240;3,5;15;6,82;1,03;12,45;3,54;3,32;4,9;2,36
21/09/2016;24;VACA;15720;7,5;15;6,78;1,03;11,93;3,21;3,17;4,8;2,18
21/09/2016;24;VACA;2960;4,4;15;6,82;1,03;12,17;3,47;3,16;4,86;2,21
21/09/2016;26;VACA;6820;6;15;6,78;1,03;12,23;3,42;3,18;4,89;2,25
21/09/2016;32;VACA;25860;3;15;6,8;1,03;12,19;3,42;3,26;4,84;2,27
21/09/2016;25;VACA;23540;5,9;15;6,78;1,03;12,99;3,98;3,41;4,87;2,42
21/09/2016;34;VACA;17040;5,7;15;6,81;1,03;12,18;3,34;3,38;4,83;2,35
22/09/2016;21;VACA;25420;3;15;6,8;1,03;12,45;3,55;3,3;4,88;2,36
22/09/2016;22;VACA;26040;6;15;6,8;1,03;12,3;3,5;3,23;4,86;2,28
22/09/2016;26;VACA;6640;4,6;15;6,8;1,03;12,28;3,44;3,16;4,87;2,26
22/09/2016;32;VACA;22620;5;15;6,81;1,03;12,11;3,48;3,18;4,65;2,22
22/09/2016;25;VACA;22640;6,2;16;6,77;1,03;12,87;3,98;3,32;4,8;2,36
22/09/2016;29;VACA;16140;5;15;6,82;1,03;12,16;3,5;3,35;4,57;2,32
22/09/2016;29;VACA;2520;5,6;15;6,84;1,03;12,08;3,49;3,3;4,57;2,28
23/09/2016;18;VACA;25360;7;15;6,8;1,03;12,17;3,2;3,45;4,89;2,38
23/09/2016;22;VACA;24340;5,2;15;6,77;1,03;11,64;3,29;3,1;4,61;2,11
23/09/2016;23;VACA;26000;6,3;15;6,79;1,03;12,14;3,48;3,18;4,78;2,25
23/09/2016;20;VACA;23100;5,9;15;6,82;1,03;12,61;3,73;3,36;4,81;2,41
23/09/2016;19;VACA;21360;5,4;15;6,79;1,03;12,39;3,61;3,31;4,82;2,35
23/09/2016;21;VACA;26160;4,1;15;6,8;1,03;12,44;3,57;3,31;4,88;2,34
23/09/2016;18;VACA;24280;8,2;16;6,876;1,03;11,74;2,65;3,49;5,03;2,47
23/09/2016;24;VACA;16540;6;15;6,8;1,03;12,26;3,42;3,26;4,87;2,26
23/09/2016;24;VACA;6260;4,8;15;6,8;1,03;12,24;3,49;3,21;4,87;2,21
23/09/2016;26;VACA;6540;4,5;15;6,8;1,03;12,31;3,53;3,16;4,85;2,22
23/09/2016;32;VACA;25540;3;15;6,8;1,03;12,29;3,53;3,24;4,87;2,25
23/09/2016;25;VACA;23220;5,8;15;6,78;1,03;12,96;3,98;3,39;4,88;2,42
24/09/2016;24;VACA;16640;7;15;6,79;1,03;12,4;3,56;3,22;4,87;2,27
24/09/2016;24;VACA;3740;7;16;6,77;1,03;12,53;3,61;3,28;4,91;2,3
24/09/2016;26;VACA;6600;6;15;6,8;1,03;12,24;3,46;3,16;4,86;2,21
24/09/2016;32;VACA;22020;6;15;6,81;1,03;12,12;3,51;3,18;4,62;2,18
24/09/2016;25;VACA;22940;4,3;15;6,81;1,03;12,78;3,9;3,29;4,86;2,34
24/09/2016;18;VACA;25380;6,6;16;6,82;1,03;12,55;3,34;3,56;4,99;2,48
24/09/2016;18;VACA;25520;8;15;6,8;1,03;12,04;3,13;3,41;4,94;2,62
25/09/2016;26;VACA;6680;4,5;15;6,8;1,03;12,06;3,34;3,19;4,89;2,49
25/09/2016;32;VACA;25980;3,2;15;6,81;1,03;12,13;3,45;3,25;4,84;2,48
25/09/2016;29;VACA;15760;6,6;15;6,84;1,03;12,22;3,49;3,37;4,62;2,34
25/09/2016;29;VACA;6320;7;15;6,82;1,03;11,78;3,33;3,29;4,5;2,49
25/09/2016;25;VACA;23720;5,1;15;8,5;1,03;13,08;4,05;3,41;4,91;2,4
26/09/2016;22;VACA;25140;6;15;6,82;1,03;12,36;3,52;3,27;4,87;2,29
26/09/2016;20;VACA;20640;5;15;6,82;1,03;12,5;3,68;3,28;4,82;2,29
26/09/2016;19;VACA;21280;5;15;6,8;1,03;12,38;3,54;3,34;4,82;2,36
26/09/2016;23;VACA;20860;5;15;6,82;1,03;12,4;3,57;3,3;4,84;2,34
26/09/2016;21;VACA;24920;4;15;6,8;1,03;12,39;3,43;3,34;4,94;2,38
26/09/2016;24;VACA;16600;6;15;6,81;1,03;12,11;3,28;3,27;4,81;2,24
26/09/2016;24;VACA;6280;6;15;6,8;1,03;12,52;3,65;3,24;4,92;2,26
26/09/2016;26;VACA;6360;5;15;6,8;1,03;12,17;3,39;3,15;4,87;2,19
26/09/2016;32;VACA;21960;6;15;6,8;1,03;12,05;3,46;3,18;4,62;2,17
26/09/2016;25;VACA;23400;5,5;15;8,1;1,03;12,77;3,9;3,31;4,84;2,34
27/09/2016;31;VACA;24700;6,5;15;6,82;1,03;12,38;3,76;3,27;4,61;2,26
27/09/2016;23;VACA;22300;5,5;15;6,8;1,03;12,37;3,54;3,24;4,85;2,32
27/09/2016;19;VACA;22460;5,5;15;6,8;1,03;12,28;3,55;3,3;4,78;2,31
27/09/2016;22;VACA;25500;5;15;6,8;1,03;12,11;3,22;3,31;4,92;2,35
27/09/2016;20;VACA;22180;5;15;6,8;1,03;12,56;3,75;3,34;4,73;2,36
27/09/2016;21;VACA;25960;3;15;6,82;1,03;12,51;3,63;3,32;4,86;2,33
27/09/2016;32;VACA;26540;3;15;6,82;1,03;12,11;3,4;3,23;4,84;2,23
27/09/2016;25;VACA;23480;6;15;6,8;1,03;13,07;4;3,42;4,9;2,5
27/09/2016;26;VACA;7160;5,4;15;6,8;1,03;12,19;3,43;3,17;4,88;2,2
27/09/2016;24;VACA;15300;7;15;6,83;1,03;12,24;3,5;3,19;4,81;2,28
27/09/2016;24;VACA;4000;4;15;6,83;1,03;12;3,22;3,15;4,83;2,27
27/09/2016;31;VACA;25820;4,1;15;6,81;1,03;12,27;3,7;3,27;4,58;2,23
28/09/2016;27;VACA;4840;6;15;6,8;1,03;12,02;3,43;3,2;4,78;
28/09/2016;24;VACA;16500;6;15;6,78;1,03;12,12;3,37;3,22;4,79;2,25
28/09/2016;26;VACA;6500;5;15;6,8;1,03;12,05;3,27;3,09;4,76;2,36
28/09/2016;32;VACA;21880;6,8;15;6,78;1,03;12,08;3,46;3,2;4,67;2,19
28/09/2016;29;VACA;16640;5;15;8,2;1,03;12,24;3,53;3,34;4,65;2,32
28/09/2016;29;VACA;2960;6;15;8,2;1,03;11,93;3,39;3,24;4,55;2,26
28/09/2016;25;VACA;22980;5;15;6,8;1,03;12,78;3,88;3,3;4,85;2,35
29/09/2016;21;VACA;29120;3,2;15;6,81;1,03;12,5;3,63;3,28;4,84;2,31
29/09/2016;27;VACA;5160;7;15;6,82;1,03;12,72;4,03;3,33;4,62;2,33
29/09/2016;32;VACA;25480;3,4;15;6,78;1,03;12,08;3,38;3,21;4,85;2,26
29/09/2016;26;VACA;6680;4,6;15;6,82;1,03;12,27;3,47;3,19;4,87;2,28
29/09/2016;31;VACA;16060;4,5;15;6,84;1,03;12,21;3,5;3,29;4,73;2,28
29/09/2016;31;VACA;6620;6;15;6,84;1,03;12,36;3,61;3,34;4,73;2,31
29/09/2016;25;VACA;24000;7;16;6,78;1,03;13,03;3,97;3,43;4,9;2,48
30/09/2016;20;VACA;23760;5,2;15;6,81;1,03;12,2;3,44;3,28;4,78;2,29
30/09/2016;21;VACA;25000;2,5;15;6,81;1,03;12,58;3,61;3,34;4,89;2,39
30/09/2016;22;VACA;23980;6,4;15;6,81;1,03;12,5;3,6;3,31;4,92;2,34
30/09/2016;23;VACA;21940;5,6;15;6,81;1,03;12,49;3,63;3,25;4,89;2,29
30/09/2016;24;VACA;16600;6,4;15;6,84;1,03;12,06;3,28;3,21;4,81;2,24
30/09/2016;24;VACA;13040;5,8;15;6,8;1,03;12,17;3,6;3,17;4,7;2,16
30/09/2016;32;VACA;22540;5,8;15;6,82;1,03;12,06;3,44;3,15;4,67;2,19
30/09/2016;26;VACA;6880;4,7;15;6,81;1,03;12,25;3,46;3,18;4,87;2,23
30/09/2016;25;VACA;23800;6,2;15;6,77;1,03;12,82;3,91;3,33;4,86;2,39
30/09/2016;21;VACA;29060;3,5;15;6,8;1,03;12,55;3,65;3,32;4,88;2,37
30/09/2016;20;VACA;25660;5,8;15;6,8;1,03;12,52;3,66;3,35;4,79;2,38
30/09/2016;35;VACA;12680;5,8;15;6,8;1,03;12,5;3,75;3,33;4,75;2,34
30/09/2016;35;VACA;7100;6,7;15;6,8;1,03;12,3;3,51;3,34;4,78;2,36
01/10/2016;24;VACA;15600;7;15;6,83;1,03;12,49;3,7;3,23;4,83;2,29
01/10/2016;24;VACA;5900;8;15;6,8;1,03;12,52;3,65;3,3;4,86;2,33
01/10/2016;26;VACA;6800;5;15;6,8;1,03;12,15;3,38;3,19;4,87;2,26
01/10/2016;32;VACA;25700;3,6;15;6,79;1,03;12,09;3,33;3,23;4,9;2,24
01/10/2016;29;VACA;15980;6;15;6,84;1,03;12,2;3,49;3,33;4,66;2,29
01/10/2016;29;VACA;4780;5;15;6,82;1,03;12,18;3,53;3,31;4,61;2,32
01/10/2016;31;VACA;25620;4;15;6,78;1,03;12,24;3,53;3,27;4,78;2,25
01/10/2016;25;VACA;24200;6,5;15;6,81;1,03;13,03;3,99;3,42;4,88;2,44
02/10/2016;21;VACA;24940;2,5;15;6,82;1,03;12,28;3,25;3,36;4,92;2,43
02/10/2016;20;VACA;26160;2,5;15;6,82;1,03;12,14;3,32;3,3;4,81;2,33
02/10/2016;26;VACA;6840;4,5;15;6,82;1,03;12,31;3,52;3,2;4,85;2,29
02/10/2016;32;VACA;21160;7;15;6,81;1,03;12,05;3,46;3,14;4,66;2,21
02/10/2016;25;VACA;22900;5,6;15;6,8;1,03;12,91;3,97;3,33;4,84;2,38
03/10/2016;18;VACA;25600;7,8;15;6,82;1,03;11,58;2,52;3,47;5,04;2,46
03/10/2016;21;VACA;28780;3,5;15;6,82;1,03;12,64;3,73;3,31;4,85;2,33
03/10/2016;31;VACA;16160;4,6;15;6,82;1,03;11,91;3,39;3,16;4,7;2,18
03/10/2016;31;VACA;8720;5;15;6,82;1,03;12,17;3,55;3,2;4,75;2,19
03/10/2016;32;VACA;25800;5;15;6,82;1,03;12,04;3,27;3,24;4,91;2,26
03/10/2016;26;VACA;6760;5;15;6,8;1,03;12,4;3,57;3,22;4,85;2,3
03/10/2016;25;VACA;24020;5,9;15;6,79;1,03;13,18;4,1;3,44;4,9;2,46
03/10/2016;18;VACA;25820;6,4;15;6,83;1,03;12,58;3,5;3,47;4,99;2,45
04/10/2016;21;VACA;24560;4;15;6,8;1,03;12,65;3,72;3,32;4,83;2,35
04/10/2016;18;VACA;25100;4;15;6,8;1,03;12,44;3,41;3,49;4,96;2,47
04/10/2016;24;VACA;16780;5,6;15;6,79;1,03;11,94;3,24;3,23;4,76;2,25
04/10/2016;24;VACA;13400;4,9;15;6,81;1,03;12,21;3,63;3,15;4,78;2,21
04/10/2016;26;VACA;6920;6;15;6,82;1,03;12,33;3,52;3,23;4,87;2,31
04/10/2016;32;VACA;21480;5;15;6,82;1,03;12,15;3,53;3,15;4,69;2,19
04/10/2016;29;VACA;16000;6;15;6,82;1,03;12,36;3,6;3,35;4,69;2,36
04/10/2016;29;VACA;7800;6;15;6,82;1,03;12,21;3,58;3,3;4,6;2,3
04/10/2016;25;VACA;23400;6,3;15;6,84;1,03;12,94;4,05;3,35;4,82;2,37
05/10/2016;22;VACA;23640;6,8;15;6,84;1,03;12,32;3,41;3,31;4,92;2,35
05/10/2016;31;VACA;16300;6;15;6,82;1,03;12,2;3,46;3,3;4,8;2,27
05/10/2016;31;VACA;9220;5;15;6,82;1,03;12,39;3,6;3,31;4,78;2,3
05/10/2016;24;VACA;17000;6;15;6,8;1,03;12,03;3,22;3,23;4,85;2,3
05/10/2016;24;VACA;6300;6;15;6,83;1,03;12,27;3,65;3,18;4,75;2,21
05/10/2016;26;VACA;6600;5;15;6,8;1,03;12,29;3,52;3,19;4,85;2,22
05/10/2016;32;VACA;25640;3;15;6,84;1,03;12,1;3,32;3,29;4,89;2,31
05/10/2016;25;VACA;23900;6,3;15;6,84;1,03;13,18;4,13;3,43;4,89;2,47
06/10/2016;21;VACA;25320;3,2;15;6,84;1,03;12,68;3,74;3,34;4,87;2,39
06/10/2016;32;VACA;21800;6,2;15;6,81;1,03;12,08;3,5;3,14;4,67;2,17
06/10/2016;26;VACA;6480;4,5;15;6,8;1,03;12,22;3,49;3,16;4,83;2,25
06/10/2016;25;VACA;22800;6,1;15;6,8;1,03;13,06;4,14;3,34;4,81;2,39
07/10/2016;18;VACA;25460;7,1;15;6,85;1,03;12,27;3,29;3,45;4,94;2,42
07/10/2016;21;VACA;29020;3,7;15;6,85;1,03;12,38;3,59;3,26;4,82;2,3
07/10/2016;35;VACA;14460;6;15;6,83;1,03;12,52;3,73;3,34;4,78;2,37
07/10/2016;35;VACA;3960;7;15;6,84;1,03;12,95;3,92;3,42;4,88;2,43
07/10/2016;24;VACA;14000;6,1;15;6,82;1,03;12,16;3,37;3,23;4,79;2,28
07/10/2016;24;VACA;6140;6,3;15;6,82;1,03;12,26;3,49;3,24;4,87;2,25
07/10/2016;26;VACA;6520;4,6;15;6,8;1,03;12,19;3,44;3,16;4,84;2,22
07/10/2016;32;VACA;25520;3,6;15;6,8;1,03;12,17;3,37;3,31;4,88;2,31
07/10/2016;29;VACA;16240;6;15;6,85;1,03;12,21;3,5;3,32;4,63;2,31
07/10/2016;29;VACA;3460;5,2;15;6,85;1,03;12,23;3,56;3,29;4,63;2,27
07/10/2016;25;VACA;23880;4,8;15;6,8;1,03;13,17;4,12;3,41;4,87;2,46
07/10/2016;31;VACA;26720;4,6;16;6,85;1,03;12,18;3,53;3,19;4,77;2,2
08/10/2016;21;VACA;25380;2,5;15;6,82;1,03;12,6;3,69;3,31;4,84;2,36
08/10/2016;18;VACA;24620;6,4;15;6,8;1,03;12,35;3,43;3,37;4,93;2,35
08/10/2016;24;VACA;16500;6,6;15;6,83;1,03;12,4;3,55;3,24;4,85;2,32
08/10/2016;26;VACA;6680;4,4;14;6,86;1,03;12,27;3,47;3,19;4,88;2,23
08/10/2016;32;VACA;21560;6,7;15;6,82;1,03;12,13;3,49;3,15;4,71;2,17
08/10/2016;25;VACA;23140;4,5;16;6,8;1,03;12,9;4,03;3,31;4,79;2,36
09/10/2016;35;VACA;7900;6,7;15;6,84;1,03;12,26;3,44;3,34;4,81;2,37
09/10/2016;35;VACA;13160;5,6;15;6,84;1,03;12,62;3,8;3,37;4,75;2,38
09/10/2016;21;VACA;29140;3,4;15;6,82;1,03;12,58;3,62;3,33;4,9;2,36
09/10/2016;32;VACA;24180;3;15;6,83;1,03;12,3;3,48;3,34;4,86;2,37
09/10/2016;24;VACA;16800;4,6;15;6,84;1,03;11,95;3,28;3,22;4,74;2,26
09/10/2016;24;VACA;6480;5,8;15;6,82;1,03;12,75;4,05;3,12;4,75;2,19
09/10/2016;26;VACA;6760;5;15;6,78;1,03;12,36;3,53;3,24;4,9;2,29
09/10/2016;25;VACA;24200;5,8;15;6,8;1,03;13,12;4,07;3,46;4,89;2,47
09/10/2016;31;VACA;28160;5;16;6,85;1,03;12,11;3,53;3,19;4,7;2,22
10/10/2016;21;VACA;25700;2,8;15;6,81;1,03;12,66;3,68;3,36;4,9;2,42
10/10/2016;26;VACA;6920;4,6;15;6,83;1,03;12,1;3,23;3,26;4,89;2,3
10/10/2016;32;VACA;21860;6,5;15;6,78;1,03;12,05;3,46;3,16;4,7;2,19
10/10/2016;29;VACA;17220;5,6;14;6,85;1,03;12,25;3,55;3,3;4,68;2,31
10/10/2016;29;VACA;8520;5;14;6,85;1,03;12,17;3,5;3,36;4,57;2,32
10/10/2016;25;VACA;22860;6;15;6,81;1,03;12,94;4,03;3,33;4,83;2,38
11/10/2016;22;VACA;22540;7;15;6,8;1,03;12,41;3,4;3,34;4,97;2,35
11/10/2016;21;VACA;29200;3,6;15;6,8;1,03;12,32;3,4;3,33;4,86;2,34
11/10/2016;22;VACA;25800;6,1;15;6,77;1,03;12,28;3,3;3,35;4,95;2,4
11/10/2016;24;VACA;15640;4;5,2;6,85;1,03;12,16;3,34;3,3;4,8;2,3
11/10/2016;24;VACA;12960;5,6;15;6,81;1,03;12,42;3,56;3,21;4,88;2,26
11/10/2016;32;VACA;24400;5,2;15;6,83;1,03;12,31;3,42;3,36;4,9;2,38
11/10/2016;26;VACA;6700;4,6;15;6,78;1,03;12,42;3,56;3,24;4,88;2,26
11/10/2016;25;VACA;24200;4,6;15;6,78;1,03;13,15;4,07;3,45;4,88;2,46
11/10/2016;31;VACA;24540;5,3;15;6,82;1,03;12,34;3,62;3,33;4,71;2,28
12/10/2016;21;VACA;25060;4,1;15;6,83;1,03;12,69;3,69;3,36;4,84;2,37
12/10/2016;22;VACA;22300;6,6;15;6,82;1,03;12,51;3,56;3,33;4,88;2,35
12/10/2016;32;VACA;21880;7,5;15;6,84;1,03;12,13;3,49;3,17;4,7;2,21
12/10/2016;24;VACA;13780;6,5;15;6,8;1,03;12,37;3,65;3,18;4,8;2,23
12/10/2016;24;VACA;5080;7,4;14;6,85;1,03;12,3;3,52;3,26;4,85;2,29
12/10/2016;26;VACA;6620;4,5;15;6,83;1,03;12,35;3,52;3,23;4,87;2,29
12/10/2016;25;VACA;23200;5,2;15;6,81;1,03;12,96;4,03;3,34;4,82;2,35
13/10/2016;21;VACA;29300;3,6;15;6,83;1,03;12,49;3,61;3,32;4,81;2,33
13/10/2016;22;VACA;26180;6,2;15;6,84;1,03;12,58;3,65;3,31;4,88;2,32
13/10/2016;32;VACA;24360;3,7;15;6,85;1,03;12,33;3,45;3,37;4,89;2,38
13/10/2016;26;VACA;6620;4,4;15;6,84;1,03;12,41;3,56;3,23;4,87;2,3
13/10/2016;29;VACA;10480;6;14;6,86;1,03;12,07;3,36;3,33;4,63;2,29
13/10/2016;29;VACA;8320;4,6;14;6,85;1,03;12,01;3,43;3,31;4,5;2,23
13/10/2016;25;VACA;24080;6;15;6,83;1,03;13,2;4,07;3,48;4,89;2,46
13/10/2016;31;VACA;24300;5;15;6,82;1,03;12,21;3,52;3,3;4,71;2,27
14/10/2016;20;VACA;25820;5,3;14;6,85;1,03;12,24;3,21;3,4;4,97;2,46
14/10/2016;21;VACA;25280;3,4;14;6,85;1,03;12,63;3,53;3,41;4,96;2,48
14/10/2016;22;VACA;23680;6,1;15;6,83;1,03;12,27;3,31;3,32;4,92;2,37
14/10/2016;24;VACA;16480;5,8;15;6,83;1,03;12,3;3,45;3,26;4,82;2,3
14/10/2016;24;VACA;6140;6,3;15;6,82;1,03;12,25;3,35;3,32;4,88;2,36
14/10/2016;32;VACA;22900;5,4;15;6,84;1,03;12,04;3,39;3,18;4,75;2,22
14/10/2016;26;VACA;6680;4,5;15;6,83;1,03;12,47;3,57;3,23;4,92;2,33
14/10/2016;25;VACA;23900;6,2;15;6,83;1,03;13,08;4,09;3,38;4,84;2,41
15/10/2016;22;VACA;24640;5,7;15;6,82;1,03;12,83;3,81;3,35;4,93;2,38
15/10/2016;20;VACA;24600;4;15;6,8;1,03;12,62;3,64;3,38;4,87;2,4
15/10/2016;21;VACA;29360;4;15;6,8;1,03;12,82;3,77;3,36;4,95;2,39
15/10/2016;35;VACA;13880;4,8;14;6,77;1,03;12,7;3,77;3,38;4,85;2,37
15/10/2016;35;VACA;3860;5,7;15;6,8;1,03;13,42;4,39;3,47;4,85;2,45
15/10/2016;31;VACA;16240;4;15;6,8;1,03;12,37;3,59;3,32;4,81;2,3
15/10/2016;31;VACA;8680;3;15;6,82;1,03;12,51;3,69;3,33;4,83;2,32
15/10/2016;32;VACA;24060;2,7;15;6,83;1,03;12,41;3,45;3,43;4,91;2,42
15/10/2016;24;VACA;14800;6;15;6,82;1,03;12,66;3,76;3,28;4,89;2,32
15/10/2016;24;VACA;3460;6;15;6,82;1,03;12,61;3,61;3,38;4,91;2,39
15/10/2016;26;VACA;6560;4;16;6,83;1,03;12,38;3,6;3,19;4,9;2,28
15/10/2016;25;VACA;24120;6,3;16;6,82;1,03;13,2;4,08;3,49;4,89;2,5
16/10/2016;22;VACA;23800;6,2;15;6,83;1,03;12,67;3,7;3,34;4,89;2,36
16/10/2016;21;VACA;25020;4;15;6,82;1,03;12,85;3,75;3,4;4,95;2,43
16/10/2016;24;VACA;16580;7;15;6,79;1,03;12,37;3,5;3,3;4,83;2,32
16/10/2016;26;VACA;6640;4,2;15;6,81;1,03;12,39;3,51;3,22;4,9;2,27
16/10/2016;32;VACA;22100;6,2;15;6,81;1,03;12,08;3,36;3,22;4,76;2,23
16/10/2016;29;VACA;24160;4,5;15;6,83;1,03;12,53;3,64;3,4;4,74;2,39
16/10/2016;25;VACA;24120;4,7;15;6,82;1,03;13,09;4,11;3,36;4,82;2,4
17/10/2016;21;VACA;28700;3,5;15;6,82;1,03;12,67;3,69;3,34;4,9;2,38
17/10/2016;22;VACA;25120;6,2;14;6,77;1,03;12,63;3,67;3,32;4,88;2,35
17/10/2016;20;VACA;24960;6;15;6,77;1,03;12,52;3,6;3,35;4,81;2,36
17/10/2016;35;VACA;12120;5,2;15;6,8;1,03;12,68;3,86;3,37;4,72;2,34
17/10/2016;35;VACA;7820;5,4;16;6,77;1,03;12,49;3,58;3,38;4,85;2,35
17/10/2016;32;VACA;24740;3;15;6,82;1,03;12,25;3,42;3,37;4,76;2,35
17/10/2016;29;VACA;13780;6;15;6,77;1,03;12,54;3,62;3,38;4,83;2,38
17/10/2016;29;VACA;10280;6;15;6,79;1,03;12,48;3,67;3,28;4,83;2,3
17/10/2016;26;VACA;6720;4;15;6,8;1,03;12,37;3,51;3,24;4,89;2,29
17/10/2016;25;VACA;24460;5;15;6,78;1,03;13,26;4,1;3,5;4,91;2,51
17/10/2016;18;VACA;25680;5;15;6,82;1,03;12,42;3,29;3,53;4,93;2,46
17/10/2016;18;VACA;27920;5;15;6,82;1,03;12,68;3,47;3,57;4,94;2,49
18/10/2016;20;VACA;24920;4,8;15;6,84;1,03;12,33;3,47;3,32;4,84;2,34
18/10/2016;22;VACA;24640;5;15;6,84;1,03;12,62;3,53;3,36;5,01;2,43
18/10/2016;21;VACA;25120;4,5;15;6,82;1,03;12,64;3,57;3,4;4,95;2,47
18/10/2016;18;VACA;25200;7,2;15;6,82;1,03;12,37;3,19;3,55;4,97;2,51
18/10/2016;18;VACA;25420;7,1;15;6,82;1,03;12,51;3,37;3,54;4,95;2,5
18/10/2016;24;VACA;16720;5,8;15;6,82;1,03;12,22;3,38;3,28;4,84;2,31
18/10/2016;24;VACA;10640;6,82;15;6,82;1,03;12,42;3,52;3,28;4,87;2,3
18/10/2016;29;VACA;16400;8;15;6,82;1,03;12,05;3,4;3,19;4,77;2,23
18/10/2016;29;VACA;3880;9;15;6,82;1,03;11,16;2,4;3,26;4,9;2,29
18/10/2016;26;VACA;6460;8,4;15;6,8;1,03;12,37;3,51;3,24;4,88;2,29
18/10/2016;32;VACA;22220;6,3;15;6,82;1,03;12,07;3,4;3,21;4,7;2,23
18/10/2016;25;VACA;24480;5,3;15;6,8;1,03;12,98;4,06;3,36;4,8;2,4
18/10/2016;18;VACA;25360;5,5;15;6,84;1,03;12,76;3,48;3,61;4,99;2,54
18/10/2016;18;VACA;25380;5,4;15;6,83;1,03;12,63;3,46;3,56;4,95;2,51
19/10/2016;30;VACA;15800;4,3;14;6,86;1,03;12,25;3,39;3,39;4,74;2,34
19/10/2016;20;VACA;25180;5,6;15;6,82;1,03;12,54;3,67;3,37;4,79;2,4
19/10/2016;22;VACA;24680;5,6;15;6,82;1,03;12,33;3,38;3,33;4,91;2,37
19/10/2016;21;VACA;22480;3,7;15;6,84;1,03;12,76;3,72;3,38;4,92;2,43
19/10/2016;35;VACA;13160;5,2;15;6,82;1,03;12,85;3,94;3,38;4,79;2,41
19/10/2016;35;VACA;6860;6;15;6,82;1,03;12,6;3,66;3,38;4,84;2,38
19/10/2016;29;VACA;15420;6,6;15;6,84;1,03;12,17;3,53;3,25;4,73;2,26
19/10/2016;29;VACA;8060;5;15;6,84;1,03;12,26;3,63;3,29;4,58;2,29
19/10/2016;32;VACA;25200;3;15;6,8;1,03;12,46;3,52;3,41;4,84;2,39
19/10/2016;24;VACA;15540;5;15;6,81;1,03;12,61;3,87;3,2;4,77;2,25
19/10/2016;24;VACA;4160;7,2;15;6,81;1,03;12,39;3,64;3,24;4,79;2,29
19/10/2016;26;VACA;6440;6;15;6,77;1,03;12,4;3,55;3,27;4,86;2,3
19/10/2016;25;VACA;24420;6,7;15;6,82;1,03;13,16;4,09;3,45;4,89;2,49
20/10/2016;20;VACA;25140;4;15;6,82;1,03;12,41;3,45;3,35;4,89;2,38
20/10/2016;22;VACA;23960;6;15;6,82;1,03;12,56;3,62;3,32;4,91;2,36
20/10/2016;21;VACA;25020;2,7;15;6,84;1,03;12,85;3,78;3,36;4,94;2,42
20/10/2016;29;VACA;16360;5,5;15;6,8;1,03;12,44;3,65;3,32;4,8;2,34
20/10/2016;29;VACA;6040;8;15;6,83;1,03;12,34;3,65;3,3;4,7;2,28
20/10/2016;26;VACA;6440;4;15;6,8;1,03;12,46;3,58;3,27;4,89;2,3
20/10/2016;32;VACA;21400;5,6;15;6,83;1,03;12,19;3,47;3,18;4,8;2,21
20/10/2016;25;VACA;23500;6,8;15;6,82;1,03;13,01;4,05;3,37;4,81;2,4
21/10/2016;20;VACA;24840;5,6;15;6,84;1,03;12,54;3,63;3,37;4,83;2,38
21/10/2016;22;VACA;24140;5,8;15;6,84;1,03;12,28;3,32;3,32;4,97;2,38
21/10/2016;21;VACA;28600;4,5;15;6,83;1,03;12,46;3,45;3,35;4,98;2,41
21/10/2016;29;VACA;15780;4;15;6,82;1,03;12,34;3,61;3,26;4,76;2,25
21/10/2016;29;VACA;5220;5,2;15;6,8;1,03;12,21;3,61;3,27;4,61;2,27
21/10/2016;24;VACA;16100;5,7;15;6,84;1,03;12,46;3,64;3,24;4,82;2,3
21/10/2016;24;VACA;6400;6;15;6,84;1,03;12,42;3,46;3,33;4,92;2,34
21/10/2016;26;VACA;6500;4,1;15;6,8;1,03;12,29;3,43;3,26;4,88;2,25
21/10/2016;25;VACA;23860;6,4;15;6,82;1,03;13,29;4,19;3,47;4,88;2,48
21/10/2016;32;VACA;24860;4;15;6,892;1,03;12,59;3,61;3,43;4,86;2,4
22/10/2016;22;VACA;25040;6;15;6,83;1,03;12,59;3,7;3,3;4,87;2,32
22/10/2016;21;VACA;24840;2,7;15;6,83;1,03;11,85;3,41;3,16;4,54;2,13
22/10/2016;20;VACA;23660;5,4;15;6,82;1,03;12,45;3,5;3,36;4,87;2,38
22/10/2016;29;VACA;16220;4,3;14;6,86;1,03;12,35;3,61;3,26;4,75;2,26
22/10/2016;29;VACA;5560;7;14;6,86;1,03;12,75;4,09;3,29;4,59;2,29
22/10/2016;32;VACA;20880;7,6;15;6,8;1,03;12,08;3,42;3,16;4,76;2,18
22/10/2016;24;VACA;16000;6,7;15;6,83;1,03;12,41;3,56;3,28;4,84;2,28
22/10/2016;24;VACA;3720;5,2;15;6,82;1,03;12,47;3,51;3,3;4,94;2,32
22/10/2016;26;VACA;6220;4,4;15;6,83;1,03;12,51;3,62;3,28;4,87;2,29
22/10/2016;25;VACA;23520;6,7;15;6,79;1,03;12,88;3,94;3,37;4,81;2,38
23/10/2016;21;VACA;28260;3,5;15;6,8;1,03;12,59;3,71;3,29;4,84;2,32
23/10/2016;22;VACA;23480;6,3;15;6,82;1,03;12,41;3,46;3,33;4,91;2,38
23/10/2016;24;VACA;15840;6,8;15;6,8;1,03;12,4;3,57;3,25;4,83;2,27
23/10/2016;26;VACA;6480;6,5;16;6,83;1,03;12,47;3,59;3,26;4,86;2,29
23/10/2016;29;VACA;16520;4;15;6,8;1,03;11,97;3,41;3,15;4,78;2,19
23/10/2016;29;VACA;5080;5;15;6,82;1,03;12,09;3,44;3,33;4,61;2,3
23/10/2016;32;VACA;25060;3,4;15;6,82;1,03;12,5;3,55;3,38;4,88;2,35
23/10/2016;25;VACA;23740;7,3;16;6,82;1,03;13,29;4,19;3,44;4,89;2,46
24/10/2016;22;VACA;22220;4;15;6,8;1,03;12,5;3,63;3,29;4,88;2,36
24/10/2016;21;VACA;24760;6,2;15;6,82;1,03;12,76;3,71;3,37;4,95;2,44
24/10/2016;18;VACA;25800;5,3;15;6,84;1,03;12,6;3,41;3,56;4,93;2,55
24/10/2016;26;VACA;6460;4;15;6,8;1,03;12,4;3,51;3,28;4,9;2,35
24/10/2016;32;VACA;21000;5;15;6,78;1,03;12,16;3,48;3,18;4,79;2,24
24/10/2016;18;VACA;24760;5;15;6,78;1,03;12,59;3,47;3,5;4,91;2,47
24/10/2016;25;VACA;23680;5;15;6,78;1,03;13,06;4,08;3,36;4,84;2,4
25/10/2016;21;VACA;21800;3,4;15;6,83;1,03;15,45;3,7;3,18;4,65;2,25
25/10/2016;18;VACA;25720;5,4;15;6,81;1,03;12,52;3,31;3,59;4,96;2,56
25/10/2016;29;VACA;24280;4,7;15;6,85;1,03;12,22;3,41;3,29;4,87;2,3
25/10/2016;18;VACA;24540;6;15;6,78;1,03;12,65;3,49;3,55;4,95;2,51
25/10/2016;24;VACA;16220;4;19;6,8;1,03;12,9;4,08;3,27;4,81;2,3
25/10/2016;24;VACA;13200;5,5;15;6,82;1,03;12,93;4,15;3,22;4,82;2,26
25/10/2016;32;VACA;25340;3,5;15;6,82;1,03;12,38;3,44;3,39;4,89;2,4
25/10/2016;29;VACA;16120;4,4;15;6,82;1,03;12,18;3,57;3,2;4,74;2,23
25/10/2016;26;VACA;6480;4,6;15;6,8;1,03;12,51;3,65;3,28;4,85;2,31
25/10/2016;25;VACA;24000;6,8;15;6,8;1,03;13,27;4,21;3,43;4,91;2,47
26/10/2016;21;VACA;24360;3,8;15;6,83;1,03;12,73;3,74;3,33;4,9;2,42
26/10/2016;18;VACA;23820;5,7;15;6,78;1,03;12,62;3,51;3,5;4,94;2,48
26/10/2016;29;VACA;15280;6,5;15;6,8;1,03;12,29;3,71;3,12;4,72;2,18
26/10/2016;29;VACA;2600;8;15;6,8;1,03;12,5;3,68;3,37;4,65;2,39
26/10/2016;26;VACA;6460;4,8;15;6,83;1,03;12,38;3,56;3,24;4,84;2,29
26/10/2016;24;VACA;15200;6,7;15;6,83;1,03;12,54;3,76;3,21;4,81;2,3
26/10/2016;24;VACA;5000;8;16;6,82;1,03;12,25;3,44;3,25;4,84;2,26
26/10/2016;32;VACA;21280;6,6;15;6,82;1,03;12,05;3,43;3,15;4,73;2,22
26/10/2016;25;VACA;24020;6,2;15;6,8;1,03;12,96;4,01;3,38;4,8;2,42
26/10/2016;30;VACA;20920;5,3;15;6,8;1,03;12,28;3,42;3,39;4,8;2,36
27/10/2016;21;VACA;28420;4;16;6,8;1,03;12,6;3,7;3,3;4,86;2,35
27/10/2016;29;VACA;14980;4;15;6,8;1,03;12,15;3,56;3,12;4,7;2,16
27/10/2016;29;VACA;5180;5,3;15;6,8;1,03;12,22;3,55;3,38;4,56;2,36
27/10/2016;32;VACA;25860;4;15;6,75;1,03;12,23;3,32;3,38;4,89;2,41
27/10/2016;26;VACA;6600;4;15;6,78;1,03;12,3;3,53;3,36;4,74;2,3
27/10/2016;25;VACA;24120;7;16;6,8;1,03;13,22;4,16;3,44;4,88;2,42
27/10/2016;30;VACA;18980;4,6;15;6,83;1,03;12,42;3,58;3,38;4,77;2,33
28/10/2016;20;VACA;24580;6,2;14;6,8;1,03;12,34;3,36;3,37;4,93;2,41
28/10/2016;22;VACA;24240;5,3;14;6,8;1,03;12,55;3,65;3,29;4,92;2,34
28/10/2016;21;VACA;24980;2,6;15;6,78;1,03;12,79;3,79;3,35;4,91;2,42
28/10/2016;29;VACA;4100;5,5;15;6,78;1,03;12,22;3,63;3,14;4,7;2,15
28/10/2016;29;VACA;15800;7;15;6,78;1,03;12,78;4,24;3,22;4,51;2,26
28/10/2016;32;VACA;21480;7,3;15;6,8;1,03;12,04;3,4;3,12;4,72;2,19
28/10/2016;24;VACA;16200;6,4;15;6,8;1,03;12,27;3,52;3,19;4,78;2,25
28/10/2016;24;VACA;6060;5;15;6,8;1,03;12,43;3,54;3,34;4,87;2,37
28/10/2016;26;VACA;6080;6;15;6,82;1,03;12,36;3,57;3,22;4,84;2,27
28/10/2016;25;VACA;24020;6,2;15;6,8;1,03;13,01;4,04;3,37;4,82;2,41
29/10/2016;21;VACA;28420;4,7;14;6,8;1,03;12,55;3,66;3,3;4,82;2,33
29/10/2016;20;VACA;25320;5,8;14;6,8;1,03;12,23;3,34;3,36;4,83;2,4
29/10/2016;22;VACA;25660;6,4;14;6,8;1,03;12,54;3,59;3,31;4,92;2,34
29/10/2016;32;VACA;25660;3,3;15;6,83;1,03;12,18;3,2;3,4;4,92;2,38
29/10/2016;29;VACA;15520;5;15;6,84;1,03;12,09;3,46;3,18;4,75;2,16
29/10/2016;29;VACA;5480;5;15;6,82;1,03;12,11;3,44;3,37;4,58;2,32
29/10/2016;24;VACA;13980;6;15;6,83;1,03;12,34;3,51;3,26;4,85;2,31
29/10/2016;24;VACA;3860;4;15;6,82;1,03;12,43;3,53;3,29;4,89;2,34
29/10/2016;26;VACA;6160;6;15;6,8;1,03;12,22;3,39;3,24;4,88;2,28
29/10/2016;25;VACA;23720;5,8;15;6,81;1,03;13,19;4,15;3,42;4,87;2,44
30/10/2016;21;VACA;24820;4;15;6,82;1,03;12,64;3,64;3,33;4,9;2,39
30/10/2016;22;VACA;24280;6;15;6,82;1,03;12,55;3,65;3,28;4,88;2,31
30/10/2016;24;VACA;16280;6;15;6,8;1,03;12,21;3,52;3,2;4,74;2,23
30/10/2016;26;VACA;6500;6,9;15;6,82;1,03;12,55;3,74;3,23;4,84;2,26
30/10/2016;29;VACA;16060;3,8;15;6,83;1,03;12,36;3,67;3,21;4,76;2,2
30/10/2016;29;VACA;6780;5,6;15;6,85;1,03;12,61;4;3,22;4,62;2,24
30/10/2016;32;VACA;20960;6,3;15;6,77;1,03;11,99;3,38;3,11;4,75;2,16
30/10/2016;25;VACA;24480;5,6;15;6,78;1,03;12,49;3,49;3,41;4,86;2,45
31/10/2016;21;VACA;28740;3,8;15;6,81;1,03;12,38;3,44;3,32;4,93;2,39
31/10/2016;29;VACA;15900;4;15;6,8;1,03;12,12;3,42;3,25;4,79;2,23
31/10/2016;29;VACA;4820;5;15;6,82;1,03;12,39;3,65;3,41;4,57;2,36
31/10/2016;26;VACA;6140;4,6;15;6,8;1,03;12,52;3,78;3,19;4,81;2,27
31/10/2016;32;VACA;26140;3,6;15;6,82;1,03;12,41;3,44;3,4;4,9;2,39
31/10/2016;25;VACA;24020;5,5;15;6,81;1,03;13,25;4,17;3,46;4,89;2,48
31/10/2016;21;VACA;24700;2,5;15;6,81;1,03;12,74;3,77;3,32;4,89;2,35
31/10/2016;18;VACA;25240;5,6;16;6,8;1,03;12,58;3,43;3,55;4,93;2,49
31/10/2016;18;VACA;22740;6,1;15;6,81;1,03;12,57;3,49;3,53;4,87;2,48
01/11/2016;24;VACA;16680;6;14;6,83;1,03;12,35;3,56;3,21;4,82;2,23
01/11/2016;24;VACA;5720;6;14;6,79;1,03;12,63;3,66;3,32;4,92;2,32
01/11/2016;26;VACA;5880;4,6;14;6,79;1,03;12,56;3,8;3,17;4,81;2,19
01/11/2016;29;VACA;14440;3;14;6,84;1,03;12,15;3,54;3,2;4,78;2,19
01/11/2016;29;VACA;6600;6,4;14;6,82;1,03;12,69;4,08;3,29;4,54;2,24
01/11/2016;32;VACA;20540;7,25;15;6,78;1,03;12,08;3,42;3,19;4,74;2,21
01/11/2016;25;VACA;23060;5;16;6,8;1,03;13,1;4,13;3,39;4,81;2,39
02/11/2016;21;VACA;21460;3,4;15;6,8;1,03;12,63;3,67;3,34;4,9;2,4
02/11/2016;18;VACA;24280;4,8;15;6,8;1,03;12,42;3,43;3,49;4,82;2,48
02/11/2016;18;VACA;25260;5,4;15;6,81;1,03;12,44;3,32;3,51;4,92;2,5
02/11/2016;29;VACA;15800;4,3;14;6,81;1,03;12,21;3,6;3,16;4,76;2,17
02/11/2016;29;VACA;5220;5;14;6,84;1,03;12,17;3,56;3,36;4,51;2,33
02/11/2016;32;VACA;26040;2,9;15;6,81;1,03;12,39;3,4;3,39;4,9;2,38
02/11/2016;24;VACA;15720;5,5;14;6,78;1,03;12,41;3,67;3,22;4,77;2,23
02/11/2016;24;VACA;5060;6,3;15;6,78;1,03;12,23;3,57;3,15;4,77;2,16
02/11/2016;26;VACA;6280;4,2;15;6,78;1,03;12,4;3,63;3,18;4,85;2,21
02/11/2016;25;VACA;23620;5,5;15;6,77;1,03;13,24;4,15;3,44;4,89;2,46
03/11/2016;21;VACA;24440;3,4;15;6,81;1,03;12,61;3,67;3,31;4,86;2,37
03/11/2016;29;VACA;15860;0;0;0;1,03;12,3;3,62;3,22;4,8;2,24
03/11/2016;29;VACA;4360;6,7;15;6,8;1,03;12,38;3,57;3,35;4,64;2,39
03/11/2016;18;VACA;26240;5;15;6,8;1,03;12,79;3,6;3,56;4,89;2,51
03/11/2016;32;VACA;21000;5,5;15;6,79;1,03;12,13;3,45;3,18;4,74;2,2
03/11/2016;26;VACA;6300;4,1;15;6,82;1,03;12,44;3,63;3,19;4,88;2,26
03/11/2016;25;VACA;23400;6;15;6,8;1,03;13,03;4,05;3,39;4,81;2,41
04/11/2016;22;VACA;25280;5,6;15;6,8;1,03;12,49;3,59;3,29;4,88;2,32
04/11/2016;21;VACA;27760;3,6;15;6,8;1,03;11,83;3,38;3,08;4,48;2,16
04/11/2016;20;VACA;25500;6;14;6,84;1,03;12,54;3,6;3,37;4,84;2,4
04/11/2016;24;VACA;13920;6,5;15;6,81;1,03;12,02;3,34;3,2;4,73;2,21
04/11/2016;24;VACA;5900;5,6;14;6,84;1,03;12,4;3,45;3,34;4,9;2,38
04/11/2016;29;VACA;16340;6,1;14;6,83;1,03;12,26;3,61;3,2;4,75;2,21
04/11/2016;29;VACA;4780;5,6;14;6,85;1,03;12,34;3,62;3,35;4,6;2,32
04/11/2016;26;VACA;6380;4,6;15;6,76;1,03;12,36;3,61;3,18;4,83;2,22
04/11/2016;32;VACA;26620;3,6;15;6,79;1,03;12,41;3,42;3,39;4,89;2,34
04/11/2016;25;VACA;23680;5,4;15;6,82;1,03;13,19;4,15;3,43;4,85;2,45
05/11/2016;22;VACA;24540;6,3;14;6,84;1,03;12,43;3,5;3,31;4,92;2,37
05/11/2016;21;VACA;24900;2,3;15;6,8;1,03;12,72;3,74;3,29;4,84;2,42
05/11/2016;20;VACA;24220;5,5;15;6,8;1,03;12,47;3,46;3,38;4,91;2,43
05/11/2016;24;VACA;15040;6,7;15;6,82;1,03;12,39;3,61;3,26;4,77;2,27
05/11/2016;29;VACA;14580;3,5;15;6,83;1,03;12,31;3,63;3,24;4,73;2,24
05/11/2016;29;VACA;8120;7,7;15;6,8;1,03;12,24;3,53;3,29;4,62;2,31
05/11/2016;26;VACA;6420;4,4;15;6,8;1,03;12,42;3,6;3,21;4,84;2,25
05/11/2016;32;VACA;21160;7;15;6,81;1,03;12,08;3,42;3,15;4,73;2,18
05/11/2016;25;VACA;23980;6,2;15;6,8;1,03;13,02;4,05;3,35;4,79;2,41
06/11/2016;21;VACA;27820;2,9;14;6,84;1,03;12,6;3,68;3,31;4,86;2,38
06/11/2016;24;VACA;15680;6,5;15;6,83;1,03;12,65;3,73;3,27;4,86;2,3
06/11/2016;32;VACA;26400;3;15;6,8;1,03;12,44;3,42;3,38;4,92;2,37
06/11/2016;29;VACA;17220;3,5;15;6,81;1,03;12,31;3,64;3,21;4,75;2,22
06/11/2016;26;VACA;6320;3,9;15;6,8;1,03;12,3;3,48;3,2;4,83;2,28
06/11/2016;29;VACA;4820;3,9;15;6,8;1,03;12,1;3,48;3,3;4,5;2,29
06/11/2016;25;VACA;23880;5,3;15;6,81;1,03;13,32;4,19;3,46;4,89;2,48
07/11/2016;21;VACA;24480;3,3;15;6,81;1,03;12,69;3,71;3,34;4,84;2,42
07/11/2016;22;VACA;22700;5,6;15;6,84;1,03;12,48;3,48;3,34;4,95;2,41
07/11/2016;18;VACA;25460;4;15;6,8;1,03;12,4;3,12;3,6;4,95;2,57
07/11/2016;17;VACA;16880;4;15;6,8;1,03;12,54;3,56;3,31;4,98;2,38
07/11/2016;17;VACA;12040;4;15;6,8;1,03;12,39;3,5;3,19;4,97;2,31
07/11/2016;29;VACA;14000;6,6;14;6,85;1,03;12,53;3,82;3,23;4,75;2,26
07/11/2016;29;VACA;8600;6,6;15;6,82;1,03;12,45;3,58;3,33;4,71;2,32
07/11/2016;32;VACA;21220;5,5;15;6,81;1,03;12,13;3,4;3,18;4,73;2,22
07/11/2016;26;VACA;6420;4,5;15;6,78;1,03;12,39;3,51;3,24;4,86;2,27
07/11/2016;25;VACA;23360;6;15;6,79;1,03;13,17;4,14;3,38;4,84;2,38
07/11/2016;18;VACA;25500;4;15;6,82;1,03;12,6;3,47;3,49;4,91;2,45
07/11/2016;18;VACA;24900;4,7;15;6,8;1,03;12,79;3,5;3,61;4,94;2,56
07/11/2016;7;VACA;16140;4,6;15;6,82;1,03;12,28;3,33;3,34;4,91;2,35
07/11/2016;7;VACA;10560;4,2;15;6,82;1,03;11,96;3,07;3,21;5,03;2,25
08/11/2016;21;VACA;21580;2,1;14;6,84;1,03;12,73;3,77;3,37;4,81;2,4
08/11/2016;35;VACA;14000;4,4;15;6,82;1,03;12,7;3,81;3,35;4,82;2,37
08/11/2016;35;VACA;6440;4,3;15;6,82;1,03;12,81;3,75;3,48;4,82;2,46
08/11/2016;26;VACA;6360;4;16;6,82;1,03;12,48;3,61;3,29;4,83;2,35
08/11/2016;24;VACA;15280;6,3;15;6,86;1,03;12,03;3,34;3,2;4,74;2,22
08/11/2016;24;VACA;6180;5,3;15;6,8;1,03;12,79;3,75;3,4;4,88;2,41
08/11/2016;29;VACA;15560;4;15;6,8;1,03;12,31;3,61;3,22;4,72;2,26
08/11/2016;29;VACA;5380;4,4;14;6,85;1,03;12,34;3,56;3,4;4,63;2,39
08/11/2016;32;VACA;26100;3;15;6,79;1,03;12,41;3,43;3,39;4,89;2,41
08/11/2016;25;VACA;23340;4,6;15;6,83;1,03;13,34;4,23;3,47;4,85;2,48
08/11/2016;17;VACA;13080;4,2;15;6,82;1,03;12,9;3,9;3,34;4,94;2,41
08/11/2016;17;VACA;7820;4,7;15;6,82;1,03;12,62;3,56;3,36;4,96;2,41
08/11/2016;30;VACA;24420;6;16;6,86;1,03;10,27;3,19;2,72;3,58;1,52
09/11/2016;21;VACA;21680;3;15;6,82;1,03;12,81;3,76;3,39;4,87;2,45
09/11/2016;29;VACA;15000;3,4;14;6,84;1,03;12,27;3,65;3,23;4,72;2,26
09/11/2016;29;VACA;6960;7;15;6,8;1,03;12,79;3,99;3,36;4,62;2,36
09/11/2016;32;VACA;21100;5,8;15;6,81;1,03;12,23;3,5;3,22;4,74;2,26
09/11/2016;24;VACA;15520;6,5;15;6,82;1,03;12,26;3,48;3,22;4,81;2,27
09/11/2016;24;VACA;4400;7;15;6,82;1,03;12,63;3,8;3,29;4,77;2,34
09/11/2016;26;VACA;6360;4,1;15;6,8;1,03;12,58;3,67;3,29;4,83;2,35
09/11/2016;25;VACA;23140;5,7;15;6,8;1,03;13,24;4,22;3,4;4,8;2,44
10/11/2016;35;VACA;12480;5,1;15;6,85;1,03;12,75;3,77;3,42;4,81;2,43
10/11/2016;35;VACA;8080;5;15;6,84;1,03;12,37;3,43;3,38;4,85;2,37
10/11/2016;21;VACA;22260;2,9;16;6,85;1,03;12,87;3,9;3,34;4,85;2,39
10/11/2016;18;VACA;25100;5,3;16;6,78;1,03;12,04;2,8;3,62;4,92;2,57
10/11/2016;29;VACA;16340;4,3;15;6,84;1,03;12,35;3,64;3,23;4,72;2,21
10/11/2016;29;VACA;5380;4,8;15;6,84;1,03;12,28;3,54;3,37;4,58;2,31
10/11/2016;32;VACA;26200;2,8;15;6,83;1,03;12,45;3,43;3,37;4,9;2,34
10/11/2016;26;VACA;6460;4,8;15;6,8;1,03;12,63;3,71;3,28;4,84;2,29
10/11/2016;25;VACA;23340;4,5;15;6,82;1,03;13,27;4,17;3,46;4,86;2,48
10/11/2016;30;VACA;25700;4;15;6,84;1,03;12,54;3,58;3,41;4,75;2,37
11/11/2016;21;VACA;24640;3;15;6,84;1,03;12,76;3,75;3,35;4,85;2,38
11/11/2016;20;VACA;24060;5;15;6,84;1,03;12,46;3,48;3,37;4,86;2,38
11/11/2016;29;VACA;15220;3,2;14;6,86;1,03;12,39;3,63;3,23;4,8;2,27
11/11/2016;29;VACA;6180;8,8;14;6,86;1,03;13,49;4,75;3,26;4,57;2,29
11/11/2016;24;VACA;15620;6;14;6,84;1,03;13,84;5,12;3,16;4,67;2,23
11/11/2016;24;VACA;6060;5,8;14;6,86;1,03;12,68;3,65;3,36;4,88;2,39
11/11/2016;26;VACA;6160;4;15;6,8;1,03;12,52;3,58;3,26;4,85;2,32
11/11/2016;32;VACA;21420;5;15;6,82;1,03;12,09;3,33;3,22;4,75;2,28
11/11/2016;25;VACA;21820;5,6;15;6,82;1,03;12,99;4,04;3,35;4,79;2,41
12/11/2016;21;VACA;27740;3,3;15;6,84;1,03;12,87;3,84;3,37;4,86;2,41
12/11/2016;35;VACA;5840;4,5;15;6,82;1,03;13,59;4,69;3,4;4,69;2,37
12/11/2016;35;VACA;13820;4,8;15;6,82;1,03;12,74;3,83;3,35;4,81;2,39
12/11/2016;24;VACA;16140;6,2;15;6,84;1,03;12,59;3,73;3,26;4,79;2,29
12/11/2016;20;VACA;24560;5,2;15;6,82;1,03;12,65;3,67;3,38;4,87;2,42
12/11/2016;30;VACA;25240;3,7;15;6,84;1,03;12,89;3,98;3,37;4,74;2,33
12/11/2016;29;VACA;16280;3,3;15;6,83;1,03;12,44;3,69;3,24;4,76;2,26
12/11/2016;26;VACA;6280;4,3;15;6,83;1,03;12,54;3,69;3,24;4,74;2,26
12/11/2016;29;VACA;4800;5;15;6,82;1,03;12,21;3,49;3,37;4,61;2,33
12/11/2016;32;VACA;26660;3,2;15;6,84;1,03;12,43;3,4;3,4;4,91;2,4
12/11/2016;25;VACA;23400;5;15;6,82;1,03;13,35;4,16;3,49;4,9;2,51
13/11/2016;21;VACA;24720;4;15;6,83;1,03;12,71;3,6;3,39;4,92;2,45
13/11/2016;29;VACA;15480;3,4;15;6,84;1,03;12,4;3,67;3,23;4,75;2,25
13/11/2016;29;VACA;6980;5,8;15;6,84;1,03;12,66;3,91;3,29;4,64;2,32
13/11/2016;24;VACA;12460;5,5;15;6,82;1,03;12,41;3,61;3,25;4,75;2,29
13/11/2016;26;VACA;6560;5;15;6,8;1,03;12,73;3,85;3,22;4,8;2,29
13/11/2016;32;VACA;20380;5,6;15;6,8;1,03;12,26;3,46;3,26;4,77;2,24
13/11/2016;25;VACA;24220;7,2;15;6,81;1,03;13,13;4,09;3,41;4,83;2,41
14/11/2016;20;VACA;23820;5,4;15;6,83;1,03;12,51;3,63;3,32;4,8;2,35
14/11/2016;21;VACA;27600;3;15;6,82;1,03;12,84;3,84;3,34;4,89;2,41
14/11/2016;22;VACA;24460;5,3;15;6,81;1,03;12,65;3,67;3,32;4,93;2,37
14/11/2016;18;VACA;26700;4,6;15;6,82;1,03;12,03;2,65;3,67;5;2,62
14/11/2016;26;VACA;6540;4,6;15;6,8;1,03;12,54;3,66;3,26;4,83;2,32
14/11/2016;29;VACA;16460;4;3,7;6,86;1,03;12,29;3,56;3,25;4,76;2,26
14/11/2016;29;VACA;5180;4,8;14;6,85;1,03;12,28;3,55;3,36;4,61;2,32
14/11/2016;32;VACA;26060;3,7;15;6,81;1,03;12,52;3,5;3,37;4,9;2,34
14/11/2016;25;VACA;23780;5;16;6,77;1,03;13,35;4,2;3,48;4,85;2,47
14/11/2016;18;VACA;25580;4,1;15;6,82;1,03;12,67;3,36;3,62;4,91;2,51
14/11/2016;18;VACA;25020;4,1;15;6,8;1,03;12,82;3,6;3,52;4,88;2,46
15/11/2016;22;VACA;25600;5;15;6,83;1,03;12,58;3,62;3,33;4,9;2,34
15/11/2016;21;VACA;24500;4,5;15;6,83;1,03;12,86;3,76;3,37;4,92;2,4
15/11/2016;18;VACA;26020;4,6;15;6,82;1,03;12,9;3,59;3,6;4,94;2,55
15/11/2016;18;VACA;25400;4,5;15;6,8;1,03;12,59;3,38;3,52;4,92;2,47
15/11/2016;18;VACA;27280;5,5;15;6,8;1,03;12,73;3,39;3,61;4,95;2,58
15/11/2016;24;VACA;13600;6,6;14;6,85;1,03;12,95;4,13;3,22;4,77;2,22
15/11/2016;24;VACA;6180;6,4;14;6,86;1,03;12,68;3,65;3,34;4,91;2,36
15/11/2016;26;VACA;6600;4,4;15;6,82;1,03;12,36;3,47;3,29;4,8;2,31
15/11/2016;29;VACA;15260;3;15;6,83;1,03;12,39;3,57;3,3;4,8;2,28
15/11/2016;29;VACA;7840;5,7;15;6,82;1,03;12,77;4,02;3,29;4,66;2,28
15/11/2016;32;VACA;20880;5,7;15;6,82;1,03;12,34;3,51;3,25;4,76;2,26
15/11/2016;25;VACA;23220;5,7;15;6,92;1,03;12,96;3,95;3,39;4,8;2,41
16/11/2016;21;VACA;21220;2,8;15;6,83;1,03;12,8;3,69;3,41;4,9;2,39
16/11/2016;29;VACA;15860;3,3;15;6,8;1,03;12,36;3,62;3,26;4,75;2,23
16/11/2016;29;VACA;5120;4,6;15;6,82;1,03;12,2;3,58;3,33;4,51;2,29
16/11/2016;32;VACA;26740;3,1;15;6,83;1,03;12,5;3,42;3,42;4,93;2,41
16/11/2016;24;VACA;15960;6;15;6,84;1,03;12,53;3,71;3,25;4,74;2,28
16/11/2016;24;VACA;4800;5,4;15;6,82;1,03;12,45;3,57;3,29;4,82;2,32
16/11/2016;26;VACA;6720;4,2;15;6,8;1,03;12,6;3,66;3,33;4,79;2,32
16/11/2016;25;VACA;23080;5,2;15;6,83;1,03;13,42;4,27;3,49;4,85;2,48
17/11/2016;21;VACA;24460;3,8;15;6,83;1,03;12,68;3,76;3,3;4,77;2,34
17/11/2016;29;VACA;14920;2,7;16;6,87;1,03;12,3;3,55;3,19;4,8;2,25
17/11/2016;29;VACA;7260;5;16;6,86;1,03;12,49;3,71;3,29;4,67;2,31
17/11/2016;32;VACA;20680;5;15;6,8;1,03;12,26;3,49;3,25;4,73;2,27
17/11/2016;26;VACA;6860;4,4;15;6,8;1,03;12,54;3,58;3,32;4,85;2,35
17/11/2016;25;VACA;22700;7;15;6,8;1,03;13,1;4,08;3,4;4,81;2,44
18/11/2016;21;VACA;27520;3;15;6,82;1,03;12,52;3,7;3,28;4,71;2,29
18/11/2016;20;VACA;23700;5,6;15;6,83;1,03;12,34;3,44;3,35;4,79;2,37
18/11/2016;18;VACA;25360;3,9;15;6,81;1,03;13,05;3,64;3,67;4,95;2,61
18/11/2016;30;VACA;26440;3;15;6,84;1,03;12,65;3,71;3,39;4,76;2,35
18/11/2016;24;VACA;12920;6,8;15;6,86;1,03;13,85;5,09;3,19;4,7;2,24
18/11/2016;24;VACA;6000;4,8;15;6,84;1,03;12,72;3,69;3,35;4,9;2,4
18/11/2016;26;VACA;6740;4,2;15;6,84;1,03;12,59;3,67;3,27;4,8;2,3
18/11/2016;29;VACA;15260;6,5;15;6,84;1,03;12,32;3,65;3,16;4,75;2,2
18/11/2016;29;VACA;5160;4,8;15;6,83;1,03;12,27;3,57;3,35;4,57;2,28
18/11/2016;32;VACA;26640;2,7;15;6,82;1,03;12,54;3,46;3,4;4,9;2,38
18/11/2016;25;VACA;23180;5,7;15;6,82;1,03;13,41;4,25;3,48;4,83;2,49
19/11/2016;21;VACA;24800;3;15;6,84;1,03;12,9;3,81;3,36;4,88;2,37
19/11/2016;20;VACA;24220;5;15;6,82;1,03;12,31;3,21;3,42;4,92;2,4
19/11/2016;24;VACA;13300;6,1;15;6,82;1,03;12,63;3,79;3,25;4,78;2,26
19/11/2016;26;VACA;6400;5,8;15;6,85;1,03;12,51;3,6;3,25;4,8;2,28
19/11/2016;29;VACA;14880;6;15;6,82;1,03;12,31;3,59;3,22;4,72;2,22
19/11/2016;29;VACA;7980;7,2;15;6,85;1,03;13,31;4,54;3,27;4,63;2,25
19/11/2016;32;VACA;20420;6;15;6,8;1,03;12,21;3,44;3,22;4,74;2,24
19/11/2016;25;VACA;22900;6;15;6,8;1,03;13,06;4,03;3,42;4,8;2,42
20/11/2016;21;VACA;27560;3,6;15;6,84;1,03;12,93;3,86;3,36;4,9;2,39
20/11/2016;22;VACA;23300;7,3;15;6,84;1,03;12,55;3,49;3,37;4,96;2,41
20/11/2016;30;VACA;15940;5;15;6,83;1,03;12,55;3,57;3,39;4,79;2,34
20/11/2016;30;VACA;10540;3,7;15;6,83;1,03;12,85;3,98;3,32;4,72;2,29
20/11/2016;29;VACA;16400;3,7;15;6,83;1,03;12,26;3,53;3,23;4,74;2,23
20/11/2016;29;VACA;4780;4,3;15;6,84;1,03;12,25;3,71;3,25;4,47;2,22
20/11/2016;26;VACA;6580;4,2;16;6,81;1,03;12,54;3,66;3,23;4,81;2,27
20/11/2016;32;VACA;26960;2,7;15;6,8;1,03;12,52;3,43;3,4;4,93;2,37
20/11/2016;25;VACA;23360;5,6;15;6,81;1,03;13,39;4,23;3,51;4,86;2,5
21/11/2016;21;VACA;24500;4,2;15;6,82;1,03;12,87;3,73;3,39;4,94;2,44
21/11/2016;22;VACA;26020;4;15;6,8;1,03;12,44;3,35;3,4;4,99;2,43
21/11/2016;18;VACA;25980;4;15;6,8;1,03;12,77;3,39;3,64;4,97;2,57
21/11/2016;24;VACA;16280;5,8;15;6,84;1,03;12,54;3,75;3,23;4,73;2,25
21/11/2016;24;VACA;6200;4,7;15;6,84;1,03;12,7;3,69;3,35;4,89;2,38
21/11/2016;26;VACA;6200;4,7;15;6,8;1,03;12,55;3,64;3,24;4,82;2,3
21/11/2016;29;VACA;15280;3,3;15;6,82;1,03;12,24;3,49;3,25;4,79;2,25
21/11/2016;29;VACA;8500;8;15;6,82;1,03;12,91;3,98;3,32;4,75;2,34
21/11/2016;32;VACA;19580;5,4;15;6,84;1,03;12,26;3,47;3,24;4,75;2,25
21/11/2016;25;VACA;23160;5,4;15;6,82;1,03;13,01;4,05;3,4;4,76;2,39
21/11/2016;18;VACA;25320;5,7;15;6,81;1,03;13,02;3,9;3,44;4,84;2,41
22/11/2016;21;VACA;21660;2,8;15;6,83;1,03;12,61;3,45;3,41;4,97;2,47
22/11/2016;22;VACA;24880;5,5;15;6,83;1,03;12,24;3,16;3,37;4,98;2,43
22/11/2016;18;VACA;26260;5,2;15;6,81;1,03;12,27;2,92;3,63;4,95;2,57
22/11/2016;18;VACA;25200;4,4;15;6,8;1,03;12,81;3,41;3,66;4,97;2,61
22/11/2016;24;VACA;14320;6,6;15;6,83;1,03;12,64;3,81;3,21;4,78;2,23
22/11/2016;24;VACA;4280;6;15;6,84;1,03;12,14;3,5;3,16;4,73;2,21
22/11/2016;26;VACA;6360;5,7;15;6,8;1,03;12,45;3,55;3,2;4,85;2,28
22/11/2016;29;VACA;16240;3,5;15;6,84;1,03;12,34;3,61;3,23;4,77;2,25
22/11/2016;29;VACA;5400;4,3;15;6,84;1,03;12,24;3,65;3,27;4,54;2,24
22/11/2016;32;VACA;26980;3,2;15;6,83;1,03;12,43;3,36;3,4;4,95;2,4
22/11/2016;25;VACA;23220;6,2;15;6,82;1,03;13,43;4,26;3,49;4,87;2,5
23/11/2016;21;VACA;24680;3,6;15;6,82;1,03;12,79;3,67;3,37;4,94;2,42
23/11/2016;26;VACA;6500;7;16;6,78;1,03;12,49;3,56;3,24;4,86;2,32
23/11/2016;29;VACA;14440;3,3;15;6,8;1,03;12,39;3,63;3,23;4,82;2,27
23/11/2016;29;VACA;8660;6,3;16;6,83;1,03;12,57;3,72;3,35;4,67;2,38
23/11/2016;32;VACA;19840;5,8;15;6,83;1,03;12,48;3,62;3,23;4,77;2,28
23/11/2016;25;VACA;20980;4,3;15;6,82;1,03;13,17;4,08;3,43;4,82;2,45
24/11/2016;22;VACA;21060;3;16;6,84;1,03;12,59;3,55;3,34;4,9;2,37
24/11/2016;21;VACA;27200;5,3;16;6,84;1,03;12,75;3,69;3,37;4,88;2,41
24/11/2016;24;VACA;16020;5,7;15;6,8;1,03;13,66;3,82;3,14;4,7;2,2
24/11/2016;24;VACA;6220;4,5;15;6,85;1,03;12,48;3,52;3,3;4,92;2,35
24/11/2016;26;VACA;6100;6,2;16;6,83;1,03;12,52;3,59;3,24;4,82;2,3
24/11/2016;32;VACA;26760;4;15;6,8;1,03;12,47;3,36;3,42;4,94;2,41
24/11/2016;25;VACA;23140;5;16;6,8;1,03;13,43;4,26;3,49;4,87;2,49
24/11/2016;29;VACA;15720;5,6;14;6,86;1,03;12,43;3,65;3,25;4,79;2,29
24/11/2016;29;VACA;5200;4,4;14;6,87;1,03;12,36;3,71;3,24;4,62;2,24
25/11/2016;20;VACA;24400;4,8;15;6,83;1,03;12,69;3,57;3,41;4,91;2,42
25/11/2016;21;VACA;24300;3,3;15;6,83;1,03;12,88;3,76;3,38;4,93;2,42
25/11/2016;22;VACA;24780;6;15;6,82;1,03;12,85;3,8;3,37;4,91;2,42
25/11/2016;29;VACA;14240;6,7;15;6,83;1,03;12,52;3,76;3,22;4,76;2,29
25/11/2016;29;VACA;4780;7,4;16;6,85;1,03;12,98;4,25;3,25;4,57;2,27
25/11/2016;32;VACA;20040;7,2;15;6,83;1,03;12,17;3,41;3,2;4,69;2,24
25/11/2016;24;VACA;13920;5,8;15;6,84;1,03;12,63;3,78;3,22;4,82;2,29
25/11/2016;24;VACA;5960;5;15;6,82;1,03;12,07;3,35;3,22;4,8;2,24
25/11/2016;26;VACA;6580;4;15;6,8;1,03;12,58;3,65;3,26;4,82;2,33
25/11/2016;25;VACA;24420;4;15;6,8;1,03;13,27;4,15;3,45;4,84;2,49
26/11/2016;20;VACA;24200;5,1;15;6,83;1,03;12,77;3,73;3,4;4,84;2,45
26/11/2016;21;VACA;27660;5,5;15;6,85;1,03;12,8;3,65;3,42;4,94;2,45
26/11/2016;22;VACA;24040;5,5;15;6,85;1,03;12,84;3,73;3,39;4,94;2,43
26/11/2016;26;VACA;6600;4,3;15;6,84;1,03;12,55;3,53;3,31;4,88;2,39
26/11/2016;29;VACA;17220;6,2;15;6,8;1,03;12,25;3,53;3,17;4,78;2,23
26/11/2016;29;VACA;5040;4,4;15;6,83;1,03;12,23;3,66;3,21;4,52;2,24
26/11/2016;32;VACA;26880;3,4;15;6,82;1,03;12,49;3,39;3,41;4,93;2,4
26/11/2016;25;VACA;22540;5,6;15;6,81;1,03;13,53;4,28;3,53;4,89;2,55
27/11/2016;21;VACA;24140;3,2;15;6,85;1,03;12,88;3,75;3,37;4,95;2,44
27/11/2016;22;VACA;23640;5,5;15;6,83;1,03;13,24;4,24;3,33;4,87;2,37
27/11/2016;24;VACA;10720;7;15;6,85;1,03;12,05;3,36;3,18;4,72;2,21
27/11/2016;24;VACA;6160;4,6;15;6,83;1,03;12,49;3,4;3,41;4,98;2,43
27/11/2016;26;VACA;6520;4;16;6,8;1,03;12,57;3,59;3,29;4,84;2,31
27/11/2016;29;VACA;15220;6,2;15;6,83;1,03;12,1;3,45;3,14;4,8;2,2
27/11/2016;29;VACA;7760;6;15;6,81;1,03;13,4;4,7;3,2;4,57;2,25
27/11/2016;32;VACA;19100;5;16;6,85;1,03;12,49;3,68;3,17;4,73;2,23
27/11/2016;25;VACA;22100;5,8;16;6,83;1,03;13,37;4,25;3,43;4,85;2,45
28/11/2016;21;VACA;27480;3,3;15;6,82;1,03;12,69;3,65;3,35;4,91;2,39
28/11/2016;35;VACA;13360;5;15;6,82;1,03;12,86;3,9;3,36;4,85;2,36
28/11/2016;35;VACA;7200;4,5;15;6,82;1,03;12,64;3,65;3,48;4,8;2,39
28/11/2016;29;VACA;16260;4;15;6,8;1,03;12,2;3,49;3,17;4,82;2,2
28/11/2016;29;VACA;5080;4;15;6,8;1,03;12,05;3,54;3,21;4,52;2,21
28/11/2016;24;VACA;13620;5,5;15;6,82;1,03;12,3;3,51;3,21;4,85;2,25
28/11/2016;24;VACA;2300;5;15;6,8;1,03;12,5;3,43;3,44;4,92;2,41
28/11/2016;26;VACA;6880;6;15;6,82;1,03;12,4;3,51;3,27;4,82;2,26
28/11/2016;32;VACA;26980;2,5;15;6,82;1,03;12,32;3,22;3,44;4,99;2,43
28/11/2016;25;VACA;22520;5,8;15;6,82;1,03;13,43;4,27;3,49;4,88;2,5
29/11/2016;21;VACA;23780;3,5;15;6,84;1,03;12,67;3,5;3,36;5,04;2,48
29/11/2016;26;VACA;7160;5;15;6,81;1,03;12,43;3,5;3,28;4,86;2,31
29/11/2016;29;VACA;15300;4,6;15;6,85;1,03;12,19;3,41;3,25;4,85;2,28
29/11/2016;29;VACA;6460;5,8;15;6,83;1,03;12,43;3,62;3,29;4,69;2,33
29/11/2016;32;VACA;19500;5,3;15;6,8;1,03;12,3;3,51;3,24;4,76;2,3
29/11/2016;25;VACA;23120;6,3;16;6,8;1,03;13,19;4,14;3,4;4,81;2,43
29/11/2016;18;VACA;25260;5,6;15;6,8;1,03;12,69;3,45;3,58;4,88;2,51
30/11/2016;35;VACA;13060;4,8;15;6,82;1,03;12,46;3,77;3,25;4,7;2,25
30/11/2016;35;VACA;7000;4,6;15;6,82;1,03;12,5;3,51;3,49;4,81;2,45
30/11/2016;21;VACA;21240;3,2;15;6,84;1,03;12,84;3,78;3,37;4,92;2,39
30/11/2016;18;VACA;25440;4;15;6,82;1,03;12,78;3,66;3,48;4,87;2,45
30/11/2016;29;VACA;14780;7;15;6,85;1,03;12,23;3,5;3,3;4,76;2,31
30/11/2016;29;VACA;4800;4,7;15;6,85;1,03;12,31;3,66;3,26;4,63;2,26
30/11/2016;32;VACA;26640;3;15;6,81;1,03;12,56;3,43;3,45;4,94;2,45
30/11/2016;24;VACA;16900;6,4;15;6,82;1,03;12,19;3,46;3,24;4,74;2,23
30/11/2016;24;VACA;6340;5,2;15;6,8;1,03;12,46;3,44;3,42;4,87;2,41
30/11/2016;26;VACA;6620;4,2;15;6,82;1,03;12,53;3,6;3,29;4,82;2,3
30/11/2016;25;VACA;22740;6,3;16;6,8;1,03;13,4;4,23;3,47;4,89;2,47
30/11/2016;21;VACA;23380;3;15;6,82;1,03;12,92;3,85;3,34;4,92;2,41
30/11/2016;18;VACA;26040;6;15;6,78;1,03;12,76;3,49;3,61;4,91;2,58
01/12/2016;24;VACA;14320;7;15;6,82;1,03;12,32;3,5;3,22;4,82;2,28
01/12/2016;24;VACA;5040;6,7;15;6,82;1,03;12,28;3,44;3,33;4,8;2,34
01/12/2016;26;VACA;6500;4,4;15;6,82;1,03;12,58;3,6;3,31;4,81;2,36
01/12/2016;29;VACA;15940;5,8;15;6,82;1,03;12,46;3,64;3,29;4,75;2,31
01/12/2016;29;VACA;3980;6,5;15;6,84;1,03;12,49;3,69;3,27;4,7;2,32
01/12/2016;32;VACA;19800;5,7;15;6,82;1,03;12,19;3,46;3,21;4,71;2,23
01/12/2016;12;VACA;11280;4,5;15;6,78;1,03;12,58;3,55;3,44;4,88;2,42
01/12/2016;12;VACA;10740;4,4;15;6,82;1,03;12,58;3,76;3,16;4,84;2,21
01/12/2016;25;VACA;22740;6;15;6,8;1,03;13,12;4,1;3,39;4,82;2,43
02/12/2016;21;VACA;27440;3;15;6,83;1,03;12,83;3,75;3,35;4,96;2,39
02/12/2016;35;VACA;13160;4,5;15;6,82;1,03;12,85;3,94;3,33;4,8;2,36
02/12/2016;35;VACA;7440;4;15;6,82;1,03;12,68;3,62;3,52;4,81;2,49
02/12/2016;26;VACA;6720;4,4;15;6,8;1,03;12,57;3,6;3,3;4,82;2,34
02/12/2016;30;VACA;26100;3,2;15;6,84;1,03;12,39;3,53;3,32;4,76;2,34
02/12/2016;29;VACA;15960;6;15;6,82;1,03;12,38;3,63;3,26;4,71;2,29
02/12/2016;29;VACA;5040;5;14;6,82;1,03;12,33;3,71;3,25;4,58;2,27
02/12/2016;32;VACA;26800;5,6;15;6,83;1,03;12,56;3,47;3,39;4,95;2,41
02/12/2016;25;VACA;22700;5,6;15;6,83;1,03;13,44;4,27;3,49;4,89;2,48
03/12/2016;21;VACA;23680;3,1;15;6,84;1,03;12,9;3,81;3,34;4,92;2,38
03/12/2016;24;VACA;10480;6;15;6,8;1,03;12,29;3,46;3,27;4,76;2,27
03/12/2016;24;VACA;6180;0;0;0;1,03;12,63;3,59;3,41;4,84;2,38
03/12/2016;26;VACA;6580;6,2;15;6,79;1,03;12,37;3,5;3,25;4,78;2,27
03/12/2016;29;VACA;16280;6;15;6,82;1,03;12,57;3,74;3,28;4,75;2,27
03/12/2016;29;VACA;5980;7;15;6,83;1,03;13,07;4,3;3,23;4,7;2,22
03/12/2016;32;VACA;18280;6,4;15;6,78;1,03;12,23;3,48;3,19;4,73;2,18
03/12/2016;25;VACA;23520;6,3;15;6,78;1,03;13,22;4,16;3,39;4,81;2,41
04/12/2016;21;VACA;27060;0;0;0;1,03;12,77;3,84;3,3;4,84;2,32
04/12/2016;35;VACA;13740;0;0;0;1,03;12,8;3,89;3,32;4,8;2,32
04/12/2016;35;VACA;8040;0;0;0;1,03;12,86;3,78;3,53;4,8;2,47
04/12/2016;24;VACA;13020;5;15;6,82;1,03;12,39;3,55;3,24;4,79;2,25
04/12/2016;24;VACA;5480;5;15;6,8;1,03;12,46;3,55;3,31;4,83;2,29
04/12/2016;26;VACA;6540;5;15;6,8;1,03;12,35;3,47;3,28;4,79;2,28
04/12/2016;29;VACA;16220;3,6;15;6,82;1,03;12,59;3,78;3,31;4,66;2,29
04/12/2016;29;VACA;5080;5;15;6,82;1,03;12,23;3,65;3,26;4,58;2,25
04/12/2016;30;VACA;25460;5;14;6,82;1,03;12,5;3,64;3,3;4,76;2,29
04/12/2016;32;VACA;26540;3;15;6,81;1,03;12,57;3,48;3,4;4,95;2,39
04/12/2016;25;VACA;22460;6,3;15;6,8;1,03;13,43;4,25;3,49;4,88;2,51
05/12/2016;21;VACA;24800;3,7;16;6,81;1,03;12,74;3,71;3,33;4,92;2,41
05/12/2016;26;VACA;6940;5,2;16;6,8;1,03;12,36;3,42;3,3;4,85;2,34
05/12/2016;32;VACA;18100;5;16;6,78;1,03;12,41;3,53;3,26;4,8;2,29
05/12/2016;25;VACA;22020;6;15;6,82;1,03;12,79;3,69;3,4;4,83;2,46
06/12/2016;21;VACA;27260;3,5;15;6,81;1,03;12,86;3,85;3,33;4,88;2,37
06/12/2016;24;VACA;15480;6,4;15;6,82;1,03;13;4,2;3,2;4,76;2,25
06/12/2016;24;VACA;6100;6;15;6,82;1,03;12,53;3,56;3,35;4,84;2,37
06/12/2016;26;VACA;6560;4,3;15;6,82;1,03;12,24;3,34;3,27;4,83;2,29
06/12/2016;32;VACA;26820;3,6;15;6,8;1,03;12,48;3,43;3,39;4,95;2,39
06/12/2016;25;VACA;22680;6;15;6,78;1,03;13,43;4,24;3,49;4,89;2,52
07/12/2016;21;VACA;24100;3,7;15;6,82;1,03;12,82;3,76;3,33;4,9;2,38
07/12/2016;32;VACA;18540;5,2;15;6,82;1,03;12,3;3,48;3,23;4,8;2,26
07/12/2016;24;VACA;15060;6,5;15;6,8;1,03;12,37;3,58;3,2;4,8;2,26
07/12/2016;24;VACA;6320;5,2;15;6,82;1,03;12,06;3,41;3,17;4,71;2,16
07/12/2016;26;VACA;6720;4;15;6,84;1,03;12,23;3,34;3,28;4,81;2,26
07/12/2016;25;VACA;23120;6,6;15;6,82;1,03;13,17;4,13;3,38;4,83;2,43
08/12/2016;21;VACA;27240;3,5;15;6,82;1,03;12,77;3,76;3,32;4,89;2,36
08/12/2016;26;VACA;6740;4,4;15;6,82;1,03;12,41;3,49;3,24;4,83;2,27
08/12/2016;32;VACA;26560;3;15;6,82;1,03;12,52;3,47;3,39;4,96;2,45
08/12/2016;29;VACA;17040;4;15;6,82;1,03;12,32;3,6;3,21;4,74;2,24
08/12/2016;29;VACA;6440;6;15;6,85;1,03;12,24;3,56;3,25;4,65;2,3
08/12/2016;25;VACA;22660;5,6;15;6,82;1,03;13,46;4,29;3,48;4,87;2,51
09/12/2016;22;VACA;25080;5,4;15;6,84;1,03;12,73;3,74;3,33;4,9;2,37
09/12/2016;21;VACA;24060;3,5;15;6,8;1,03;13;3,91;3,35;4,93;2,43
09/12/2016;32;VACA;18580;5,5;15;6,79;1,03;12,3;3,48;3,22;4,78;2,27
09/12/2016;29;VACA;15780;3,9;15;6,81;1,03;12,38;3,66;3,22;4,76;2,24
09/12/2016;29;VACA;5660;5,4;14;6,84;1,03;11,86;3,17;3,2;4,74;2,25
09/12/2016;24;VACA;15680;6;14;6,84;1,03;12,45;3,56;3,25;4,85;2,31
09/12/2016;24;VACA;6080;5,3;15;6,81;1,03;12,69;3,67;3,38;4,84;2,38
09/12/2016;26;VACA;6660;4,02;15;6,82;1,03;11,42;2,46;3,28;4,91;2,35
09/12/2016;25;VACA;23440;7,3;15;6,8;1,03;13,23;4,15;3,42;4,82;2,44
10/12/2016;21;VACA;26620;2,5;15;6,82;1,03;12,94;3,9;3,32;4,92;2,39
10/12/2016;22;VACA;24880;5,3;15;6,82;1,03;12,88;3,79;3,35;4,93;2,38
10/12/2016;30;VACA;23380;3,5;15;6,82;1,03;12,78;3,96;3,25;4,73;2,3
10/12/2016;24;VACA;14720;4;15;6,8;1,03;12,48;3,62;3,27;4,8;2,32
10/12/2016;24;VACA;4020;5;14;6,8;1,03;12,14;3,54;3,14;4,68;2,14
10/12/2016;26;VACA;6420;4;15;6,8;1,03;12,35;3,51;3,19;4,77;2,24
10/12/2016;29;VACA;14560;5;15;6,82;1,03;12,49;3,73;3,2;4,78;2,26
10/12/2016;29;VACA;5340;6;14;6,82;1,03;12,54;3,83;3,24;4,6;2,29
10/12/2016;32;VACA;26600;3;15;6,81;1,03;12,49;3,36;3,4;4,98;2,43
10/12/2016;25;VACA;23040;6;15;6,82;1,03;13,45;4,28;3,49;4,85;2,52
11/12/2016;21;VACA;24280;3,4;15;6,83;1,03;12,93;3,84;3,33;4,91;2,42
11/12/2016;29;VACA;15480;3;15;6,8;1,03;12,49;3,73;3,21;4,79;2,28
11/12/2016;29;VACA;6460;8;15;6,81;1,03;12,88;4,29;3,01;4,5;2,37
11/12/2016;32;VACA;18720;5,8;16;6,83;1,03;12,28;3,49;3,21;4,78;2,29
11/12/2016;26;VACA;6660;4,1;15;6,8;1,03;12,31;3,39;3,25;4,83;2,32
11/12/2016;25;VACA;23160;6,7;15;6,8;1,03;13,22;4,15;3,4;4,86;2,5
12/12/2016;21;VACA;27240;3,4;15;6,84;1,03;12,73;3,76;3,32;4,85;2,36
12/12/2016;20;VACA;23640;5,5;15;6,83;1,03;12,79;3,77;3,4;4,83;2,41
12/12/2016;35;VACA;15820;4,7;14;6,85;1,03;12,86;3,91;3,35;4,85;2,37
12/12/2016;35;VACA;8180;4,3;14;6,85;1,03;12,69;3,7;3,45;4,82;2,42
12/12/2016;24;VACA;13720;6,4;14;6,84;1,03;13,95;5,31;3,13;4,6;2,17
12/12/2016;24;VACA;6160;4,2;14;6,85;1,03;12,64;3,68;3,32;4,86;2,34
12/12/2016;26;VACA;6460;4,1;15;6,82;1,03;12,28;3,38;3,28;4,83;2,29
12/12/2016;29;VACA;14280;3,6;15;6,83;1,03;12,37;3,66;3,18;4,76;2,25
12/12/2016;29;VACA;5320;4,4;14;6,85;1,03;12,6;3,83;3,24;4,64;2,33
12/12/2016;32;VACA;27140;3,2;15;6,82;1,03;12,6;3,48;3,41;4,97;2,42
12/12/2016;25;VACA;22820;5,4;15;6,81;1,03;13,5;4,31;3,49;4,87;2,52
12/12/2016;30;VACA;24760;3;14;6,78;1,03;11,97;3,29;3,24;4,67;2,26
13/12/2016;18;VACA;25340;5;15;6,84;1,03;12,66;3,46;3,54;4,92;2,54
13/12/2016;21;VACA;24300;3,7;15;6,83;1,03;12,89;3,83;3,32;4,91;2,45
13/12/2016;18;VACA;24960;2,7;15;6,84;1,03;12,73;3,4;3,6;4,94;2,59
13/12/2016;20;VACA;24300;5,2;15;6,82;1,03;12,7;3,63;3,39;4,91;2,44
13/12/2016;24;VACA;13760;5,1;15;6,84;1,03;12,46;3,63;3,22;4,75;2,27
13/12/2016;26;VACA;6580;4,1;15;6,82;1,03;12,25;3,3;3,28;4,86;2,32
13/12/2016;24;VACA;4920;5,7;15;6,84;1,03;12,46;3,6;3,25;4,81;2,3
13/12/2016;29;VACA;16220;5,4;15;6,82;1,03;12,3;3,64;3,16;4,74;2,23
13/12/2016;29;VACA;3960;5,4;15;6,82;1,03;12,36;3,64;3,24;4,65;2,3
13/12/2016;32;VACA;18740;5,5;15;6,8;1,03;12,32;3,48;3,2;4,78;2,28
13/12/2016;25;VACA;23680;6,7;15;6,8;1,03;13,17;4,08;3,4;4,86;2,47
14/12/2016;21;VACA;21260;2;15;6,84;1,03;12,86;3,8;3,34;4,88;2,4
14/12/2016;35;VACA;13760;4,6;15;6,85;1,03;12,85;3,95;3,33;4,84;2,36
14/12/2016;35;VACA;10520;4;14;6,81;1,03;12,83;3,77;3,48;4,87;2,47
14/12/2016;30;VACA;15520;3,6;15;6,84;1,03;12,68;3,92;3,24;4,69;2,26
14/12/2016;30;VACA;6960;3,6;15;6,84;1,03;12,59;3,92;3,24;4,58;2,26
14/12/2016;29;VACA;15960;3,5;15;6,84;1,03;12,12;3,52;3,18;4,67;2,21
14/12/2016;26;VACA;6560;4;15;6,81;1,03;12,33;3,39;3,3;4,83;2,35
14/12/2016;32;VACA;26500;3,2;15;6,84;1,03;12,52;3,46;3,39;4,93;2,42
14/12/2016;25;VACA;22860;5,9;15;6,82;1,03;13,45;4,27;3,48;4,88;2,55
15/12/2016;21;VACA;24700;3;15;6,81;1,03;12,82;3,79;3,34;4,88;2,41
15/12/2016;24;VACA;15800;6,2;14;6,86;1,03;12,11;3,34;3,18;4,8;2,25
15/12/2016;26;VACA;6660;4,2;15;6,82;1,03;12,3;3,35;3,3;4,85;2,35
15/12/2016;24;VACA;6180;5,5;15;6,79;1,03;12,5;3,6;3,26;4,88;2,33
15/12/2016;29;VACA;15440;3,5;15;6,82;1,03;12,28;3,59;3,25;4,67;2,26
15/12/2016;29;VACA;5980;6,3;15;6,78;1,03;12,23;3,54;3,19;4,72;2,23
15/12/2016;32;VACA;18520;6;15;6,8;1,03;12,37;3,53;3,21;4,79;2,3
15/12/2016;25;VACA;23780;6,3;15;6,79;1,03;13,22;4,12;3,42;4,84;2,46
16/12/2016;21;VACA;27200;3,1;15;6,82;1,03;12,88;3,81;3,39;4,91;2,41
16/12/2016;35;VACA;16220;5,3;14;6,85;1,03;12,91;3,92;3,37;4,88;2,38
16/12/2016;35;VACA;7880;4,3;14;6,85;1,03;12,87;3,78;3,54;4,84;2,49
16/12/2016;32;VACA;26600;3,4;15;6,8;1,03;12,48;3,42;3,38;4,97;2,4
16/12/2016;29;VACA;15060;3,5;15;6,78;1,03;12,32;3,64;3,24;4,74;2,27
16/12/2016;29;VACA;5380;5;15;6,79;1,03;12,42;3,66;3,28;4,68;2,34
16/12/2016;24;VACA;12020;4;15;6,81;1,03;12,4;3,62;3,22;4,76;2,27
16/12/2016;24;VACA;6240;5,5;15;6,8;1,03;12,12;3,34;3,22;4,83;2,26
16/12/2016;26;VACA;6360;4,2;15;6,8;1,03;12,26;3,32;3,27;4,85;2,33
16/12/2016;30;VACA;23580;3,2;15;6,82;1,03;12,48;3,69;3,25;4,75;2,27
16/12/2016;25;VACA;22720;5,4;15;6,81;1,03;13,4;4,26;3,46;4,9;2,48
17/12/2016;21;VACA;24100;2;15;6,81;1,03;12,91;3,8;3,34;4,92;2,41
17/12/2016;26;VACA;6700;4,8;15;6,8;1,03;14,21;5,06;3,72;4,78;2,73
17/12/2016;29;VACA;16560;3,7;15;6,85;1,03;12,36;3,66;3,21;;
17/12/2016;29;VACA;6380;7,8;15;6,84;1,03;12,53;3,78;3,2;4,75;2,24
17/12/2016;32;VACA;18580;0;0;0;1,03;12,31;3,5;3,18;4,8;2,2
17/12/2016;25;VACA;24380;5,6;15;6,78;1,03;13,17;4,05;3,4;4,88;2,41
18/12/2016;22;VACA;24600;5,6;15;6,82;1,03;12,63;3,57;3,31;4,95;2,36
18/12/2016;21;VACA;27260;3,3;15;6,83;1,03;12,96;3,85;3,36;4,9;2,41
18/12/2016;20;VACA;24500;5,7;15;6,82;1,03;12,72;3,69;3,4;4,86;2,4
18/12/2016;35;VACA;14060;5,1;15;6,83;1,03;12,86;3,87;3,36;4,87;2,37
18/12/2016;35;VACA;8040;5,1;15;6,85;1,03;12,91;3,76;3,55;4,85;2,54
18/12/2016;24;VACA;14520;6;14;6,85;1,03;12,13;3,35;3,23;4,76;2,23
18/12/2016;24;VACA;6340;5,6;15;6,82;1,03;12,83;3,67;3,39;4,95;2,4
18/12/2016;26;VACA;6480;4,5;15;6,82;1,03;12,37;3,36;3,32;4,87;2,35
18/12/2016;32;VACA;26280;3,6;15;6,81;1,03;12,52;3,46;3,37;4,94;2,42
18/12/2016;30;VACA;24460;3,8;15;6,84;1,03;12,49;3,58;3,33;4,8;2,32
18/12/2016;29;VACA;16260;3,7;15;6,82;1,03;12,64;3,8;3,26;4,77;2,3
18/12/2016;25;VACA;22920;5,3;15;6,82;1,03;13,4;4,18;3,47;4,91;2,51
19/12/2016;21;VACA;25220;2,3;15;6,84;1,03;12,91;3,8;3,32;4,93;2,41
19/12/2016;18;VACA;26140;4;15;6,82;1,03;12,73;3,32;3,62;5,05;2,65
19/12/2016;24;VACA;13400;7,4;15;6,84;1,03;12,53;3,68;3,2;4,82;2,25
19/12/2016;24;VACA;3900;5,4;15;6,84;1,03;12,49;3,54;3,26;4,89;2,29
19/12/2016;26;VACA;6540;4,1;15;6,84;1,03;12,32;3,32;3,31;4,85;2,31
19/12/2016;32;VACA;18720;6,3;15;6,82;1,03;12,37;3,5;3,21;4,81;2,26
19/12/2016;25;VACA;24500;5,5;15;6,79;1,03;13,22;4,06;3,42;4,88;2,47
19/12/2016;18;VACA;25900;4,6;15;6,8;1,03;12,97;3,63;3,58;4,94;2,55
20/12/2016;21;VACA;20720;2;15;6,8;1,03;13;3,89;3,4;4,88;2,46
20/12/2016;18;VACA;25520;4,5;15;6,8;1,03;12,79;3,5;3,58;4,93;2,54
20/12/2016;26;VACA;6060;4;15;6,82;1,03;12,41;3,46;3,28;4,82;2,33
20/12/2016;32;VACA;26160;2,7;15;6,82;1,03;12,59;3,54;3,36;4,93;2,38
20/12/2016;25;VACA;22980;5,7;15;6,81;1,03;13,4;4,19;3,48;4,92;2,5
21/12/2016;21;VACA;24520;0;15;6,82;1,03;12,94;3,83;3,34;4,92;2,43
21/12/2016;24;VACA;15660;5,7;14;6,82;1,03;12,22;3,42;3,21;4,79;2,24
21/12/2016;24;VACA;6060;4,2;15;6,81;1,03;12,59;3,6;3,28;4,91;2,36
21/12/2016;26;VACA;7040;4;15;6,81;1,03;12,37;3,4;3,29;4,85;2,35
21/12/2016;32;VACA;18580;5;15;6,78;1,03;11,63;3,45;3,1;4,49;2,24
21/12/2016;25;VACA;24120;6,2;15;6,8;1,03;13,23;4,12;3,4;4,85;2,43
22/12/2016;21;VACA;27080;3,4;15;6,81;1,03;13;3,9;3,37;4,91;2,44
22/12/2016;24;VACA;14800;5,7;15;6,82;1,03;12,48;3,65;3,14;4,84;2,21
22/12/2016;24;VACA;6220;6;15;6,82;1,03;12,38;3,54;3,21;4,87;2,26
22/12/2016;26;VACA;6680;4;15;6,8;1,03;12,33;3,44;3,23;4,8;2,27
22/12/2016;32;VACA;25600;3,2;15;6,82;1,03;12,56;3,55;3,3;4,97;2,34
22/12/2016;25;VACA;23140;6,2;15;6,8;1,03;13,36;4,16;3,48;4,9;2,5
23/12/2016;21;VACA;25140;2;15;6,82;1,03;12,93;3,83;3,34;4,95;2,45
23/12/2016;22;VACA;24060;5;15;6,82;1,03;12,75;3,73;3,29;4,92;2,38
23/12/2016;32;VACA;18900;6,8;15;6,78;1,03;12,2;3,38;3,18;4,81;2,25
23/12/2016;25;VACA;24740;6;15;6,8;1,03;13,1;4,04;3,39;4,85;2,44
23/12/2016;26;VACA;7960;6;15;6,79;1,03;12,47;3,54;3,23;4,81;2,25
23/12/2016;22;VACA;22980;5,5;15;6,8;1,03;12,83;3,8;3,3;4,93;2,35
23/12/2016;20;VACA;24420;5;15;7,9;1,03;12,75;3,69;3,42;4,86;2,42
23/12/2016;24;VACA;13660;6,6;15;6,8;1,03;12,32;3,47;3,26;4,8;2,26
24/12/2016;30;VACA;24680;3,4;14;6,85;1,03;12,43;3,55;3,34;4,74;2,29
24/12/2016;32;VACA;25060;3,4;15;6,81;1,03;12,57;3,63;3,21;4,98;2,26
24/12/2016;29;VACA;11940;5;15;6,8;1,03;12,4;3,56;3,24;4,81;2,29
24/12/2016;29;VACA;15860;3,8;15;6,8;1,03;12,82;4,04;3,43;4,42;2,34
24/12/2016;25;VACA;23020;5;15;6,82;1,03;13,37;4,16;3,48;4,92;2,54
24/12/2016;26;VACA;5640;5,8;15;6,8;1,03;12,31;3,4;3,26;4,81;2,26
25/12/2016;20;VACA;24320;5;15;6,82;1,03;12,47;3,44;3,35;4,87;2,37
25/12/2016;21;VACA;25060;4,2;15;6,79;1,03;12,93;3,81;3,34;4,92;2,44
25/12/2016;22;VACA;24200;6;15;6,78;1,03;12,73;3,7;3,3;4,92;2,37
25/12/2016;32;VACA;17240;5,6;15;6,8;1,03;12,23;3,46;3,16;4,77;2,21
25/12/2016;25;VACA;24500;6,9;15;6,81;1,03;13,08;4,04;3,38;4,83;2,41
25/12/2016;26;VACA;6840;7,1;15;6,8;1,03;12,77;3,88;3,26;4,77;2,27
26/12/2016;21;VACA;27320;0;3;6,82;1,03;13;3,89;3,39;4,92;2,47
26/12/2016;32;VACA;24980;3,2;15;8,3;1,03;12,73;3,71;3,32;4,95;2,36
26/12/2016;24;VACA;9740;4,2;15;6,82;1,03;11,78;3,01;3,23;4,76;2,23
26/12/2016;24;VACA;13160;6,4;15;6,82;1,03;12,64;3,62;3,32;4,92;2,34
26/12/2016;25;VACA;23080;5,7;15;8,2;1,03;13,37;4,16;3,49;4,94;2,5
26/12/2016;18;VACA;25480;4,4;15;6,82;1,03;12,66;3,54;3,48;4,87;2,43
26/12/2016;26;VACA;7200;5,3;15;6,8;1,03;12,43;3,51;3,25;4,85;2,26
26/12/2016;18;VACA;25460;5,7;15;6,82;1,03;12,14;2,65;3,66;5,1;2,62
26/12/2016;18;VACA;25160;5,8;15;6,82;1,03;13,42;4,08;3,58;4,95;2,53
27/12/2016;18;VACA;26400;4,2;15;8,3;1,03;12,98;3,91;3,33;4,89;2,4
27/12/2016;18;VACA;25480;5;15;6,81;1,03;12,82;3,55;3,53;4,95;2,5
27/12/2016;21;VACA;25540;3,6;15;6,81;1,03;13,04;3,88;3,36;4,94;2,41
27/12/2016;32;VACA;20820;6;15;6,84;1,03;12,26;3,44;3,21;4,79;2,24
27/12/2016;26;VACA;6740;3,9;15;6,83;1,03;12,23;3,27;3,29;4,89;2,31
27/12/2016;24;VACA;14480;6;15;6,85;1,03;12,34;3,56;3,23;4,75;2,22
27/12/2016;24;VACA;11260;5,6;15;6,81;1,03;12,48;3,52;3,25;4,89;2,28
27/12/2016;25;VACA;24980;6,7;15;6,81;1,03;13,26;4,11;3,44;4,88;2,48
27/12/2016;18;VACA;25980;4,5;15;6,82;1,03;12,93;3,59;3,56;5,01;2,53
28/12/2016;21;VACA;27560;2,7;14;6,84;1,03;13,02;3,95;3,38;4,87;2,47
28/12/2016;26;VACA;7020;4;15;6,79;1,03;12,24;3,29;3,29;4,87;2,32
28/12/2016;32;VACA;24540;3,3;15;6,83;1,03;12,75;3,7;3,36;4,93;2,38
28/12/2016;25;VACA;23500;5,8;15;6,84;1,03;13,47;4,26;3,47;4,89;2,48
29/12/2016;21;VACA;25200;2,9;15;6,84;1,03;12,94;3,83;3,32;4,91;2,4
29/12/2016;24;VACA;14940;6,6;14;6,82;1,03;12,19;3,36;3,23;4,78;2,27
29/12/2016;24;VACA;7980;5,4;14;6,82;1,03;12,66;3,77;3,26;4,82;2,28
29/12/2016;32;VACA;19380;5,7;15;6,82;1,03;12,23;3,44;3,18;4,78;2,27
29/12/2016;26;VACA;7380;4,8;15;6,8;1,03;12,38;3,41;3,28;4,86;2,3
29/12/2016;25;VACA;24240;6,5;15;6,82;1,03;13,24;4,08;3,44;4,88;2,43
30/12/2016;18;VACA;25500;4;15;6,81;1,03;12,9;3,53;3,56;4,98;2,57
30/12/2016;21;VACA;27620;3,7;15;6,82;1,03;12,99;3,86;3,36;4,91;2,43
30/12/2016;20;VACA;24180;5,8;15;6,81;1,03;11,67;3,34;3,14;4,42;2,11
30/12/2016;32;VACA;25140;4,9;15;6,82;1,03;12,65;3,65;3,36;4,9;2,39
30/12/2016;26;VACA;6420;6;15;6,8;1,03;12,41;3,43;3,28;4,83;2,29
30/12/2016;25;VACA;23440;4,5;15;8,1;1,03;13,36;4,19;3,46;4,88;2,48
30/12/2016;18;VACA;26540;4;16;7,5;1,03;12,84;3,43;3,61;5,04;2,6
30/12/2016;24;VACA;18120;6;15;6,82;1,03;12,39;3,59;3,26;4,73;2,25
31/12/2016;21;VACA;24920;3,5;15;6,81;1,03;12,98;3,83;3,35;4,94;2,41
31/12/2016;20;VACA;23100;4,8;14;6,85;1,03;12,48;3,51;3,32;4,84;2,34
31/12/2016;26;VACA;6560;5;16;6,82;1,03;12,54;3,53;3,32;4,82;2,36
31/12/2016;32;VACA;18940;5,5;15;6,78;1,03;12,3;3,45;3,19;4,81;2,24
31/12/2016;29;VACA;17500;3;15;6,82;1,03;12,59;3,81;3,39;4,57;2,35
31/12/2016;29;VACA;12480;4;15;6,82;1,03;12,41;3,65;3,2;4,73;2,25
31/12/2016;25;VACA;24520;6,5;15;6,82;1,03;13,23;4,09;3,44;4,86;2,48
01/01/2017;22;VACA;24940;6,7;15;6,84;1,03;12,67;3,64;3,3;4,94;2,39
01/01/2017;35;VACA;15700;4,7;15;6,85;1,03;12,93;3,94;3,37;4,85;2,4
01/01/2017;35;VACA;8920;5;15;6,85;1,03;12,3;3,47;3,34;4,79;2,36
01/01/2017;20;VACA;19720;5,1;15;8,2;1,03;12,52;3,53;3,36;4,87;2,37
01/01/2017;23;VACA;24760;5;14;6,82;1,03;12,75;3,66;3,31;5;2,36
01/01/2017;21;VACA;27540;2,6;15;6,8;1,03;13,02;3,9;3,37;4,9;2,4
01/01/2017;32;VACA;19560;1,5;15;8,2;1,03;12,77;3,74;3,37;4,88;2,37
01/01/2017;25;VACA;23260;7,2;15;6,82;1,03;13,4;4,21;3,5;4,87;2,5
01/01/2017;26;VACA;7780;4,2;15;6,83;1,03;12,59;3,56;3,37;4,82;2,35
02/01/2017;21;VACA;25340;3;15;6,81;1,03;13;3,88;3,35;4,91;2,46
02/01/2017;29;VACA;15580;6;15;6,82;1,03;12,91;4,05;3,55;4,44;2,46
02/01/2017;29;VACA;6880;5;15;6,82;1,03;12,69;3,82;3,36;4,66;2,37
02/01/2017;30;VACA;25880;4,5;15;6,82;1,03;12,33;3,37;3,36;4,79;2,36
02/01/2017;24;VACA;26000;5,7;15;6,79;1,03;12,32;3,47;3,28;4,8;2,36
02/01/2017;26;VACA;5260;4;15;6,81;1,03;12,42;3,49;3,33;4,81;2,35
02/01/2017;25;VACA;21760;6,6;16;6,77;1,03;13,35;4,14;3,54;4,89;2,61
02/01/2017;18;VACA;25080;4;15;6,82;1,03;12,84;3,51;3,59;4,98;2,63
02/01/2017;18;VACA;24840;4;15;6,8;1,03;12,89;3,78;3,4;4,97;2,49
02/01/2017;32;VACA;19540;5,6;15;6,8;1,03;12,33;3,51;3,23;4,77;2,32
02/01/2017;18;VACA;25820;4,4;15;6,78;1,03;12,84;3,44;3,63;5,03;2,65
03/01/2017;21;VACA;21480;2,6;15;6,83;1,03;13,06;3,92;3,4;4,93;2,44
03/01/2017;18;VACA;25500;3,8;15;6,82;1,03;12,48;3,51;3,43;4,78;2,42
03/01/2017;29;VACA;17720;3,8;15;6,84;1,03;12,95;4,11;3,58;4,38;2,51
03/01/2017;29;VACA;5540;4;15;6,84;1,03;12,53;3,79;3,25;4,67;2,3
03/01/2017;32;VACA;30880;3;15;6,82;1,03;12,86;3,75;3,43;4,96;2,45
03/01/2017;24;VACA;22160;5,1;15;6,82;1,03;12,55;3,69;3,22;4,84;2,32
03/01/2017;25;VACA;21720;6;14;6,79;1,03;13,55;4,32;3,52;4,89;2,55
03/01/2017;26;VACA;6740;5;15;7,9;1,03;12,43;3,5;3,29;4,84;2,35
03/01/2017;18;VACA;25540;5;15;6,82;1,03;12,99;3,61;3,58;5;2,6
03/01/2017;18;VACA;26100;6;15;6,78;1,03;13,05;3,6;3,63;5;2,66
04/01/2017;21;VACA;25620;4;15;6,83;1,03;12,86;3,77;3,34;4,91;2,41
04/01/2017;18;VACA;25940;6;14;6,74;1,03;12,52;3,21;3,5;4,87;2,7
04/01/2017;18;VACA;25080;4;15;6,78;1,03;12,94;3,51;3,62;5,03;2,63
04/01/2017;18;VACA;26120;4,8;16;6,81;1,03;12,87;3,68;3,52;4,9;2,51
04/01/2017;26;VACA;5940;6;15;6,82;1,03;12,22;3,38;3,25;4,79;2,29
04/01/2017;29;VACA;16160;3,5;15;6,85;1,03;13,07;4,26;3,62;4,26;2,56
04/01/2017;29;VACA;8060;6,1;15;6,85;1,03;12,25;3,57;3,21;4,7;2,25
04/01/2017;32;VACA;19520;5,5;15;6,8;1,03;12,35;3,51;3,21;4,8;2,3
04/01/2017;25;VACA;21240;6;15;6,78;1,03;13,19;4,02;3,48;4,88;2,52
05/01/2017;21;VACA;28120;3,8;15;6,82;1,03;12,81;3,78;3,35;4,89;2,41
05/01/2017;18;VACA;25440;3,6;15;6,79;1,03;12,68;3,5;3,52;4,88;2,47
05/01/2017;29;VACA;16420;3,7;15;6,81;1,03;12,76;3,98;3,43;4,48;2,38
05/01/2017;29;VACA;5460;5,1;14;6,78;1,03;12,44;3,74;3,27;4,65;2,32
05/01/2017;24;VACA;26640;5,1;15;6,84;1,03;12,38;3,54;3,22;4,81;2,24
05/01/2017;32;VACA;25860;3,5;15;6,77;1,03;12,72;3,66;3,4;4,95;2,41
05/01/2017;25;VACA;21640;6,5;14;6,82;1,03;13,53;4,32;3,48;4,88;2,49
05/01/2017;26;VACA;6780;6;15;6,78;1,03;12,38;3,46;3,26;4,85;2,29
05/01/2017;30;VACA;22740;4,6;14;6,81;1,03;12,9;4,02;3,33;4,71;2,32
06/01/2017;20;VACA;25200;5,5;15;6,84;1,03;12,49;3,49;3,34;4,9;2,38
06/01/2017;22;VACA;24480;5,4;14;6,85;1,03;12,75;3,77;3,27;4,92;2,36
06/01/2017;21;VACA;27040;4;15;6,83;1,03;12,9;3,76;3,34;4,96;2,44
06/01/2017;23;VACA;23880;5,5;14;6,85;1,03;12,99;3,91;3,3;4,95;2,4
06/01/2017;29;VACA;16160;2,8;14;6,83;1,03;12,5;3,74;3,31;4,63;2,34
06/01/2017;29;VACA;6460;6,3;14;6,84;1,03;12,15;3,51;3,22;4,64;2,3
06/01/2017;26;VACA;6800;4;15;6,8;1,03;12,35;3,39;3,29;4,85;2,34
06/01/2017;32;VACA;19720;5,5;14;6,78;1,03;12,36;3,51;3,19;4,83;2,26
06/01/2017;25;VACA;21640;5;14;6,78;1,03;13,12;3,92;3,47;4,94;2,49
07/01/2017;22;VACA;23440;5,2;15;6,78;1,03;12,79;3,76;3,3;4,94;2,35
07/01/2017;21;VACA;27920;3,3;15;6,78;1,03;12,96;3,83;3,39;4,94;2,43
07/01/2017;18;VACA;26800;6;15;6,8;1,03;12,63;3,19;3,61;5,06;2,64
07/01/2017;18;VACA;26180;6;15;6,8;1,03;12,69;3,41;3,55;4,96;2,57
07/01/2017;26;VACA;6960;5;15;6,81;1,03;12,49;3,52;3,31;4,84;2,35
07/01/2017;29;VACA;15020;3,2;15;6,81;1,03;12,25;3,43;3,21;4,53;2,54
07/01/2017;29;VACA;5760;4,3;15;6,84;1,03;12,61;3,81;3,29;4,65;2,28
07/01/2017;24;VACA;22000;5;14;6,8;1,03;12,41;3,55;3,26;4,84;2,33
07/01/2017;32;VACA;24720;3;15;6,81;1,03;12,81;3,71;3,4;4,95;2,42
07/01/2017;25;VACA;22400;3,2;15;6,79;1,03;13,53;4,26;3,53;4,91;2,54
07/01/2017;30;VACA;26220;5,4;15;6,83;1,03;12,51;3,58;3,35;4,79;2,36
08/01/2017;29;VACA;16300;3,7;14;6,86;1,03;12,46;3,64;3,33;4,67;2,33
08/01/2017;29;VACA;7220;4,3;15;6,81;1,03;12,71;4,06;3,14;4,65;2,2
08/01/2017;32;VACA;19360;5;15;6,8;1,03;12,33;3,48;3,22;4,82;2,26
08/01/2017;26;VACA;6720;4;15;6,8;1,03;12,52;3,51;3,31;4,87;2,32
08/01/2017;25;VACA;21200;4,6;15;6,82;1,03;13,26;4,04;3,49;4,91;2,52
09/01/2017;35;VACA;14860;5;14;6,82;1,03;12,85;3,94;3,32;4,8;2,37
09/01/2017;35;VACA;6880;5;14;6,82;1,03;12,6;3,7;3,41;4,71;2,45
09/01/2017;21;VACA;26340;3;15;6,79;1,03;13,02;3,93;3,37;4,92;2,45
09/01/2017;29;VACA;16420;3,7;15;6,81;1,03;12,56;3,71;3,33;4,71;2,38
09/01/2017;29;VACA;3940;4,8;15;6,78;1,03;12,6;3,81;3,29;4,69;2,36
09/01/2017;26;VACA;6840;5;14;6,8;1,03;12,24;3,3;3,24;4,73;2,45
09/01/2017;32;VACA;25180;3,5;14;6,78;1,03;12,76;3,7;3,39;4,94;2,42
09/01/2017;24;VACA;12180;4,1;15;6,8;1,03;12,42;3,55;3,21;4,84;2,3
09/01/2017;24;VACA;12300;7;15;6,79;1,03;12,6;3,54;3,34;4,97;2,38
09/01/2017;25;VACA;22080;6,2;16;6,78;1,03;13,56;4,3;3,52;4,87;2,54
09/01/2017;30;VACA;26720;3;15;6,8;1,03;12,68;3,66;3,39;4,83;2,38
10/01/2017;21;VACA;25640;4,6;15;6,8;1,03;12,59;3,68;3,27;4,82;2,37
10/01/2017;29;VACA;16660;3,5;14;6,85;1,03;12,51;3,67;3,33;4,71;2,38
10/01/2017;29;VACA;6240;4,2;14;6,86;1,03;12,25;3,55;3,21;4,71;2,29
10/01/2017;32;VACA;19280;4,5;15;6,8;1,03;12,37;3,53;3,21;4,83;2,29
10/01/2017;26;VACA;7040;4,4;15;6,8;1,03;12,2;3,32;3,28;4,81;2,31
10/01/2017;25;VACA;21460;5,1;15;6,8;1,03;13,27;4,08;3,49;4,91;2,53
10/01/2017;24;VACA;9100;3,8;15;6,84;1,03;12,48;3,77;3,2;4,72;2,27
10/01/2017;24;VACA;7720;4,5;14;6,86;1,03;12,33;3,45;3,2;4,92;2,3
11/01/2017;21;VACA;22000;3;15;6,81;1,03;12,86;3,83;3,36;4,85;2,45
11/01/2017;35;VACA;12700;6,1;14;6,85;1,03;12,8;3,93;3,29;4,82;2,37
11/01/2017;35;VACA;8600;4,6;15;6,82;1,03;12,86;3,81;3,52;4,82;2,53
11/01/2017;32;VACA;24620;4,1;15;6,81;1,03;12,73;3,7;3,36;4,94;2,41
11/01/2017;29;VACA;16520;4;14;6,86;1,03;12,49;3,68;3,32;4,68;2,35
11/01/2017;29;VACA;3940;4,2;15;6,82;1,03;12,53;3,71;3,31;4,74;2,37
11/01/2017;26;VACA;7060;4,2;15;6,82;1,03;12,09;3,25;3,26;4,8;2,32
11/01/2017;25;VACA;22480;6;16;6,78;1,03;13,48;4,24;3,48;4,87;2,48
11/01/2017;30;VACA;27140;5;15;6,82;1,03;12,55;3,55;3,38;4,81;2,32
12/01/2017;21;VACA;26220;3;15;6,8;1,03;12,6;3,71;3,24;4,81;2,36
12/01/2017;24;VACA;24500;5,3;15;6,83;1,03;12,34;3,38;3,27;4,9;2,37
12/01/2017;29;VACA;15500;3,8;14;6,86;1,03;12,52;3,67;3,29;4,67;2,4
12/01/2017;29;VACA;3900;5;14;6,86;1,03;12,23;3,48;3,28;4,64;2,37
12/01/2017;26;VACA;6720;4,1;14;6,85;1,03;12,23;3,32;3,28;4,84;2,36
12/01/2017;32;VACA;19780;5,5;15;6,79;1,03;12,22;3,46;3,16;4,79;2,26
12/01/2017;25;VACA;21980;5,6;15;6,79;1,03;13,06;3,94;3,43;4,89;2,47
13/01/2017;21;VACA;27100;4;15;6,78;1,03;12,9;3,84;3,35;4,89;2,42
13/01/2017;22;VACA;26320;4,9;15;6,83;1,03;12,77;3,71;3,3;4,99;2,39
13/01/2017;35;VACA;14280;4,8;15;6,82;1,03;12,7;3,83;3,3;4,82;2,38
13/01/2017;35;VACA;7080;4,9;15;6,83;1,03;12,55;3,58;3,42;4,85;2,44
13/01/2017;30;VACA;20100;3,7;14;6,85;1,03;12,58;3,67;3,31;4,76;2,3
13/01/2017;32;VACA;24660;4;15;6,8;1,03;12,85;3,77;3,34;4,97;2,41
13/01/2017;29;VACA;16560;3,8;14;6,85;1,03;12,44;3,7;3,21;4,66;2,27
13/01/2017;29;VACA;3960;5;14;6,85;1,03;12,56;3,64;3,34;4,77;2,42
13/01/2017;26;VACA;6820;4,3;15;6,82;1,03;12,16;3,21;3,27;4,85;2,35
13/01/2017;24;VACA;14400;6,3;14;6,86;1,03;12,29;3,65;3,09;4,71;2,2
13/01/2017;24;VACA;3280;5,2;15;6,82;1,03;12,42;3,26;3,39;4,94;2,44
13/01/2017;25;VACA;23120;6;15;6,8;1,03;13,44;4,22;3,47;4,89;2,51
14/01/2017;21;VACA;26340;3,6;15;6,83;1,03;12,53;3,54;3,29;4,95;2,37
14/01/2017;22;VACA;24500;5,6;15;6,84;1,03;12,9;3,67;3,25;4,81;2,64
14/01/2017;29;VACA;17520;4;15;6,83;1,03;12,55;3,75;3,17;4,75;2,24
14/01/2017;29;VACA;4660;5,2;15;6,82;1,03;13,09;4,53;3,15;4,51;2,19
14/01/2017;26;VACA;6780;4;16;6,8;1,03;12,32;3,41;3,27;4,78;2,3
14/01/2017;32;VACA;19020;5;15;6,77;1,03;12,24;3,48;3,13;4,81;2,2
14/01/2017;25;VACA;22300;4,6;15;6,82;1,03;13,17;3,98;3,44;4,95;2,51
15/01/2017;35;VACA;14060;5;15;6,82;1,03;12,71;3,88;3,27;4,78;2,32
15/01/2017;35;VACA;8160;4,2;15;6,84;1,03;12,78;3,8;3,39;4,58;2,32
15/01/2017;21;VACA;26720;3,1;15;6,81;1,03;12,94;3,87;3,35;4,9;2,42
15/01/2017;24;VACA;11780;7;15;6,84;1,03;12,36;3,46;3,28;4,82;2,33
15/01/2017;24;VACA;6140;3,8;15;6,82;1,03;12,71;3,57;3,38;4,94;2,42
15/01/2017;26;VACA;6800;4,9;16;6,82;1,03;12,52;3,51;3,34;4,82;2,39
15/01/2017;29;VACA;14120;3,2;14;6,87;1,03;12,44;3,69;3,19;4,71;2,27
15/01/2017;29;VACA;5660;3,5;14;6,86;1,03;12,69;3,81;3,29;4,71;2,37
15/01/2017;32;VACA;24840;3,7;15;6,86;1,03;12,88;3,78;3,37;4,96;2,43
15/01/2017;30;VACA;25840;3,5;14;6,88;1,03;12,29;3,25;3,38;4,87;2,36
15/01/2017;25;VACA;22100;7,1;15;6,83;1,03;13,58;4,31;3,49;4,9;2,51
16/01/2017;21;VACA;26860;4;15;6,84;1,03;12,92;3,83;3,32;4,96;2,45
16/01/2017;22;VACA;22560;5,3;15;6,84;1,03;12,69;3,65;3,32;4,97;2,4
16/01/2017;20;VACA;24660;4,8;15;6,8;1,03;12,68;3,59;3,37;4,95;2,44
16/01/2017;24;VACA;11940;7,4;15;6,82;1,03;12,72;3,82;3,21;4,87;2,34
16/01/2017;24;VACA;3040;7,2;15;6,82;1,03;12,97;3,78;3,42;4,97;2,48
16/01/2017;26;VACA;6720;4,2;15;6,83;1,03;12,45;3,43;3,36;4,84;2,37
16/01/2017;32;VACA;18880;5,5;15;6,82;1,03;12,24;3,46;3,16;4,81;2,26
16/01/2017;25;VACA;21800;6;15;6,82;1,03;13,17;3,96;3,46;4,95;2,5
17/01/2017;21;VACA;19580;2,6;15;6,84;1,03;12,63;3,69;3,32;4,79;2,34
17/01/2017;20;VACA;24540;5,5;15;6,84;1,03;12,75;3,69;3,41;4,86;2,43
17/01/2017;22;VACA;24500;2,6;15;6,84;1,03;12,81;3,72;3,31;5;2,43
17/01/2017;26;VACA;6980;4;15;6,82;1,03;12,52;3,5;3,33;4,88;2,36
17/01/2017;32;VACA;25240;3,2;15;6,82;1,03;12,72;3,67;3,37;4,91;2,43
17/01/2017;25;VACA;22580;6,5;15;6,82;1,03;13,5;4,28;3,47;4,91;2,53
18/01/2017;21;VACA;26200;3,5;15;6,81;1,03;12,37;3,61;3,21;4,77;2,3
18/01/2017;22;VACA;27760;5,3;15;6,83;1,03;12,7;3,63;3,33;5,02;2,42
18/01/2017;20;VACA;24680;4,7;14;6,85;1,03;12,71;3,64;3,37;4,96;2,44
18/01/2017;32;VACA;18960;5;15;6,8;1,03;12,22;3,43;3,17;4,85;2,27
18/01/2017;24;VACA;16560;6,3;14;6,85;1,03;12,52;3,7;3,2;4,81;2,28
18/01/2017;24;VACA;6320;5,1;15;6,83;1,03;12,73;3,62;3,37;4,92;2,45
18/01/2017;26;VACA;6600;4;15;6,82;1,03;12,48;3,48;3,34;4,82;2,39
18/01/2017;25;VACA;22100;6;15;6,81;1,03;13,14;3,94;3,46;4,95;2,47
19/01/2017;21;VACA;26860;2,7;15;6,81;1,03;12,86;3,82;3,35;4,92;2,44
19/01/2017;26;VACA;6760;5,8;15;6,8;1,03;12,55;3,57;3,31;4,81;2,37
19/01/2017;32;VACA;25100;4,5;15;6,81;1,03;12,79;3,69;3,42;4,97;2,47
19/01/2017;25;VACA;22220;5,6;15;6,81;1,03;13,48;4,25;3,5;4,92;2,51
20/01/2017;21;VACA;25520;5;15;6,8;1,03;12,7;3,7;3,31;4,9;2,39
20/01/2017;22;VACA;21920;6,7;15;6,8;1,03;12,88;3,8;3,38;4,92;2,43
20/01/2017;20;VACA;25120;4,6;15;6,8;1,03;12,71;3,6;3,39;4,96;2,45
20/01/2017;32;VACA;19120;5;15;6,8;1,03;12,31;3,47;3,2;4,85;2,29
20/01/2017;24;VACA;14880;6,7;15;6,81;1,03;12,57;3,7;3,24;4,87;2,28
20/01/2017;24;VACA;6360;5,5;15;6,8;1,03;12,77;3,68;3,39;4,94;2,43
20/01/2017;26;VACA;6740;3,8;15;6,8;1,03;12,51;3,52;3,32;4,85;2,37
20/01/2017;25;VACA;22560;6,1;15;6,82;1,03;13,14;3,93;3,48;4,97;2,5
21/01/2017;22;VACA;26260;3,3;15;6,82;1,03;12,63;3,52;3,35;5;2,42
21/01/2017;21;VACA;26720;5,4;15;6,82;1,03;12,84;3,76;3,37;4,95;2,45
21/01/2017;20;VACA;24180;5;15;8,2;1,03;12,93;3,83;3,44;4,91;2,47
21/01/2017;24;VACA;14920;5,8;15;6,84;1,03;12,96;4,07;3,25;4,81;2,32
21/01/2017;26;VACA;7040;5,4;15;6,81;1,03;12,5;3,55;3,25;4,83;2,31
21/01/2017;32;VACA;24420;5;15;6,81;1,03;12,8;3,73;3,38;4,94;2,38
21/01/2017;25;VACA;22420;5,3;15;6,83;1,03;13,54;4,3;3,48;4,93;2,49
22/01/2017;21;VACA;26760;3,9;15;6,81;1,03;12,92;3,78;3,34;4,97;2,44
22/01/2017;22;VACA;24340;5,4;15;6,83;1,03;12,89;3,84;3,3;4,98;2,39
22/01/2017;26;VACA;7220;4;15;6,82;1,03;12,29;3,36;3,24;4,87;2,32
22/01/2017;32;VACA;19200;4;15;6,8;1,03;12,3;3,47;3,18;4,81;2,27
22/01/2017;25;VACA;22200;3,8;15;6,82;1,03;13,06;3,84;3,46;4,98;2,49
23/01/2017;21;VACA;26980;3,3;15;6,82;1,03;12,87;3,8;3,37;4,93;2,43
23/01/2017;22;VACA;24460;5;15;6,82;1,03;12,67;3,57;3,35;4,99;2,4
23/01/2017;23;VACA;23860;5;15;6,82;1,03;12,83;3,76;3,29;5;2,35
23/01/2017;24;VACA;17000;6;15;6,82;1,03;12,59;3,76;3,21;4,83;2,32
23/01/2017;24;VACA;6300;5;15;6,82;1,03;12,67;3,58;3,39;4,9;2,4
23/01/2017;26;VACA;6440;4;15;6,82;1,03;12,26;3,46;3,17;4,82;2,23
23/01/2017;32;VACA;25060;5;15;6,8;1,03;12,83;3,74;3,41;4,93;2,47
23/01/2017;29;VACA;16400;3,8;15;6,82;1,03;12,6;3,79;3,4;4,63;2,43
23/01/2017;29;VACA;5620;4,7;15;6,82;1,03;12,65;3,87;3,28;4,72;2,34
23/01/2017;25;VACA;23140;4,7;15;6,81;1,03;13,39;4,2;3,49;4,91;2,53
24/01/2017;18;VACA;24760;5;15;6,8;1,03;11,71;2,26;3,6;5,17;2,64
24/01/2017;22;VACA;24120;5;15;6,8;1,03;12,69;3,66;3,31;4,96;2,38
24/01/2017;23;VACA;22960;3;15;6,8;1,03;12,73;3,6;3,34;5;2,45
24/01/2017;21;VACA;25560;5;15;6,8;1,03;13,01;3,83;3,37;5,01;2,48
24/01/2017;32;VACA;19660;6,4;15;6,82;1,03;12,36;3,5;3,19;4,83;2,31
24/01/2017;29;VACA;15000;3,8;15;6,82;1,03;12,63;3,76;3,36;4,77;2,42
24/01/2017;29;VACA;3940;4;15;6,82;1,03;12,99;4,29;3,11;4,76;2,19
24/01/2017;26;VACA;6860;5;15;6,8;1,03;12,34;3,51;3,16;4,82;2,24
24/01/2017;25;VACA;22200;5;15;6,8;1,03;13,07;3,85;3,49;4,99;2,55
25/01/2017;21;VACA;21140;3,6;15;6,81;1,03;13,01;3,89;3,39;4,93;2,48
25/01/2017;24;VACA;16340;5,5;15;6,85;1,03;12,41;3,62;3,17;4,82;2,26
25/01/2017;24;VACA;9480;5,5;15;6,85;1,03;12,39;3,39;3,32;4,92;2,37
25/01/2017;26;VACA;6520;4,5;15;6,8;1,03;12,46;3,56;3,2;4,85;2,32
25/01/2017;32;VACA;25000;4;15;6,8;1,03;12,84;3,75;3,4;4,94;2,42
25/01/2017;25;VACA;23120;5,2;15;6,8;1,03;13,48;4,26;3,48;4,94;2,54
26/01/2017;21;VACA;25960;4,5;15;6,82;1,03;13,09;4,02;3,33;4,9;2,4
26/01/2017;32;VACA;19820;6,7;15;6,81;1,03;12,41;3,54;3,21;4,82;2,26
26/01/2017;25;VACA;22360;5,7;16;6,78;1,03;13,13;3,92;3,46;4,97;2,52
26/01/2017;26;VACA;6740;6;15;6,8;1,03;12,76;3,96;3,17;4,79;2,22
27/01/2017;21;VACA;27380;3;15;6,82;1,03;12,87;3,79;3,37;4,92;2,45
27/01/2017;22;VACA;23080;6;15;6,8;1,03;12,85;3,75;3,34;4,98;2,41
27/01/2017;24;VACA;16960;6;15;6,8;1,03;12,46;3,74;3,17;4,78;2,26
27/01/2017;24;VACA;6440;5;15;6,8;1,03;12,45;3,37;3,36;4,98;2,39
27/01/2017;26;VACA;6840;5;15;6,8;1,03;12,22;3,37;3,22;4,82;2,3
27/01/2017;32;VACA;25220;5,3;15;6,8;1,03;12,85;3,78;3,41;4,93;2,44
27/01/2017;25;VACA;22820;6;14;6,8;1,03;13,5;4,25;3,48;4,94;2,54
28/01/2017;21;VACA;26340;2;15;6,82;1,03;12,8;3,61;3,38;5;2,46
28/01/2017;22;VACA;26580;5;15;6,82;1,03;12,78;3,72;3,32;4,98;2,4
28/01/2017;20;VACA;24180;4,9;15;6,82;1,03;12,64;3,51;3,39;5;2,45
28/01/2017;24;VACA;12560;5;15;6,8;1,03;12,32;3,52;3,17;4,86;2,25
28/01/2017;24;VACA;5920;4;15;6,82;1,03;12,41;3,37;3,37;4,92;2,38
28/01/2017;26;VACA;6000;8;15;6,8;1,03;12,37;3,45;3,23;4,87;2,29
28/01/2017;32;VACA;19740;6;15;6,82;1,03;12,31;3,49;3,18;4,83;2,24
28/01/2017;25;VACA;22560;5;15;6,8;1,03;13,11;3,86;3,47;5;2,52
29/01/2017;21;VACA;27700;3;15;6,82;1,03;12,81;3,72;3,35;4,95;2,42
29/01/2017;22;VACA;24600;5,5;15;6,82;1,03;12,54;3,44;3,33;5,01;2,4
29/01/2017;32;VACA;24800;3,4;15;6,83;1,03;12,84;3,73;3,39;4,97;2,41
29/01/2017;26;VACA;6440;3,9;16;6,82;1,03;12,39;3,44;3,26;4,87;2,32
29/01/2017;25;VACA;22940;4;14;6,82;1,03;13,39;4,18;3,46;4,93;2,48
30/01/2017;22;VACA;25260;2,5;15;6,82;1,03;12,16;3,07;3,35;5,04;2,41
30/01/2017;21;VACA;26440;5,8;15;6,82;1,03;12,91;3,76;3,36;4,97;2,44
30/01/2017;20;VACA;24580;4;15;6,82;1,03;12,68;3,57;3,37;4,97;2,39
30/01/2017;23;VACA;23180;5,8;15;6,82;1,03;13,01;3,92;3,33;4,95;2,39
30/01/2017;24;VACA;13000;7;15;6,8;1,03;12,21;3,46;3,19;4,8;2,24
30/01/2017;24;VACA;6200;5,3;15;6,8;1,03;12,54;3,36;3,43;4,99;2,47
30/01/2017;26;VACA;6260;6;15;6,8;1,03;12,2;3,34;3,23;4,85;2,28
30/01/2017;32;VACA;19980;5,7;15;6,82;1,03;12,29;3,48;3,16;4,86;2,26
30/01/2017;25;VACA;22540;4,8;14;6,82;1,03;13,06;3,87;3,42;5;2,45
30/01/2017;18;VACA;26080;6;15;6,8;1,03;12,62;3,25;3,51;5,1;2,53
30/01/2017;18;VACA;25140;5,4;15;6,8;1,03;12,52;3,15;3,52;5,08;2,5
31/01/2017;20;VACA;19260;5;15;6,82;1,03;12,56;3,49;3,36;4,94;2,43
31/01/2017;22;VACA;24320;5,4;15;6,82;1,03;12,55;3,5;3,3;4,98;2,4
31/01/2017;21;VACA;22400;4;15;6,82;1,03;12,94;3,81;3,38;4,95;2,44
31/01/2017;23;VACA;23520;5;15;6,82;1,03;12,74;3,65;3,31;5,03;2,41
31/01/2017;24;VACA;16260;6;15;6,82;1,03;12,46;3,62;3,2;4,86;2,31
31/01/2017;26;VACA;6340;6;15;6,8;1,03;12,32;3,44;3,19;4,88;2,29
31/01/2017;32;VACA;25000;3;15;6,83;1,03;12,74;3,67;3,38;4,96;2,43
31/01/2017;25;VACA;23400;5;15;6,81;1,03;13,38;4,18;3,45;4,9;2,52
31/01/2017;18;VACA;24880;3,8;15;6,82;1,03;12,76;3,36;3,49;5,07;2,55
01/02/2017;21;VACA;26020;3;15;6,82;1,03;12,9;3,76;3,34;4,96;2,41
01/02/2017;32;VACA;19920;5,6;15;6,82;1,03;12,17;3,38;3,14;4,84;2,23
01/02/2017;26;VACA;6420;4;15;6,8;1,03;12,42;3,55;3,18;4,83;2,21
01/02/2017;25;VACA;8880;3,8;15;6,78;1,03;13,56;4,27;3,46;4,97;2,5
02/02/2017;21;VACA;28380;3,2;15;6,8;1,03;12,69;3,54;3,36;4,97;2,45
02/02/2017;24;VACA;16760;5,7;14;6,8;1,03;12,31;3,59;3,12;4,78;2,19
02/02/2017;24;VACA;7660;6,7;14;6,8;1,03;12,81;3,75;3,34;4,83;2,37
02/02/2017;26;VACA;5820;5;14;6,8;1,03;12,17;3,36;3,16;4,81;2,2
02/02/2017;32;VACA;24900;3;14;6,8;1,03;12,79;3,74;3,33;4,95;2,36
02/02/2017;25;VACA;13860;4;15;6,8;1,03;12,95;3,82;3,37;4,96;2,43
03/02/2017;25;VACA;25160;4,2;15;6,8;1,03;13,08;4,08;3,38;4,78;2,38
03/02/2017;21;VACA;27480;3,6;15;6,78;1,03;12,79;3,73;3,31;4,93;2,41
03/02/2017;22;VACA;25320;5,4;15;6,76;1,03;12,3;3,29;3,3;4,95;2,37
03/02/2017;20;VACA;24520;4,7;15;6,79;1,03;12,5;3,46;3,33;4,92;2,39
03/02/2017;32;VACA;19240;6,4;15;6,78;1,03;12,12;3,4;3,13;4,78;2,23
03/02/2017;26;VACA;7180;4,3;15;6,78;1,03;12,36;3,59;3,17;4,78;2,23
03/02/2017;25;VACA;14620;6,4;15;6,78;1,03;12,98;3,9;3,38;4,9;2,44
04/02/2017;22;VACA;26140;5,4;15;6,82;1,03;12,31;3,26;3,31;4,97;2,37
04/02/2017;21;VACA;28640;3,3;15;6,82;1,03;12,79;3,74;3,35;4,89;2,38
04/02/2017;20;VACA;24640;4;15;6,8;1,03;12,76;3,73;3,37;4,87;2,42
04/02/2017;24;VACA;17020;5,5;15;6,81;1,03;12,36;3,55;3,16;4,86;2,23
04/02/2017;24;VACA;7700;5,2;15;6,82;1,03;12,58;3,58;3,3;4,86;2,32
04/02/2017;26;VACA;5480;4,2;15;6,79;1,03;12,21;3,42;3,19;4,78;2,21
04/02/2017;32;VACA;24860;4;15;6,8;1,03;12,64;3,66;3,31;4,91;2,32
04/02/2017;25;VACA;20600;5,2;15;6,82;1,03;13,25;4,16;3,43;4,83;2,44
05/02/2017;22;VACA;24800;5,2;15;6,82;1,03;12,56;3,57;3,29;4,94;2,35
05/02/2017;21;VACA;26160;3,8;15;6,81;1,03;12,82;3,74;3,34;4,94;2,41
05/02/2017;32;VACA;19440;6,5;15;6,79;1,03;12,08;3,37;3,14;4,79;2,21
05/02/2017;29;VACA;14840;4,8;15;6,86;1,03;12,59;3,85;3,3;4,57;2,33
05/02/2017;29;VACA;8700;4,7;15;6,85;1,03;12,19;3,51;3,2;4,66;2,26
05/02/2017;26;VACA;7220;4,2;15;6,78;1,03;12,55;3,78;3,16;4,75;2,18
05/02/2017;25;VACA;15360;5,8;15;6,82;1,03;12,93;3,88;3,38;4,89;2,42
06/02/2017;21;VACA;28680;3;15;6,81;1,03;12,86;3,82;3,33;4,91;2,4
06/02/2017;20;VACA;24760;5,2;15;6,84;1,03;12,69;3,69;3,37;4,89;2,42
06/02/2017;22;VACA;25120;5,5;15;6,82;1,03;12,66;3,66;3,28;4,97;2,36
06/02/2017;23;VACA;26200;5,3;15;6,82;1,03;12,58;3,55;3,28;5;2,35
06/02/2017;32;VACA;25260;4;15;76;1,03;12,59;3,65;3,28;4,91;2,33
06/02/2017;24;VACA;13940;4,7;15;6,82;1,03;12,3;3,67;3,13;4,71;2,18
06/02/2017;24;VACA;6260;4,6;15;6,83;1,03;12,51;3,43;3,34;4,94;2,36
06/02/2017;26;VACA;6500;4,1;15;6,8;1,03;12,19;3,39;3,19;4,79;2,21
06/02/2017;29;VACA;15560;4,3;15;6,85;1,03;12,65;3,86;3,29;4,59;2,33
06/02/2017;29;VACA;8080;7;15;6,85;1,03;12,19;3,43;3,18;4,83;2,24
06/02/2017;25;VACA;26160;4,8;15;6,8;1,03;13,26;4,15;3,4;4,87;2,44
07/02/2017;20;VACA;25580;4,9;14;6,86;1,03;12,6;3,59;3,34;4,94;2,41
07/02/2017;21;VACA;26920;3;15;6,81;1,03;12,91;3,81;3,32;4,94;2,42
07/02/2017;22;VACA;24700;5,6;15;6,8;1,03;12,67;3,68;3,27;4,94;2,36
07/02/2017;23;VACA;23360;6,4;15;6,79;1,03;12,79;3,78;3,27;4,92;2,36
07/02/2017;1;VACA;25120;6;15;6,77;1,03;11,93;3,31;3,12;4,75;2,21
07/02/2017;1;VACA;24940;5;15;6,79;1,03;12,44;3,47;3,24;4,96;2,36
07/02/2017;24;VACA;16920;5,6;15;6,78;1,03;12,54;3,6;3,27;4,85;2,3
07/02/2017;26;VACA;6640;5;15;6,8;1,03;12,09;3,32;3,17;4,79;2,2
07/02/2017;1;VACA;25020;6,4;15;6,8;1,03;12,47;3,47;3,24;4,96;2,36
07/02/2017;32;VACA;19740;6,7;15;6,77;1,03;12,13;3,39;3,13;4,8;2,22
07/02/2017;25;VACA;27440;4;15;6,8;1,03;12,81;3,75;3,36;4,94;2,43
08/02/2017;21;VACA;22900;3,6;15;6,81;1,03;12,84;3,76;3,34;4,94;2,42
08/02/2017;32;VACA;25500;3;15;6,81;1,03;12,51;3,6;3,28;4,89;2,37
08/02/2017;26;VACA;6640;4,5;15;6,82;1,03;12,23;3,41;3,18;4,79;2,24
08/02/2017;25;VACA;20460;5,4;15;6,81;1,03;13,35;4,22;3,42;4,87;2,43
09/02/2017;21;VACA;26740;3;15;6,82;1,03;12,72;3,65;3,31;4,94;2,39
09/02/2017;22;VACA;22660;5;15;6,82;1,03;12,58;3,6;3,25;4,94;2,31
09/02/2017;24;VACA;16620;5;15;6,84;1,03;12,33;3,61;3,12;4,79;2,2
09/02/2017;24;VACA;7760;4,8;15;6,82;1,03;12,33;3,38;3,23;4,92;2,27
09/02/2017;26;VACA;5620;3,8;15;6,82;1,03;12,17;3,43;3,1;4,77;2,17
09/02/2017;1;VACA;25020;5,4;15;6,81;1,03;12,26;3,29;3,23;4,97;2,37
09/02/2017;1;VACA;24940;5,6;15;6,81;1,03;12,32;3,35;3,23;4,98;2,35
09/02/2017;32;VACA;19500;5,6;15;6,8;1,03;11,47;3,2;2,96;4,51;1,98
09/02/2017;1;VACA;25400;5,7;15;6,82;1,03;12,41;3,42;3,19;5,01;2,31
09/02/2017;25;VACA;22600;5,8;15;6,82;1,03;12,87;3,79;3,37;4,95;2,42
10/02/2017;21;VACA;28860;3,5;15;6,82;1,03;12,74;3,69;3,35;4,91;2,38
10/02/2017;22;VACA;26840;5,2;15;6,82;1,03;12,42;3,4;3,29;4,99;2,33
10/02/2017;32;VACA;25580;2,8;15;6,82;1,03;12,6;3,62;3,32;4,91;2,38
10/02/2017;26;VACA;6660;4,2;14;6,85;1,03;12,26;3,54;3,09;4,75;2,19
10/02/2017;25;VACA;22880;6;14;6,8;1,03;13,33;4,21;3,43;4,87;2,45
11/02/2017;22;VACA;24700;5,8;15;6,82;1,03;12,55;3,56;3,28;4,95;2,35
11/02/2017;21;VACA;27400;3,6;15;6,82;1,03;12,8;3,72;3,31;4,93;2,39
11/02/2017;29;VACA;16700;3,6;14;6,84;1,03;12,37;3,64;3,36;4,55;2,38
11/02/2017;29;VACA;7240;5;14;6,84;1,03;12,39;3,67;3,21;4,71;2,26
11/02/2017;24;VACA;16980;6,3;15;6,83;1,03;12,19;3,52;3,15;4,77;2,23
11/02/2017;24;VACA;6420;3,9;15;6,8;1,03;12,47;3,43;3,32;4,97;2,39
11/02/2017;26;VACA;5700;4;15;6,81;1,03;12,3;3,52;3,12;4,78;2,21
11/02/2017;32;VACA;19400;6;15;6,8;1,03;12,22;3,47;3,15;4,78;2,22
11/02/2017;25;VACA;23140;5,3;15;6,8;1,03;12,9;3,76;3,4;4,97;2,42
12/02/2017;22;VACA;25000;5,5;15;6,78;1,03;12,5;3,48;3,29;4,99;2,37
12/02/2017;21;VACA;29280;3,3;16;6,76;1,03;12,82;3,72;3,36;4,94;2,43
12/02/2017;1;VACA;24900;5,7;15;6,8;1,03;12,51;3,55;3,25;4,95;2,35
12/02/2017;1;VACA;24940;5,5;15;6,82;1,03;11,93;3,25;3,16;4,79;2,21
12/02/2017;29;VACA;17000;4,9;15;6,83;1,03;12,58;3,83;3,46;4,41;2,39
12/02/2017;29;VACA;4780;8,5;15;6,8;1,03;12,55;3,78;3,3;4,64;2,34
12/02/2017;32;VACA;25460;3,8;15;6,81;1,03;12,58;3,65;3,3;4,88;2,35
12/02/2017;26;VACA;6480;4;15;6,79;1,03;12,34;3,59;3,14;4,77;2,21
12/02/2017;25;VACA;23380;6,2;15;6,82;1,03;13,31;4,16;3,44;4,88;2,44
13/02/2017;21;VACA;25340;2;15;6,84;1,03;12,7;3,64;3,33;4,92;2,41
13/02/2017;1;VACA;25120;5,5;15;6,84;1,03;12,68;3,84;3,22;4,87;2,31
13/02/2017;1;VACA;24920;5,5;15;6,84;1,03;12,78;3,93;3,21;4,86;2,3
13/02/2017;1;VACA;25000;5,4;15;6,8;1,03;12,48;3,56;3,22;4,95;2,33
13/02/2017;24;VACA;14860;5,6;15;6,78;1,03;12,29;3,64;3,13;4,71;2,17
13/02/2017;24;VACA;6400;4,2;15;6,82;1,03;12,42;3,42;3,29;4,96;2,36
13/02/2017;26;VACA;6280;4,5;15;6,82;1,03;12,03;3,28;3,17;4,81;2,21
13/02/2017;32;VACA;19800;7,3;15;6,82;1,03;12,11;3,33;3,16;4,81;2,22
13/02/2017;25;VACA;24220;5,7;15;6,81;1,03;12,68;3,76;3,34;4,79;2,33
13/02/2017;29;VACA;17460;4,1;15;6,84;1,03;12,62;3,88;3,39;4,46;2,36
13/02/2017;29;VACA;5660;7,3;14;6,86;1,03;12,53;3,77;3,22;4,73;2,29
14/02/2017;21;VACA;23460;3,2;15;6,84;1,03;12,54;3,5;3,36;4,91;2,42
14/02/2017;22;VACA;23240;5,7;15;6,84;1,03;12,7;3,68;3,3;4,98;2,36
14/02/2017;1;VACA;25340;5,2;15;6,82;1,03;12,35;3,39;3,27;4,96;2,41
14/02/2017;1;VACA;25420;5,6;15;6,8;1,03;12,46;3,51;3,27;4,94;2,39
14/02/2017;32;VACA;25800;3;15;6,84;1,03;12,63;3,64;3,34;4,95;2,39
14/02/2017;26;VACA;6980;4,2;15;6,8;1,03;11,96;3,18;3,15;4,78;2,24
14/02/2017;1;VACA;27680;6,9;15;6,78;1,03;12,26;3,36;3,21;4,93;2,32
14/02/2017;25;VACA;22060;6,3;15;6,84;1,03;13,38;4,26;3,45;4,86;2,48
15/02/2017;21;VACA;28500;3,8;15;6,84;1,03;12,63;3,5;3,32;4,99;2,42
15/02/2017;24;VACA;16980;5;15;6,84;1,03;12,24;3,56;3,1;4,76;2,17
15/02/2017;24;VACA;7760;5;15;6,84;1,03;12,02;3,29;3,13;4,79;2,16
15/02/2017;26;VACA;5580;4;15;6,85;1,03;12,44;3,45;3,27;4,95;2,31
15/02/2017;32;VACA;20520;6,6;15;6,81;1,03;12,14;3,37;3,16;4,82;2,22
15/02/2017;25;VACA;23220;6;15;6,82;1,03;13,01;3,88;3,39;4,92;2,44
16/02/2017;21;VACA;29940;3,2;15;6,83;1,03;12,69;3,64;3,33;4,91;2,43
16/02/2017;1;VACA;25380;5,8;15;6,82;1,03;12,47;3,48;3,25;5;2,38
16/02/2017;32;VACA;25900;3,2;15;6,82;1,03;12,57;3,63;3,29;4,92;2,37
16/02/2017;26;VACA;7060;4,4;15;6,83;1,03;12,28;3,47;3,15;4,81;2,24
16/02/2017;25;VACA;23620;6;15;6,83;1,03;13,27;4,16;3,43;4,88;2,45
17/02/2017;21;VACA;26860;3,2;14;6,85;1,03;12,67;3,61;3,32;4,93;2,4
17/02/2017;22;VACA;25360;5,5;15;6,82;1,03;12,54;3,61;3,25;4,92;2,33
17/02/2017;24;VACA;16780;4,8;15;6,84;1,03;12,18;3,58;3,09;4,7;2,18
17/02/2017;24;VACA;7700;4,5;15;6,84;1,03;12,7;3,74;3,23;4,94;2,27
17/02/2017;26;VACA;5320;4,2;15;6,81;1,03;12,19;3,42;3,16;4,77;2,18
17/02/2017;32;VACA;20380;5,8;15;6,85;1,03;12,13;3,39;3,14;4,77;2,19
17/02/2017;25;VACA;23780;5,8;15;6,81;1,03;12,89;3,82;3,58;4,78;2,4
18/02/2017;22;VACA;26660;5,5;15;6,84;1,03;12,61;3,6;3,27;4,95;2,32
18/02/2017;21;VACA;29640;3,3;15;6,84;1,03;12,73;3,68;3,33;4,88;2,39
18/02/2017;32;VACA;25560;3;15;6,8;1,03;12,64;3,66;3,3;4,94;2,32
18/02/2017;1;VACA;27940;6;15;6,83;1,03;12,29;3,34;3,22;4,94;2,3
18/02/2017;25;VACA;22980;6,7;15;6,83;1,03;13,35;4,2;3,42;4,87;2,44
18/02/2017;26;VACA;7720;4,6;16;6,81;1,03;12,55;3,81;3,12;4,75;2,16
18/02/2017;21;VACA;26880;3;16;6,78;1,03;12,8;3,75;3,28;4,95;2,3
19/02/2017;24;VACA;17000;4,5;15;6,83;1,03;12,56;3,82;3,18;4,7;2,22
19/02/2017;24;VACA;7580;4;15;6,8;1,03;13,14;4,14;3,27;4,88;2,32
19/02/2017;26;VACA;5680;4;15;6,8;1,03;12,5;3,81;3,1;4,69;2,16
19/02/2017;32;VACA;20320;6,8;15;6,84;1,03;12,17;3,39;3,16;4,78;2,2
19/02/2017;29;VACA;5920;5,1;15;6,81;1,03;12,22;3,44;3,22;4,76;2,29
19/02/2017;29;VACA;17740;5,2;15;6,82;1,03;12,49;3,84;3,47;4,21;2,42
19/02/2017;25;VACA;23320;5;15;6,77;1,03;12,86;3,78;3,38;4,9;2,41
19/02/2017;1;VACA;25460;6,2;15;6,82;1,03;12,34;3,38;3,22;4,95;2,34
20/02/2017;21;VACA;30000;5,8;15;6,85;1,03;12,82;3,77;3,33;4,91;2,42
20/02/2017;22;VACA;22640;2,4;15;6,83;1,03;12,59;3,61;3,26;4,94;2,34
20/02/2017;32;VACA;26200;3;15;6,84;1,03;12,54;3,6;3,29;4,91;2,34
20/02/2017;1;VACA;27860;6,6;15;6,81;1,03;12,3;3,38;3,21;4,93;2,31
20/02/2017;25;VACA;23340;6;15;6,83;1,03;13,33;4,2;3,42;4,87;2,5
20/02/2017;26;VACA;7120;4,6;15;6,82;1,03;12,39;3,59;3,15;4,8;2,22
20/02/2017;18;VACA;25940;3,8;15;6,83;1,03;12,56;3,3;3,45;5,05;2,51
20/02/2017;18;VACA;25380;4,6;15;6,82;1,03;12,34;3,3;3,4;4,9;2,42
20/02/2017;18;VACA;24320;5,5;15;6,8;1,03;12,64;3,4;3,44;5,08;2,51
21/02/2017;21;VACA;27780;4;15;6,82;1,03;12,24;3,49;3,21;4,75;2,25
21/02/2017;23;VACA;26080;6;15;6,8;1,03;12,6;3,63;3,27;4,92;2,35
21/02/2017;22;VACA;26100;5,5;15;6,82;1,03;12,68;3,67;3,28;4,97;2,34
21/02/2017;18;VACA;24640;4,4;15;6,84;1,03;12,65;3,41;3,44;5,01;2,47
21/02/2017;24;VACA;16900;5,1;14;6,84;1,03;12,18;3,6;3,07;4,7;2,18
21/02/2017;24;VACA;7880;4,5;15;6,82;1,03;12,5;3,56;3,23;4,92;2,33
21/02/2017;26;VACA;5480;4;15;6,82;1,03;12,04;3,37;3,11;4,75;2,18
21/02/2017;32;VACA;20920;6;15;6,83;1,03;12,11;3,34;3,14;4,78;2,25
21/02/2017;25;VACA;14660;4;15;6,8;1,03;12,58;3,55;3,34;4,93;2,38
21/02/2017;18;VACA;24980;6;15;6,82;1,03;12,68;3,41;3,44;5,08;2,48
21/02/2017;18;VACA;25520;6;15;6,82;1,03;12,75;3,51;3,41;5,02;2,45
21/02/2017;25;VACA;9020;4;15;6,8;1,03;;;;;
22/02/2017;21;VACA;24420;4,6;15;6,82;1,03;12,8;3,78;3,33;4,88;2,41
22/02/2017;32;VACA;25880;3,2;15;6,84;1,03;12,6;3,61;3,33;4,91;2,36
22/02/2017;26;VACA;6860;4,5;15;6,79;1,03;12,19;3,54;3,13;4,76;2,18
22/02/2017;25;VACA;23360;6;15;6,77;1,03;13,25;4,17;3,4;4,84;2,43
23/02/2017;21;VACA;27240;3,8;15;6,84;1,03;12,71;3,67;3,29;4,94;2,34
23/02/2017;22;VACA;23420;5,7;15;6,84;1,03;12,59;3,62;3,23;4,94;2,3
23/02/2017;24;VACA;17000;5;15;6,8;1,03;12,19;3,59;3,08;4,71;2,15
23/02/2017;24;VACA;7820;5;15;6,85;1,03;12,53;3,61;3,22;4,84;2,28
23/02/2017;26;VACA;5440;4,5;15;6,84;1,03;12,11;3,41;3,08;4,73;2,19
23/02/2017;29;VACA;15760;4,3;14;6,84;1,03;12,69;4,07;3,47;4,09;2,45
23/02/2017;29;VACA;8300;6;14;6,84;1,03;12,36;3,59;3,21;4,73;2,27
23/02/2017;32;VACA;20680;5,4;15;6,8;1,03;12,16;3,38;3,14;4,81;2,22
23/02/2017;25;VACA;24380;6,2;15;6,83;1,03;12,85;3,76;3,35;4,92;2,39
24/02/2017;22;VACA;26400;5,3;15;6,83;1,03;12,03;3,32;3,15;4,81;2,17
24/02/2017;21;VACA;30200;4;15;6,82;1,03;12,68;3,65;3,31;4,9;2,35
24/02/2017;26;VACA;7200;4,3;15;6,83;1,03;12,17;3,42;3,11;4,78;2,2
24/02/2017;32;VACA;26140;2,5;15;6,84;1,03;12,59;3,61;3,33;4,91;2,37
24/02/2017;1;VACA;28080;6;15;6,82;1,03;12,19;3,32;3,2;4,9;2,26
24/02/2017;25;VACA;23220;4;15;6,81;1,03;13,21;4,12;3,42;4,87;2,43
25/02/2017;22;VACA;24680;5,2;15;6,83;1,03;12,52;3,56;3,26;4,96;2,32
25/02/2017;21;VACA;27380;4,1;15;6,83;1,03;12,65;3,63;3,3;4,94;2,4
25/02/2017;24;VACA;16900;6,2;15;6,84;1,03;12,26;3,6;3,11;4,77;2,16
25/02/2017;24;VACA;7700;4,2;15;6,84;1,03;12,51;3,56;3,22;4,9;2,28
25/02/2017;26;VACA;5660;4;15;6,81;1,03;12,27;3,52;3,16;4,71;2,22
25/02/2017;32;VACA;20280;4;15;6,8;1,03;12,1;3,33;3,14;4,8;2,23
25/02/2017;25;VACA;23300;6;15;6,82;1,03;12,64;3,71;3,3;4,85;2,34
26/02/2017;21;VACA;30320;4;15;6,8;1,03;12,78;3,69;3,35;4,94;2,39
26/02/2017;22;VACA;24620;5,6;15;6,83;1,03;12,41;3,46;3,27;4,96;2,32
26/02/2017;23;VACA;25640;6;15;6,83;1,03;12,5;3,52;3,25;4,99;2,32
26/02/2017;29;VACA;16840;4,2;15;6,81;1,03;13,02;4,29;3,63;4,08;2,51
26/02/2017;29;VACA;6640;6;15;6,83;1,03;12,16;3,39;3,22;4,8;2,3
26/02/2017;32;VACA;26220;4;15;6,79;1,03;12,62;3,63;3,34;4,91;2,36
26/02/2017;1;VACA;28000;6,5;15;6,8;1,03;12,2;3,3;3,19;4,94;2,26
26/02/2017;26;VACA;7320;4,7;15;6,81;1,03;12,56;3,79;3,14;4,71;2,19
26/02/2017;25;VACA;23860;6;15;6,83;1,03;13,28;4,15;3,42;4,88;2,44
27/02/2017;21;VACA;27680;3;15;6,83;1,03;12,71;3,66;3,3;4,95;2,38
27/02/2017;22;VACA;25280;5;15;6,82;1,03;12,35;3,36;3,29;5;2,31
27/02/2017;23;VACA;25200;5,5;15;6,83;1,03;12,6;3,69;3,23;4,9;2,3
27/02/2017;1;VACA;24860;6;15;6,82;1,03;12,35;3,38;3,24;4,96;2,34
27/02/2017;1;VACA;25400;6;15;6,84;1,03;12,52;3,54;3,26;4,97;2,36
27/02/2017;24;VACA;16600;4,6;15;6,84;1,03;12,09;3,55;3,12;4,6;2,13
27/02/2017;24;VACA;7760;4;15;6,81;1,03;12,4;3,46;3,21;4,94;2,27
27/02/2017;26;VACA;5700;4;15;6,82;1,03;12,21;3,47;3,14;4,71;2,2
27/02/2017;32;VACA;20440;6,3;15;6,82;1,03;12,16;3,39;3,15;4,81;2,23
27/02/2017;1;VACA;25120;6;15;6,81;1,03;12,23;3,41;3,2;4,88;2,24
27/02/2017;25;VACA;24200;4,8;15;6,82;1,03;12,91;3,85;3,35;4,91;2,39
28/02/2017;23;VACA;24000;5,7;15;6,8;1,03;12,39;3,43;3,23;4,99;2,3
28/02/2017;21;VACA;24400;3,9;16;6,76;1,03;12,64;3,67;3,3;4,85;2,36
28/02/2017;1;VACA;24980;6;15;6,79;1,03;12,46;3,49;3,22;4,97;2,32
28/02/2017;1;VACA;25020;6,1;15;6,81;1,03;12,42;3,49;3,22;4,97;2,32
28/02/2017;32;VACA;26580;5;15;6,82;1,03;12,6;3,61;3,34;4,95;2,38
28/02/2017;26;VACA;7700;4,3;15;6,82;1,03;12,27;3,49;3,18;4,75;2,23
28/02/2017;1;VACA;27680;4,3;15;6,82;1,03;12,23;3,32;3,19;4,94;2,25
28/02/2017;25;VACA;23700;6,3;15;6,8;1,03;13,28;4,16;3,41;4,87;2,46
28/02/2017;21;VACA;26620;3,5;15;6,82;1,03;12,08;3,41;3,2;4,68;2,21
28/02/2017;18;VACA;25140;4;15;6,82;1,03;12,13;3,06;3,41;4,94;2,38
01/03/2017;24;VACA;16720;5;15;6,84;1,03;12,36;3,66;3,09;4,79;2,16
01/03/2017;24;VACA;7780;5,3;15;6,84;1,03;12,73;3,85;3,17;4,87;2,22
01/03/2017;26;VACA;5440;4;15;6,82;1,03;12,21;3,48;3,15;4,71;2,16
01/03/2017;32;VACA;20800;6;15;6,82;1,03;12,15;3,38;3,15;4,84;2,24
01/03/2017;25;VACA;23940;4,8;15;6,8;1,03;12,92;3,84;3,34;4,93;2,37
02/03/2017;21;VACA;30120;3,4;15;6,83;1,03;12,59;3,53;3,32;4,95;2,37
02/03/2017;32;VACA;26680;3;15;6,83;1,03;12,44;3,56;3,28;4,88;2,32
02/03/2017;26;VACA;7980;4,4;15;6,8;1,03;12,33;3,51;3,16;4,77;2,22
02/03/2017;25;VACA;23620;4;15;6,8;1,03;13,27;4,14;3,43;4,89;2,47
03/03/2017;21;VACA;26940;3,1;15;6,8;1,03;12,67;3,64;3,31;4,94;2,39
03/03/2017;24;VACA;16920;5;15;6,82;1,03;12,2;3,54;3,16;4,69;2,18
03/03/2017;24;VACA;7720;7;15;6,82;1,03;12,18;3,25;3,24;4,93;2,3
03/03/2017;26;VACA;5860;4,6;15;6,82;1,03;12,22;3,47;3,15;4,74;2,22
03/03/2017;32;VACA;20220;5,8;15;6,81;1,03;12,17;3,4;3,14;4,85;2,2
03/03/2017;25;VACA;23500;4;15;6,8;1,03;12,83;3,77;3,34;4,93;2,38
04/03/2017;22;VACA;25660;4;15;6,8;1,03;12,51;3,53;3,27;4,98;2,3
04/03/2017;21;VACA;30160;3,1;15;6,82;1,03;12,66;3,65;3,3;4,93;2,32
04/03/2017;20;VACA;25500;5,5;15;6,82;1,03;12,68;3,65;3,37;4,9;2,39
04/03/2017;23;VACA;28120;5,5;15;6,82;1,03;12,62;3,6;3,27;5,02;2,3
04/03/2017;32;VACA;27140;3,6;14;6,84;1,03;12,52;3,56;3,33;4,95;2,38
04/03/2017;26;VACA;7680;4;15;6,79;1,03;12,56;3,76;3,16;4,73;2,22
04/03/2017;25;VACA;24500;6,2;15;6,8;1,03;13,26;4,14;3,45;4,87;2,47
04/03/2017;1;VACA;25160;5,5;15;6,82;1,03;12,22;3,31;3,22;4,92;2,28
05/03/2017;20;VACA;24500;14,8;15;6,8;1,03;12,55;3,47;3,38;4,95;2,41
05/03/2017;22;VACA;25840;6;15;6,8;1,03;12,31;3,21;3,34;5,04;2,38
05/03/2017;23;VACA;23960;6;15;6,8;1,03;12,69;3,68;3,29;4,94;2,34
05/03/2017;21;VACA;27360;5;15;6,78;1,03;12,76;3,67;3,33;4,96;2,39
05/03/2017;24;VACA;16860;6,3;15;6,81;1,03;12,04;3,46;3,1;4,69;2,15
05/03/2017;26;VACA;5680;8;16;6,79;1,03;12,35;3,57;3,14;4,75;2,2
05/03/2017;24;VACA;7760;4;15;6,83;1,03;12,55;3,52;3,28;4,96;2,34
05/03/2017;29;VACA;16980;5;15;6,8;1,03;12,27;3,49;3,42;4,48;2,38
05/03/2017;29;VACA;7820;5,4;15;6,8;1,03;12,57;3,85;3,19;4,7;2,23
05/03/2017;32;VACA;19520;6;15;6,82;1,03;12,18;3,39;3,18;4,81;2,22
05/03/2017;25;VACA;23040;5;15;6,78;1,03;12,92;3,85;3,35;4,93;2,38
06/03/2017;21;VACA;30120;3;15;6,82;1,03;12,84;3,79;3,33;4,94;2,4
06/03/2017;22;VACA;25180;5,4;15;6,82;1,03;12,63;3,62;3,29;5;2,36
06/03/2017;23;VACA;26980;5,5;15;6,8;1,03;12,39;3,33;3,29;5,06;2,37
06/03/2017;1;VACA;24960;5,8;15;6,77;1,03;12,42;3,44;3,26;4,97;2,35
06/03/2017;26;VACA;7100;6;15;6,8;1,03;12,37;3,53;3,2;4,79;2,25
06/03/2017;1;VACA;24980;5,9;15;6,78;1,03;12,03;3;3,3;5,02;2,37
06/03/2017;32;VACA;27160;3,5;16;6,77;1,03;12,64;3,62;3,34;4,95;2,37
06/03/2017;1;VACA;25220;6,5;15;6,78;1,03;12,08;3,23;3,2;4,9;2,27
06/03/2017;25;VACA;24860;4;15;6,8;1,03;13,22;4,08;3,44;4,9;2,46
06/03/2017;1;VACA;27980;5,2;16;6,8;1,03;12,82;3,94;3,28;4,82;2,36
07/03/2017;21;VACA;27140;3,6;15;6,82;1,03;12,73;3,67;3,33;4,95;2,4
07/03/2017;22;VACA;25460;5,5;15;6,82;1,03;12,61;3,62;3,3;4,98;2,36
07/03/2017;23;VACA;25080;5,5;15;6,82;1,03;12,71;3,72;3,27;4,93;2,35
07/03/2017;18;VACA;25240;5,6;15;6,8;1,03;12,35;3,04;3,52;5,05;2,52
07/03/2017;18;VACA;25400;5,2;15;6,8;1,03;12,6;3,3;3,5;5,08;2,51
07/03/2017;1;VACA;25220;5,6;16;6,78;1,03;12,51;3,5;3,28;4,99;2,38
07/03/2017;1;VACA;25160;5,7;16;6,78;1,03;12,47;3,45;3,29;5,01;2,36
07/03/2017;32;VACA;20000;6,5;16;6,78;1,03;12,24;3,44;3,17;4,83;2,21
07/03/2017;25;VACA;23620;4;15;6,8;1,03;12,81;3,78;3,32;4,93;2,36
07/03/2017;1;VACA;30200;4,5;15;6,81;1,03;12,73;3,76;3,31;4,89;2,32
07/03/2017;26;VACA;10280;5;15;6,81;1,03;12,06;3,32;3,16;4,79;2,14
07/03/2017;24;VACA;28220;5,3;15;6,81;1,03;12,25;3,39;3,22;4,88;2,25
08/03/2017;21;VACA;25180;3,7;15;6,8;1,03;12,74;3,7;3,32;4,9;2,36
08/03/2017;32;VACA;27260;3,8;15;6,8;1,03;12,51;3,52;3,32;4,95;2,33
08/03/2017;26;VACA;4560;4,5;15;6,81;1,03;11,79;3,15;2,99;4,82;2,07
08/03/2017;25;VACA;24620;6,6;15;6,8;1,03;13,24;4,09;3,44;4,91;2,43
08/03/2017;29;VACA;16500;5,7;15;6,84;1,03;12,71;3,93;3,46;4,32;2,39
08/03/2017;29;VACA;8660;5,6;15;6,82;1,03;12,2;3,45;3,21;4,82;2,23
09/03/2017;21;VACA;27680;4,2;15;6,8;1,03;12,75;3,72;3,29;4,93;2,37
09/03/2017;26;VACA;5760;4,3;15;6,82;1,03;11,88;3,26;2,99;4,79;2,08
09/03/2017;24;VACA;17080;6,5;15;6,82;1,03;11,78;3,4;2,98;4,59;1,96
09/03/2017;24;VACA;7940;6,3;15;6,8;1,03;12,06;3,19;3,19;4,91;2,24
09/03/2017;32;VACA;20280;5,8;15;6,78;1,03;12,26;3,46;3,15;4,81;2,17
09/03/2017;25;VACA;24240;6;126;6,8;1,03;12,79;3,75;3,3;4,96;2,37
10/03/2017;21;VACA;30580;3,1;15;6,8;1,03;12,72;3,69;3,31;4,91;2,36
10/03/2017;32;VACA;27300;5;15;6,81;1,03;12,58;3,57;3,31;4,96;2,35
10/03/2017;26;VACA;7480;4,7;16;6,82;1,03;11,87;3,19;3,02;4,83;2,1
10/03/2017;1;VACA;25720;7;15;6,78;1,03;12,18;3,3;3,18;4,88;2,23
10/03/2017;25;VACA;23400;6,2;16;6,8;1,03;13,28;4,14;3,41;4,89;2,4
11/03/2017;21;VACA;27840;4;15;6,8;1,03;12,75;3,69;3,3;4,96;2,39
11/03/2017;22;VACA;25260;5,6;15;6,8;1,03;12,59;3,58;3,27;4,98;2,28
11/03/2017;24;VACA;17000;5,3;15;6,82;1,03;12,06;3,32;3,12;4,61;2,03
11/03/2017;24;VACA;7940;4,3;15;6,79;1,03;12,12;3,15;3,19;4,95;2,25
11/03/2017;26;VACA;5740;4,2;15;6,79;1,03;11,85;3,2;3;4,82;2,1
11/03/2017;32;VACA;19980;5,3;15;6,77;1,03;12,17;3,4;3,12;4,83;2,14
11/03/2017;25;VACA;24200;5,5;15;6,78;1,03;12,68;3,65;3,52;4,81;2,32
12/03/2017;21;VACA;30760;4,7;15;6,82;1,03;12,65;3,6;3,28;4,92;2,29
12/03/2017;29;VACA;16160;4,3;14;6,84;1,03;12,45;3,73;3,42;4,29;2,4
12/03/2017;29;VACA;9840;5,7;14;6,85;1,03;12,32;3,58;3,22;4,72;2,26
12/03/2017;32;VACA;27260;3,8;16;6,77;1,03;12,63;3,63;3,3;4,94;2,37
12/03/2017;1;VACA;25300;6,4;15;6,8;1,03;12,14;3,28;3,16;4,87;2,23
12/03/2017;25;VACA;23460;6;15;6,8;1,03;13,24;4,12;3,4;4,88;2,41
12/03/2017;26;VACA;7520;5;16;6,77;1,03;12,05;3,3;3;4,86;2,09
13/03/2017;21;VACA;27900;3,9;15;6,8;1,03;12,74;3,64;3,32;4,99;2,39
13/03/2017;22;VACA;22600;6;15;6,82;1,03;12,66;3,68;3,24;4,97;2,31
13/03/2017;23;VACA;26320;5,8;15;6,82;1,03;12,68;3,73;3,21;4,92;2,29
13/03/2017;24;VACA;16980;5,5;16;6,8;1,03;11,97;3,38;3,06;4,74;2,14
13/03/2017;24;VACA;7840;5;15;6,82;1,03;12,2;3,32;3,19;4,88;2,21
13/03/2017;26;VACA;5760;6;15;6,8;1,03;12,06;3,28;3,07;4,83;2,14
13/03/2017;32;VACA;19560;4;15;6,8;1,03;12,18;3,37;3,15;4,85;2,23
13/03/2017;25;VACA;23760;5;16;6,8;1,03;12,72;3,67;3,33;4,94;2,38
13/03/2017;1;VACA;25840;6,8;15;6,8;1,03;12,72;3,8;3,29;4,84;2,33
14/03/2017;22;VACA;27060;4;16;6,78;1,03;12,72;3,74;3,27;4,91;2,32
14/03/2017;21;VACA;24500;3;15;6,8;1,03;12,77;3,69;3,34;4,92;2,39
14/03/2017;18;VACA;24560;5;15;6,78;1,03;12,71;3,42;3,49;5,05;2,49
14/03/2017;18;VACA;25920;4,4;15;6,8;1,03;12,35;3,24;3,37;4,99;2,39
14/03/2017;23;VACA;25100;5,7;15;6,8;1,03;12,6;3,54;3,28;5,01;2,33
14/03/2017;18;VACA;26060;6;15;6,78;1,03;12,77;3,55;3,48;5,03;2,49
14/03/2017;26;VACA;8000;4,4;16;6,77;1,03;12,1;3,33;3,1;4,85;2,19
14/03/2017;1;VACA;25460;7,3;16;6,75;1,03;12,06;3,23;3,16;4,88;2,26
14/03/2017;25;VACA;23820;6,2;16;6,79;1,03;13,25;4,15;3,41;4,84;2,47
14/03/2017;32;VACA;27180;4;15;6,8;1,03;12,27;3,54;3,2;4,78;2,25
15/03/2017;22;VACA;25000;4;15;6,8;1,03;12,61;3,65;3,26;4,93;2,32
15/03/2017;21;VACA;27020;4;15;6,8;1,03;12,5;3,4;3,3;5,01;2,42
15/03/2017;18;VACA;25180;3;15;6,8;1,03;12,39;3,1;3,5;5,01;2,49
15/03/2017;18;VACA;24620;4;15;6,8;1,03;12,25;3,22;3,33;4,93;2,33
15/03/2017;23;VACA;24740;6;15;6,8;1,03;12,76;3,75;3,28;4,92;2,37
15/03/2017;1;VACA;30500;5,5;15;6,8;1,03;12,75;3,9;3,25;4,79;2,32
15/03/2017;26;VACA;5800;4,5;15;6,78;1,03;11,95;3,25;3,04;4,82;
15/03/2017;24;VACA;17060;4;15;6,8;1,03;12,04;3,46;3,1;4,7;2,14
15/03/2017;24;VACA;7780;5,2;15;6,8;1,03;11,93;2,99;3,22;4,94;2,29
15/03/2017;32;VACA;20680;6,4;15;6,78;1,03;12,14;3,37;3,16;4,82;2,21
15/03/2017;18;VACA;25160;4,6;16;6,75;1,03;12,7;3,46;3,49;5,04;2,49
15/03/2017;29;VACA;16400;5;15;6,79;1,03;12,73;3,93;3,56;4,22;2,51
15/03/2017;29;VACA;6780;6;15;6,78;1,03;12,31;3,57;3,24;4,69;2,29
15/03/2017;25;VACA;24140;6,2;15;6,78;1,03;12,62;3,61;3,32;4,94;2,35
16/03/2017;21;VACA;30600;5,6;15;6,79;1,03;12,53;3,58;3,29;4,91;2,36
16/03/2017;22;VACA;25100;4,3;15;6,79;1,03;12,52;3,58;3,27;4,94;2,34
16/03/2017;1;VACA;30320;5,6;16;6,78;1,03;12,58;3,68;3,28;4,85;2,34
16/03/2017;1;VACA;26060;7,8;16;6,75;1,03;12,97;4,02;3,31;4,86;2,39
16/03/2017;23;VACA;25300;7;15;6,78;1,03;12,44;3,47;3,25;4,97;2,34
16/03/2017;26;VACA;7720;4,6;15;6,82;1,03;11,89;3,16;3,07;4,83;2,19
16/03/2017;32;VACA;27020;4,2;15;6,84;1,03;12,42;3,55;3,22;4,92;2,29
16/03/2017;18;VACA;24860;5;15;6,8;1,03;12,66;3,43;3,48;5,04;2,48
16/03/2017;25;VACA;23640;6;15;6,8;1,03;13,17;4,08;3,4;4,87;2,45
16/03/2017;18;VACA;24680;4,6;15;6,8;1,03;12,11;3,17;3,32;4,91;2,36
16/03/2017;18;VACA;25040;4,4;15;6,81;1,03;12,59;3,36;3,48;4,98;2,48
17/03/2017;22;VACA;24680;5,6;15;6,82;1,03;12,44;3,51;3,25;4,92;2,32
17/03/2017;21;VACA;27380;4,6;15;6,82;1,03;12,59;3,55;3,3;4,96;2,38
17/03/2017;24;VACA;16680;4;15;6,8;1,03;12,34;3,71;3,13;4,72;2,21
17/03/2017;24;VACA;12400;4;15;6,8;1,03;11,84;2,96;3,21;4,91;2,27
17/03/2017;32;VACA;19900;4;16;6,8;1,03;12,01;3,29;3,14;4,82;2,21
17/03/2017;26;VACA;6780;4,3;15;6,8;1,03;12,01;3,32;3,05;4,77;2,12
17/03/2017;25;VACA;23740;5;15;6,81;1,03;12,62;3,6;3,31;4,95;2,39
18/03/2017;22;VACA;25300;6,2;15;6,82;1,03;12,53;3,59;3,25;4,93;2,31
18/03/2017;21;VACA;30140;4,3;15;6,82;1,03;12,6;3,62;3,28;4,9;2,36
18/03/2017;18;VACA;26000;4,9;15;6,82;1,03;12,48;3,22;3,51;5,04;2,5
18/03/2017;32;VACA;27180;4;15;6,8;1,03;12,4;3,52;3,25;4,91;2,27
18/03/2017;1;VACA;25620;6;15;6,82;1,03;12,03;3,18;3,18;4,85;2,24
18/03/2017;26;VACA;6780;6;15;6,8;1,03;12,46;3,73;3,07;4,73;2,12
18/03/2017;25;VACA;23980;5,9;15;6,8;1,03;13,24;4,15;3,38;4,85;2,4
19/03/2017;21;VACA;27580;3;15;6,82;1,03;12,58;3,57;3,26;4,93;2,33
19/03/2017;18;VACA;26200;4,4;16;6,78;1,03;12,5;3,24;3,47;5,02;2,48
19/03/2017;24;VACA;16740;4;15;6,8;1,03;12,45;3,76;3,16;4,72;2,18
19/03/2017;24;VACA;7480;4,2;15;6,82;1,03;12,12;3,16;3,24;4,91;2,27
19/03/2017;26;VACA;5320;4,3;15;6,82;1,03;12,05;3,32;3,1;4,75;2,14
19/03/2017;29;VACA;17480;4;15;6,8;1,03;13,02;4,25;3,47;4,23;2,41
19/03/2017;29;VACA;8820;4;15;6,8;1,03;12,35;3,55;3,23;4,76;2,26
19/03/2017;32;VACA;19620;6;16;6,77;1,03;12,08;3,34;3,14;4,8;2,17
19/03/2017;25;VACA;23240;5,3;16;6,8;1,03;12,71;3,67;3,31;4,91;2,34
20/03/2017;20;VACA;26040;5,6;15;6,82;1,03;12,51;3,59;3,32;4,84;2,38
20/03/2017;22;VACA;23620;6,3;15;6,82;1,03;12,51;3,59;3,24;4,91;2,32
20/03/2017;21;VACA;30580;3,8;15;6,81;1,03;12,52;3,58;3,26;4,91;2,34
20/03/2017;23;VACA;25420;6;16;6,8;1,03;12,43;3,48;3,26;4,96;2,32
20/03/2017;32;VACA;26840;4,4;15;6,8;1,03;12,39;3,5;3,24;4,92;2,32
20/03/2017;1;VACA;25820;4;15;80;1,03;11,99;3,2;3,16;4,83;2,25
20/03/2017;26;VACA;8360;4,8;16;6,78;1,03;12,36;3,61;3,08;4,76;2,16
20/03/2017;25;VACA;23120;5,5;15;6,8;1,03;13,28;4,23;3,36;4,82;2,41
21/03/2017;20;VACA;25820;5;15;6,82;1,03;12,37;3,39;3,32;4,91;2,37
21/03/2017;22;VACA;26700;5,8;15;6,8;1,03;12,5;3,57;3,27;4,94;2,34
21/03/2017;18;VACA;25300;4,8;15;6,8;1,03;12,16;3,15;3,34;4,95;2,33
21/03/2017;21;VACA;27860;4,6;16;6,8;1,03;12,53;3,54;3,28;4,94;2,33
21/03/2017;23;VACA;25420;6;15;6,8;1,03;12,6;3,68;3,25;4,89;2,35
21/03/2017;18;VACA;25100;6;15;6,78;1,03;12,52;3,34;3,46;5,04;2,5
21/03/2017;18;VACA;25100;6,2;16;6,78;1,03;12,35;3,14;3,48;5,06;2,5
21/03/2017;24;VACA;16920;5;15;6,82;1,03;11,99;3,4;3,1;4,73;2,17
21/03/2017;24;VACA;8080;4,6;15;6,81;1,03;12,1;3,18;3,19;4,93;2,28
21/03/2017;26;VACA;5720;4,5;15;6,82;1,03;12;3,28;3,1;4,78;2,17
21/03/2017;32;VACA;19560;6,3;15;6,77;1,03;12,01;3,29;3,13;4,79;2,22
21/03/2017;25;VACA;24280;6,3;16;6,77;1,03;12,66;3,68;3,29;4,92;2,36
22/03/2017;22;VACA;25700;5,5;15;6,83;1,03;12,45;3,51;3,26;4,95;2,32
22/03/2017;20;VACA;25900;5,5;15;6,84;1,03;12,37;3,41;3,24;4,74;2,46
22/03/2017;21;VACA;30780;3,8;15;6,83;1,03;12,55;3,54;3,29;4,96;2,35
22/03/2017;23;VACA;25700;5,8;15;6,8;1,03;12,38;3,45;3,25;4,97;2,3
22/03/2017;18;VACA;26520;6,2;15;6,81;1,03;12,39;3,19;3,44;5,05;2,48
22/03/2017;18;VACA;24700;5,5;15;6,81;1,03;12,59;3,41;3,47;4,98;2,51
22/03/2017;32;VACA;26880;3,8;15;6,8;1,03;12,37;3,48;3,23;4,95;2,3
22/03/2017;26;VACA;7660;4,5;15;6,82;1,03;12,11;3,38;3,11;4,78;2,15
22/03/2017;25;VACA;23600;6;15;6,83;1,03;13,16;4,14;3,33;4,86;2,39
22/03/2017;29;VACA;17700;5;15;6,8;1,03;12,76;4,03;3,44;4,2;2,41
22/03/2017;29;VACA;8780;5,4;15;6,83;1,03;11,93;3,28;3,13;4,76;2,19
22/03/2017;18;VACA;25280;5;15;6,8;1,03;12,56;3,34;3,47;5,02;2,47
23/03/2017;22;VACA;23020;5,6;15;6,81;1,03;12,53;3,59;3,27;4,9;2,32
23/03/2017;20;VACA;25420;4,6;15;6,82;1,03;12,48;3,44;3,35;4,92;2,39
23/03/2017;21;VACA;26820;2,3;15;6,8;1,03;12,58;3,55;3,31;4,96;2,39
23/03/2017;23;VACA;25080;5;15;6,82;1,03;12,67;3,73;3,25;4,91;2,34
23/03/2017;18;VACA;25020;6,3;15;6,81;1,03;12,58;3,36;3,48;5,03;2,51
23/03/2017;24;VACA;17000;4,8;15;6,79;1,03;12,06;3,47;3,08;4,75;2,15
23/03/2017;24;VACA;7840;4,2;15;6,8;1,03;12,05;3,09;3,22;4,99;2,33
23/03/2017;26;VACA;5780;4,2;15;6,81;1,03;12;3,23;3,13;4,81;2,23
23/03/2017;32;VACA;20580;5,1;15;6,8;1,03;12,17;3,39;3,18;4,84;2,24
23/03/2017;25;VACA;23360;5,4;15;6,82;1,03;12,79;3,76;3,29;4,94;2,36
23/03/2017;18;VACA;25140;6;15;6,79;1,03;12,7;3,5;3,48;4,97;2,51
24/03/2017;20;VACA;25660;4,8;15;6,81;1,03;12,62;3,63;3,36;4,88;2,43
24/03/2017;22;VACA;25100;5,2;15;6,82;1,03;12,64;3,62;3,33;4,96;2,39
24/03/2017;21;VACA;30340;3;15;6,8;1,03;12,66;3,63;3,33;4,94;2,39
24/03/2017;23;VACA;25500;5,2;15;6,81;1,03;12,43;3,47;3,27;5;2,33
24/03/2017;32;VACA;27360;3,4;15;6,8;1,03;12,44;3,52;3,26;4,96;2,33
24/03/2017;26;VACA;8180;4,2;15;6,8;1,03;12,43;3,61;3,13;4,79;2,22
24/03/2017;1;VACA;25360;6,3;15;6,81;1,03;12,07;3,2;3,2;4,92;2,31
24/03/2017;25;VACA;23040;6;15;6,8;1,03;13,28;4,18;3,36;4,92;2,4
25/03/2017;20;VACA;24980;4,6;15;6,83;1,03;12,79;3,81;3,32;4,89;2,35
25/03/2017;21;VACA;27460;3,5;15;6,83;1,03;12,72;3,66;3,32;4,97;2,39
25/03/2017;22;VACA;24860;5,5;15;6,84;1,03;13,02;4,06;3,28;4,89;2,31
25/03/2017;18;VACA;25360;4,1;15;6,84;1,03;12,5;3,22;3,51;5,08;2,55
25/03/2017;24;VACA;16960;5,5;15;6,83;1,03;12,12;3,52;3,16;4,69;2,21
25/03/2017;24;VACA;8100;4,3;15;6,82;1,03;12,55;3,6;3,23;4,93;2,29
25/03/2017;26;VACA;5260;4,4;15;6,8;1,03;12,04;3,33;3,09;4,77;2,16
25/03/2017;32;VACA;19680;5,3;15;6,82;1,03;12,21;3,42;3,19;4,84;2,25
25/03/2017;25;VACA;23880;5;15;6,79;1,03;12,83;3,8;3,3;4,96;2,35
26/03/2017;22;VACA;26060;5,7;15;6,85;1,03;12,65;3,66;3,3;4,92;2,33
26/03/2017;21;VACA;30500;3,3;15;6,83;1,03;12,61;3,56;3,34;4,94;2,35
26/03/2017;23;VACA;25780;4;15;6,8;1,03;12,5;3,48;3,3;5;2,32
26/03/2017;26;VACA;7680;4,5;15;6,84;1,03;12,15;3,39;3,1;4,79;2,16
26/03/2017;32;VACA;27060;3;15;6,82;1,03;12,44;3,53;3,25;4,93;2,29
26/03/2017;29;VACA;17300;4,3;15;6,8;1,03;12,56;3,86;3,33;4,43;2,33
26/03/2017;29;VACA;8920;5;15;6,81;1,03;12,13;3,51;3,17;4,71;2,24
26/03/2017;1;VACA;25000;6;15;6,81;1,03;12,14;3,21;3,24;4,88;2,28
26/03/2017;25;VACA;22240;6;15;6,81;1,03;13,22;4,17;3,37;4,84;2,39
27/03/2017;22;VACA;25060;4,8;15;6,84;1,03;12,56;3,59;3,27;4,92;2,29
27/03/2017;21;VACA;26560;4,4;15;6,84;1,03;12,61;3,56;3,31;4,93;2,35
27/03/2017;20;VACA;24820;4,4;15;6,82;1,03;12,35;3,33;3,33;4,91;2,38
27/03/2017;23;VACA;24500;5,6;15;6,82;1,03;12,61;3,6;3,27;4,94;2,35
27/03/2017;24;VACA;16320;4,6;15;6,82;1,03;12,19;3,41;3,15;4,82;2,23
27/03/2017;24;VACA;7660;5,8;15;6,82;1,03;12,14;3,27;3,21;4,86;2,24
27/03/2017;26;VACA;5120;5;15;6,84;1,03;12,1;3,34;3,09;4,77;2,14
27/03/2017;32;VACA;25420;6;15;6,82;1,03;12,16;3,38;3,16;4,86;2,2
27/03/2017;25;VACA;23540;5;16;6,84;1,03;12,72;3,72;3,28;4,95;2,32
27/03/2017;18;VACA;25840;5,2;16;6,83;1,03;12,84;3,51;3,49;5,09;2,52
28/03/2017;22;VACA;25360;4;15;6,83;1,03;12,19;3,14;3,31;4,99;2,36
28/03/2017;21;VACA;24380;5;15;6,83;1,03;12,63;3,6;3,33;4,93;2,38
28/03/2017;32;VACA;23320;3,3;16;6,83;1,03;12,45;3,49;3,25;4,93;2,32
28/03/2017;26;VACA;8000;4,8;15;6,83;1,03;12,27;3,49;3,09;4,78;2,17
28/03/2017;25;VACA;23960;6;16;6,8;1,03;13,12;4,08;3,31;4,88;2,38
28/03/2017;18;VACA;25500;5,4;16;6,8;1,03;12,6;3,32;3,51;5,03;2,5
28/03/2017;18;VACA;25420;4;16;6,84;1,03;12,68;3,42;3,48;5,04;2,51
29/03/2017;21;VACA;27380;2;15;6,83;1,03;12,72;3,66;3,29;4,96;2,39
29/03/2017;24;VACA;14520;4,3;15;6,82;1,03;11,83;3,38;3,04;4,61;2,07
29/03/2017;24;VACA;6220;6;15;6,82;1,03;11,98;3,19;3,17;4,8;2,23
29/03/2017;26;VACA;6340;4,6;15;6,84;1,03;12,07;3,38;3,03;4,72;2,11
29/03/2017;32;VACA;24960;6,6;15;6,81;1,03;12,15;3,41;3,11;4,81;2,17
29/03/2017;25;VACA;23800;6;15;6,8;1,03;12,81;3,79;3,26;4,95;2,33
29/03/2017;29;VACA;17680;4,4;14;6,86;1,03;12,67;3,91;3,44;4,32;2,42
29/03/2017;29;VACA;6800;5;14;6,86;1,03;12,26;3,55;3,25;4,63;2,27
30/03/2017;21;VACA;30480;4;15;6,84;1,03;12,82;3,74;3,33;4,93;2,37
30/03/2017;23;VACA;26080;4;15;6,84;1,03;12,41;3,39;3,26;4,99;2,27
30/03/2017;32;VACA;22560;4,3;15;6,82;1,03;12,38;3,41;3,27;4,98;2,37
30/03/2017;25;VACA;23620;4;15;6,8;1,03;13,02;4,05;3,3;4,82;2,36
30/03/2017;24;VACA;15940;6,5;15;6,82;1,03;12,21;3,42;3,11;4,86;2,19
30/03/2017;26;VACA;6540;5;15;6,82;1,03;12,81;4,15;2,98;4,7;2,09
31/03/2017;21;VACA;27660;4,8;15;6,82;1,03;12,59;3,56;3,3;4,92;2,34
31/03/2017;26;VACA;6220;4,4;15;6,82;1,03;12,07;3,46;3,08;4,73;2,17
31/03/2017;24;VACA;13560;5,4;15;6,84;1,03;12,08;3,36;3,05;4,8;2,11
31/03/2017;24;VACA;6320;4,8;15;6,84;1,03;12,34;3,4;3,2;4,93;2,26
31/03/2017;32;VACA;23500;6,7;16;6,8;1,03;12,13;3,43;3,12;4,8;2,2
31/03/2017;25;VACA;24260;6;16;6,83;1,03;12,55;3,6;3,25;4,92;2,3
31/03/2017;20;VACA;25800;5,5;15;6,84;1,03;12,41;3,46;3,31;4,84;2,34
31/03/2017;22;VACA;25740;5,9;15;6,84;1,03;12,55;3,6;3,25;4,92;2,3
31/03/2017;21;VACA;30480;4,5;15;6,83;1,03;12,68;3,64;3,31;4,91;2,32
01/04/2017;18;VACA;26240;5,7;15;6,82;1,03;13,38;4,26;3,43;4,89;2,41
01/04/2017;26;VACA;6680;4,5;20;6,81;1,03;11,9;3,14;3,03;4,84;2,12
01/04/2017;32;VACA;23460;4;15;6,8;1,03;12,57;3,61;3,27;4,94;2,32
01/04/2017;25;VACA;23120;4,8;20;6,79;1,03;13,12;4,09;3,32;4,87;2,37
02/04/2017;22;VACA;28460;5,3;15;6,82;1,03;12,53;3,56;3,26;4,95;2,35
02/04/2017;20;VACA;26040;5,2;15;6,84;1,03;12,36;3,37;3,26;4,91;2,34
02/04/2017;23;VACA;26640;4,4;15;6,83;1,03;12,65;3,66;3,25;4,92;2,34
02/04/2017;21;VACA;27140;5,5;15;6,83;1,03;12,67;3,6;3,33;4,92;2,38
02/04/2017;24;VACA;16200;5;15;6,84;1,03;12,28;3,57;3,16;4,74;2,21
02/04/2017;24;VACA;6520;4,8;15;6,85;1,03;12,4;3,45;3,21;4,93;2,28
02/04/2017;26;VACA;6180;4,3;15;6,8;1,03;12,04;3,33;3,03;4,78;2,15
02/04/2017;32;VACA;23360;6,4;15;6,8;1,03;12,14;3,44;3,11;4,78;2,18
02/04/2017;25;VACA;24120;6;16;6,82;1,03;12,72;3,73;3,26;4,92;2,33
02/04/2017;29;VACA;27560;4,3;15;6,85;1,03;12,46;3,68;3,36;4,5;2,38
03/04/2017;21;VACA;27240;5;15;6,84;1,03;12,58;3,52;3,32;4,91;2,39
03/04/2017;35;VACA;15300;6;15;6,84;1,03;12,41;3,59;3,26;4,84;2,32
03/04/2017;35;VACA;7880;5;15;6,84;1,03;12,48;3,54;3,41;4,82;2,41
03/04/2017;32;VACA;24080;4,2;15;6,82;1,03;12,51;3,58;3,26;4,9;2,32
03/04/2017;26;VACA;6900;4,4;15;6,84;1,03;12,5;3,75;3,1;4,75;2,18
03/04/2017;25;VACA;23780;6;15;6,82;1,03;12,99;3,98;3,31;4,86;2,37
03/04/2017;30;VACA;25640;4,1;14;6,86;1,03;12,28;3,55;3,14;4,84;2,16
03/04/2017;29;VACA;26440;4;14;6,86;1,03;12,34;3,6;3,28;4,59;2,31
03/04/2017;18;VACA;25720;4,4;15;6,82;1,03;12,57;3,31;3,51;4,99;2,5
03/04/2017;18;VACA;25980;5,2;15;6,83;1,03;12,53;3,25;3,5;5;2,49
03/04/2017;18;VACA;24640;5;15;6,82;1,03;12,24;3,11;3,46;4,98;2,44
04/04/2017;21;VACA;24560;4;15;6,8;1,03;12,64;3,57;3,35;4,9;2,38
04/04/2017;24;VACA;17000;5,1;15;6,82;1,03;12,3;3,52;3,16;4,81;2,24
04/04/2017;24;VACA;7640;4,1;15;6,81;1,03;12,14;3,33;3,15;4,91;2,22
04/04/2017;26;VACA;5800;4;15;6,83;1,03;12,01;3,27;3,13;4,78;2,16
04/04/2017;29;VACA;17340;3,7;14;6,85;1,03;12,39;3,63;3,26;4,63;2,28
04/04/2017;29;VACA;7720;5;14;6,86;1,03;12,11;3,46;3,16;4,73;2,22
04/04/2017;18;VACA;25720;5;15;6,82;1,03;12,06;3,11;3,24;4,98;2,25
04/04/2017;32;VACA;23600;6,4;15;6,81;1,03;12,06;3,39;3,1;4,8;2,16
04/04/2017;18;VACA;25000;4,6;15;6,84;1,03;12,1;3,01;3,29;5,03;2,3
04/04/2017;25;VACA;24560;5,3;15;6,81;1,03;12,58;3,62;3,27;4,93;2,29
04/04/2017;18;VACA;24260;6,2;15;6,8;1,03;12,55;3,28;3,53;5;2,52
04/04/2017;18;VACA;25900;5;15;6,81;1,03;12,63;3,46;3,48;4,9;2,45
04/04/2017;30;VACA;23740;4;14;6,85;1,03;12,24;3,47;3,21;4,81;2,19
05/04/2017;21;VACA;25240;4,1;15;6,82;1,03;12,56;3,51;3,35;4,94;2,4
05/04/2017;35;VACA;14620;5,6;15;6,81;1,03;12,57;3,74;3,31;4,79;2,32
05/04/2017;35;VACA;7980;5,8;15;6,82;1,03;12,55;3,82;3,21;4,8;2,27
05/04/2017;18;VACA;24940;4;15;6,8;1,03;12,27;3,25;3,27;4,98;2,29
05/04/2017;18;VACA;26120;6;16;6,75;1,03;12,56;3,37;3,5;4,96;2,49
05/04/2017;29;VACA;17000;4;15;6,81;1,03;12,18;3,48;3,2;4,64;2,29
05/04/2017;29;VACA;8620;7;14;6,85;1,03;12,02;3,31;3,13;4,85;2,19
05/04/2017;32;VACA;24140;3,1;15;6,81;1,03;12,51;3,59;3,23;4,94;2,28
05/04/2017;26;VACA;7300;4,5;15;6,81;1,03;12,21;3,38;3,11;4,8;2,19
05/04/2017;25;VACA;14740;5;15;6,8;1,03;12,97;3,95;3,34;4,87;2,4
05/04/2017;18;VACA;24840;4;15;6,82;1,03;12,27;3,23;3,29;4,96;2,29
05/04/2017;18;VACA;24680;6,2;16;6,77;1,03;12,55;3,27;3,54;4,96;2,52
06/04/2017;21;VACA;27800;4;15;6,8;1,03;12,5;3,45;3,33;4,91;2,38
06/04/2017;18;VACA;26760;5,1;16;6,74;1,03;12,51;3,32;3,49;4,98;2,48
06/04/2017;29;VACA;16980;3,3;14;6,8;1,03;12,28;3,54;3,24;4,6;2,26
06/04/2017;29;VACA;8280;4,5;14;6,85;1,03;12,19;3,48;3,16;4,77;2,27
06/04/2017;24;VACA;17620;5;15;6,79;1,03;12,08;3,4;3,13;4,8;2,18
06/04/2017;24;VACA;3420;4,2;15;6,8;1,03;12,06;3,46;3,13;4,8;
06/04/2017;26;VACA;6940;4,1;15;6,8;1,03;12,12;3,36;3,11;4,79;2,2
06/04/2017;32;VACA;23500;5,5;15;6,8;1,03;12,08;3,41;3,1;4,81;2,16
06/04/2017;25;VACA;25820;6;15;6,82;1,03;12,58;3,59;3,29;4,93;2,32
06/04/2017;18;VACA;25060;5,2;15;6,82;1,03;12,07;3,03;3,32;4,94;2,33
06/04/2017;18;VACA;25480;4,7;15;6,8;1,03;12,61;3,34;3,49;5;2,5
06/04/2017;30;VACA;25860;4;15;6,82;1,03;12,16;3,42;3,16;4,82;2,17
06/04/2017;18;VACA;26020;5,2;15;6,82;1,03;12,54;3,33;3,46;4,98;2,46
07/04/2017;35;VACA;14440;5;15;6,81;1,03;12,42;3,65;3,23;4,84;2,29
07/04/2017;35;VACA;8200;5;15;6,82;1,03;13,41;4,62;3,3;4,71;2,33
07/04/2017;21;VACA;27980;3,4;15;6,8;1,03;12,6;3,57;3,33;4,91;2,35
07/04/2017;29;VACA;17660;5;15;6,84;1,03;12,1;3,43;3,19;4,62;2,29
07/04/2017;29;VACA;7940;4;15;6,84;1,03;12,32;3,61;3,24;4,6;2,26
07/04/2017;32;VACA;23000;3;15;6,8;1,03;10,95;3,08;2,81;4,33;1,82
07/04/2017;25;VACA;22820;6;15;6,8;1,03;12,97;3,93;3,34;4,88;2,36
07/04/2017;24;VACA;14800;4,4;15;6,81;1,03;12,26;3,47;3,16;4,85;2,22
07/04/2017;26;VACA;6900;4,6;15;6,81;1,03;12,95;4,3;3,03;4,69;2,08
07/04/2017;30;VACA;27500;3,8;15;6,84;1,03;11,96;3,27;3,13;4,76;2,13
08/04/2017;21;VACA;27840;2,8;15;6,82;1,03;12,54;3,51;3,32;4,92;2,36
08/04/2017;18;VACA;25380;4;15;6,8;1,03;12,49;3,28;3,46;5,02;2,47
08/04/2017;24;VACA;17380;4;15;6,8;1,03;12,26;3,43;3,18;4,87;2,22
08/04/2017;24;VACA;3900;4;15;6,8;1,03;12,16;3,4;3,03;4,89;2,16
08/04/2017;26;VACA;7040;4;15;6,8;1,03;12,07;3,28;3,13;4,8;2,21
08/04/2017;29;VACA;15980;6,5;15;6,81;1,03;12,29;3,44;3,23;4,73;2,27
08/04/2017;29;VACA;11960;3,2;16;6,82;1,03;12,06;3,32;3,11;4,85;2,18
08/04/2017;32;VACA;23600;6,2;15;6,82;1,03;12,07;3,4;3,06;4,83;2,13
08/04/2017;25;VACA;24440;5,4;15;6,81;1,03;12,51;3,54;3,26;4,94;2,3
09/04/2017;21;VACA;28080;4,2;15;6,79;1,03;12,53;3,5;3,3;4,92;2,33
09/04/2017;35;VACA;14620;5,1;15;6,81;1,03;12,33;3,62;3,25;4,71;2,25
09/04/2017;35;VACA;8040;6;15;6,83;1,03;13,17;4,5;3,15;4,76;2,21
09/04/2017;30;VACA;25940;4,8;15;6,82;1,03;12,15;3,38;3,16;4,81;2,21
09/04/2017;29;VACA;17600;4;15;6,8;1,03;12,2;3,43;3,23;4,65;2,28
09/04/2017;29;VACA;9160;5,3;15;6,84;1,03;12,32;3,67;3,18;4,6;2,18
09/04/2017;26;VACA;6900;4;15;6,8;1,03;12,03;3,26;3,12;4,79;2,17
09/04/2017;32;VACA;22900;3,9;15;6,82;1,03;12,26;3,4;3,21;4,92;2,26
09/04/2017;25;VACA;24560;5;15;6,82;1,03;12,88;3,85;3,35;4,88;2,36
10/04/2017;21;VACA;25040;3,2;16;6,77;1,03;12,52;3,5;3,3;4,91;2,36
10/04/2017;18;VACA;25640;4,5;15;6,81;1,03;11,78;2,68;3,38;5,01;2,38
10/04/2017;24;VACA;16880;4,4;16;6,8;1,03;12,32;3,54;3,16;4,84;2,23
10/04/2017;24;VACA;6240;3,8;16;6,8;1,03;12,23;3,26;3,24;4,93;2,3
10/04/2017;26;VACA;6780;4,1;16;6,8;1,03;12;3,2;3,14;4,81;2,17
10/04/2017;32;VACA;23080;5,5;15;6,8;1,03;12,13;3,41;3,11;4,82;2,21
10/04/2017;25;VACA;24940;5,8;15;6,8;1,03;12,52;3,54;3,28;4,94;2,33
11/04/2017;21;VACA;25100;4,5;15;6,8;1,03;12,42;3,36;3,29;4,95;2,36
11/04/2017;18;VACA;25420;5,7;16;6,76;1,03;12,42;3,27;3,43;4,93;2,47
11/04/2017;18;VACA;24760;5,6;16;6,77;1,03;12,51;3,31;3,45;4,95;2,44
11/04/2017;32;VACA;24240;3,5;15;6,82;1,03;12,48;3,54;3,27;4,92;2,32
11/04/2017;26;VACA;7060;4,6;15;6,8;1,03;12,22;3,41;3,12;4,82;2,16
11/04/2017;25;VACA;23960;5,8;15;6,8;1,03;13,02;3,96;3,36;4,86;2,43
12/04/2017;24;VACA;11200;3,9;15;6,8;1,03;12,3;3,53;3,1;4,88;2,19
12/04/2017;26;VACA;6300;4;16;6,78;1,03;11,9;3,19;3,08;4,77;2,14
12/04/2017;24;VACA;5960;3,9;15;6,8;1,03;12,26;3,3;3,24;4,96;2,32
12/04/2017;32;VACA;22880;5,7;16;6,84;1,03;12,12;3,4;3,13;4,84;2,21
12/04/2017;25;VACA;25000;4;5,4;6,8;1,03;12,47;3,51;3,28;4,92;2,33
13/04/2017;32;VACA;22400;4;15;6,82;1,03;12,5;3,54;3,25;4,95;2,3
13/04/2017;25;VACA;24120;6,3;15;6,81;1,03;12,93;3,91;3,32;4,86;2,34
13/04/2017;24;VACA;13800;3,8;15;6,82;1,03;12,16;3,46;3,07;4,84;2,17
13/04/2017;26;VACA;6720;5,3;15;6,82;1,03;12,01;3,24;3,1;4,79;2,15
14/04/2017;21;VACA;28240;3,8;15;6,82;1,03;12,44;3,44;3,29;4,95;2,34
14/04/2017;24;VACA;14660;4,5;15;6,8;1,03;12,17;3,41;3,15;4,85;2,25
14/04/2017;24;VACA;7600;6;15;6,82;1,03;12,47;3,63;3,19;4,88;2,25
14/04/2017;26;VACA;5520;4,8;16;6,79;1,03;11,92;3,19;3,08;4,79;2,17
14/04/2017;29;VACA;16860;4,8;14;6,83;1,03;12,43;3,79;3,31;4,33;2,33
14/04/2017;29;VACA;10520;5,5;14;6,84;1,03;11,98;3,35;3,12;4,7;2,2
14/04/2017;32;VACA;22840;6,5;15;6,8;1,03;12,01;3,34;3,09;4,8;2,15
14/04/2017;25;VACA;24920;6,1;16;6,8;1,03;12,52;3,53;3,26;4,95;2,3
15/04/2017;18;VACA;26640;6,4;15;6,8;1,03;12,01;3,01;3,28;4,98;2,33
15/04/2017;21;VACA;28260;4,3;16;6,8;1,03;12,37;3,38;3,26;4,94;2,33
15/04/2017;18;VACA;26140;6;15;6,79;1,03;12,52;3,27;3,46;5;2,48
15/04/2017;18;VACA;25580;6,5;15;6,8;1,03;12,56;3,39;3,45;4,93;2,47
15/04/2017;26;VACA;7840;5;16;6,8;1,03;12,08;3,26;3,1;4,84;2,17
15/04/2017;32;VACA;24860;4;15;6,8;1,03;12,41;3,45;3,23;4,98;2,31
15/04/2017;25;VACA;24440;6,4;15;6,8;1,03;12,98;3,94;3,32;4,9;2,35
16/04/2017;22;VACA;27700;5,7;15;6,81;1,03;12,48;3,52;3,24;4,95;2,31
16/04/2017;18;VACA;25520;6,5;15;6,79;1,03;12,57;3,31;3,5;5,01;2,54
16/04/2017;18;VACA;26040;6;15;6,82;1,03;12,54;3,28;3,49;5;2,52
16/04/2017;21;VACA;28420;4;15;6,8;1,03;12,45;3,42;3,27;4,97;2,34
16/04/2017;18;VACA;25880;6;15;6,8;1,03;12,08;3,04;3,28;4,98;2,3
16/04/2017;24;VACA;16420;5;15;6,8;1,03;12,05;3,37;3,1;4,8;2,21
16/04/2017;24;VACA;7560;5;16;6,81;1,03;12,17;3,3;3,19;4,9;2,24
16/04/2017;26;VACA;5280;5,3;15;6,82;1,03;11,98;3,27;3,06;4,78;2,12
16/04/2017;29;VACA;17720;4,5;15;6,83;1,03;12,17;3,51;3,21;4,53;2,28
16/04/2017;29;VACA;9020;5;15;6,8;1,03;11,94;3,33;3,1;4,7;2,18
16/04/2017;32;VACA;23420;5;15;6,76;1,03;12,05;3,34;3,11;4,8;2,2
16/04/2017;25;VACA;25040;5,6;15;6,78;1,03;12,56;3,58;3,26;4,93;2,33
17/04/2017;21;VACA;28320;3,4;15;6,82;1,03;12,47;3,44;3,26;4,95;2,3
17/04/2017;22;VACA;28440;5,5;15;6,82;1,03;12,46;3,49;3,24;4,95;2,32
17/04/2017;18;VACA;24900;6,5;15;6,8;1,03;12,44;3,23;3,45;5,01;2,49
17/04/2017;18;VACA;25820;6,3;15;6,82;1,03;12,19;3,17;3,27;4,96;2,31
17/04/2017;32;VACA;25340;4;16;6,8;1,03;12,29;3,35;3,23;4,99;2,29
17/04/2017;26;VACA;7680;5;15;6,8;1,03;11,92;3,11;3,1;4,85;2,18
17/04/2017;25;VACA;24100;5;15;6,8;1,03;13,02;3,98;3,35;4,85;2,38
17/04/2017;18;VACA;24840;6;15;6,82;1,03;12,77;3,47;3,51;4,98;2,49
18/04/2017;18;VACA;23880;5,8;15;6,82;1,03;12,25;3,24;3,28;4,96;2,3
18/04/2017;21;VACA;25280;4,4;15;6,82;1,03;12,37;3,38;3,24;4,96;2,32
18/04/2017;18;VACA;25360;5,3;15;6,79;1,03;12,4;3,16;3,48;4,97;2,49
18/04/2017;18;VACA;25500;6;15;6,82;1,03;12,49;3,21;3,5;5,03;2,48
18/04/2017;18;VACA;25160;5,2;15;6,8;1,03;12,3;3,49;3,05;4,95;2,16
18/04/2017;22;VACA;27900;5,6;15;6,81;1,03;12,49;3,51;3,24;4,96;2,31
18/04/2017;24;VACA;16860;6;15;6,81;1,03;12,14;3,44;3,09;4,82;2,19
18/04/2017;24;VACA;7760;5,5;15;6,8;1,03;12,04;3,2;3,17;4,9;2,19
18/04/2017;26;VACA;5280;4,4;15;6,82;1,03;11,78;3,07;3,04;4,81;2,1
18/04/2017;32;VACA;23860;5,8;16;6,8;1,03;12,05;3,33;3,11;4,83;2,21
18/04/2017;18;VACA;25420;4,3;15;6,82;1,03;12,24;3,2;3,29;4,98;2,36
18/04/2017;25;VACA;25160;5,5;16;6,8;1,03;12,58;3,61;3,25;4,95;2,35
18/04/2017;18;VACA;25260;5;17;6,79;1,03;12,36;3,11;3,48;5,01;2,46
19/04/2017;21;VACA;25920;4,4;15;6,82;1,03;12,39;3,38;3,24;4,96;2,31
19/04/2017;18;VACA;26220;5,7;16;6,74;1,03;12,57;3,32;3,48;5,01;2,46
19/04/2017;18;VACA;26760;5,3;16;6,74;1,03;12,46;3,25;3,48;5,01;2,51
19/04/2017;32;VACA;25340;4;15;6,8;1,03;12,46;3,56;3,2;4,95;2,3
19/04/2017;26;VACA;7640;4,7;15;6,78;1,03;12,01;3,24;3,08;4,82;2,14
19/04/2017;25;VACA;24320;7;15;6,8;1,03;13,1;4,04;3,36;4,86;2,41
20/04/2017;21;VACA;28080;3,8;15;6,79;1,03;12,43;3,43;3,24;4,97;2,3
20/04/2017;18;VACA;25380;6,4;15;6,78;1,03;12,34;3,08;3,5;5,02;2,51
20/04/2017;18;VACA;25760;5,5;16;6,76;1,03;11,9;3,23;2,95;4,86;3,71
20/04/2017;24;VACA;13200;4,5;15;6,82;1,03;12,11;3,41;3,05;4,82;2,16
20/04/2017;24;VACA;6140;3,8;15;6,82;1,03;12,12;3,24;3,17;4,93;2,22
20/04/2017;26;VACA;6360;4;15;6,78;1,03;12,13;3,29;3,13;4,81;2,18
20/04/2017;32;VACA;23940;5,4;15;6,79;1,03;12,12;3,35;3,12;4,83;2,21
20/04/2017;18;VACA;25680;5;16;6,76;1,03;12,54;3,31;3,49;4,99;2,5
20/04/2017;25;VACA;25140;5,5;15;6,78;1,03;12,65;3,66;3,24;4,93;2,33
21/04/2017;21;VACA;28440;4,2;15;6,84;1,03;12,29;3,33;3,22;4,95;2,29
21/04/2017;18;VACA;25980;6,2;16;6,77;1,03;12,51;3,29;3,49;5;2,51
21/04/2017;32;VACA;25220;3,6;15;6,8;1,03;12,46;3,51;3,21;4,95;2,33
21/04/2017;25;VACA;9040;5,5;15;6,78;1,03;13,27;4,16;3,4;4,88;2,44
21/04/2017;18;VACA;25680;6,5;16;6,77;1,03;12,54;3,34;3,47;4,98;2,47
21/04/2017;24;VACA;14280;5;15;6,8;1,03;12,05;3,3;3,11;4,88;2,23
21/04/2017;26;VACA;6680;5;15;6,8;1,03;12,07;3,25;3,08;4,89;2,17
22/04/2017;18;VACA;26140;6,8;17;6,75;1,03;12,59;3,31;3,5;4,99;2,47
22/04/2017;21;VACA;28520;3,7;15;6,79;1,03;12,41;3,37;3,27;4,98;2,32
22/04/2017;18;VACA;25820;5,9;16;6,76;1,03;12,57;3,29;3,48;5;2,48
22/04/2017;32;VACA;23780;6;16;6,75;1,03;12,18;3,38;3,15;4,86;2,2
22/04/2017;24;VACA;15220;5,3;15;6,8;1,03;12,15;3,43;3,09;4,85;2,17
22/04/2017;24;VACA;4780;4,7;15;6,8;1,03;12,14;3,16;3,22;4,97;2,27
22/04/2017;26;VACA;6740;4,3;15;6,81;1,03;12,11;3,31;3,07;4,87;2,15
22/04/2017;25;VACA;24640;3,8;15;6,79;1,03;12,76;3,71;3,27;4,96;2,34
23/04/2017;18;VACA;26200;5,2;16;6,78;1,03;12,45;3,19;3,5;4,92;2,45
23/04/2017;21;VACA;28500;4;15;6,82;1,03;12,37;3,32;3,27;4,97;2,32
23/04/2017;26;VACA;6580;4,5;15;6,8;1,03;11,9;3,12;3,07;4,88;2,13
23/04/2017;32;VACA;24440;5,5;16;6,75;1,03;12,44;3,46;3,24;4,97;2,29
23/04/2017;25;VACA;23600;5,9;16;6,8;1,03;13,11;4,08;3,33;4,82;2,38
23/04/2017;18;VACA;25420;5,6;15;6,8;1,03;12,06;3,08;3,26;4,96;2,3
23/04/2017;18;VACA;25080;5;15;6,81;1,03;12,56;3,26;3,49;5;2,49
23/04/2017;18;VACA;25040;5,6;15;6,8;1,03;12,47;3,35;3,46;4,91;2,45
24/04/2017;22;VACA;26940;5,5;15;6,82;1,03;12,48;3,54;3,2;4,9;2,29
24/04/2017;21;VACA;28520;3;15;6,83;1,03;12,37;3,33;3,25;4,99;2,33
24/04/2017;20;VACA;26000;5,5;15;6,81;1,03;12,3;3,27;3,24;4,98;2,32
24/04/2017;23;VACA;22840;6;15;6,82;1,03;12,66;3,66;3,24;4,95;2,32
24/04/2017;24;VACA;13400;4,7;15;6,82;1,03;12,14;3,41;3,12;4,83;2,2
24/04/2017;24;VACA;7320;4,6;15;6,82;1,03;12,12;3,13;3,24;4,98;2,29
24/04/2017;26;VACA;5520;4,4;15;6,8;1,03;11,86;3,05;3,12;4,87;2,18
24/04/2017;32;VACA;23760;6,1;15;6,82;1,03;12,05;3,3;3,14;4,83;2,2
24/04/2017;25;VACA;24500;5,8;15;6,8;1,03;12,57;3,6;3,26;4,93;2,36
24/04/2017;18;VACA;25320;5,2;15;6,82;1,03;12,11;3,09;3,3;4,96;2,31
24/04/2017;18;VACA;25280;7,2;16;6,76;1,03;12,63;3,33;3,51;4,99;2,52
25/04/2017;22;VACA;27500;4,5;15;6,84;1,03;12,41;3,5;3,22;4,95;2,3
25/04/2017;20;VACA;25960;5,4;15;6,82;1,03;12,41;3,5;3,28;4,85;2,34
25/04/2017;18;VACA;25540;5,6;16;6,783;1,03;12,31;3,05;3,51;5,03;2,5
25/04/2017;21;VACA;25580;4,5;15;6,8;1,03;12,28;3,27;3,26;4,96;2,34
25/04/2017;23;VACA;24960;5,3;15;6,81;1,03;12,47;3,49;3,26;4,97;2,35
25/04/2017;32;VACA;23860;4;15;6,8;1,03;12,31;3,41;3,24;4,93;2,31
25/04/2017;26;VACA;7880;4,8;16;6,77;1,03;11,9;3,09;3,15;4,87;2,19
25/04/2017;25;VACA;24780;6,3;15;6,78;1,03;13,02;4;3,33;4,87;2,36
26/04/2017;21;VACA;26180;3,8;15;6,82;1,03;12,29;3,3;3,25;4,96;2,34
26/04/2017;18;VACA;25940;5,3;15;6,83;1,03;12,14;3,13;3,29;4,98;2,36
26/04/2017;18;VACA;25980;6,6;15;6,79;1,03;12,65;3,44;3,47;4,99;2,5
26/04/2017;24;VACA;12700;4,1;15;6,78;1,03;11,97;3,28;3,06;4,83;2,17
26/04/2017;24;VACA;6080;4;15;6,8;1,03;12,08;3,09;3,26;4,99;2,33
26/04/2017;26;VACA;6220;4;15;6,81;1,03;12;3,14;3,15;4,91;2,25
26/04/2017;32;VACA;23900;5,8;15;6,78;1,03;12;3,26;3,12;4,85;2,2
26/04/2017;25;VACA;25100;5,7;15;6,8;1,03;12,58;3,58;3,25;4,99;2,37
27/04/2017;22;VACA;26140;5,5;15;6,8;1,03;12,43;3,47;3,24;4,96;2,32
27/04/2017;21;VACA;28900;3,2;15;6,81;1,03;12,43;3,38;3,27;4,97;2,34
27/04/2017;18;VACA;26320;4,6;15;6,83;1,03;11,92;3,08;3,26;4,94;2,29
27/04/2017;18;VACA;25400;5,6;15;6,79;1,03;12,56;3,3;3,47;5,02;2,47
27/04/2017;18;VACA;24680;6;15;6,78;1,03;12,73;3,49;3,48;4,95;2,48
27/04/2017;18;VACA;25060;5,7;15;6,77;1,03;12,62;3,39;3,46;5,02;2,47
27/04/2017;32;VACA;25760;3,8;15;6,76;1,03;12,35;3,42;3,22;4,95;2,3
27/04/2017;25;VACA;23920;5,7;15;6,8;1,03;13,06;4,01;3,34;4,88;2,42
27/04/2017;24;VACA;15400;4,2;14;6,84;1,03;12,04;3,32;3,07;4,86;2,21
27/04/2017;26;VACA;6780;4,8;15;6,8;1,03;12,03;3,09;3,19;4,96;2,3
28/04/2017;20;VACA;24180;5,1;15;6,82;1,03;12,45;3,41;3,26;4,97;2,34
28/04/2017;22;VACA;28460;5,8;15;6,84;1,03;12,44;3,45;3,25;4,94;2,33
28/04/2017;18;VACA;25100;4,7;15;6,81;1,03;12,79;3,5;3,48;5;2,51
28/04/2017;18;VACA;25520;5,6;15;6,83;1,03;12,66;3,35;3,49;5,01;2,51
28/04/2017;21;VACA;28860;3,3;15;6,83;1,03;12,52;3,41;3,29;5;2,38
28/04/2017;23;VACA;24320;5,2;15;6,82;1,03;12,71;3,66;3,27;4,98;2,35
28/04/2017;26;VACA;6340;3,8;16;6,84;1,03;11,98;3,14;3,15;4,89;2,22
28/04/2017;24;VACA;11880;4,5;16;6,84;1,03;12,21;3,41;3,14;4,86;2,26
28/04/2017;24;VACA;5860;3,7;16;6,87;1,03;12,16;3,16;3,27;4,95;2,34
28/04/2017;32;VACA;24200;5;15;6,8;1,03;12,31;3,43;3,2;4,88;2,26
28/04/2017;25;VACA;24940;5;15;6,81;1,03;12,67;3,63;3,28;4,97;2,37
29/04/2017;21;VACA;28800;3,8;15;6,82;1,03;12,43;3,38;3,27;4,97;2,33
29/04/2017;32;VACA;24460;4;15;6,84;1,03;12,37;3,41;3,24;5;2,32
29/04/2017;25;VACA;24320;4;15;6,8;1,03;13,04;3,96;3,35;4,88;2,4
29/04/2017;26;VACA;7060;5,3;15;6,81;1,03;12,21;3,27;3,19;4,9;2,25
30/04/2017;21;VACA;28800;4,1;15;6,82;1,03;12,33;3,32;3,25;4,94;2,34
30/04/2017;24;VACA;16940;5,5;16;6,81;1,03;12,3;3,47;3,17;4,87;2,3
30/04/2017;24;VACA;7560;4,6;16;6,82;1,03;12,03;3,05;3,24;4,95;2,31
30/04/2017;26;VACA;5880;4,2;16;6,8;1,03;12,01;3,18;3,12;4,88;2,21
30/04/2017;32;VACA;24140;6;15;6,8;1,03;12,17;3,34;3,17;4,88;2,24
30/04/2017;25;VACA;25100;5,3;16;6,8;1,03;12,79;3,69;3,31;4,96;2,39
30/04/2017;23;VACA;24760;5,5;15;6,83;1,03;12,58;3,55;3,26;4,96;2,34
30/04/2017;22;VACA;28120;6;15;6,8;1,03;12,5;3,51;3,24;4,98;2,31
30/04/2017;20;VACA;25380;5,5;15;6,81;1,03;12,43;3,48;3,27;4,88;2,36
30/04/2017;35;VACA;15260;5,4;15;6,83;1,03;12,4;3,64;3,17;4,79;2,25
30/04/2017;35;VACA;7620;4,7;15;6,83;1,03;12,49;3,59;3,26;4,85;2,3
30/04/2017;21;VACA;28840;3,4;15;6,83;1,03;12,39;3,33;3,28;4,97;2,37
01/05/2017;26;VACA;6820;4;15;6,8;1,03;12,05;3,2;3,16;4,88;2,22
01/05/2017;32;VACA;24960;4;15;6,8;1,03;12,42;3,41;3,25;5;2,3
01/05/2017;25;VACA;24340;5,7;15;6,82;1,03;13,02;3,94;3,33;4,9;2,39
02/05/2017;20;VACA;24440;5;15;6,8;1,03;12,45;3,39;3,24;4,98;2,35
02/05/2017;22;VACA;28200;5,8;15;6,82;1,03;12,54;3,51;3,25;4,97;2,31
02/05/2017;23;VACA;23340;4;15;6,8;1,03;12,8;3,71;3,26;4,98;2,35
02/05/2017;21;VACA;25700;3,8;15;6,82;1,03;12,49;3,39;3,26;4,99;2,32
02/05/2017;32;VACA;23540;5,6;15;6,81;1,03;12,19;3,34;3,16;4,85;2,22
02/05/2017;24;VACA;28260;4,5;16;6,82;1,03;12,16;3,3;3,12;4,92;2,24
02/05/2017;25;VACA;25020;5,3;15;6,82;1,03;12,8;3,74;3,26;4,93;2,35
02/05/2017;26;VACA;8980;5,1;15;6,82;1,03;12,03;3,19;3,14;4,85;2,17
03/05/2017;22;VACA;28500;5,4;15;6,82;1,03;12,2;3,25;3,21;4,99;2,33
03/05/2017;23;VACA;23160;6;15;6,8;1,03;12,53;3,49;3,27;5,01;2,38
03/05/2017;21;VACA;27040;4;15;6,81;1,03;12,3;3,24;3,24;4,98;2,34
03/05/2017;26;VACA;4660;4,7;15;6,8;1,03;11,88;3,05;3,12;4,86;2,18
03/05/2017;32;VACA;26360;3,6;15;6,82;1,03;12,29;3,31;3,24;4,96;2,34
03/05/2017;25;VACA;24000;6;15;6,8;1,03;12,96;3,9;3,31;4,88;2,4
04/05/2017;21;VACA;29520;3,5;16;6,84;1,03;12,35;3,3;3,24;4,96;2,33
04/05/2017;24;VACA;27780;4,7;15;6,81;1,03;12,07;3,21;3,1;4,92;2,24
04/05/2017;25;VACA;25000;5,5;16;6,79;1,03;12,75;3,71;3,24;4,95;2,38
04/05/2017;32;VACA;23660;5;15;6,82;1,03;12,14;3,3;3,16;4,85;2,25
04/05/2017;26;VACA;8520;4,5;15;6,78;1,03;12,22;3,29;3,16;4,85;2,23
05/05/2017;22;VACA;25020;6;16;6,82;1,03;12,28;3,34;3,2;4,96;2,23
05/05/2017;21;VACA;29380;5;16;6,82;1,03;12,29;3,23;3,25;4,99;2,29
05/05/2017;32;VACA;26020;4,5;16;6,79;1,03;12,21;3,3;3,23;4,96;2,31
05/05/2017;25;VACA;24580;6,4;16;6,78;1,03;12,89;3,9;3,29;4,87;2,37
05/05/2017;26;VACA;6840;5;15;6,82;1,03;12,04;3,25;3,13;4,83;2,18
06/05/2017;22;VACA;28340;5,4;15;6,81;1,03;12,38;3,46;3,22;4,96;2,27
06/05/2017;21;VACA;29340;3,5;15;6,8;1,03;12,3;3,29;3,26;4,96;2,3
06/05/2017;32;VACA;23140;6;14;6,82;1,03;12,08;3,35;3,12;4,81;2,18
06/05/2017;24;VACA;26400;5;15;6,78;1,03;12,13;3,32;3,12;4,88;2,2
06/05/2017;26;VACA;4720;4,5;15;6,78;1,03;11,54;2,8;3,09;4,88;2,17
06/05/2017;25;VACA;25260;5,5;16;6,79;1,03;12,67;3,66;3,26;4,96;2,32
07/05/2017;22;VACA;27480;5,4;15;6,81;1,03;12,43;3,49;3,22;4,96;2,3
07/05/2017;21;VACA;29360;4;15;6,8;1,03;12,35;3,34;3,27;4,96;2,34
07/05/2017;23;VACA;25000;5,9;15;6,8;1,03;12,49;3,57;3,23;4,89;2,3
07/05/2017;35;VACA;11160;5,7;16;6,8;1,03;12,62;3,77;3,3;4,81;2,35
07/05/2017;35;VACA;11020;5,5;16;6,81;1,03;12,28;3,53;3,18;4,82;2,23
07/05/2017;32;VACA;25500;4,2;16;6,78;1,03;12,26;3,35;3,22;4,93;2,29
07/05/2017;25;VACA;24020;6;16;6,81;1,03;12,99;3,91;3,34;4,91;2,4
07/05/2017;26;VACA;8860;5,2;15;6,79;1,03;12,08;3,25;3,12;4,86;2,18
08/05/2017;22;VACA;27980;3,8;15;6,8;1,03;12,28;3,3;3,22;4,95;2,3
08/05/2017;20;VACA;25660;5,9;15;6,84;1,03;12,52;3,57;3,2;4,96;2,29
08/05/2017;23;VACA;20160;5,5;14;6,8;1,03;12,55;3,5;3,25;4,99;2,35
08/05/2017;21;VACA;26060;4;15;6,8;1,03;12,34;3,28;3,28;4,99;2,33
08/05/2017;32;VACA;23020;6;15;6,8;1,03;11,97;3,23;3,11;4,84;2,21
08/05/2017;24;VACA;22100;5,5;15;6,82;1,03;12,23;3,44;3,12;4,85;2,21
08/05/2017;25;VACA;24960;5;16;6,8;1,03;12,67;3,68;3,25;4,92;2,34
08/05/2017;26;VACA;6960;6,6;15;6,8;1,03;11,75;2,99;3,12;4,83;2,14
09/05/2017;20;VACA;25560;5,9;15;6,82;1,03;12,28;3,39;3,24;4,85;2,31
09/05/2017;22;VACA;27360;6;15;6,82;1,03;12,37;3,44;3,2;4,97;2,27
09/05/2017;21;VACA;27360;5,5;15;6,82;1,03;12,27;3,31;3,23;4,94;2,29
09/05/2017;23;VACA;24160;6;15;6,8;1,03;12,51;3,5;3,25;4,95;2,33
09/05/2017;32;VACA;26220;4,7;15;6,8;1,03;12,17;3,24;3,2;4,99;2,24
09/05/2017;25;VACA;24000;6;15;6,8;1,03;12,91;3,84;3,33;4,88;2,38
09/05/2017;26;VACA;6800;5,7;15;6,8;1,03;11,9;3,1;3,12;4,86;2,18
10/05/2017;20;VACA;24740;5,7;15;6,82;1,03;12,25;3,31;3,18;4,95;2,26
10/05/2017;22;VACA;26880;5,7;15;6,82;1,03;12,27;3,32;3,21;4,99;2,3
10/05/2017;21;VACA;29380;4,2;15;6,82;1,03;12,21;3,15;3,27;5,02;2,36
10/05/2017;23;VACA;25940;5,9;15;6,82;1,03;12,46;3,42;3,25;5,01;2,38
10/05/2017;24;VACA;23920;4,6;15;6,83;1,03;12,15;3,42;3,04;4,83;2,16
10/05/2017;32;VACA;23040;6,5;15;6,81;1,03;11,9;3,15;3,13;4,85;2,27
10/05/2017;25;VACA;24800;5,2;15;6,81;1,03;12,65;3,67;3,24;4,89;2,31
10/05/2017;26;VACA;6720;4,7;15;6,81;1,03;11,98;3,17;3,16;4,81;2,14
11/05/2017;21;VACA;29360;4,9;15;6,84;1,03;12,27;3,27;3,24;4,98;2,34
11/05/2017;32;VACA;25500;4,3;15;6,79;1,03;12,11;3,27;3,18;4,91;2,25
11/05/2017;25;VACA;23980;5,7;15;6,8;1,03;12,62;3,71;3,28;4,8;2,32
11/05/2017;26;VACA;6660;4,5;16;6,8;1,03;12,08;3,21;3,19;4,87;2,23
12/05/2017;22;VACA;27440;5,4;15;6,81;1,03;12,53;3,63;3,19;4,93;2,28
12/05/2017;21;VACA;29260;3,6;15;6,82;1,03;12,36;3,33;3,27;4,96;2,37
12/05/2017;32;VACA;23360;6,6;16;6,77;1,03;12,03;3,25;3,16;4,86;2,22
12/05/2017;24;VACA;24180;4,4;15;6,82;1,03;12,02;3,33;3,07;4,88;2,2
12/05/2017;25;VACA;24840;5,7;15;6,79;1,03;12,82;3,79;3,3;4,94;2,35
12/05/2017;26;VACA;7120;5,1;15;6,8;1,03;12,08;3,23;3,16;4,89;2,21
13/05/2017;22;VACA;26360;5,4;15;6,82;1,03;12,43;3,5;3,21;4,96;2,28
13/05/2017;21;VACA;29120;4,4;15;6,81;1,03;12,4;3,35;3,26;4,98;2,34
13/05/2017;20;VACA;25080;6,3;16;6,78;1,03;12,51;3,55;3,31;4,87;2,39
13/05/2017;32;VACA;25180;4,5;15;6,81;1,03;12,28;3,35;3,22;4,97;2,3
13/05/2017;25;VACA;24380;5,8;15;6,8;1,03;13,09;4,01;3,38;4,86;2,43
13/05/2017;26;VACA;6820;5,3;16;6,81;1,03;12,02;3,19;3,15;4,9;2,23
14/05/2017;22;VACA;27060;5,7;15;6,81;1,03;12,45;3,53;3,21;4,99;2,28
14/05/2017;21;VACA;28960;3,6;15;6,82;1,03;12,35;3,32;3,25;4,99;2,33
14/05/2017;23;VACA;25100;5,7;15;6,8;1,03;12,63;3,63;3,25;4,97;2,33
14/05/2017;24;VACA;23620;4,8;15;6,81;1,03;12,21;3,45;3,1;4,91;2,19
14/05/2017;32;VACA;23280;6;15;6,79;1,03;11,96;3,21;3,17;4,86;2,23
14/05/2017;25;VACA;24260;4,8;15;6,78;1,03;12,79;3,82;3,26;4,93;2,36
14/05/2017;26;VACA;6900;5,2;16;6,8;1,03;11,99;3,17;3,15;4,87;2,24
15/05/2017;21;VACA;29080;2,4;15;6,82;1,03;12,34;3,35;3,22;4,96;2,31
15/05/2017;32;VACA;26560;5,3;18;6,81;1,03;12,26;3,37;3,2;4,98;2,28
15/05/2017;25;VACA;24620;6;16;6,79;1,03;12,95;3,95;3,33;4,85;2,36
15/05/2017;26;VACA;6960;6;15;6,78;1,03;11,95;3,11;3,17;4,88;2,24
16/05/2017;21;VACA;26300;4,1;16;6,82;1,03;12,24;3,29;3,24;4,95;2,34
16/05/2017;22;VACA;25040;6,3;16;6,82;1,03;12,2;3,32;3,19;4,96;2,26
16/05/2017;23;VACA;24380;5,8;16;6,82;1,03;12,66;3,64;3,26;4,96;2,35
16/05/2017;24;VACA;23360;4,5;15;6,81;1,03;12,12;3,4;3,07;4,88;2,18
16/05/2017;32;VACA;23360;6,6;16;6,78;1,03;11,94;3,19;3,14;4,84;2,22
16/05/2017;25;VACA;24740;5,7;16;6,79;1,03;12,73;3,75;3,25;4,93;2,33
16/05/2017;26;VACA;7220;5;16;6,8;1,03;11,99;3,19;3,16;4,86;2,19
17/05/2017;21;VACA;27060;4,4;15;6,84;1,03;12,24;3,3;3,22;4,95;2,32
17/05/2017;32;VACA;26320;4;15;6,8;1,03;12,23;3,34;3,19;4,98;2,28
17/05/2017;25;VACA;24180;5,5;16;6,8;1,03;12,93;3,92;3,33;4,89;2,4
17/05/2017;26;VACA;7220;4,5;16;6,8;1,03;12,01;3,16;3,16;4,88;2,22
18/05/2017;21;VACA;28820;4;15;6,82;1,03;12,19;3,23;3,21;4,95;2,28
18/05/2017;24;VACA;27420;4,7;15;6,81;1,03;11,99;3,29;3,09;4,87;2,22
18/05/2017;32;VACA;23340;6;15;6,8;1,03;11,87;3,16;3,13;4,84;2,23
18/05/2017;25;VACA;24880;4,5;16;6,8;1,03;12,62;3,65;3,24;4,94;2,29
18/05/2017;26;VACA;6940;5,2;15;6,8;1,03;11,97;3,12;3,18;4,85;2,21
19/05/2017;21;VACA;28840;3,4;15;6,82;1,03;12,28;3,29;3,22;4,98;2,32
19/05/2017;32;VACA;26200;3,5;16;6,8;1,03;12,33;3,38;3,22;5,01;2,28
19/05/2017;25;VACA;23260;4;15;6,8;1,03;13;3,96;3,35;4,88;2,43
19/05/2017;26;VACA;7060;5;16;6,8;1,03;12,16;3,28;3,21;4,85;2,24
20/05/2017;22;VACA;26220;5,8;15;6,81;1,03;12,27;3,34;3,22;4,95;2,27
20/05/2017;21;VACA;28700;3,06;15;6,81;1,03;12,25;3,26;3,24;4,96;2,31
20/05/2017;24;VACA;26220;4,4;15;6,79;1,03;12,1;3,36;3,14;4,85;2,2
20/05/2017;32;VACA;23100;5,8;16;6,78;1,03;11,96;3,21;3,15;4,84;2,18
20/05/2017;25;VACA;24560;5,8;16;6,79;1,03;12,78;3,78;3,28;4,92;2,34
20/05/2017;26;VACA;7380;5,5;15;6,81;1,03;11,89;3,12;3,16;4,8;2,17
21/05/2017;21;VACA;25580;4;15;6,82;1,03;12,26;3,25;3,25;4,96;2,31
21/05/2017;23;VACA;27840;6,3;15;6,82;1,03;12,53;3,56;3,26;4,93;2,32
21/05/2017;32;VACA;24820;6,3;16;6,78;1,03;12,25;3,33;3,21;4,97;2,26
21/05/2017;25;VACA;23260;5,8;16;6,78;1,03;13,06;3,99;3,36;4,86;2,4
21/05/2017;26;VACA;7400;5,6;15;6,8;1,03;12,14;3,21;3,22;4,89;2,23
22/05/2017;20;VACA;26060;5,5;15;6,82;1,03;12,32;3,37;3,23;4,94;2,28
22/05/2017;22;VACA;26040;6,1;15;6,83;1,03;12,29;3,38;3,21;4,97;2,28
22/05/2017;21;VACA;25940;3,3;16;6,79;1,03;12,14;3,14;3,26;5;2,36
22/05/2017;23;VACA;27480;6,1;15;6,81;1,03;12,56;3,6;3,25;4,96;2,35
22/05/2017;29;VACA;17300;4;15;6,83;1,03;12,07;3,46;3,25;4,52;2,29
22/05/2017;29;VACA;9620;5,4;14;6,86;1,03;12,12;3,48;3,16;4,72;2,2
22/05/2017;24;VACA;20760;5,4;16;6,8;1,03;12,14;3,39;3,16;4,87;2,25
22/05/2017;32;VACA;24620;6,3;15;6,83;1,03;12,15;3,55;3,08;4,73;2,12
22/05/2017;25;VACA;24880;5,5;16;6,82;1,03;12,72;3,74;3,27;4,94;2,34
22/05/2017;26;VACA;7500;6;15;6,8;1,03;12,1;3,15;3,24;4,92;2,26
23/05/2017;22;VACA;28480;6;15;6,83;1,03;12,38;3,46;3,22;4,96;2,29
23/05/2017;21;VACA;22880;4;16;6,78;1,03;12,54;3,56;3,23;4,96;2,3
23/05/2017;35;VACA;13160;5,5;15;6,82;1,03;12,41;3,56;3,3;4,85;2,33
23/05/2017;35;VACA;8260;6,7;15;6,81;1,03;11,98;3,23;3,22;4,87;2,25
23/05/2017;23;VACA;27380;5,8;16;6,76;1,03;12,36;3,39;3,26;4,96;2,31
23/05/2017;29;VACA;20640;5,4;15;6,83;1,03;12;3,3;3,22;4,69;2,3
23/05/2017;32;VACA;24020;5;16;6,78;1,03;12,14;3,27;3,21;4,98;2,28
23/05/2017;25;VACA;24000;6,2;16;6,78;1,03;12,94;3,92;3,34;4,91;2,42
23/05/2017;30;VACA;22040;4,5;15;6,82;1,03;12,06;3,13;3,27;4,88;2,28
23/05/2017;26;VACA;7220;6;15;6,82;1,03;12,1;3,18;3,2;4,92;2,24
24/05/2017;21;VACA;24900;4,6;15;6,83;1,03;12,14;3,2;3,2;4,96;2,25
24/05/2017;24;VACA;25640;4,3;15;6,82;1,03;12,15;3,4;3,14;4,9;2,22
24/05/2017;29;VACA;17740;6;14;6,84;1,03;12,12;3,38;3,19;4,76;2,26
24/05/2017;29;VACA;12620;5,4;14;6,85;1,03;12,16;3,4;3,2;4,78;2,3
24/05/2017;32;VACA;24260;4,7;15;6,8;1,03;11,94;3,19;3,14;4,84;2,23
24/05/2017;25;VACA;25140;5,8;15;6,82;1,03;12,66;3,68;3,25;4,95;2,33
24/05/2017;26;VACA;7340;6;16;6,78;1,03;12,08;3,14;3,2;4,91;2,26
25/05/2017;21;VACA;25840;3,3;15;6,83;1,03;12,22;3,23;3,23;5;2,3
25/05/2017;35;VACA;13460;5,4;15;6,82;1,03;12,34;3,58;3,19;4,86;2,25
25/05/2017;35;VACA;7420;6,4;15;6,83;1,03;12,21;3,37;3,25;4,86;2,27
25/05/2017;30;VACA;24420;5;14;6,85;1,03;12;3,05;3,22;4,91;2,29
25/05/2017;29;VACA;17240;4,6;15;6,84;1,03;11,94;3,22;3,18;4,72;2,28
25/05/2017;29;VACA;8960;6,5;15;6,84;1,03;11,98;3,32;3,15;4,74;2,21
25/05/2017;32;VACA;24040;2,1;15;6,82;1,03;12,14;3,23;3,23;5;2,29
25/05/2017;25;VACA;23860;6;15;6,8;1,03;12,86;3,87;3,33;4,9;2,41
25/05/2017;26;VACA;7240;5;15;6,8;1,03;12,09;3,16;3,2;4,91;2,26
26/05/2017;21;VACA;25860;4,4;15;6,83;1,03;12,14;3,18;3,21;4,98;2,3
26/05/2017;24;VACA;25440;4,2;16;6,83;1,03;12,17;3,38;3,15;4,89;2,37
26/05/2017;32;VACA;23560;5,5;15;6,81;1,03;11,89;3,2;3,11;4,83;2,3
26/05/2017;29;VACA;17600;5;14;6,84;1,03;11,92;3,21;3,15;4,76;2,34
26/05/2017;29;VACA;12660;6,5;14;6,85;1,03;12,1;3,37;3,16;4,8;2,38
26/05/2017;25;VACA;24600;5,4;15;6,81;1,03;12,64;3,66;3,24;4,94;2,48
26/05/2017;26;VACA;7120;5,8;16;6,81;1,03;12,09;3,19;3,18;4,91;2,39
27/05/2017;21;VACA;25780;4,4;16;6,81;1,03;12,19;3,26;3,22;4,99;2,44
27/05/2017;32;VACA;22780;4,6;15;6,8;1,03;12,31;3,4;3,19;4,97;2,43
27/05/2017;25;VACA;24540;6;15;6,81;1,03;12,89;3,84;3,34;4,93;2,54
27/05/2017;26;VACA;7260;5;15;6,8;1,03;12,07;3,15;3,18;4,92;2,35
28/05/2017;21;VACA;25460;3,6;15;6,83;1,03;12,09;3,2;3,2;4,91;2,4
28/05/2017;29;VACA;13320;5;15;6,84;1,03;11,87;3,21;3,12;4,75;2,31
28/05/2017;29;VACA;16260;4;15;6,8;1,03;11,94;3,18;3,17;4,87;2,35
28/05/2017;24;VACA;24060;5,3;16;6,8;1,03;12,12;3,31;3,17;4,94;2,37
28/05/2017;32;VACA;22100;6,2;15;6,81;1,03;11,98;3,25;3,13;4,85;2,32
28/05/2017;25;VACA;24640;5,6;16;6,8;1,03;12,67;3,7;3,24;4,94;2,44
28/05/2017;26;VACA;7060;6;15;6,82;1,03;12,24;3,36;3,15;4,91;2,34
29/05/2017;23;VACA;25580;5,8;15;6,84;1,03;12,45;3,51;3,19;4,97;2,39
29/05/2017;35;VACA;14800;5,3;15;6,82;1,03;12,1;3,45;3,17;4,84;2,37
29/05/2017;35;VACA;7420;6,1;15;6,83;1,03;12,03;3,22;3,27;4,87;2,44
29/05/2017;32;VACA;22680;3,3;16;6,77;1,03;12,11;3,29;3,19;4,96;2,4
29/05/2017;25;VACA;23520;5,8;16;6,77;1,03;13,03;3,97;3,35;4,97;2,57
29/05/2017;26;VACA;7060;5,5;14;6,8;1,03;12,04;3,07;3,23;4,97;2,45
30/05/2017;23;VACA;28660;6;15;6,82;1,03;12,58;3,59;3,25;4,97;2,5
30/05/2017;24;VACA;22640;4,5;16;6,82;1,03;12,11;3,35;3,14;4,92;2,43
30/05/2017;32;VACA;23520;5,4;16;6,8;1,03;12,05;3,28;3,17;4,88;2,44
30/05/2017;25;VACA;25320;5,5;16;6,8;1,03;12,61;3,65;3,29;4,99;2,55
30/05/2017;26;VACA;6980;5;15;6,81;1,03;11,98;3,11;3,18;4,95;2,39
31/05/2017;21;VACA;23600;3;15;6,84;1,03;12,2;3,24;3,21;5,02;2,45
31/05/2017;23;VACA;27060;6;15;6,81;1,03;12,41;3,47;3,24;4,97;2,49
31/05/2017;35;VACA;11960;5;15;6,83;1,03;12,44;3,61;3,27;4,83;2,46
31/05/2017;35;VACA;9040;6,4;15;6,81;1,03;12,03;3,35;3,15;4,84;2,34
31/05/2017;32;VACA;22920;4,8;15;6,81;1,03;12,26;3,33;3,2;5,03;2,38
31/05/2017;24;VACA;8220;5,9;15;6,82;1,03;12,13;3,36;3,08;4,92;2,31
31/05/2017;26;VACA;4840;4,8;15;6,8;1,03;11,86;3,02;3,06;5,02;2,29
31/05/2017;25;VACA;23360;5;20;6,77;1,03;12,89;3,84;3,32;4,92;2,49
01/06/2017;22;VACA;27080;6;15;6,81;1,03;12,31;3,38;3,22;5;2,47
01/06/2017;21;VACA;25580;4,4;15;6,8;1,03;12,2;3,17;3,23;5,08;2,5
01/06/2017;23;VACA;27640;5,7;15;6,81;1,03;12,41;3,4;3,28;5,02;2,53
01/06/2017;24;VACA;20380;5,4;15;6,8;1,03;12,19;3,27;3,2;4,95;2,4
01/06/2017;32;VACA;23080;5,5;15;6,8;1,03;11,95;3,22;3,13;4,85;2,36
01/06/2017;25;VACA;25360;6;15;6,8;1,03;12,62;3,62;3,24;4,96;2,46
